ISO-10303-21;
HEADER;
FILE_DESCRIPTION (( 'STEP AP214' ),
    '1' );
FILE_NAME ('CM322522-180KL.STEP',
    '2026-04-20T12:44:13',
    ( '' ),
    ( '' ),
    'SwSTEP 2.0',
    'SolidWorks 2025',
    '' );
FILE_SCHEMA (( 'AUTOMOTIVE_DESIGN' ));
ENDSEC;

DATA;
#1 = UNCERTAINTY_MEASURE_WITH_UNIT (LENGTH_MEASURE( 1.000000000000000082E-05 ), #489, 'distance_accuracy_value', 'NONE');
#2 = CARTESIAN_POINT ( 'NONE',  ( 1.449999999999999956, 2.199999999999999734, -1.250000000000000000 ) ) ;
#3 = CARTESIAN_POINT ( 'NONE',  ( -1.449999999999999956, 2.199999999999999734, -1.250000000000000000 ) ) ;
#4 =( GEOMETRIC_REPRESENTATION_CONTEXT ( 3 ) GLOBAL_UNCERTAINTY_ASSIGNED_CONTEXT ( ( #506 ) ) GLOBAL_UNIT_ASSIGNED_CONTEXT ( ( #1596, #44, #442 ) ) REPRESENTATION_CONTEXT ( 'NONE', 'WORKASPACE' ) );
#5 = VECTOR ( 'NONE', #1126, 1000.000000000000000 ) ;
#6 = ORIENTED_EDGE ( 'NONE', *, *, #390, .F. ) ;
#7 = DIRECTION ( 'NONE',  ( 0.000000000000000000, 1.000000000000000000, 0.000000000000000000 ) ) ;
#8 = FILL_AREA_STYLE_COLOUR ( '', #480 ) ;
#9 = SURFACE_STYLE_FILL_AREA ( #672 ) ;
#10 = EDGE_CURVE ( 'NONE', #1304, #916, #1191, .T. ) ;
#11 = CARTESIAN_POINT ( 'NONE',  ( -1.449999999999999956, 1.949999999999999512, 1.250000000000000000 ) ) ;
#12 = DIRECTION ( 'NONE',  ( 0.000000000000000000, -0.000000000000000000, -1.000000000000000000 ) ) ;
#13 = CARTESIAN_POINT ( 'NONE',  ( -1.449999999999999956, 2.199999999999999734, -1.250000000000000000 ) ) ;
#14 = EDGE_CURVE ( 'NONE', #838, #1204, #652, .T. ) ;
#15 = SURFACE_STYLE_FILL_AREA ( #1303 ) ;
#16 = EDGE_LOOP ( 'NONE', ( #1516, #1009, #734, #1077, #1641, #924, #1388, #928 ) ) ;
#17 = CARTESIAN_POINT ( 'NONE',  ( 1.600000000000000089, 0.2500000000000001110, -0.5000000000000000000 ) ) ;
#18 = EDGE_CURVE ( 'NONE', #496, #896, #498, .T. ) ;
#19 = FILL_AREA_STYLE ('',( #517 ) ) ;
#20 = CARTESIAN_POINT ( 'NONE',  ( -1.600000000000000089, 5.752218031190633067E-16, 0.3249481154475705735 ) ) ;
#21 = VECTOR ( 'NONE', #292, 1000.000000000000000 ) ;
#22 = LINE ( 'NONE', #507, #73 ) ;
#23 = SURFACE_STYLE_USAGE ( .BOTH. , #1532 ) ;
#24 = EDGE_CURVE ( 'NONE', #184, #1622, #22, .T. ) ;
#25 = CARTESIAN_POINT ( 'NONE',  ( 1.449999999999999956, 2.199999999999999734, 1.250000000000000000 ) ) ;
#26 = STYLED_ITEM ( 'NONE', ( #493 ), #572 ) ;
#27 = ORIENTED_EDGE ( 'NONE', *, *, #740, .T. ) ;
#28 = AXIS2_PLACEMENT_3D ( 'NONE', #466, #1360, #348 ) ;
#29 = DIRECTION ( 'NONE',  ( 1.000000000000000000, 2.224004456380522396E-16, -0.000000000000000000 ) ) ;
#30 = COLOUR_RGB ( '',0.2509803921568627416, 0.2509803921568627416, 0.2509803921568627416 ) ;
#31 = ORIENTED_EDGE ( 'NONE', *, *, #619, .F. ) ;
#32 =( NAMED_UNIT ( * ) SI_UNIT ( $, .STERADIAN. ) SOLID_ANGLE_UNIT ( ) );
#33 = STYLED_ITEM ( 'NONE', ( #1606 ), #284 ) ;
#34 = LINE ( 'NONE', #573, #768 ) ;
#35 =( LENGTH_UNIT ( ) NAMED_UNIT ( * ) SI_UNIT ( .MILLI., .METRE. ) );
#36 = DIRECTION ( 'NONE',  ( 1.015302560617636855E-16, 0.5735764363510503783, 0.8191520442889889120 ) ) ;
#37 =( GEOMETRIC_REPRESENTATION_CONTEXT ( 3 ) GLOBAL_UNCERTAINTY_ASSIGNED_CONTEXT ( ( #778 ) ) GLOBAL_UNIT_ASSIGNED_CONTEXT ( ( #254, #1623, #1361 ) ) REPRESENTATION_CONTEXT ( 'NONE', 'WORKASPACE' ) );
#38 = LINE ( 'NONE', #1312, #438 ) ;
#39 = ORIENTED_EDGE ( 'NONE', *, *, #139, .F. ) ;
#40 = CARTESIAN_POINT ( 'NONE',  ( -1.599999999999999867, 1.224999999999999867, 0.5000000000000000000 ) ) ;
#41 = PRESENTATION_STYLE_ASSIGNMENT (( #1206 ) ) ;
#42 = ORIENTED_EDGE ( 'NONE', *, *, #1601, .T. ) ;
#43 = FILL_AREA_STYLE ('',( #185 ) ) ;
#44 =( NAMED_UNIT ( * ) PLANE_ANGLE_UNIT ( ) SI_UNIT ( $, .RADIAN. ) );
#45 = SHAPE_DEFINITION_REPRESENTATION ( #1669, #1211 ) ;
#46 = ORIENTED_EDGE ( 'NONE', *, *, #1380, .T. ) ;
#47 = VERTEX_POINT ( 'NONE', #1064 ) ;
#48 = EDGE_CURVE ( 'NONE', #1462, #1535, #1539, .T. ) ;
#49 = PRESENTATION_STYLE_ASSIGNMENT (( #1575 ) ) ;
#50 = CARTESIAN_POINT ( 'NONE',  ( 0.6567177456803985347, -1.581913595509694662E-16, 0.3249481154475705735 ) ) ;
#51 = FILL_AREA_STYLE ('',( #451 ) ) ;
#52 = PRESENTATION_LAYER_ASSIGNMENT (  '', '', ( #1112 ) ) ;
#53 = EDGE_LOOP ( 'NONE', ( #436, #906, #1451, #214, #1628, #1442 ) ) ;
#54 = PRESENTATION_STYLE_ASSIGNMENT (( #446 ) ) ;
#55 = ORIENTED_EDGE ( 'NONE', *, *, #755, .T. ) ;
#56 = VECTOR ( 'NONE', #1551, 1000.000000000000000 ) ;
#57 = CARTESIAN_POINT ( 'NONE',  ( -1.449999999999999512, 0.2500000000000000000, 1.250000000000000000 ) ) ;
#58 = AXIS2_PLACEMENT_3D ( 'NONE', #978, #1220, #427 ) ;
#59 = SURFACE_SIDE_STYLE ('',( #286 ) ) ;
#60 =( NAMED_UNIT ( * ) SI_UNIT ( $, .STERADIAN. ) SOLID_ANGLE_UNIT ( ) );
#61 = EDGE_CURVE ( 'NONE', #553, #804, #921, .T. ) ;
#62 = SURFACE_SIDE_STYLE ('',( #724 ) ) ;
#63 = FACE_OUTER_BOUND ( 'NONE', #289, .T. ) ;
#64 = ORIENTED_EDGE ( 'NONE', *, *, #1542, .F. ) ;
#65 =( GEOMETRIC_REPRESENTATION_CONTEXT ( 3 ) GLOBAL_UNCERTAINTY_ASSIGNED_CONTEXT ( ( #119 ) ) GLOBAL_UNIT_ASSIGNED_CONTEXT ( ( #35, #1531, #1036 ) ) REPRESENTATION_CONTEXT ( 'NONE', 'WORKASPACE' ) );
#66 =( NAMED_UNIT ( * ) PLANE_ANGLE_UNIT ( ) SI_UNIT ( $, .RADIAN. ) );
#67 = LINE ( 'NONE', #1108, #1208 ) ;
#68 = DIRECTION ( 'NONE',  ( 1.000000000000000000, -0.000000000000000000, -0.000000000000000000 ) ) ;
#69 = EDGE_CURVE ( 'NONE', #1029, #838, #120, .T. ) ;
#70 = SURFACE_SIDE_STYLE ('',( #710 ) ) ;
#71 = ORIENTED_EDGE ( 'NONE', *, *, #456, .T. ) ;
#72 = FILL_AREA_STYLE ('',( #753 ) ) ;
#73 = VECTOR ( 'NONE', #1282, 1000.000000000000114 ) ;
#74 = DIRECTION ( 'NONE',  ( 1.000000000000000000, 0.000000000000000000, 0.000000000000000000 ) ) ;
#75 = FILL_AREA_STYLE_COLOUR ( '', #324 ) ;
#76 = CYLINDRICAL_SURFACE ( 'NONE', #1270, 0.1499999999999999667 ) ;
#77 = EDGE_CURVE ( 'NONE', #1214, #1048, #708, .T. ) ;
#78 = STYLED_ITEM ( 'NONE', ( #808 ), #807 ) ;
#79 = AXIS2_PLACEMENT_3D ( 'NONE', #1554, #29, #414 ) ;
#80 = CARTESIAN_POINT ( 'NONE',  ( 1.599999999999999867, 1.074999999999999956, -0.5000000000000000000 ) ) ;
#81 = ORIENTED_EDGE ( 'NONE', *, *, #1653, .T. ) ;
#82 =( GEOMETRIC_REPRESENTATION_CONTEXT ( 3 ) GLOBAL_UNCERTAINTY_ASSIGNED_CONTEXT ( ( #225 ) ) GLOBAL_UNIT_ASSIGNED_CONTEXT ( ( #951, #813, #319 ) ) REPRESENTATION_CONTEXT ( 'NONE', 'WORKASPACE' ) );
#83 = PRESENTATION_LAYER_ASSIGNMENT (  '', '', ( #1144 ) ) ;
#84 =( NAMED_UNIT ( * ) SI_UNIT ( $, .STERADIAN. ) SOLID_ANGLE_UNIT ( ) );
#85 =( NAMED_UNIT ( * ) SI_UNIT ( $, .STERADIAN. ) SOLID_ANGLE_UNIT ( ) );
#86 = SURFACE_STYLE_USAGE ( .BOTH. , #415 ) ;
#87 = LINE ( 'NONE', #1276, #252 ) ;
#88 = EDGE_CURVE ( 'NONE', #946, #478, #913, .T. ) ;
#89 = ORIENTED_EDGE ( 'NONE', *, *, #971, .T. ) ;
#90 = SURFACE_STYLE_USAGE ( .BOTH. , #1243 ) ;
#91 = VECTOR ( 'NONE', #890, 1000.000000000000000 ) ;
#92 = STYLED_ITEM ( 'NONE', ( #835 ), #712 ) ;
#93 = FACE_OUTER_BOUND ( 'NONE', #1365, .T. ) ;
#94 = UNCERTAINTY_MEASURE_WITH_UNIT (LENGTH_MEASURE( 1.000000000000000082E-05 ), #1457, 'distance_accuracy_value', 'NONE');
#95 = EDGE_CURVE ( 'NONE', #1057, #1462, #1319, .T. ) ;
#96 = CARTESIAN_POINT ( 'NONE',  ( -1.449999999999999512, 0.2500000000000000000, 1.250000000000000000 ) ) ;
#97 = ORIENTED_EDGE ( 'NONE', *, *, #1497, .F. ) ;
#98 =( LENGTH_UNIT ( ) NAMED_UNIT ( * ) SI_UNIT ( .MILLI., .METRE. ) );
#99 = LINE ( 'NONE', #618, #130 ) ;
#100 = DIRECTION ( 'NONE',  ( -1.000000000000000000, 0.000000000000000000, 0.000000000000000000 ) ) ;
#101 = PLANE ( 'NONE',  #1376 ) ;
#102 = VERTEX_POINT ( 'NONE', #1072 ) ;
#103 = VECTOR ( 'NONE', #674, 1000.000000000000000 ) ;
#104 = FACE_OUTER_BOUND ( 'NONE', #1577, .T. ) ;
#105 = MECHANICAL_DESIGN_GEOMETRIC_PRESENTATION_REPRESENTATION (  '', ( #349 ), #718 ) ;
#106 = PLANE ( 'NONE',  #176 ) ;
#107 = FILL_AREA_STYLE_COLOUR ( '', #892 ) ;
#108 = PRESENTATION_LAYER_ASSIGNMENT (  '', '', ( #546 ) ) ;
#109 = DIRECTION ( 'NONE',  ( 0.000000000000000000, -0.000000000000000000, -1.000000000000000000 ) ) ;
#110 = MECHANICAL_DESIGN_GEOMETRIC_PRESENTATION_REPRESENTATION (  '', ( #247 ), #1336 ) ;
#111 = ORIENTED_EDGE ( 'NONE', *, *, #261, .T. ) ;
#112 = VECTOR ( 'NONE', #873, 1000.000000000000000 ) ;
#113 = CARTESIAN_POINT ( 'NONE',  ( 1.090192378864669243, 0.1499999999999998557, -0.4299792461790281628 ) ) ;
#114 = CARTESIAN_POINT ( 'NONE',  ( -1.449999999999999956, 2.199999999999999734, 1.250000000000000000 ) ) ;
#115 =( LENGTH_UNIT ( ) NAMED_UNIT ( * ) SI_UNIT ( .MILLI., .METRE. ) );
#116 = ORIENTED_EDGE ( 'NONE', *, *, #1020, .F. ) ;
#117 = DIRECTION ( 'NONE',  ( -0.000000000000000000, 0.7071067811865487940, 0.7071067811865463515 ) ) ;
#118 = PRESENTATION_STYLE_ASSIGNMENT (( #150 ) ) ;
#119 = UNCERTAINTY_MEASURE_WITH_UNIT (LENGTH_MEASURE( 1.000000000000000082E-05 ), #35, 'distance_accuracy_value', 'NONE');
#120 = LINE ( 'NONE', #1549, #1062 ) ;
#121 =( NAMED_UNIT ( * ) SI_UNIT ( $, .STERADIAN. ) SOLID_ANGLE_UNIT ( ) );
#122 = ORIENTED_EDGE ( 'NONE', *, *, #830, .F. ) ;
#123 =( LENGTH_UNIT ( ) NAMED_UNIT ( * ) SI_UNIT ( .MILLI., .METRE. ) );
#124 = LINE ( 'NONE', #136, #1525 ) ;
#125 = ORIENTED_EDGE ( 'NONE', *, *, #595, .T. ) ;
#126 = CARTESIAN_POINT ( 'NONE',  ( -0.6567177456803985347, 4.082489591353349530E-16, -0.3249481154475705735 ) ) ;
#127 = CARTESIAN_POINT ( 'NONE',  ( 1.599999999999999867, 1.074999999999999956, 0.5000000000000000000 ) ) ;
#128 = DIRECTION ( 'NONE',  ( 0.000000000000000000, -1.000000000000000000, 0.000000000000000000 ) ) ;
#129 = CARTESIAN_POINT ( 'NONE',  ( -0.9999999999999995559, 0.2500000000000000000, 1.250000000000000000 ) ) ;
#130 = VECTOR ( 'NONE', #1251, 1000.000000000000000 ) ;
#131 = DIRECTION ( 'NONE',  ( -0.000000000000000000, 0.8191520442889888010, 0.5735764363510502672 ) ) ;
#132 = EDGE_LOOP ( 'NONE', ( #200, #1456, #1572, #253 ) ) ;
#133 = COLOUR_RGB ( '',0.2509803921568627416, 0.2509803921568627416, 0.2509803921568627416 ) ;
#134 = EDGE_CURVE ( 'NONE', #47, #682, #151, .T. ) ;
#135 = DIRECTION ( 'NONE',  ( 0.2143876641588078613, 0.8001056551566697594, 0.5602400111049250508 ) ) ;
#136 = CARTESIAN_POINT ( 'NONE',  ( -1.449999999999999956, 2.199999999999999289, -1.000000000000000000 ) ) ;
#137 = EDGE_LOOP ( 'NONE', ( #1249, #317, #1458, #874 ) ) ;
#138 = FILL_AREA_STYLE_COLOUR ( '', #1198 ) ;
#139 = EDGE_CURVE ( 'NONE', #530, #1377, #1290, .T. ) ;
#140 = UNCERTAINTY_MEASURE_WITH_UNIT (LENGTH_MEASURE( 1.000000000000000082E-05 ), #98, 'distance_accuracy_value', 'NONE');
#141 = CARTESIAN_POINT ( 'NONE',  ( -1.449999999999999734, 1.224999999999999867, 1.250000000000000000 ) ) ;
#142 = CARTESIAN_POINT ( 'NONE',  ( -0.6567177456803985347, 4.082489591353349530E-16, -0.3249481154475705735 ) ) ;
#143 = STYLED_ITEM ( 'NONE', ( #482 ), #1012 ) ;
#144 = LINE ( 'NONE', #1533, #1051 ) ;
#145 = AXIS2_PLACEMENT_3D ( 'NONE', #1503, #1028, #109 ) ;
#146 = ORIENTED_EDGE ( 'NONE', *, *, #805, .T. ) ;
#147 = FILL_AREA_STYLE ('',( #1083 ) ) ;
#148 = CARTESIAN_POINT ( 'NONE',  ( -1.449999999999999734, 0.2500000000000002220, 0.4999999999999996669 ) ) ;
#149 = EDGE_CURVE ( 'NONE', #1288, #549, #1664, .T. ) ;
#150 = SURFACE_STYLE_USAGE ( .BOTH. , #1547 ) ;
#151 = LINE ( 'NONE', #2, #1595 ) ;
#152 = CARTESIAN_POINT ( 'NONE',  ( -1.449999999999999734, 1.224999999999999867, -0.5000000000000000000 ) ) ;
#153 =( NAMED_UNIT ( * ) PLANE_ANGLE_UNIT ( ) SI_UNIT ( $, .RADIAN. ) );
#154 = ORIENTED_EDGE ( 'NONE', *, *, #1052, .T. ) ;
#155 = COLOUR_RGB ( '',0.8980392156862745390, 0.9176470588235293713, 0.9294117647058823817 ) ;
#156 = LINE ( 'NONE', #455, #1306 ) ;
#157 = VERTEX_POINT ( 'NONE', #399 ) ;
#158 = FACE_OUTER_BOUND ( 'NONE', #53, .T. ) ;
#159 = VECTOR ( 'NONE', #1314, 1000.000000000000000 ) ;
#160 = DIRECTION ( 'NONE',  ( -1.000000000000000000, 1.447309853537782632E-16, 0.000000000000000000 ) ) ;
#161 = DIRECTION ( 'NONE',  ( 0.000000000000000000, 0.000000000000000000, -1.000000000000000000 ) ) ;
#162 = MECHANICAL_DESIGN_GEOMETRIC_PRESENTATION_REPRESENTATION (  '', ( #215 ), #1368 ) ;
#163 = VERTEX_POINT ( 'NONE', #1424 ) ;
#164 = MECHANICAL_DESIGN_GEOMETRIC_PRESENTATION_REPRESENTATION (  '', ( #459 ), #371 ) ;
#165 = FACE_OUTER_BOUND ( 'NONE', #228, .T. ) ;
#166 =( LENGTH_UNIT ( ) NAMED_UNIT ( * ) SI_UNIT ( .MILLI., .METRE. ) );
#167 = CIRCLE ( 'NONE', #1499, 0.1499999999999999667 ) ;
#168 = ORIENTED_EDGE ( 'NONE', *, *, #995, .T. ) ;
#169 = EDGE_CURVE ( 'NONE', #1057, #416, #1184, .T. ) ;
#170 = FACE_OUTER_BOUND ( 'NONE', #593, .T. ) ;
#171 = PRESENTATION_LAYER_ASSIGNMENT (  '', '', ( #998 ) ) ;
#172 = CARTESIAN_POINT ( 'NONE',  ( -0.6567177456803985347, 0.2500000000000004996, 0.5000000000000000000 ) ) ;
#173 = SURFACE_SIDE_STYLE ('',( #854 ) ) ;
#174 = SURFACE_STYLE_FILL_AREA ( #1118 ) ;
#175 = ORIENTED_EDGE ( 'NONE', *, *, #1517, .F. ) ;
#176 = AXIS2_PLACEMENT_3D ( 'NONE', #756, #735, #1122 ) ;
#177 =( GEOMETRIC_REPRESENTATION_CONTEXT ( 3 ) GLOBAL_UNCERTAINTY_ASSIGNED_CONTEXT ( ( #634 ) ) GLOBAL_UNIT_ASSIGNED_CONTEXT ( ( #444, #1357, #1611 ) ) REPRESENTATION_CONTEXT ( 'NONE', 'WORKASPACE' ) );
#178 = PLANE ( 'NONE',  #79 ) ;
#179 = ORIENTED_EDGE ( 'NONE', *, *, #1381, .F. ) ;
#180 =( NAMED_UNIT ( * ) SI_UNIT ( $, .STERADIAN. ) SOLID_ANGLE_UNIT ( ) );
#181 = FACE_OUTER_BOUND ( 'NONE', #1177, .T. ) ;
#182 = EDGE_LOOP ( 'NONE', ( #1371, #424, #843, #1428 ) ) ;
#183 = SURFACE_STYLE_FILL_AREA ( #213 ) ;
#184 = VERTEX_POINT ( 'NONE', #113 ) ;
#185 = FILL_AREA_STYLE_COLOUR ( '', #504 ) ;
#186 = DIRECTION ( 'NONE',  ( 0.000000000000000000, 0.8191520442889888010, -0.5735764363510502672 ) ) ;
#187 = DIRECTION ( 'NONE',  ( -8.673617379884035472E-16, -1.000000000000000000, 0.000000000000000000 ) ) ;
#188 = VECTOR ( 'NONE', #1320, 1000.000000000000114 ) ;
#189 = PRESENTATION_LAYER_ASSIGNMENT (  '', '', ( #1170 ) ) ;
#190 = CARTESIAN_POINT ( 'NONE',  ( 1.449999999999999512, 0.2500000000000000000, 1.250000000000000000 ) ) ;
#191 = ORIENTED_EDGE ( 'NONE', *, *, #664, .T. ) ;
#192 = COLOUR_RGB ( '',0.2509803921568627416, 0.2509803921568627416, 0.2509803921568627416 ) ;
#193 = COLOUR_RGB ( '',0.2509803921568627416, 0.2509803921568627416, 0.2509803921568627416 ) ;
#194 =( NAMED_UNIT ( * ) PLANE_ANGLE_UNIT ( ) SI_UNIT ( $, .RADIAN. ) );
#195 = VECTOR ( 'NONE', #74, 1000.000000000000000 ) ;
#196 = LINE ( 'NONE', #698, #1178 ) ;
#197 = CARTESIAN_POINT ( 'NONE',  ( 0.000000000000000000, 0.000000000000000000, -1.250000000000000000 ) ) ;
#198 = ADVANCED_FACE ( 'NONE', ( #267 ), #1158, .F. ) ;
#199 = APPLICATION_CONTEXT ( 'automotive_design' ) ;
#200 = ORIENTED_EDGE ( 'NONE', *, *, #755, .F. ) ;
#201 = AXIS2_PLACEMENT_3D ( 'NONE', #25, #1541, #800 ) ;
#202 = PRESENTATION_LAYER_ASSIGNMENT (  '', '', ( #308 ) ) ;
#203 = FACE_OUTER_BOUND ( 'NONE', #955, .T. ) ;
#204 = ADVANCED_FACE ( 'NONE', ( #417 ), #685, .F. ) ;
#205 = FILL_AREA_STYLE_COLOUR ( '', #331 ) ;
#206 =( LENGTH_UNIT ( ) NAMED_UNIT ( * ) SI_UNIT ( .MILLI., .METRE. ) );
#207 = EDGE_LOOP ( 'NONE', ( #691, #761, #97, #695 ) ) ;
#208 = PRESENTATION_STYLE_ASSIGNMENT (( #90 ) ) ;
#209 = SURFACE_SIDE_STYLE ('',( #1004 ) ) ;
#210 = CARTESIAN_POINT ( 'NONE',  ( 1.449999999999999734, 1.224999999999999867, 1.250000000000000000 ) ) ;
#211 = CARTESIAN_POINT ( 'NONE',  ( -1.599999999999999867, 1.224999999999999867, 0.5000000000000000000 ) ) ;
#212 = FACE_OUTER_BOUND ( 'NONE', #1485, .T. ) ;
#213 = FILL_AREA_STYLE ('',( #1236 ) ) ;
#214 = ORIENTED_EDGE ( 'NONE', *, *, #678, .F. ) ;
#215 = STYLED_ITEM ( 'NONE', ( #49 ), #1238 ) ;
#216 =( LENGTH_UNIT ( ) NAMED_UNIT ( * ) SI_UNIT ( .MILLI., .METRE. ) );
#217 = SURFACE_SIDE_STYLE ('',( #1626 ) ) ;
#218 = PRESENTATION_STYLE_ASSIGNMENT (( #1639 ) ) ;
#219 = AXIS2_PLACEMENT_3D ( 'NONE', #1229, #814, #160 ) ;
#220 = EDGE_CURVE ( 'NONE', #1269, #447, #1341, .T. ) ;
#221 = VERTEX_POINT ( 'NONE', #441 ) ;
#222 =( NAMED_UNIT ( * ) PLANE_ANGLE_UNIT ( ) SI_UNIT ( $, .RADIAN. ) );
#223 = COLOUR_RGB ( '',0.8980392156862745390, 0.9176470588235293713, 0.9294117647058823817 ) ;
#224 = FILL_AREA_STYLE_COLOUR ( '', #1024 ) ;
#225 = UNCERTAINTY_MEASURE_WITH_UNIT (LENGTH_MEASURE( 1.000000000000000082E-05 ), #951, 'distance_accuracy_value', 'NONE');
#226 = FILL_AREA_STYLE ('',( #607 ) ) ;
#227 = SURFACE_SIDE_STYLE ('',( #1621 ) ) ;
#228 = EDGE_LOOP ( 'NONE', ( #820, #485, #116, #656, #739, #679, #27, #1339 ) ) ;
#229 = DIRECTION ( 'NONE',  ( 1.000000000000000000, 1.770125995894701202E-16, 0.000000000000000000 ) ) ;
#230 = MECHANICAL_DESIGN_GEOMETRIC_PRESENTATION_REPRESENTATION (  '', ( #617 ), #1514 ) ;
#231 = LINE ( 'NONE', #352, #597 ) ;
#232 = SURFACE_STYLE_USAGE ( .BOTH. , #1267 ) ;
#233 = LINE ( 'NONE', #760, #632 ) ;
#234 = ORIENTED_EDGE ( 'NONE', *, *, #1409, .T. ) ;
#235 = VECTOR ( 'NONE', #1579, 1000.000000000000000 ) ;
#236 = DIRECTION ( 'NONE',  ( -1.000000000000000000, 0.000000000000000000, 0.000000000000000000 ) ) ;
#237 = AXIS2_PLACEMENT_3D ( 'NONE', #601, #720, #965 ) ;
#238 = ADVANCED_FACE ( 'NONE', ( #565 ), #425, .F. ) ;
#239 = VECTOR ( 'NONE', #941, 1000.000000000000000 ) ;
#240 = MECHANICAL_DESIGN_GEOMETRIC_PRESENTATION_REPRESENTATION (  '', ( #401 ), #1605 ) ;
#241 = UNCERTAINTY_MEASURE_WITH_UNIT (LENGTH_MEASURE( 1.000000000000000082E-05 ), #123, 'distance_accuracy_value', 'NONE');
#242 = DIRECTION ( 'NONE',  ( 1.000000000000000000, 0.000000000000000000, 0.000000000000000000 ) ) ;
#243 = FILL_AREA_STYLE_COLOUR ( '', #1629 ) ;
#244 = PRESENTATION_LAYER_ASSIGNMENT (  '', '', ( #1307 ) ) ;
#245 = FACE_OUTER_BOUND ( 'NONE', #1039, .T. ) ;
#246 =( NAMED_UNIT ( * ) PLANE_ANGLE_UNIT ( ) SI_UNIT ( $, .RADIAN. ) );
#247 = STYLED_ITEM ( 'NONE', ( #1583 ), #238 ) ;
#248 = ORIENTED_EDGE ( 'NONE', *, *, #911, .F. ) ;
#249 =( NAMED_UNIT ( * ) PLANE_ANGLE_UNIT ( ) SI_UNIT ( $, .RADIAN. ) );
#250 = EDGE_LOOP ( 'NONE', ( #1325, #1262, #111, #1586, #602, #1187 ) ) ;
#251 = PRESENTATION_LAYER_ASSIGNMENT (  '', '', ( #774 ) ) ;
#252 = VECTOR ( 'NONE', #1649, 1000.000000000000227 ) ;
#253 = ORIENTED_EDGE ( 'NONE', *, *, #805, .F. ) ;
#254 =( LENGTH_UNIT ( ) NAMED_UNIT ( * ) SI_UNIT ( .MILLI., .METRE. ) );
#255 = CARTESIAN_POINT ( 'NONE',  ( 1.449999999999999956, 2.199999999999999734, 1.250000000000000000 ) ) ;
#256 = UNCERTAINTY_MEASURE_WITH_UNIT (LENGTH_MEASURE( 1.000000000000000082E-05 ), #1213, 'distance_accuracy_value', 'NONE');
#257 = CARTESIAN_POINT ( 'NONE',  ( 1.449999999999999956, 1.949999999999999289, 1.250000000000000222 ) ) ;
#258 = FILL_AREA_STYLE_COLOUR ( '', #193 ) ;
#259 =( LENGTH_UNIT ( ) NAMED_UNIT ( * ) SI_UNIT ( .MILLI., .METRE. ) );
#260 = ORIENTED_EDGE ( 'NONE', *, *, #445, .T. ) ;
#261 = EDGE_CURVE ( 'NONE', #382, #1090, #1218, .T. ) ;
#263 = MECHANICAL_DESIGN_GEOMETRIC_PRESENTATION_REPRESENTATION (  '', ( #1467 ), #844 ) ;
#262 = CARTESIAN_POINT ( 'NONE',  ( -1.050000000000000044, 5.370880341059411161E-16, -0.3249481154475705735 ) ) ;
#264 = ORIENTED_EDGE ( 'NONE', *, *, #765, .F. ) ;
#265 = PRESENTATION_STYLE_ASSIGNMENT (( #1538 ) ) ;
#266 = MECHANICAL_DESIGN_GEOMETRIC_PRESENTATION_REPRESENTATION (  '', ( #1170 ), #1666 ) ;
#267 = FACE_OUTER_BOUND ( 'NONE', #1436, .T. ) ;
#268 = PLANE ( 'NONE',  #1421 ) ;
#269 = SURFACE_STYLE_USAGE ( .BOTH. , #666 ) ;
#270 = STYLED_ITEM ( 'NONE', ( #265 ), #1156 ) ;
#271 = MECHANICAL_DESIGN_GEOMETRIC_PRESENTATION_REPRESENTATION (  '', ( #992 ), #328 ) ;
#272 = ORIENTED_EDGE ( 'NONE', *, *, #484, .F. ) ;
#273 = EDGE_CURVE ( 'NONE', #447, #1504, #34, .T. ) ;
#274 = CARTESIAN_POINT ( 'NONE',  ( 1.449999999999999956, 2.199999999999999734, 1.250000000000000000 ) ) ;
#275 =( LENGTH_UNIT ( ) NAMED_UNIT ( * ) SI_UNIT ( .MILLI., .METRE. ) );
#276 = ORIENTED_EDGE ( 'NONE', *, *, #48, .F. ) ;
#277 = UNCERTAINTY_MEASURE_WITH_UNIT (LENGTH_MEASURE( 1.000000000000000082E-05 ), #680, 'distance_accuracy_value', 'NONE');
#278 = SURFACE_SIDE_STYLE ('',( #1405 ) ) ;
#279 = FILL_AREA_STYLE_COLOUR ( '', #1520 ) ;
#280 = MECHANICAL_DESIGN_GEOMETRIC_PRESENTATION_REPRESENTATION (  '', ( #143 ), #1049 ) ;
#281 = ORIENTED_EDGE ( 'NONE', *, *, #134, .T. ) ;
#282 = SURFACE_SIDE_STYLE ('',( #422 ) ) ;
#283 =( NAMED_UNIT ( * ) SI_UNIT ( $, .STERADIAN. ) SOLID_ANGLE_UNIT ( ) );
#284 = ADVANCED_FACE ( 'NONE', ( #1568 ), #1040, .T. ) ;
#285 = ORIENTED_EDGE ( 'NONE', *, *, #1560, .T. ) ;
#286 = SURFACE_STYLE_FILL_AREA ( #589 ) ;
#287 = SURFACE_STYLE_USAGE ( .BOTH. , #788 ) ;
#288 = PRESENTATION_STYLE_ASSIGNMENT (( #655 ) ) ;
#289 = EDGE_LOOP ( 'NONE', ( #1338, #1127, #1023, #801 ) ) ;
#290 = EDGE_CURVE ( 'NONE', #1377, #1344, #337, .T. ) ;
#291 = VECTOR ( 'NONE', #1591, 1000.000000000000000 ) ;
#292 = DIRECTION ( 'NONE',  ( -1.770125995894701202E-16, 1.000000000000000000, -0.000000000000000000 ) ) ;
#293 =( NAMED_UNIT ( * ) SI_UNIT ( $, .STERADIAN. ) SOLID_ANGLE_UNIT ( ) );
#294 = ORIENTED_EDGE ( 'NONE', *, *, #911, .T. ) ;
#295 = MECHANICAL_DESIGN_GEOMETRIC_PRESENTATION_REPRESENTATION (  '', ( #78 ), #1223 ) ;
#296 =( NAMED_UNIT ( * ) SI_UNIT ( $, .STERADIAN. ) SOLID_ANGLE_UNIT ( ) );
#297 = FILL_AREA_STYLE ('',( #306 ) ) ;
#298 = PRESENTATION_LAYER_ASSIGNMENT (  '', '', ( #215 ) ) ;
#299 = ORIENTED_EDGE ( 'NONE', *, *, #749, .F. ) ;
#300 =( GEOMETRIC_REPRESENTATION_CONTEXT ( 3 ) GLOBAL_UNCERTAINTY_ASSIGNED_CONTEXT ( ( #1164 ) ) GLOBAL_UNIT_ASSIGNED_CONTEXT ( ( #1648, #362, #1159 ) ) REPRESENTATION_CONTEXT ( 'NONE', 'WORKASPACE' ) );
#301 = ORIENTED_EDGE ( 'NONE', *, *, #931, .F. ) ;
#302 = DIRECTION ( 'NONE',  ( 0.000000000000000000, 0.000000000000000000, -1.000000000000000000 ) ) ;
#303 = DIRECTION ( 'NONE',  ( 1.000000000000000000, 0.000000000000000000, 0.000000000000000000 ) ) ;
#304 = CARTESIAN_POINT ( 'NONE',  ( 1.600000000000000089, 1.224646799147356350E-17, 0.5000000000000000000 ) ) ;
#305 = DIRECTION ( 'NONE',  ( 1.000000000000000000, 0.000000000000000000, 0.000000000000000000 ) ) ;
#306 = FILL_AREA_STYLE_COLOUR ( '', #1644 ) ;
#307 = ORIENTED_EDGE ( 'NONE', *, *, #1020, .T. ) ;
#308 = STYLED_ITEM ( 'NONE', ( #1095 ), #877 ) ;
#309 = MECHANICAL_DESIGN_GEOMETRIC_PRESENTATION_REPRESENTATION (  '', ( #999 ), #1181 ) ;
#310 = ADVANCED_FACE ( 'NONE', ( #639 ), #987, .T. ) ;
#311 = LINE ( 'NONE', #190, #235 ) ;
#312 = ORIENTED_EDGE ( 'NONE', *, *, #995, .F. ) ;
#313 = DIRECTION ( 'NONE',  ( 1.000000000000000000, 1.770125995894701449E-16, 0.000000000000000000 ) ) ;
#314 = SURFACE_STYLE_USAGE ( .BOTH. , #1447 ) ;
#315 = APPLICATION_PROTOCOL_DEFINITION ( 'draft international standard', 'automotive_design', 1998, #1437 ) ;
#316 = PRESENTATION_STYLE_ASSIGNMENT (( #849 ) ) ;
#317 = ORIENTED_EDGE ( 'NONE', *, *, #261, .F. ) ;
#318 = VECTOR ( 'NONE', #944, 1000.000000000000000 ) ;
#319 =( NAMED_UNIT ( * ) SI_UNIT ( $, .STERADIAN. ) SOLID_ANGLE_UNIT ( ) );
#320 = EDGE_CURVE ( 'NONE', #1090, #1401, #1286, .T. ) ;
#321 = DIRECTION ( 'NONE',  ( 1.015302560617636855E-16, 0.5735764363510503783, -0.8191520442889889120 ) ) ;
#322 = COLOUR_RGB ( '',0.2509803921568627416, 0.2509803921568627416, 0.2509803921568627416 ) ;
#323 = CARTESIAN_POINT ( 'NONE',  ( -1.449999999999999956, 1.074999999999999956, -0.5000000000000000000 ) ) ;
#324 = COLOUR_RGB ( '',0.2509803921568627416, 0.2509803921568627416, 0.2509803921568627416 ) ;
#325 = CARTESIAN_POINT ( 'NONE',  ( -0.9999999999999997780, -2.407412430484044816E-32, 1.250000000000000000 ) ) ;
#326 = ORIENTED_EDGE ( 'NONE', *, *, #220, .T. ) ;
#327 = ADVANCED_FACE ( 'NONE', ( #330 ), #853, .F. ) ;
#328 =( GEOMETRIC_REPRESENTATION_CONTEXT ( 3 ) GLOBAL_UNCERTAINTY_ASSIGNED_CONTEXT ( ( #532 ) ) GLOBAL_UNIT_ASSIGNED_CONTEXT ( ( #166, #1598, #733 ) ) REPRESENTATION_CONTEXT ( 'NONE', 'WORKASPACE' ) );
#329 = MECHANICAL_DESIGN_GEOMETRIC_PRESENTATION_REPRESENTATION (  '', ( #483 ), #850 ) ;
#330 = FACE_OUTER_BOUND ( 'NONE', #859, .T. ) ;
#331 = COLOUR_RGB ( '',0.2509803921568627416, 0.2509803921568627416, 0.2509803921568627416 ) ;
#332 = DIRECTION ( 'NONE',  ( -1.000000000000000000, -1.447309853537782632E-16, 0.000000000000000000 ) ) ;
#333 = SURFACE_STYLE_USAGE ( .BOTH. , #1240 ) ;
#334 = LINE ( 'NONE', #1091, #540 ) ;
#335 = ORIENTED_EDGE ( 'NONE', *, *, #1246, .F. ) ;
#336 = VECTOR ( 'NONE', #131, 1000.000000000000227 ) ;
#337 = LINE ( 'NONE', #861, #195 ) ;
#338 = CARTESIAN_POINT ( 'NONE',  ( 1.449999999999999956, 1.074999999999999956, 0.5000000000000000000 ) ) ;
#339 = ORIENTED_EDGE ( 'NONE', *, *, #925, .F. ) ;
#340 = DIRECTION ( 'NONE',  ( -1.000000000000000000, 0.000000000000000000, -0.000000000000000000 ) ) ;
#341 = FILL_AREA_STYLE ('',( #205 ) ) ;
#342 = EDGE_CURVE ( 'NONE', #530, #792, #1566, .T. ) ;
#343 = MECHANICAL_DESIGN_GEOMETRIC_PRESENTATION_REPRESENTATION (  '', ( #1112 ), #790 ) ;
#344 = LINE ( 'NONE', #869, #922 ) ;
#345 = DIRECTION ( 'NONE',  ( -0.000000000000000000, 0.000000000000000000, 1.000000000000000000 ) ) ;
#346 =( NAMED_UNIT ( * ) SI_UNIT ( $, .STERADIAN. ) SOLID_ANGLE_UNIT ( ) );
#347 = ORIENTED_EDGE ( 'NONE', *, *, #830, .T. ) ;
#348 = DIRECTION ( 'NONE',  ( -2.224004456380522396E-16, 1.000000000000000000, 0.000000000000000000 ) ) ;
#349 = STYLED_ITEM ( 'NONE', ( #747 ), #1274 ) ;
#350 = LINE ( 'NONE', #1633, #1588 ) ;
#351 = COLOUR_RGB ( '',0.2509803921568627416, 0.2509803921568627416, 0.2509803921568627416 ) ;
#352 = CARTESIAN_POINT ( 'NONE',  ( 1.449999999999999734, 0.1499999999999999389, 0.5000000000000000000 ) ) ;
#353 = DIRECTION ( 'NONE',  ( -0.000000000000000000, -0.000000000000000000, -1.000000000000000000 ) ) ;
#354 = CARTESIAN_POINT ( 'NONE',  ( -1.449999999999999956, 2.199999999999999734, 1.250000000000000000 ) ) ;
#355 = ORIENTED_EDGE ( 'NONE', *, *, #881, .F. ) ;
#356 = ADVANCED_FACE ( 'NONE', ( #165 ), #178, .F. ) ;
#357 = MECHANICAL_DESIGN_GEOMETRIC_PRESENTATION_REPRESENTATION (  '', ( #521 ), #65 ) ;
#358 = CARTESIAN_POINT ( 'NONE',  ( 0.9999999999999995559, 0.2500000000000000000, 1.250000000000000000 ) ) ;
#359 = FILL_AREA_STYLE ('',( #107 ) ) ;
#360 = DIRECTION ( 'NONE',  ( -1.770125995894701202E-16, 1.000000000000000000, -0.000000000000000000 ) ) ;
#361 = ORIENTED_EDGE ( 'NONE', *, *, #1059, .T. ) ;
#362 =( NAMED_UNIT ( * ) PLANE_ANGLE_UNIT ( ) SI_UNIT ( $, .RADIAN. ) );
#363 = DIRECTION ( 'NONE',  ( 0.000000000000000000, 0.000000000000000000, -1.000000000000000000 ) ) ;
#364 = ORIENTED_EDGE ( 'NONE', *, *, #1003, .T. ) ;
#365 = AXIS2_PLACEMENT_3D ( 'NONE', #211, #469, #606 ) ;
#366 = FILL_AREA_STYLE_COLOUR ( '', #901 ) ;
#367 = ORIENTED_EDGE ( 'NONE', *, *, #548, .T. ) ;
#368 = EDGE_CURVE ( 'NONE', #804, #782, #537, .T. ) ;
#369 =( GEOMETRIC_REPRESENTATION_CONTEXT ( 3 ) GLOBAL_UNCERTAINTY_ASSIGNED_CONTEXT ( ( #796 ) ) GLOBAL_UNIT_ASSIGNED_CONTEXT ( ( #397, #1652, #794 ) ) REPRESENTATION_CONTEXT ( 'NONE', 'WORKASPACE' ) );
#370 = CARTESIAN_POINT ( 'NONE',  ( -1.050000000000000044, -6.735557395310446214E-17, 0.5000000000000000000 ) ) ;
#371 =( GEOMETRIC_REPRESENTATION_CONTEXT ( 3 ) GLOBAL_UNCERTAINTY_ASSIGNED_CONTEXT ( ( #1654 ) ) GLOBAL_UNIT_ASSIGNED_CONTEXT ( ( #1431, #1511, #803 ) ) REPRESENTATION_CONTEXT ( 'NONE', 'WORKASPACE' ) );
#372 = UNCERTAINTY_MEASURE_WITH_UNIT (LENGTH_MEASURE( 1.000000000000000082E-05 ), #952, 'distance_accuracy_value', 'NONE');
#373 = CARTESIAN_POINT ( 'NONE',  ( -0.9999999999999995559, 0.2500000000000000000, 1.250000000000000000 ) ) ;
#374 = DIRECTION ( 'NONE',  ( 0.000000000000000000, -0.000000000000000000, 1.000000000000000000 ) ) ;
#375 = COLOUR_RGB ( '',0.8980392156862745390, 0.9176470588235293713, 0.9294117647058823817 ) ;
#376 = ORIENTED_EDGE ( 'NONE', *, *, #626, .T. ) ;
#377 = CARTESIAN_POINT ( 'NONE',  ( -1.449999999999999734, 0.1499999999999999389, 0.5000000000000000000 ) ) ;
#378 = VECTOR ( 'NONE', #1569, 1000.000000000000000 ) ;
#379 = AXIS2_PLACEMENT_3D ( 'NONE', #707, #454, #1454 ) ;
#380 = CARTESIAN_POINT ( 'NONE',  ( -1.449999999999999956, 1.074999999999999956, 0.5000000000000000000 ) ) ;
#381 = PRESENTATION_STYLE_ASSIGNMENT (( #269 ) ) ;
#382 = VERTEX_POINT ( 'NONE', #947 ) ;
#383 = DIRECTION ( 'NONE',  ( 1.572608632495770698E-16, -0.7071067811865484609, -0.7071067811865465735 ) ) ;
#384 = ORIENTED_EDGE ( 'NONE', *, *, #290, .F. ) ;
#385 = DIRECTION ( 'NONE',  ( 0.000000000000000000, -0.000000000000000000, -1.000000000000000000 ) ) ;
#386 = UNCERTAINTY_MEASURE_WITH_UNIT (LENGTH_MEASURE( 1.000000000000000082E-05 ), #580, 'distance_accuracy_value', 'NONE');
#387 = DIRECTION ( 'NONE',  ( -1.000000000000000000, 0.000000000000000000, -0.000000000000000000 ) ) ;
#388 = CARTESIAN_POINT ( 'NONE',  ( 1.449999999999999956, 2.199999999999999734, -0.9999999999999997780 ) ) ;
#389 =( GEOMETRIC_REPRESENTATION_CONTEXT ( 3 ) GLOBAL_UNCERTAINTY_ASSIGNED_CONTEXT ( ( #1619 ) ) GLOBAL_UNIT_ASSIGNED_CONTEXT ( ( #1165, #1045, #555 ) ) REPRESENTATION_CONTEXT ( 'NONE', 'WORKASPACE' ) );
#390 = EDGE_CURVE ( 'NONE', #609, #620, #1443, .T. ) ;
#391 =( NAMED_UNIT ( * ) SI_UNIT ( $, .STERADIAN. ) SOLID_ANGLE_UNIT ( ) );
#392 = ORIENTED_EDGE ( 'NONE', *, *, #1106, .T. ) ;
#393 = CARTESIAN_POINT ( 'NONE',  ( -0.9999999999999997780, -2.407412430484044816E-32, 1.250000000000000000 ) ) ;
#395 = PRESENTATION_LAYER_ASSIGNMENT (  '', '', ( #1467 ) ) ;
#394 = SURFACE_STYLE_USAGE ( .BOTH. , #1546 ) ;
#396 = PRESENTATION_LAYER_ASSIGNMENT (  '', '', ( #1600 ) ) ;
#397 =( LENGTH_UNIT ( ) NAMED_UNIT ( * ) SI_UNIT ( .MILLI., .METRE. ) );
#398 = VECTOR ( 'NONE', #1189, 1000.000000000000000 ) ;
#399 = CARTESIAN_POINT ( 'NONE',  ( -1.599999999999999867, 1.074999999999999956, -0.5000000000000000000 ) ) ;
#400 = LINE ( 'NONE', #1434, #1351 ) ;
#401 = STYLED_ITEM ( 'NONE', ( #908 ), #1297 ) ;
#402 = MECHANICAL_DESIGN_GEOMETRIC_PRESENTATION_REPRESENTATION (  '', ( #824 ), #300 ) ;
#403 = ORIENTED_EDGE ( 'NONE', *, *, #95, .F. ) ;
#404 =( GEOMETRIC_REPRESENTATION_CONTEXT ( 3 ) GLOBAL_UNCERTAINTY_ASSIGNED_CONTEXT ( ( #933 ) ) GLOBAL_UNIT_ASSIGNED_CONTEXT ( ( #1576, #443, #60 ) ) REPRESENTATION_CONTEXT ( 'NONE', 'WORKASPACE' ) );
#405 = PRESENTATION_STYLE_ASSIGNMENT (( #657 ) ) ;
#406 = PRESENTATION_STYLE_ASSIGNMENT (( #86 ) ) ;
#407 = DIRECTION ( 'NONE',  ( -0.000000000000000000, -0.000000000000000000, -1.000000000000000000 ) ) ;
#408 = FILL_AREA_STYLE_COLOUR ( '', #155 ) ;
#409 = SURFACE_STYLE_USAGE ( .BOTH. , #1413 ) ;
#410 = FILL_AREA_STYLE ('',( #258 ) ) ;
#411 = CIRCLE ( 'NONE', #1616, 0.1499999999999999667 ) ;
#412 = LINE ( 'NONE', #937, #336 ) ;
#413 = VERTEX_POINT ( 'NONE', #1215 ) ;
#414 = DIRECTION ( 'NONE',  ( -2.224004456380522396E-16, 1.000000000000000000, 0.000000000000000000 ) ) ;
#415 = SURFACE_SIDE_STYLE ('',( #949 ) ) ;
#416 = VERTEX_POINT ( 'NONE', #516 ) ;
#417 = FACE_OUTER_BOUND ( 'NONE', #1553, .T. ) ;
#418 = LINE ( 'NONE', #1460, #1356 ) ;
#419 = PRESENTATION_STYLE_ASSIGNMENT (( #1426 ) ) ;
#420 = ORIENTED_EDGE ( 'NONE', *, *, #69, .T. ) ;
#421 = VECTOR ( 'NONE', #1053, 1000.000000000000000 ) ;
#422 = SURFACE_STYLE_FILL_AREA ( #147 ) ;
#423 = CARTESIAN_POINT ( 'NONE',  ( 1.449999999999999734, 0.1499999999999999389, -0.4299792461790281073 ) ) ;
#424 = ORIENTED_EDGE ( 'NONE', *, *, #981, .F. ) ;
#425 = PLANE ( 'NONE',  #219 ) ;
#426 = LINE ( 'NONE', #1239, #437 ) ;
#427 = DIRECTION ( 'NONE',  ( 1.000000000000000000, 0.000000000000000000, 0.000000000000000000 ) ) ;
#428 = MECHANICAL_DESIGN_GEOMETRIC_PRESENTATION_REPRESENTATION (  '', ( #270 ), #369 ) ;
#429 = ORIENTED_EDGE ( 'NONE', *, *, #1052, .F. ) ;
#430 = CARTESIAN_POINT ( 'NONE',  ( -1.449999999999999734, 0.1499999999999999389, 0.4299792461790277742 ) ) ;
#431 =( GEOMETRIC_REPRESENTATION_CONTEXT ( 3 ) GLOBAL_UNCERTAINTY_ASSIGNED_CONTEXT ( ( #1512 ) ) GLOBAL_UNIT_ASSIGNED_CONTEXT ( ( #645, #799, #121 ) ) REPRESENTATION_CONTEXT ( 'NONE', 'WORKASPACE' ) );
#432 = VERTEX_POINT ( 'NONE', #669 ) ;
#433 = SURFACE_SIDE_STYLE ('',( #584 ) ) ;
#434 = CARTESIAN_POINT ( 'NONE',  ( -1.449999999999999734, -0.2198463103929557405, -0.1710100716628291939 ) ) ;
#435 =( NAMED_UNIT ( * ) PLANE_ANGLE_UNIT ( ) SI_UNIT ( $, .RADIAN. ) );
#436 = ORIENTED_EDGE ( 'NONE', *, *, #1497, .T. ) ;
#437 = VECTOR ( 'NONE', #1219, 1000.000000000000227 ) ;
#438 = VECTOR ( 'NONE', #1047, 1000.000000000000000 ) ;
#439 = PLANE ( 'NONE',  #1630 ) ;
#440 = ORIENTED_EDGE ( 'NONE', *, *, #1081, .F. ) ;
#441 = CARTESIAN_POINT ( 'NONE',  ( 0.9999999999999995559, 0.2500000000000000000, 1.250000000000000000 ) ) ;
#442 =( NAMED_UNIT ( * ) SI_UNIT ( $, .STERADIAN. ) SOLID_ANGLE_UNIT ( ) );
#443 =( NAMED_UNIT ( * ) PLANE_ANGLE_UNIT ( ) SI_UNIT ( $, .RADIAN. ) );
#444 =( LENGTH_UNIT ( ) NAMED_UNIT ( * ) SI_UNIT ( .MILLI., .METRE. ) );
#445 = EDGE_CURVE ( 'NONE', #382, #1288, #1418, .T. ) ;
#446 = SURFACE_STYLE_USAGE ( .BOTH. , #70 ) ;
#447 = VERTEX_POINT ( 'NONE', #1305 ) ;
#448 = VECTOR ( 'NONE', #635, 1000.000000000000000 ) ;
#449 = SURFACE_STYLE_FILL_AREA ( #43 ) ;
#450 = FILL_AREA_STYLE_COLOUR ( '', #1544 ) ;
#451 = FILL_AREA_STYLE_COLOUR ( '', #223 ) ;
#452 = STYLED_ITEM ( 'NONE', ( #1637 ), #748 ) ;
#453 = VECTOR ( 'NONE', #818, 1000.000000000000227 ) ;
#454 = DIRECTION ( 'NONE',  ( 0.000000000000000000, 1.000000000000000000, 0.000000000000000000 ) ) ;
#455 = CARTESIAN_POINT ( 'NONE',  ( -1.600000000000000089, 1.224646799147356350E-17, 0.5000000000000000000 ) ) ;
#456 = EDGE_CURVE ( 'NONE', #812, #896, #551, .T. ) ;
#457 = FILL_AREA_STYLE_COLOUR ( '', #322 ) ;
#458 = ORIENTED_EDGE ( 'NONE', *, *, #24, .T. ) ;
#459 = STYLED_ITEM ( 'NONE', ( #897 ), #1328 ) ;
#460 = VECTOR ( 'NONE', #809, 1000.000000000000000 ) ;
#461 = SURFACE_STYLE_USAGE ( .BOTH. , #209 ) ;
#462 = FILL_AREA_STYLE_COLOUR ( '', #30 ) ;
#463 =( GEOMETRIC_REPRESENTATION_CONTEXT ( 3 ) GLOBAL_UNCERTAINTY_ASSIGNED_CONTEXT ( ( #241 ) ) GLOBAL_UNIT_ASSIGNED_CONTEXT ( ( #123, #249, #84 ) ) REPRESENTATION_CONTEXT ( 'NONE', 'WORKASPACE' ) );
#464 = ORIENTED_EDGE ( 'NONE', *, *, #342, .T. ) ;
#465 = CIRCLE ( 'NONE', #1374, 0.1499999999999999667 ) ;
#466 = CARTESIAN_POINT ( 'NONE',  ( -1.449999999999999956, 2.199999999999999734, 1.250000000000000000 ) ) ;
#467 = PRESENTATION_STYLE_ASSIGNMENT (( #1367 ) ) ;
#468 = SURFACE_STYLE_FILL_AREA ( #1265 ) ;
#469 = DIRECTION ( 'NONE',  ( 1.000000000000000000, -1.770125995894701202E-16, 0.000000000000000000 ) ) ;
#470 = SURFACE_STYLE_FILL_AREA ( #226 ) ;
#471 =( LENGTH_UNIT ( ) NAMED_UNIT ( * ) SI_UNIT ( .MILLI., .METRE. ) );
#472 = ORIENTED_EDGE ( 'NONE', *, *, #647, .F. ) ;
#473 = CARTESIAN_POINT ( 'NONE',  ( -1.449999999999999956, 1.074999999999999956, 0.5000000000000000000 ) ) ;
#474 = UNCERTAINTY_MEASURE_WITH_UNIT (LENGTH_MEASURE( 1.000000000000000082E-05 ), #216, 'distance_accuracy_value', 'NONE');
#475 =( GEOMETRIC_REPRESENTATION_CONTEXT ( 3 ) GLOBAL_UNCERTAINTY_ASSIGNED_CONTEXT ( ( #256 ) ) GLOBAL_UNIT_ASSIGNED_CONTEXT ( ( #1213, #732, #973 ) ) REPRESENTATION_CONTEXT ( 'NONE', 'WORKASPACE' ) );
#476 = CARTESIAN_POINT ( 'NONE',  ( -1.599999999999999867, 1.224999999999999867, -0.5000000000000000000 ) ) ;
#477 = SURFACE_STYLE_FILL_AREA ( #1657 ) ;
#478 = VERTEX_POINT ( 'NONE', #1188 ) ;
#479 = PRESENTATION_LAYER_ASSIGNMENT (  '', '', ( #349 ) ) ;
#480 = COLOUR_RGB ( '',0.8980392156862745390, 0.9176470588235293713, 0.9294117647058823817 ) ;
#481 = VECTOR ( 'NONE', #1425, 1000.000000000000000 ) ;
#482 = PRESENTATION_STYLE_ASSIGNMENT (( #1272 ) ) ;
#483 = STYLED_ITEM ( 'NONE', ( #945 ), #1609 ) ;
#484 = EDGE_CURVE ( 'NONE', #1048, #994, #528, .T. ) ;
#485 = ORIENTED_EDGE ( 'NONE', *, *, #858, .T. ) ;
#486 = EDGE_CURVE ( 'NONE', #413, #447, #1076, .T. ) ;
#487 = CARTESIAN_POINT ( 'NONE',  ( 1.449999999999999734, 1.224999999999999867, -0.5000000000000000000 ) ) ;
#488 = PRESENTATION_LAYER_ASSIGNMENT (  '', '', ( #143 ) ) ;
#489 =( LENGTH_UNIT ( ) NAMED_UNIT ( * ) SI_UNIT ( .MILLI., .METRE. ) );
#490 = EDGE_CURVE ( 'NONE', #1504, #1401, #926, .T. ) ;
#491 = UNCERTAINTY_MEASURE_WITH_UNIT (LENGTH_MEASURE( 1.000000000000000082E-05 ), #590, 'distance_accuracy_value', 'NONE');
#492 = ADVANCED_FACE ( 'NONE', ( #1205 ), #439, .F. ) ;
#493 = PRESENTATION_STYLE_ASSIGNMENT (( #905 ) ) ;
#494 = ORIENTED_EDGE ( 'NONE', *, *, #1096, .T. ) ;
#495 = DIRECTION ( 'NONE',  ( 1.000000000000000000, 0.000000000000000000, 0.000000000000000000 ) ) ;
#496 = VERTEX_POINT ( 'NONE', #80 ) ;
#497 = LINE ( 'NONE', #1308, #398 ) ;
#498 = LINE ( 'NONE', #127, #448 ) ;
#499 = CARTESIAN_POINT ( 'NONE',  ( 1.449999999999999956, 2.199999999999999734, 1.250000000000000000 ) ) ;
#500 = FILL_AREA_STYLE_COLOUR ( '', #909 ) ;
#501 = ORIENTED_EDGE ( 'NONE', *, *, #664, .F. ) ;
#502 = PRESENTATION_LAYER_ASSIGNMENT (  '', '', ( #1392 ) ) ;
#503 = FILL_AREA_STYLE ('',( #1244 ) ) ;
#504 = COLOUR_RGB ( '',0.8980392156862745390, 0.9176470588235293713, 0.9294117647058823817 ) ;
#505 = CARTESIAN_POINT ( 'NONE',  ( -1.599999999999999867, 1.074999999999999956, 0.5000000000000000000 ) ) ;
#506 = UNCERTAINTY_MEASURE_WITH_UNIT (LENGTH_MEASURE( 1.000000000000000082E-05 ), #1596, 'distance_accuracy_value', 'NONE');
#507 = CARTESIAN_POINT ( 'NONE',  ( 0.9509166802152235753, -0.3697839836193743679, -0.06602258260806595502 ) ) ;
#508 = CARTESIAN_POINT ( 'NONE',  ( -1.090192378864669243, 0.1499999999999999389, 0.5000000000000000000 ) ) ;
#509 = PRESENTATION_LAYER_ASSIGNMENT (  '', '', ( #1556 ) ) ;
#510 = PRODUCT ( 'CM322522-180KL', 'CM322522-180KL', '', ( #1607 ) ) ;
#511 = LINE ( 'NONE', #1311, #1018 ) ;
#512 = EDGE_CURVE ( 'NONE', #782, #838, #1343, .T. ) ;
#513 = DIRECTION ( 'NONE',  ( 2.224004456380522396E-16, -1.000000000000000000, 0.000000000000000000 ) ) ;
#514 = AXIS2_PLACEMENT_3D ( 'NONE', #1430, #1331, #1536 ) ;
#515 = ORIENTED_EDGE ( 'NONE', *, *, #1233, .F. ) ;
#516 = CARTESIAN_POINT ( 'NONE',  ( 1.449999999999999956, 2.199999999999999734, -0.9999999999999997780 ) ) ;
#517 = FILL_AREA_STYLE_COLOUR ( '', #1070 ) ;
#518 = ORIENTED_EDGE ( 'NONE', *, *, #139, .T. ) ;
#519 = EDGE_CURVE ( 'NONE', #1535, #1001, #334, .T. ) ;
#520 = PLANE ( 'NONE',  #1397 ) ;
#521 = STYLED_ITEM ( 'NONE', ( #1166 ), #836 ) ;
#522 = PRESENTATION_LAYER_ASSIGNMENT (  '', '', ( #999 ) ) ;
#523 = CARTESIAN_POINT ( 'NONE',  ( 1.449999999999999956, 2.199999999999999734, 1.250000000000000000 ) ) ;
#524 = FACE_OUTER_BOUND ( 'NONE', #727, .T. ) ;
#525 = DIRECTION ( 'NONE',  ( 0.000000000000000000, -0.8191520442889888010, 0.5735764363510502672 ) ) ;
#526 = PLANE ( 'NONE',  #201 ) ;
#527 = EDGE_LOOP ( 'NONE', ( #577, #864, #1180, #1342 ) ) ;
#528 = LINE ( 'NONE', #40, #736 ) ;
#529 = FILL_AREA_STYLE ('',( #8 ) ) ;
#530 = VERTEX_POINT ( 'NONE', #1613 ) ;
#531 = DIRECTION ( 'NONE',  ( 0.000000000000000000, -1.000000000000000000, 0.000000000000000000 ) ) ;
#532 = UNCERTAINTY_MEASURE_WITH_UNIT (LENGTH_MEASURE( 1.000000000000000082E-05 ), #166, 'distance_accuracy_value', 'NONE');
#533 = DIRECTION ( 'NONE',  ( 2.224004456380522396E-16, 1.000000000000000000, -0.000000000000000000 ) ) ;
#534 = CARTESIAN_POINT ( 'NONE',  ( 4.425314989736760401E-17, 0.2500000000000003886, 0.5000000000000000000 ) ) ;
#535 = CARTESIAN_POINT ( 'NONE',  ( -1.449999999999999512, 0.2500000000000000000, 1.250000000000000000 ) ) ;
#536 = ORIENTED_EDGE ( 'NONE', *, *, #24, .F. ) ;
#537 = LINE ( 'NONE', #393, #1224 ) ;
#539 = MECHANICAL_DESIGN_GEOMETRIC_PRESENTATION_REPRESENTATION (  '', ( #92 ), #475 ) ;
#538 =( NAMED_UNIT ( * ) PLANE_ANGLE_UNIT ( ) SI_UNIT ( $, .RADIAN. ) );
#540 = VECTOR ( 'NONE', #982, 1000.000000000000000 ) ;
#541 = CARTESIAN_POINT ( 'NONE',  ( 1.449999999999999956, 2.199999999999999734, 0.9999999999999988898 ) ) ;
#542 = VECTOR ( 'NONE', #1042, 1000.000000000000114 ) ;
#543 = CARTESIAN_POINT ( 'NONE',  ( -0.000000000000000000, 1.949999999999998845, -1.250000000000000000 ) ) ;
#544 =( NAMED_UNIT ( * ) SI_UNIT ( $, .STERADIAN. ) SOLID_ANGLE_UNIT ( ) );
#545 = CARTESIAN_POINT ( 'NONE',  ( -1.449999999999999956, 1.949999999999999512, 1.250000000000000000 ) ) ;
#546 = STYLED_ITEM ( 'NONE', ( #381 ), #1564 ) ;
#547 = DIRECTION ( 'NONE',  ( -1.000000000000000000, 0.000000000000000000, -0.000000000000000000 ) ) ;
#548 = EDGE_CURVE ( 'NONE', #567, #102, #857, .T. ) ;
#549 = VERTEX_POINT ( 'NONE', #1346 ) ;
#550 = MECHANICAL_DESIGN_GEOMETRIC_PRESENTATION_REPRESENTATION (  '', ( #33 ), #37 ) ;
#551 = LINE ( 'NONE', #693, #21 ) ;
#552 = DIRECTION ( 'NONE',  ( -0.000000000000000000, -0.000000000000000000, -1.000000000000000000 ) ) ;
#553 = VERTEX_POINT ( 'NONE', #1225 ) ;
#554 = DIRECTION ( 'NONE',  ( 0.9659258262890672020, -0.2588190451025251804, 0.000000000000000000 ) ) ;
#555 =( NAMED_UNIT ( * ) SI_UNIT ( $, .STERADIAN. ) SOLID_ANGLE_UNIT ( ) );
#556 = CARTESIAN_POINT ( 'NONE',  ( 1.449999999999999956, 1.074999999999999956, 0.5000000000000000000 ) ) ;
#557 = PLANE ( 'NONE',  #579 ) ;
#558 =( GEOMETRIC_REPRESENTATION_CONTEXT ( 3 ) GLOBAL_UNCERTAINTY_ASSIGNED_CONTEXT ( ( #1281 ) ) GLOBAL_UNIT_ASSIGNED_CONTEXT ( ( #810, #153, #816 ) ) REPRESENTATION_CONTEXT ( 'NONE', 'WORKASPACE' ) );
#559 = CARTESIAN_POINT ( 'NONE',  ( -1.449999999999999956, 2.199999999999999734, 1.250000000000000000 ) ) ;
#560 = ORIENTED_EDGE ( 'NONE', *, *, #858, .F. ) ;
#561 = EDGE_CURVE ( 'NONE', #447, #47, #311, .T. ) ;
#562 =( LENGTH_UNIT ( ) NAMED_UNIT ( * ) SI_UNIT ( .MILLI., .METRE. ) );
#563 = ORIENTED_EDGE ( 'NONE', *, *, #486, .F. ) ;
#564 = PLANE ( 'NONE',  #989 ) ;
#565 = FACE_OUTER_BOUND ( 'NONE', #1099, .T. ) ;
#566 = DIRECTION ( 'NONE',  ( -0.000000000000000000, 0.000000000000000000, 1.000000000000000000 ) ) ;
#567 = VERTEX_POINT ( 'NONE', #430 ) ;
#568 = FILL_AREA_STYLE ('',( #457 ) ) ;
#569 = ORIENTED_EDGE ( 'NONE', *, *, #77, .T. ) ;
#570 = ADVANCED_FACE ( 'NONE', ( #587 ), #842, .F. ) ;
#571 =( NAMED_UNIT ( * ) SI_UNIT ( $, .STERADIAN. ) SOLID_ANGLE_UNIT ( ) );
#572 = ADVANCED_FACE ( 'NONE', ( #63 ), #1241, .F. ) ;
#573 = CARTESIAN_POINT ( 'NONE',  ( -4.425314989736751157E-17, 0.2499999999999998335, -0.5000000000000000000 ) ) ;
#574 = DIRECTION ( 'NONE',  ( -0.000000000000000000, -0.000000000000000000, -1.000000000000000000 ) ) ;
#575 = FACE_OUTER_BOUND ( 'NONE', #1519, .T. ) ;
#576 = AXIS2_PLACEMENT_3D ( 'NONE', #1063, #1411, #806 ) ;
#577 = ORIENTED_EDGE ( 'NONE', *, *, #169, .T. ) ;
#578 = ADVANCED_FACE ( 'NONE', ( #1022 ), #101, .F. ) ;
#579 = AXIS2_PLACEMENT_3D ( 'NONE', #142, #36, #525 ) ;
#580 =( LENGTH_UNIT ( ) NAMED_UNIT ( * ) SI_UNIT ( .MILLI., .METRE. ) );
#581 = PRESENTATION_LAYER_ASSIGNMENT (  '', '', ( #824 ) ) ;
#582 = EDGE_LOOP ( 'NONE', ( #154, #569, #1407, #1031 ) ) ;
#583 = EDGE_CURVE ( 'NONE', #1048, #157, #233, .T. ) ;
#584 = SURFACE_STYLE_FILL_AREA ( #697 ) ;
#585 = DIRECTION ( 'NONE',  ( -0.000000000000000000, -0.000000000000000000, 1.000000000000000000 ) ) ;
#586 = COLOUR_RGB ( '',0.8980392156862745390, 0.9176470588235293713, 0.9294117647058823817 ) ;
#587 = FACE_OUTER_BOUND ( 'NONE', #1216, .T. ) ;
#588 = ORIENTED_EDGE ( 'NONE', *, *, #1582, .T. ) ;
#589 = FILL_AREA_STYLE ('',( #976 ) ) ;
#590 =( LENGTH_UNIT ( ) NAMED_UNIT ( * ) SI_UNIT ( .MILLI., .METRE. ) );
#591 = LINE ( 'NONE', #716, #767 ) ;
#592 = DIRECTION ( 'NONE',  ( 0.000000000000000000, 1.000000000000000000, 0.000000000000000000 ) ) ;
#593 = EDGE_LOOP ( 'NONE', ( #71, #1667, #1069, #817 ) ) ;
#594 = SURFACE_SIDE_STYLE ('',( #1025 ) ) ;
#595 = EDGE_CURVE ( 'NONE', #1207, #432, #87, .T. ) ;
#596 = LINE ( 'NONE', #1506, #649 ) ;
#597 = VECTOR ( 'NONE', #1498, 1000.000000000000000 ) ;
#598 = MECHANICAL_DESIGN_GEOMETRIC_PRESENTATION_REPRESENTATION (  '', ( #774 ), #1271 ) ;
#599 = FILL_AREA_STYLE ('',( #962 ) ) ;
#600 = MECHANICAL_DESIGN_GEOMETRIC_PRESENTATION_REPRESENTATION (  '', ( #1452 ), #872 ) ;
#601 = CARTESIAN_POINT ( 'NONE',  ( -1.449999999999999734, 0.2500000000000000000, 0.5000000000000000000 ) ) ;
#602 = ORIENTED_EDGE ( 'NONE', *, *, #1038, .F. ) ;
#603 = VECTOR ( 'NONE', #784, 1000.000000000000000 ) ;
#604 = AXIS2_PLACEMENT_3D ( 'NONE', #1490, #345, #1046 ) ;
#605 = STYLED_ITEM ( 'NONE', ( #467 ), #327 ) ;
#606 = DIRECTION ( 'NONE',  ( 1.770125995894701202E-16, 1.000000000000000000, 0.000000000000000000 ) ) ;
#607 = FILL_AREA_STYLE_COLOUR ( '', #351 ) ;
#608 =( LENGTH_UNIT ( ) NAMED_UNIT ( * ) SI_UNIT ( .MILLI., .METRE. ) );
#609 = VERTEX_POINT ( 'NONE', #1627 ) ;
#610 = COLOUR_RGB ( '',0.7921568627450980005, 0.8196078431372548767, 0.9333333333333333481 ) ;
#611 = STYLED_ITEM ( 'NONE', ( #288 ), #688 ) ;
#612 = EDGE_CURVE ( 'NONE', #1001, #1057, #1515, .T. ) ;
#613 = LINE ( 'NONE', #358, #91 ) ;
#614 = CARTESIAN_POINT ( 'NONE',  ( 0.9999999999999995559, 0.2500000000000000000, 1.250000000000000000 ) ) ;
#615 = VERTEX_POINT ( 'NONE', #1492 ) ;
#616 = DIRECTION ( 'NONE',  ( -1.000000000000000000, 0.000000000000000000, 0.000000000000000000 ) ) ;
#617 = STYLED_ITEM ( 'NONE', ( #1441 ), #204 ) ;
#618 = CARTESIAN_POINT ( 'NONE',  ( -1.449999999999999734, 1.224999999999999867, 0.5000000000000000000 ) ) ;
#619 = EDGE_CURVE ( 'NONE', #416, #938, #1398, .T. ) ;
#620 = VERTEX_POINT ( 'NONE', #1160 ) ;
#621 = VECTOR ( 'NONE', #1163, 1000.000000000000114 ) ;
#622 = LINE ( 'NONE', #1379, #1094 ) ;
#623 = PRESENTATION_LAYER_ASSIGNMENT (  '', '', ( #401 ) ) ;
#624 = MECHANICAL_DESIGN_GEOMETRIC_PRESENTATION_REPRESENTATION (  '', ( #1556 ), #875 ) ;
#625 = PLANE ( 'NONE',  #1427 ) ;
#626 = EDGE_CURVE ( 'NONE', #1535, #615, #1016, .T. ) ;
#627 =( GEOMETRIC_REPRESENTATION_CONTEXT ( 3 ) GLOBAL_UNCERTAINTY_ASSIGNED_CONTEXT ( ( #1006 ) ) GLOBAL_UNIT_ASSIGNED_CONTEXT ( ( #742, #957, #802 ) ) REPRESENTATION_CONTEXT ( 'NONE', 'WORKASPACE' ) );
#628 = DIRECTION ( 'NONE',  ( -0.000000000000000000, -0.000000000000000000, -1.000000000000000000 ) ) ;
#629 = ORIENTED_EDGE ( 'NONE', *, *, #1505, .T. ) ;
#630 = CARTESIAN_POINT ( 'NONE',  ( -1.449999999999999512, 0.2500000000000000000, -1.250000000000000000 ) ) ;
#631 = EDGE_LOOP ( 'NONE', ( #1293, #1543, #1197, #721 ) ) ;
#632 = VECTOR ( 'NONE', #363, 1000.000000000000000 ) ;
#633 = VECTOR ( 'NONE', #374, 1000.000000000000000 ) ;
#634 = UNCERTAINTY_MEASURE_WITH_UNIT (LENGTH_MEASURE( 1.000000000000000082E-05 ), #444, 'distance_accuracy_value', 'NONE');
#635 = DIRECTION ( 'NONE',  ( -0.000000000000000000, -0.000000000000000000, 1.000000000000000000 ) ) ;
#636 = SURFACE_SIDE_STYLE ('',( #1013 ) ) ;
#637 = EDGE_CURVE ( 'NONE', #615, #1574, #1571, .T. ) ;
#638 = ORIENTED_EDGE ( 'NONE', *, *, #1378, .F. ) ;
#639 = FACE_OUTER_BOUND ( 'NONE', #132, .T. ) ;
#640 = FACE_OUTER_BOUND ( 'NONE', #182, .T. ) ;
#641 = LINE ( 'NONE', #377, #1275 ) ;
#642 = EDGE_CURVE ( 'NONE', #1204, #47, #38, .T. ) ;
#643 = CARTESIAN_POINT ( 'NONE',  ( -1.449999999999999512, 0.2500000000000000000, 1.250000000000000000 ) ) ;
#644 = CARTESIAN_POINT ( 'NONE',  ( -1.449999999999999734, 0.2500000000000000000, 0.5000000000000000000 ) ) ;
#645 =( LENGTH_UNIT ( ) NAMED_UNIT ( * ) SI_UNIT ( .MILLI., .METRE. ) );
#646 = ORIENTED_EDGE ( 'NONE', *, *, #1384, .F. ) ;
#647 = EDGE_CURVE ( 'NONE', #620, #615, #144, .T. ) ;
#648 = ORIENTED_EDGE ( 'NONE', *, *, #1003, .F. ) ;
#649 = VECTOR ( 'NONE', #229, 1000.000000000000000 ) ;
#650 = FACE_OUTER_BOUND ( 'NONE', #1092, .T. ) ;
#651 = UNCERTAINTY_MEASURE_WITH_UNIT (LENGTH_MEASURE( 1.000000000000000082E-05 ), #1192, 'distance_accuracy_value', 'NONE');
#652 = LINE ( 'NONE', #769, #1134 ) ;
#653 = CARTESIAN_POINT ( 'NONE',  ( -0.9999999999999995559, 0.2500000000000000000, 1.250000000000000000 ) ) ;
#654 =( LENGTH_UNIT ( ) NAMED_UNIT ( * ) SI_UNIT ( .MILLI., .METRE. ) );
#655 = SURFACE_STYLE_USAGE ( .BOTH. , #923 ) ;
#656 = ORIENTED_EDGE ( 'NONE', *, *, #1378, .T. ) ;
#657 = SURFACE_STYLE_USAGE ( .BOTH. , #282 ) ;
#658 = CARTESIAN_POINT ( 'NONE',  ( 1.449999999999999956, 2.199999999999999734, -0.9999999999999997780 ) ) ;
#659 = ADVANCED_FACE ( 'NONE', ( #1176 ), #690, .F. ) ;
#660 = EDGE_LOOP ( 'NONE', ( #918, #285, #629, #364, #1256, #347, #811, #1660 ) ) ;
#661 = LINE ( 'NONE', #920, #621 ) ;
#662 = VECTOR ( 'NONE', #1065, 1000.000000000000000 ) ;
#663 = COLOUR_RGB ( '',0.8980392156862745390, 0.9176470588235293713, 0.9294117647058823817 ) ;
#664 = EDGE_CURVE ( 'NONE', #1493, #1085, #1415, .T. ) ;
#665 = DIRECTION ( 'NONE',  ( 8.673617379884035472E-16, 1.000000000000000000, 0.000000000000000000 ) ) ;
#666 = SURFACE_SIDE_STYLE ('',( #1167 ) ) ;
#667 = DIRECTION ( 'NONE',  ( -1.000000000000000000, 0.000000000000000000, -0.000000000000000000 ) ) ;
#668 = ORIENTED_EDGE ( 'NONE', *, *, #939, .T. ) ;
#669 = CARTESIAN_POINT ( 'NONE',  ( -1.600000000000000089, 0.2500000000000006661, -0.5000000000000000000 ) ) ;
#670 = PRESENTATION_STYLE_ASSIGNMENT (( #394 ) ) ;
#671 = ORIENTED_EDGE ( 'NONE', *, *, #583, .T. ) ;
#672 = FILL_AREA_STYLE ('',( #138 ) ) ;
#673 = PRESENTATION_STYLE_ASSIGNMENT (( #1309 ) ) ;
#674 = DIRECTION ( 'NONE',  ( 1.000000000000000000, -1.770125995894701202E-16, 0.000000000000000000 ) ) ;
#675 = SURFACE_STYLE_FILL_AREA ( #410 ) ;
#676 = STYLED_ITEM ( 'NONE', ( #673 ), #198 ) ;
#677 = CARTESIAN_POINT ( 'NONE',  ( 0.000000000000000000, 0.000000000000000000, 0.5000000000000000000 ) ) ;
#678 = EDGE_CURVE ( 'NONE', #1090, #812, #412, .T. ) ;
#679 = ORIENTED_EDGE ( 'NONE', *, *, #519, .T. ) ;
#680 =( LENGTH_UNIT ( ) NAMED_UNIT ( * ) SI_UNIT ( .MILLI., .METRE. ) );
#681 = FILL_AREA_STYLE_COLOUR ( '', #1370 ) ;
#682 = VERTEX_POINT ( 'NONE', #1203 ) ;
#683 = FILL_AREA_STYLE_COLOUR ( '', #846 ) ;
#684 = VECTOR ( 'NONE', #900, 1000.000000000000000 ) ;
#685 = PLANE ( 'NONE',  #979 ) ;
#686 = FACE_OUTER_BOUND ( 'NONE', #1313, .T. ) ;
#687 = PRODUCT_DEFINITION ( 'UNKNOWN', '', #936, #1318 ) ;
#688 = ADVANCED_FACE ( 'NONE', ( #1435 ), #526, .F. ) ;
#689 = COLOUR_RGB ( '',0.2509803921568627416, 0.2509803921568627416, 0.2509803921568627416 ) ;
#690 = PLANE ( 'NONE',  #1125 ) ;
#691 = ORIENTED_EDGE ( 'NONE', *, *, #220, .F. ) ;
#692 = COLOUR_RGB ( '',0.2509803921568627416, 0.2509803921568627416, 0.2509803921568627416 ) ;
#693 = CARTESIAN_POINT ( 'NONE',  ( 1.599999999999999867, 1.224999999999999867, 0.5000000000000000000 ) ) ;
#694 = PLANE ( 'NONE',  #795 ) ;
#695 = ORIENTED_EDGE ( 'NONE', *, *, #273, .F. ) ;
#696 = AXIS2_PLACEMENT_3D ( 'NONE', #1527, #1121, #1355 ) ;
#697 = FILL_AREA_STYLE ('',( #450 ) ) ;
#698 = CARTESIAN_POINT ( 'NONE',  ( 1.449999999999999734, 0.2500000000000000000, 0.5000000000000000000 ) ) ;
#699 = VECTOR ( 'NONE', #1449, 1000.000000000000000 ) ;
#700 =( LENGTH_UNIT ( ) NAMED_UNIT ( * ) SI_UNIT ( .MILLI., .METRE. ) );
#701 = ORIENTED_EDGE ( 'NONE', *, *, #1055, .T. ) ;
#702 = DIRECTION ( 'NONE',  ( 2.224004456380522396E-16, 1.000000000000000000, -0.000000000000000000 ) ) ;
#703 = ORIENTED_EDGE ( 'NONE', *, *, #561, .T. ) ;
#704 = UNCERTAINTY_MEASURE_WITH_UNIT (LENGTH_MEASURE( 1.000000000000000082E-05 ), #206, 'distance_accuracy_value', 'NONE');
#705 = DIRECTION ( 'NONE',  ( -1.000000000000000000, -1.445602896647339508E-15, 0.000000000000000000 ) ) ;
#706 = ADVANCED_FACE ( 'NONE', ( #181 ), #825, .F. ) ;
#707 = CARTESIAN_POINT ( 'NONE',  ( -1.449999999999999512, 0.2500000000000000000, 1.250000000000000000 ) ) ;
#708 = CIRCLE ( 'NONE', #1625, 0.1499999999999999667 ) ;
#709 = EDGE_LOOP ( 'NONE', ( #638, #429, #1323, #1169 ) ) ;
#710 = SURFACE_STYLE_FILL_AREA ( #568 ) ;
#711 = ORIENTED_EDGE ( 'NONE', *, *, #1264, .F. ) ;
#712 = ADVANCED_FACE ( 'NONE', ( #1097 ), #1089, .F. ) ;
#713 = VECTOR ( 'NONE', #628, 1000.000000000000000 ) ;
#714 =( GEOMETRIC_REPRESENTATION_CONTEXT ( 3 ) GLOBAL_UNCERTAINTY_ASSIGNED_CONTEXT ( ( #386 ) ) GLOBAL_UNIT_ASSIGNED_CONTEXT ( ( #580, #1103, #1479 ) ) REPRESENTATION_CONTEXT ( 'NONE', 'WORKASPACE' ) );
#715 = CARTESIAN_POINT ( 'NONE',  ( -1.090192378864669465, 0.1499999999999999389, -0.4299792461790278297 ) ) ;
#716 = CARTESIAN_POINT ( 'NONE',  ( -1.090192378864669243, 0.1499999999999999389, 0.5000000000000000000 ) ) ;
#717 = MECHANICAL_DESIGN_GEOMETRIC_PRESENTATION_REPRESENTATION (  '', ( #1552 ), #82 ) ;
#718 =( GEOMETRIC_REPRESENTATION_CONTEXT ( 3 ) GLOBAL_UNCERTAINTY_ASSIGNED_CONTEXT ( ( #140 ) ) GLOBAL_UNIT_ASSIGNED_CONTEXT ( ( #98, #222, #860 ) ) REPRESENTATION_CONTEXT ( 'NONE', 'WORKASPACE' ) );
#719 = VECTOR ( 'NONE', #360, 1000.000000000000000 ) ;
#720 = DIRECTION ( 'NONE',  ( -1.000000000000000000, 0.000000000000000000, 0.000000000000000000 ) ) ;
#721 = ORIENTED_EDGE ( 'NONE', *, *, #10, .T. ) ;
#722 = SURFACE_STYLE_FILL_AREA ( #1209 ) ;
#723 = SURFACE_STYLE_USAGE ( .BOTH. , #59 ) ;
#724 = SURFACE_STYLE_FILL_AREA ( #599 ) ;
#725 = SURFACE_STYLE_FILL_AREA ( #991 ) ;
#726 =( NAMED_UNIT ( * ) SI_UNIT ( $, .STERADIAN. ) SOLID_ANGLE_UNIT ( ) );
#727 = EDGE_LOOP ( 'NONE', ( #1526, #312, #1295, #42 ) ) ;
#728 = FACE_OUTER_BOUND ( 'NONE', #1285, .T. ) ;
#729 = PLANE ( 'NONE',  #833 ) ;
#730 = LINE ( 'NONE', #1100, #1475 ) ;
#731 = ADVANCED_FACE ( 'NONE', ( #575 ), #76, .T. ) ;
#732 =( NAMED_UNIT ( * ) PLANE_ANGLE_UNIT ( ) SI_UNIT ( $, .RADIAN. ) );
#733 =( NAMED_UNIT ( * ) SI_UNIT ( $, .STERADIAN. ) SOLID_ANGLE_UNIT ( ) );
#734 = ORIENTED_EDGE ( 'NONE', *, *, #637, .T. ) ;
#735 = DIRECTION ( 'NONE',  ( 1.000000000000000000, 0.000000000000000000, 0.000000000000000000 ) ) ;
#736 = VECTOR ( 'NONE', #1058, 1000.000000000000000 ) ;
#737 =( LENGTH_UNIT ( ) NAMED_UNIT ( * ) SI_UNIT ( .MILLI., .METRE. ) );
#738 = DIRECTION ( 'NONE',  ( -0.000000000000000000, 0.000000000000000000, 1.000000000000000000 ) ) ;
#739 = ORIENTED_EDGE ( 'NONE', *, *, #626, .F. ) ;
#740 = EDGE_CURVE ( 'NONE', #1001, #938, #1123, .T. ) ;
#741 = DIRECTION ( 'NONE',  ( -1.000000000000000000, -1.770125995894701202E-16, 0.000000000000000000 ) ) ;
#742 =( LENGTH_UNIT ( ) NAMED_UNIT ( * ) SI_UNIT ( .MILLI., .METRE. ) );
#743 = UNCERTAINTY_MEASURE_WITH_UNIT (LENGTH_MEASURE( 1.000000000000000082E-05 ), #275, 'distance_accuracy_value', 'NONE');
#744 =( NAMED_UNIT ( * ) SI_UNIT ( $, .STERADIAN. ) SOLID_ANGLE_UNIT ( ) );
#745 = ADVANCED_FACE ( 'NONE', ( #1266 ), #1656, .F. ) ;
#746 = ORIENTED_EDGE ( 'NONE', *, *, #490, .T. ) ;
#747 = PRESENTATION_STYLE_ASSIGNMENT (( #1114 ) ) ;
#748 = ADVANCED_FACE ( 'NONE', ( #1362 ), #879, .F. ) ;
#749 = EDGE_CURVE ( 'NONE', #102, #1493, #344, .T. ) ;
#750 = DIRECTION ( 'NONE',  ( 0.2143876641588078613, -0.8001056551566697594, -0.5602400111049250508 ) ) ;
#751 = CARTESIAN_POINT ( 'NONE',  ( 1.449999999999999956, 2.199999999999999734, 1.250000000000000000 ) ) ;
#752 = ORIENTED_EDGE ( 'NONE', *, *, #512, .F. ) ;
#753 = FILL_AREA_STYLE_COLOUR ( '', #1496 ) ;
#754 = AXIS2_PLACEMENT_3D ( 'NONE', #172, #321, #845 ) ;
#755 = EDGE_CURVE ( 'NONE', #157, #432, #1132, .T. ) ;
#756 = CARTESIAN_POINT ( 'NONE',  ( 1.449999999999999734, 0.1499999999999999389, 0.5000000000000000000 ) ) ;
#757 = UNCERTAINTY_MEASURE_WITH_UNIT (LENGTH_MEASURE( 1.000000000000000082E-05 ), #471, 'distance_accuracy_value', 'NONE');
#758 = DIRECTION ( 'NONE',  ( -2.224004456380522396E-16, -1.000000000000000000, 0.000000000000000000 ) ) ;
#759 = PRESENTATION_STYLE_ASSIGNMENT (( #232 ) ) ;
#760 = CARTESIAN_POINT ( 'NONE',  ( -1.599999999999999867, 1.074999999999999956, 0.5000000000000000000 ) ) ;
#761 = ORIENTED_EDGE ( 'NONE', *, *, #990, .T. ) ;
#762 = AXIS2_PLACEMENT_3D ( 'NONE', #1463, #302, #1348 ) ;
#763 = DIRECTION ( 'NONE',  ( 8.673617379884035472E-16, -1.000000000000000000, 0.000000000000000000 ) ) ;
#764 = AXIS2_PLACEMENT_3D ( 'NONE', #473, #1604, #616 ) ;
#765 = EDGE_CURVE ( 'NONE', #549, #1416, #231, .T. ) ;
#766 = CARTESIAN_POINT ( 'NONE',  ( -1.449999999999999956, 2.199999999999999734, 0.9999999999999988898 ) ) ;
#767 = VECTOR ( 'NONE', #841, 1000.000000000000000 ) ;
#768 = VECTOR ( 'NONE', #313, 1000.000000000000000 ) ;
#769 = CARTESIAN_POINT ( 'NONE',  ( 0.9999999999999995559, 0.2500000000000000000, -1.250000000000000000 ) ) ;
#770 = PRESENTATION_STYLE_ASSIGNMENT (( #1620 ) ) ;
#771 = PLANE ( 'NONE',  #1334 ) ;
#772 = CARTESIAN_POINT ( 'NONE',  ( 1.449999999999999956, 2.199999999999999734, -0.9999999999999997780 ) ) ;
#773 = ORIENTED_EDGE ( 'NONE', *, *, #1102, .F. ) ;
#774 = STYLED_ITEM ( 'NONE', ( #405 ), #356 ) ;
#775 = SURFACE_STYLE_USAGE ( .BOTH. , #1518 ) ;
#776 = STYLED_ITEM ( 'NONE', ( #1592 ), #706 ) ;
#777 = FACE_OUTER_BOUND ( 'NONE', #709, .T. ) ;
#778 = UNCERTAINTY_MEASURE_WITH_UNIT (LENGTH_MEASURE( 1.000000000000000082E-05 ), #254, 'distance_accuracy_value', 'NONE');
#779 = CARTESIAN_POINT ( 'NONE',  ( -0.9999999999999997780, -2.407412430484044816E-32, 1.250000000000000000 ) ) ;
#780 = FILL_AREA_STYLE_COLOUR ( '', #133 ) ;
#781 = FILL_AREA_STYLE_COLOUR ( '', #884 ) ;
#782 = VERTEX_POINT ( 'NONE', #1646 ) ;
#783 = FILL_AREA_STYLE ('',( #366 ) ) ;
#784 = DIRECTION ( 'NONE',  ( 2.224004456380522396E-16, 1.000000000000000000, -0.000000000000000000 ) ) ;
#785 = ORIENTED_EDGE ( 'NONE', *, *, #273, .T. ) ;
#786 = CARTESIAN_POINT ( 'NONE',  ( -1.449999999999999512, 0.2500000000000000000, 1.250000000000000000 ) ) ;
#787 = CARTESIAN_POINT ( 'NONE',  ( -0.9509166802152235753, -0.3697839836193741458, -0.06602258260806563583 ) ) ;
#788 = SURFACE_SIDE_STYLE ('',( #1665 ) ) ;
#789 = LINE ( 'NONE', #1066, #1453 ) ;
#790 =( GEOMETRIC_REPRESENTATION_CONTEXT ( 3 ) GLOBAL_UNCERTAINTY_ASSIGNED_CONTEXT ( ( #1423 ) ) GLOBAL_UNIT_ASSIGNED_CONTEXT ( ( #700, #435, #1466 ) ) REPRESENTATION_CONTEXT ( 'NONE', 'WORKASPACE' ) );
#791 = DIRECTION ( 'NONE',  ( 2.224004456380522396E-16, -1.000000000000000000, 0.000000000000000000 ) ) ;
#792 = VERTEX_POINT ( 'NONE', #152 ) ;
#793 = CARTESIAN_POINT ( 'NONE',  ( 1.071025227564312843, 0.07846721751071154827, 0.3798914526509124534 ) ) ;
#794 =( NAMED_UNIT ( * ) SI_UNIT ( $, .STERADIAN. ) SOLID_ANGLE_UNIT ( ) );
#795 = AXIS2_PLACEMENT_3D ( 'NONE', #1142, #870, #880 ) ;
#796 = UNCERTAINTY_MEASURE_WITH_UNIT (LENGTH_MEASURE( 1.000000000000000082E-05 ), #397, 'distance_accuracy_value', 'NONE');
#797 = FILL_AREA_STYLE ('',( #408 ) ) ;
#798 = LINE ( 'NONE', #388, #188 ) ;
#799 =( NAMED_UNIT ( * ) PLANE_ANGLE_UNIT ( ) SI_UNIT ( $, .RADIAN. ) );
#800 = DIRECTION ( 'NONE',  ( -2.224004456380522396E-16, -1.000000000000000000, 0.000000000000000000 ) ) ;
#801 = ORIENTED_EDGE ( 'NONE', *, *, #1264, .T. ) ;
#802 =( NAMED_UNIT ( * ) SI_UNIT ( $, .STERADIAN. ) SOLID_ANGLE_UNIT ( ) );
#803 =( NAMED_UNIT ( * ) SI_UNIT ( $, .STERADIAN. ) SOLID_ANGLE_UNIT ( ) );
#804 = VERTEX_POINT ( 'NONE', #779 ) ;
#805 = EDGE_CURVE ( 'NONE', #432, #530, #1073, .T. ) ;
#806 = DIRECTION ( 'NONE',  ( -2.224004456380522396E-16, 1.000000000000000000, 0.000000000000000000 ) ) ;
#807 = ADVANCED_FACE ( 'NONE', ( #524 ), #268, .F. ) ;
#808 = PRESENTATION_STYLE_ASSIGNMENT (( #287 ) ) ;
#809 = DIRECTION ( 'NONE',  ( -0.000000000000000000, -0.000000000000000000, -1.000000000000000000 ) ) ;
#810 =( LENGTH_UNIT ( ) NAMED_UNIT ( * ) SI_UNIT ( .MILLI., .METRE. ) );
#811 = ORIENTED_EDGE ( 'NONE', *, *, #169, .F. ) ;
#812 = VERTEX_POINT ( 'NONE', #1291 ) ;
#813 =( NAMED_UNIT ( * ) PLANE_ANGLE_UNIT ( ) SI_UNIT ( $, .RADIAN. ) );
#814 = DIRECTION ( 'NONE',  ( 1.447309853537782632E-16, 1.000000000000000000, -0.000000000000000000 ) ) ;
#815 = CARTESIAN_POINT ( 'NONE',  ( 0.9999999999999997780, -2.407412430484044816E-32, -1.250000000000000000 ) ) ;
#816 =( NAMED_UNIT ( * ) SI_UNIT ( $, .STERADIAN. ) SOLID_ANGLE_UNIT ( ) );
#817 = ORIENTED_EDGE ( 'NONE', *, *, #1038, .T. ) ;
#818 = DIRECTION ( 'NONE',  ( 0.000000000000000000, -0.8191520442889888010, 0.5735764363510502672 ) ) ;
#819 = CARTESIAN_POINT ( 'NONE',  ( 0.6567177456803985347, 0.2499999999999999445, 0.5000000000000000000 ) ) ;
#820 = ORIENTED_EDGE ( 'NONE', *, *, #1578, .T. ) ;
#821 = SURFACE_STYLE_USAGE ( .BOTH. , #433 ) ;
#822 = FILL_AREA_STYLE ('',( #1302 ) ) ;
#823 = VECTOR ( 'NONE', #1651, 1000.000000000000114 ) ;
#824 = STYLED_ITEM ( 'NONE', ( #759 ), #1508 ) ;
#825 = PLANE ( 'NONE',  #379 ) ;
#826 = VERTEX_POINT ( 'NONE', #644 ) ;
#827 = PRESENTATION_LAYER_ASSIGNMENT (  '', '', ( #605 ) ) ;
#828 =( NAMED_UNIT ( * ) SI_UNIT ( $, .STERADIAN. ) SOLID_ANGLE_UNIT ( ) );
#829 = ORIENTED_EDGE ( 'NONE', *, *, #1560, .F. ) ;
#830 = EDGE_CURVE ( 'NONE', #478, #416, #798, .T. ) ;
#831 =( LENGTH_UNIT ( ) NAMED_UNIT ( * ) SI_UNIT ( .MILLI., .METRE. ) );
#832 = LINE ( 'NONE', #434, #1155 ) ;
#833 = AXIS2_PLACEMENT_3D ( 'NONE', #304, #977, #332 ) ;
#834 = COLOUR_RGB ( '',0.8980392156862745390, 0.9176470588235293713, 0.9294117647058823817 ) ;
#835 = PRESENTATION_STYLE_ASSIGNMENT (( #333 ) ) ;
#836 = ADVANCED_FACE ( 'NONE', ( #1561 ), #1301, .F. ) ;
#837 = ORIENTED_EDGE ( 'NONE', *, *, #519, .F. ) ;
#838 = VERTEX_POINT ( 'NONE', #815 ) ;
#839 = CARTESIAN_POINT ( 'NONE',  ( -1.600000000000000089, 5.752218031190633067E-16, -0.3249481154475705735 ) ) ;
#840 = PRESENTATION_STYLE_ASSIGNMENT (( #314 ) ) ;
#841 = DIRECTION ( 'NONE',  ( -0.000000000000000000, -0.000000000000000000, -1.000000000000000000 ) ) ;
#842 = PLANE ( 'NONE',  #237 ) ;
#843 = ORIENTED_EDGE ( 'NONE', *, *, #1502, .F. ) ;
#844 =( GEOMETRIC_REPRESENTATION_CONTEXT ( 3 ) GLOBAL_UNCERTAINTY_ASSIGNED_CONTEXT ( ( #1369 ) ) GLOBAL_UNIT_ASSIGNED_CONTEXT ( ( #1141, #1273, #1489 ) ) REPRESENTATION_CONTEXT ( 'NONE', 'WORKASPACE' ) );
#845 = DIRECTION ( 'NONE',  ( 0.000000000000000000, 0.8191520442889888010, 0.5735764363510502672 ) ) ;
#846 = COLOUR_RGB ( '',0.8980392156862745390, 0.9176470588235293713, 0.9294117647058823817 ) ;
#847 = AXIS2_PLACEMENT_3D ( 'NONE', #658, #1316, #236 ) ;
#848 = CARTESIAN_POINT ( 'NONE',  ( 1.600000000000000089, 8.781484432758893599E-18, -0.3249481154475705735 ) ) ;
#849 = SURFACE_STYLE_USAGE ( .BOTH. , #1000 ) ;
#850 =( GEOMETRIC_REPRESENTATION_CONTEXT ( 3 ) GLOBAL_UNCERTAINTY_ASSIGNED_CONTEXT ( ( #1636 ) ) GLOBAL_UNIT_ASSIGNED_CONTEXT ( ( #654, #1175, #1448 ) ) REPRESENTATION_CONTEXT ( 'NONE', 'WORKASPACE' ) );
#851 = EDGE_LOOP ( 'NONE', ( #403, #1593, #837, #276 ) ) ;
#852 = MECHANICAL_DESIGN_GEOMETRIC_PRESENTATION_REPRESENTATION (  '', ( #998 ), #463 ) ;
#853 = PLANE ( 'NONE',  #514 ) ;
#854 = SURFACE_STYLE_FILL_AREA ( #51 ) ;
#855 = DIRECTION ( 'NONE',  ( -1.000000000000000000, 0.000000000000000000, 0.000000000000000000 ) ) ;
#856 = PRESENTATION_LAYER_ASSIGNMENT (  '', '', ( #1260 ) ) ;
#857 = LINE ( 'NONE', #1358, #1468 ) ;
#858 = EDGE_CURVE ( 'NONE', #1277, #792, #1540, .T. ) ;
#859 = EDGE_LOOP ( 'NONE', ( #1104, #1237, #563, #974, #1317, #950 ) ) ;
#860 =( NAMED_UNIT ( * ) SI_UNIT ( $, .STERADIAN. ) SOLID_ANGLE_UNIT ( ) );
#861 = CARTESIAN_POINT ( 'NONE',  ( -1.449999999999999512, 0.2500000000000000000, -1.250000000000000000 ) ) ;
#862 = FACE_OUTER_BOUND ( 'NONE', #527, .T. ) ;
#863 = DIRECTION ( 'NONE',  ( 1.000000000000000000, 0.000000000000000000, 1.239455565906453579E-16 ) ) ;
#864 = ORIENTED_EDGE ( 'NONE', *, *, #619, .T. ) ;
#865 = CARTESIAN_POINT ( 'NONE',  ( 0.000000000000000000, 1.224999999999999867, -1.250000000000000000 ) ) ;
#866 = CARTESIAN_POINT ( 'NONE',  ( 1.600000000000000089, 1.224646799147356350E-17, 0.5000000000000000000 ) ) ;
#867 = CARTESIAN_POINT ( 'NONE',  ( -0.9999999999999997780, -2.407412430484044816E-32, -1.250000000000000000 ) ) ;
#868 = EDGE_CURVE ( 'NONE', #994, #826, #903, .T. ) ;
#869 = CARTESIAN_POINT ( 'NONE',  ( -1.071025227564313065, 0.07846721751071171480, 0.3798914526509121758 ) ) ;
#870 = DIRECTION ( 'NONE',  ( 0.000000000000000000, 0.000000000000000000, -1.000000000000000000 ) ) ;
#871 =( GEOMETRIC_REPRESENTATION_CONTEXT ( 3 ) GLOBAL_UNCERTAINTY_ASSIGNED_CONTEXT ( ( #94 ) ) GLOBAL_UNIT_ASSIGNED_CONTEXT ( ( #1457, #1602, #726 ) ) REPRESENTATION_CONTEXT ( 'NONE', 'WORKASPACE' ) );
#872 =( GEOMETRIC_REPRESENTATION_CONTEXT ( 3 ) GLOBAL_UNCERTAINTY_ASSIGNED_CONTEXT ( ( #474 ) ) GLOBAL_UNIT_ASSIGNED_CONTEXT ( ( #216, #997, #1488 ) ) REPRESENTATION_CONTEXT ( 'NONE', 'WORKASPACE' ) );
#873 = DIRECTION ( 'NONE',  ( -1.000000000000000000, 0.000000000000000000, 0.000000000000000000 ) ) ;
#874 = ORIENTED_EDGE ( 'NONE', *, *, #1542, .T. ) ;
#875 =( GEOMETRIC_REPRESENTATION_CONTEXT ( 3 ) GLOBAL_UNCERTAINTY_ASSIGNED_CONTEXT ( ( #1033 ) ) GLOBAL_UNIT_ASSIGNED_CONTEXT ( ( #562, #1324, #283 ) ) REPRESENTATION_CONTEXT ( 'NONE', 'WORKASPACE' ) );
#876 = SURFACE_SIDE_STYLE ('',( #1128 ) ) ;
#877 = ADVANCED_FACE ( 'NONE', ( #1550 ), #729, .F. ) ;
#878 = SURFACE_SIDE_STYLE ('',( #1115 ) ) ;
#879 = PLANE ( 'NONE',  #365 ) ;
#880 = DIRECTION ( 'NONE',  ( -1.000000000000000000, 0.000000000000000000, -0.000000000000000000 ) ) ;
#881 = EDGE_CURVE ( 'NONE', #1082, #413, #196, .T. ) ;
#882 = EDGE_LOOP ( 'NONE', ( #829, #6, #494, #355 ) ) ;
#883 = VECTOR ( 'NONE', #1019, 1000.000000000000000 ) ;
#884 = COLOUR_RGB ( '',0.2509803921568627416, 0.2509803921568627416, 0.2509803921568627416 ) ;
#885 = PLANE ( 'NONE',  #28 ) ;
#886 = LINE ( 'NONE', #210, #883 ) ;
#887 = CARTESIAN_POINT ( 'NONE',  ( 1.600000000000000089, 0.2500000000000001110, -0.5000000000000000000 ) ) ;
#888 = ORIENTED_EDGE ( 'NONE', *, *, #931, .T. ) ;
#889 = PLANE ( 'NONE',  #1333 ) ;
#890 = DIRECTION ( 'NONE',  ( -0.000000000000000000, -0.000000000000000000, -1.000000000000000000 ) ) ;
#891 = UNCERTAINTY_MEASURE_WITH_UNIT (LENGTH_MEASURE( 1.000000000000000082E-05 ), #959, 'distance_accuracy_value', 'NONE');
#892 = COLOUR_RGB ( '',0.8980392156862745390, 0.9176470588235293713, 0.9294117647058823817 ) ;
#893 = DIRECTION ( 'NONE',  ( 0.000000000000000000, 0.000000000000000000, -1.000000000000000000 ) ) ;
#894 = SURFACE_SIDE_STYLE ('',( #470 ) ) ;
#895 = CARTESIAN_POINT ( 'NONE',  ( 1.449999999999999956, 2.199999999999999734, 0.9999999999999988898 ) ) ;
#896 = VERTEX_POINT ( 'NONE', #1584 ) ;
#897 = PRESENTATION_STYLE_ASSIGNMENT (( #775 ) ) ;
#898 = ORIENTED_EDGE ( 'NONE', *, *, #1517, .T. ) ;
#899 = PRESENTATION_LAYER_ASSIGNMENT (  '', '', ( #459 ) ) ;
#900 = DIRECTION ( 'NONE',  ( -1.000000000000000000, 1.770125995894701202E-16, -0.000000000000000000 ) ) ;
#901 = COLOUR_RGB ( '',0.8980392156862745390, 0.9176470588235293713, 0.9294117647058823817 ) ;
#902 = DIRECTION ( 'NONE',  ( 1.000000000000000000, 0.000000000000000000, 0.000000000000000000 ) ) ;
#903 = LINE ( 'NONE', #534, #662 ) ;
#904 =( NAMED_UNIT ( * ) PLANE_ANGLE_UNIT ( ) SI_UNIT ( $, .RADIAN. ) );
#905 = SURFACE_STYLE_USAGE ( .BOTH. , #227 ) ;
#906 = ORIENTED_EDGE ( 'NONE', *, *, #18, .T. ) ;
#907 = MECHANICAL_DESIGN_GEOMETRIC_PRESENTATION_REPRESENTATION (  '', ( #1315 ), #1439 ) ;
#908 = PRESENTATION_STYLE_ASSIGNMENT (( #1294 ) ) ;
#909 = COLOUR_RGB ( '',0.8980392156862745390, 0.9176470588235293713, 0.9294117647058823817 ) ;
#910 = PLANE ( 'NONE',  #576 ) ;
#911 = EDGE_CURVE ( 'NONE', #163, #530, #832, .T. ) ;
#912 = UNCERTAINTY_MEASURE_WITH_UNIT (LENGTH_MEASURE( 1.000000000000000082E-05 ), #608, 'distance_accuracy_value', 'NONE');
#913 = LINE ( 'NONE', #543, #919 ) ;
#914 = DIRECTION ( 'NONE',  ( 2.224004456380522396E-16, 1.000000000000000000, -0.000000000000000000 ) ) ;
#915 =( NAMED_UNIT ( * ) PLANE_ANGLE_UNIT ( ) SI_UNIT ( $, .RADIAN. ) );
#916 = VERTEX_POINT ( 'NONE', #1245 ) ;
#917 = DIRECTION ( 'NONE',  ( 1.000000000000000000, 0.000000000000000000, 0.000000000000000000 ) ) ;
#918 = ORIENTED_EDGE ( 'NONE', *, *, #1582, .F. ) ;
#919 = VECTOR ( 'NONE', #902, 1000.000000000000000 ) ;
#920 = CARTESIAN_POINT ( 'NONE',  ( 1.449999999999999734, -0.2869473175592388570, -0.1240254406235337947 ) ) ;
#921 = LINE ( 'NONE', #373, #1417 ) ;
#922 = VECTOR ( 'NONE', #750, 1000.000000000000114 ) ;
#923 = SURFACE_SIDE_STYLE ('',( #1322 ) ) ;
#924 = ORIENTED_EDGE ( 'NONE', *, *, #368, .T. ) ;
#925 = EDGE_CURVE ( 'NONE', #896, #1082, #411, .T. ) ;
#926 = LINE ( 'NONE', #17, #453 ) ;
#927 = SURFACE_STYLE_FILL_AREA ( #19 ) ;
#928 = ORIENTED_EDGE ( 'NONE', *, *, #1634, .T. ) ;
#929 = PRESENTATION_LAYER_ASSIGNMENT (  '', '', ( #270 ) ) ;
#930 = LINE ( 'NONE', #1440, #542 ) ;
#931 = EDGE_CURVE ( 'NONE', #916, #163, #1212, .T. ) ;
#932 =( GEOMETRIC_REPRESENTATION_CONTEXT ( 3 ) GLOBAL_UNCERTAINTY_ASSIGNED_CONTEXT ( ( #1548 ) ) GLOBAL_UNIT_ASSIGNED_CONTEXT ( ( #115, #904, #744 ) ) REPRESENTATION_CONTEXT ( 'NONE', 'WORKASPACE' ) );
#933 = UNCERTAINTY_MEASURE_WITH_UNIT (LENGTH_MEASURE( 1.000000000000000082E-05 ), #1576, 'distance_accuracy_value', 'NONE');
#934 = DIRECTION ( 'NONE',  ( -8.673617379884035472E-16, -1.000000000000000000, 0.000000000000000000 ) ) ;
#935 = SURFACE_STYLE_FILL_AREA ( #1310 ) ;
#936 = PRODUCT_DEFINITION_FORMATION_WITH_SPECIFIED_SOURCE ( 'ANY', '', #510, .NOT_KNOWN. ) ;
#937 = CARTESIAN_POINT ( 'NONE',  ( 1.600000000000000089, 0.2500000000000001110, 0.5000000000000000000 ) ) ;
#938 = VERTEX_POINT ( 'NONE', #968 ) ;
#939 = EDGE_CURVE ( 'NONE', #567, #163, #418, .T. ) ;
#940 =( NAMED_UNIT ( * ) PLANE_ANGLE_UNIT ( ) SI_UNIT ( $, .RADIAN. ) );
#941 = DIRECTION ( 'NONE',  ( -0.000000000000000000, -0.000000000000000000, -1.000000000000000000 ) ) ;
#942 = PRESENTATION_LAYER_ASSIGNMENT (  '', '', ( #776 ) ) ;
#943 = PRESENTATION_LAYER_ASSIGNMENT (  '', '', ( #521 ) ) ;
#944 = DIRECTION ( 'NONE',  ( -1.572608632495766014E-16, -0.7071067811865463515, 0.7071067811865487940 ) ) ;
#945 = PRESENTATION_STYLE_ASSIGNMENT (( #23 ) ) ;
#946 = VERTEX_POINT ( 'NONE', #1230 ) ;
#947 = CARTESIAN_POINT ( 'NONE',  ( 1.050000000000000044, -8.857544534144966267E-17, 0.3249481154475705735 ) ) ;
#948 = MANIFOLD_SOLID_BREP ( 'Fillet1', #1248 ) ;
#949 = SURFACE_STYLE_FILL_AREA ( #1084 ) ;
#950 = ORIENTED_EDGE ( 'NONE', *, *, #981, .T. ) ;
#951 =( LENGTH_UNIT ( ) NAMED_UNIT ( * ) SI_UNIT ( .MILLI., .METRE. ) );
#952 =( LENGTH_UNIT ( ) NAMED_UNIT ( * ) SI_UNIT ( .MILLI., .METRE. ) );
#953 = FILL_AREA_STYLE ('',( #1087 ) ) ;
#954 = PRESENTATION_LAYER_ASSIGNMENT (  '', '', ( #676 ) ) ;
#955 = EDGE_LOOP ( 'NONE', ( #560, #898, #39, #464 ) ) ;
#956 = EDGE_CURVE ( 'NONE', #994, #1085, #426, .T. ) ;
#957 =( NAMED_UNIT ( * ) PLANE_ANGLE_UNIT ( ) SI_UNIT ( $, .RADIAN. ) );
#958 = EDGE_LOOP ( 'NONE', ( #785, #746, #64, #536, #711, #1469 ) ) ;
#959 =( LENGTH_UNIT ( ) NAMED_UNIT ( * ) SI_UNIT ( .MILLI., .METRE. ) );
#960 = CARTESIAN_POINT ( 'NONE',  ( 0.000000000000000000, 0.000000000000000000, -1.250000000000000000 ) ) ;
#961 = SURFACE_STYLE_FILL_AREA ( #953 ) ;
#962 = FILL_AREA_STYLE_COLOUR ( '', #984 ) ;
#963 = ORIENTED_EDGE ( 'NONE', *, *, #88, .F. ) ;
#964 = COLOUR_RGB ( '',0.2509803921568627416, 0.2509803921568627416, 0.2509803921568627416 ) ;
#965 = DIRECTION ( 'NONE',  ( 0.000000000000000000, 0.000000000000000000, 1.000000000000000000 ) ) ;
#966 = ORIENTED_EDGE ( 'NONE', *, *, #1129, .F. ) ;
#967 = CARTESIAN_POINT ( 'NONE',  ( 1.449999999999999734, 0.1499999999999999389, -0.5000000000000000000 ) ) ;
#968 = CARTESIAN_POINT ( 'NONE',  ( -1.449999999999999956, 2.199999999999999734, -0.9999999999999997780 ) ) ;
#969 = APPLICATION_PROTOCOL_DEFINITION ( 'draft international standard', 'automotive_design', 1998, #199 ) ;
#970 = PRESENTATION_LAYER_ASSIGNMENT (  '', '', ( #1315 ) ) ;
#971 = EDGE_CURVE ( 'NONE', #1288, #184, #67, .T. ) ;
#972 = MECHANICAL_DESIGN_GEOMETRIC_PRESENTATION_REPRESENTATION (  '', ( #611 ), #558 ) ;
#973 =( NAMED_UNIT ( * ) SI_UNIT ( $, .STERADIAN. ) SOLID_ANGLE_UNIT ( ) );
#974 = ORIENTED_EDGE ( 'NONE', *, *, #1096, .F. ) ;
#975 = PLANE ( 'NONE',  #762 ) ;
#976 = FILL_AREA_STYLE_COLOUR ( '', #375 ) ;
#977 = DIRECTION ( 'NONE',  ( -1.447309853537782632E-16, 1.000000000000000000, 0.000000000000000000 ) ) ;
#978 = CARTESIAN_POINT ( 'NONE',  ( 0.000000000000000000, 0.000000000000000000, 0.000000000000000000 ) ) ;
#979 = AXIS2_PLACEMENT_3D ( 'NONE', #960, #1350, #303 ) ;
#980 = PLANE ( 'NONE',  #1255 ) ;
#981 = EDGE_CURVE ( 'NONE', #221, #1204, #613, .T. ) ;
#982 = DIRECTION ( 'NONE',  ( -1.572608632495766014E-16, 0.7071067811865463515, -0.7071067811865487940 ) ) ;
#983 = ORIENTED_EDGE ( 'NONE', *, *, #1380, .F. ) ;
#984 = COLOUR_RGB ( '',0.8980392156862745390, 0.9176470588235293713, 0.9294117647058823817 ) ;
#985 = VECTOR ( 'NONE', #1110, 1000.000000000000000 ) ;
#986 = DIRECTION ( 'NONE',  ( 1.000000000000000000, 0.000000000000000000, 0.000000000000000000 ) ) ;
#987 = PLANE ( 'NONE',  #696 ) ;
#988 = PRESENTATION_LAYER_ASSIGNMENT (  '', '', ( #26 ) ) ;
#989 = AXIS2_PLACEMENT_3D ( 'NONE', #1148, #741, #1481 ) ;
#990 = EDGE_CURVE ( 'NONE', #1269, #496, #465, .T. ) ;
#991 = FILL_AREA_STYLE ('',( #681 ) ) ;
#992 = STYLED_ITEM ( 'NONE', ( #406 ), #1446 ) ;
#993 = CARTESIAN_POINT ( 'NONE',  ( 0.9999999999999997780, -2.407412430484044816E-32, 1.250000000000000000 ) ) ;
#994 = VERTEX_POINT ( 'NONE', #1393 ) ;
#995 = EDGE_CURVE ( 'NONE', #804, #1029, #350, .T. ) ;
#996 = DIRECTION ( 'NONE',  ( -0.000000000000000000, -0.000000000000000000, -1.000000000000000000 ) ) ;
#997 =( NAMED_UNIT ( * ) PLANE_ANGLE_UNIT ( ) SI_UNIT ( $, .RADIAN. ) );
#998 = STYLED_ITEM ( 'NONE', ( #1670 ), #310 ) ;
#999 = STYLED_ITEM ( 'NONE', ( #1659 ), #578 ) ;
#1000 = SURFACE_SIDE_STYLE ('',( #183 ) ) ;
#1001 = VERTEX_POINT ( 'NONE', #766 ) ;
#1002 = FILL_AREA_STYLE_COLOUR ( '', #689 ) ;
#1003 = EDGE_CURVE ( 'NONE', #1269, #682, #886, .T. ) ;
#1004 = SURFACE_STYLE_FILL_AREA ( #783 ) ;
#1005 = FILL_AREA_STYLE ('',( #75 ) ) ;
#1006 = UNCERTAINTY_MEASURE_WITH_UNIT (LENGTH_MEASURE( 1.000000000000000082E-05 ), #742, 'distance_accuracy_value', 'NONE');
#1007 = PLANE ( 'NONE',  #604 ) ;
#1008 = SURFACE_STYLE_FILL_AREA ( #1640 ) ;
#1009 = ORIENTED_EDGE ( 'NONE', *, *, #647, .T. ) ;
#1010 = FILL_AREA_STYLE_COLOUR ( '', #192 ) ;
#1011 = PRESENTATION_LAYER_ASSIGNMENT (  '', '', ( #92 ) ) ;
#1012 = ADVANCED_FACE ( 'NONE', ( #93 ), #106, .F. ) ;
#1013 = SURFACE_STYLE_FILL_AREA ( #1394 ) ;
#1014 = CARTESIAN_POINT ( 'NONE',  ( -1.050000000000000266, 4.778648733448547936E-16, 0.3249481154475705735 ) ) ;
#1015 = VECTOR ( 'NONE', #986, 1000.000000000000000 ) ;
#1016 = LINE ( 'NONE', #354, #1210 ) ;
#1017 = ORIENTED_EDGE ( 'NONE', *, *, #1402, .F. ) ;
#1018 = VECTOR ( 'NONE', #914, 1000.000000000000000 ) ;
#1019 = DIRECTION ( 'NONE',  ( 0.000000000000000000, 0.000000000000000000, -1.000000000000000000 ) ) ;
#1020 = EDGE_CURVE ( 'NONE', #1214, #792, #99, .T. ) ;
#1021 = LINE ( 'NONE', #96, #1200 ) ;
#1022 = FACE_OUTER_BOUND ( 'NONE', #958, .T. ) ;
#1023 = ORIENTED_EDGE ( 'NONE', *, *, #765, .T. ) ;
#1024 = COLOUR_RGB ( '',0.8980392156862745390, 0.9176470588235293713, 0.9294117647058823817 ) ;
#1025 = SURFACE_STYLE_FILL_AREA ( #72 ) ;
#1026 =( NAMED_UNIT ( * ) PLANE_ANGLE_UNIT ( ) SI_UNIT ( $, .RADIAN. ) );
#1027 = SURFACE_STYLE_USAGE ( .BOTH. , #217 ) ;
#1028 = DIRECTION ( 'NONE',  ( 0.000000000000000000, -1.000000000000000000, 0.000000000000000000 ) ) ;
#1029 = VERTEX_POINT ( 'NONE', #867 ) ;
#1030 = VECTOR ( 'NONE', #1173, 1000.000000000000000 ) ;
#1031 = ORIENTED_EDGE ( 'NONE', *, *, #868, .T. ) ;
#1032 = CARTESIAN_POINT ( 'NONE',  ( 1.449999999999999734, 1.224999999999999867, 0.5000000000000000000 ) ) ;
#1033 = UNCERTAINTY_MEASURE_WITH_UNIT (LENGTH_MEASURE( 1.000000000000000082E-05 ), #562, 'distance_accuracy_value', 'NONE');
#1034 = DIRECTION ( 'NONE',  ( -0.000000000000000000, -0.000000000000000000, 1.000000000000000000 ) ) ;
#1035 = PRESENTATION_LAYER_ASSIGNMENT (  '', '', ( #78 ) ) ;
#1036 =( NAMED_UNIT ( * ) SI_UNIT ( $, .STERADIAN. ) SOLID_ANGLE_UNIT ( ) );
#1037 = LINE ( 'NONE', #1283, #719 ) ;
#1038 = EDGE_CURVE ( 'NONE', #413, #812, #596, .T. ) ;
#1039 = EDGE_LOOP ( 'NONE', ( #648, #326, #703, #281 ) ) ;
#1040 = PLANE ( 'NONE',  #1612 ) ;
#1041 = DIRECTION ( 'NONE',  ( 0.000000000000000000, -0.000000000000000000, 1.000000000000000000 ) ) ;
#1042 = DIRECTION ( 'NONE',  ( 0.000000000000000000, 0.8191520442889888010, 0.5735764363510502672 ) ) ;
#1043 = ADVANCED_FACE ( 'NONE', ( #862 ), #625, .F. ) ;
#1044 = MECHANICAL_DESIGN_GEOMETRIC_PRESENTATION_REPRESENTATION (  '', ( #605 ), #627 ) ;
#1045 =( NAMED_UNIT ( * ) PLANE_ANGLE_UNIT ( ) SI_UNIT ( $, .RADIAN. ) );
#1046 = DIRECTION ( 'NONE',  ( 1.000000000000000000, 0.000000000000000000, 0.000000000000000000 ) ) ;
#1047 = DIRECTION ( 'NONE',  ( 1.000000000000000000, -0.000000000000000000, -0.000000000000000000 ) ) ;
#1048 = VERTEX_POINT ( 'NONE', #505 ) ;
#1049 =( GEOMETRIC_REPRESENTATION_CONTEXT ( 3 ) GLOBAL_UNCERTAINTY_ASSIGNED_CONTEXT ( ( #1 ) ) GLOBAL_UNIT_ASSIGNED_CONTEXT ( ( #489, #1026, #1495 ) ) REPRESENTATION_CONTEXT ( 'NONE', 'WORKASPACE' ) );
#1050 = FACE_OUTER_BOUND ( 'NONE', #250, .T. ) ;
#1051 = VECTOR ( 'NONE', #667, 1000.000000000000000 ) ;
#1052 = EDGE_CURVE ( 'NONE', #826, #1214, #641, .T. ) ;
#1053 = DIRECTION ( 'NONE',  ( -0.000000000000000000, -0.000000000000000000, -1.000000000000000000 ) ) ;
#1054 = CARTESIAN_POINT ( 'NONE',  ( 4.425314989736760401E-17, 0.2500000000000003886, -0.5000000000000000000 ) ) ;
#1055 = EDGE_CURVE ( 'NONE', #447, #1416, #661, .T. ) ;
#1056 = DIRECTION ( 'NONE',  ( 0.000000000000000000, 0.000000000000000000, -1.000000000000000000 ) ) ;
#1057 = VERTEX_POINT ( 'NONE', #541 ) ;
#1058 = DIRECTION ( 'NONE',  ( -1.770125995894701202E-16, -1.000000000000000000, 0.000000000000000000 ) ) ;
#1059 = EDGE_CURVE ( 'NONE', #549, #413, #930, .T. ) ;
#1060 = SURFACE_STYLE_FILL_AREA ( #529 ) ;
#1061 = ORIENTED_EDGE ( 'NONE', *, *, #10, .F. ) ;
#1062 = VECTOR ( 'NONE', #242, 1000.000000000000000 ) ;
#1063 = CARTESIAN_POINT ( 'NONE',  ( -1.449999999999999956, 2.199999999999999734, 1.250000000000000000 ) ) ;
#1064 = CARTESIAN_POINT ( 'NONE',  ( 1.449999999999999512, 0.2500000000000000000, -1.250000000000000000 ) ) ;
#1065 = DIRECTION ( 'NONE',  ( 1.000000000000000000, -1.770125995894701202E-16, 0.000000000000000000 ) ) ;
#1066 = CARTESIAN_POINT ( 'NONE',  ( 0.6567177456803985347, -1.581913595509694662E-16, -0.3249481154475705735 ) ) ;
#1067 = MECHANICAL_DESIGN_GEOMETRIC_PRESENTATION_REPRESENTATION (  '', ( #1600 ), #714 ) ;
#1068 = CARTESIAN_POINT ( 'NONE',  ( -0.6567177456803985347, 4.082489591353349530E-16, 0.3249481154475705735 ) ) ;
#1069 = ORIENTED_EDGE ( 'NONE', *, *, #881, .T. ) ;
#1070 = COLOUR_RGB ( '',0.2509803921568627416, 0.2509803921568627416, 0.2509803921568627416 ) ;
#1071 = CARTESIAN_POINT ( 'NONE',  ( 1.600000000000000089, 8.781484432758893599E-18, 0.3249481154475705735 ) ) ;
#1072 = CARTESIAN_POINT ( 'NONE',  ( -1.090192378864669243, 0.1499999999999999389, 0.4299792461790278852 ) ) ;
#1073 = LINE ( 'NONE', #1054, #103 ) ;
#1074 = FILL_AREA_STYLE ('',( #781 ) ) ;
#1075 = ORIENTED_EDGE ( 'NONE', *, *, #1505, .F. ) ;
#1076 = LINE ( 'NONE', #1545, #159 ) ;
#1077 = ORIENTED_EDGE ( 'NONE', *, *, #1233, .T. ) ;
#1078 = DIRECTION ( 'NONE',  ( 0.2588190451025251249, 0.9659258262890670910, 0.000000000000000000 ) ) ;
#1079 =( GEOMETRIC_REPRESENTATION_CONTEXT ( 3 ) GLOBAL_UNCERTAINTY_ASSIGNED_CONTEXT ( ( #1404 ) ) GLOBAL_UNIT_ASSIGNED_CONTEXT ( ( #259, #915, #391 ) ) REPRESENTATION_CONTEXT ( 'NONE', 'WORKASPACE' ) );
#1080 = FACE_OUTER_BOUND ( 'NONE', #16, .T. ) ;
#1081 = EDGE_CURVE ( 'NONE', #1493, #1304, #1420, .T. ) ;
#1082 = VERTEX_POINT ( 'NONE', #1032 ) ;
#1083 = FILL_AREA_STYLE_COLOUR ( '', #964 ) ;
#1084 = FILL_AREA_STYLE ('',( #462 ) ) ;
#1085 = VERTEX_POINT ( 'NONE', #20 ) ;
#1086 = CARTESIAN_POINT ( 'NONE',  ( 1.050000000000000044, -6.735557395310446214E-17, 0.5000000000000000000 ) ) ;
#1087 = FILL_AREA_STYLE_COLOUR ( '', #610 ) ;
#1088 = LINE ( 'NONE', #1116, #1433 ) ;
#1089 = PLANE ( 'NONE',  #1194 ) ;
#1090 = VERTEX_POINT ( 'NONE', #1071 ) ;
#1091 = CARTESIAN_POINT ( 'NONE',  ( -1.449999999999999956, 1.949999999999999289, 1.250000000000000222 ) ) ;
#1092 = EDGE_LOOP ( 'NONE', ( #773, #260, #89, #458 ) ) ;
#1093 = CARTESIAN_POINT ( 'NONE',  ( -1.449999999999999734, 1.224999999999999867, 0.5000000000000000000 ) ) ;
#1094 = VECTOR ( 'NONE', #1642, 1000.000000000000000 ) ;
#1095 = PRESENTATION_STYLE_ASSIGNMENT (( #1473 ) ) ;
#1096 = EDGE_CURVE ( 'NONE', #609, #413, #497, .T. ) ;
#1097 = FACE_OUTER_BOUND ( 'NONE', #631, .T. ) ;
#1098 = ORIENTED_EDGE ( 'NONE', *, *, #368, .F. ) ;
#1099 = EDGE_LOOP ( 'NONE', ( #440, #191, #234, #966 ) ) ;
#1100 = CARTESIAN_POINT ( 'NONE',  ( -0.9999999999999995559, 0.2500000000000000000, -1.250000000000000000 ) ) ;
#1101 = MECHANICAL_DESIGN_GEOMETRIC_PRESENTATION_REPRESENTATION (  '', ( #308 ), #4 ) ;
#1102 = EDGE_CURVE ( 'NONE', #382, #1622, #1289, .T. ) ;
#1103 =( NAMED_UNIT ( * ) PLANE_ANGLE_UNIT ( ) SI_UNIT ( $, .RADIAN. ) );
#1104 = ORIENTED_EDGE ( 'NONE', *, *, #642, .T. ) ;
#1105 =( NAMED_UNIT ( * ) PLANE_ANGLE_UNIT ( ) SI_UNIT ( $, .RADIAN. ) );
#1106 = EDGE_CURVE ( 'NONE', #1574, #826, #1557, .T. ) ;
#1107 =( NAMED_UNIT ( * ) SI_UNIT ( $, .STERADIAN. ) SOLID_ANGLE_UNIT ( ) );
#1108 = CARTESIAN_POINT ( 'NONE',  ( 1.090192378864669243, 0.1499999999999999389, 0.5000000000000000000 ) ) ;
#1109 = DIRECTION ( 'NONE',  ( 0.000000000000000000, 0.000000000000000000, -1.000000000000000000 ) ) ;
#1110 = DIRECTION ( 'NONE',  ( -0.000000000000000000, -0.000000000000000000, -1.000000000000000000 ) ) ;
#1111 = ORIENTED_EDGE ( 'NONE', *, *, #134, .F. ) ;
#1112 = STYLED_ITEM ( 'NONE', ( #1221 ), #731 ) ;
#1113 = MECHANICAL_DESIGN_GEOMETRIC_PRESENTATION_REPRESENTATION (  '', ( #1392 ), #871 ) ;
#1114 = SURFACE_STYLE_USAGE ( .BOTH. , #594 ) ;
#1115 = SURFACE_STYLE_FILL_AREA ( #1005 ) ;
#1116 = CARTESIAN_POINT ( 'NONE',  ( 1.449999999999999512, 0.2500000000000000000, 1.250000000000000000 ) ) ;
#1117 = COLOUR_RGB ( '',0.2509803921568627416, 0.2509803921568627416, 0.2509803921568627416 ) ;
#1118 = FILL_AREA_STYLE ('',( #1477 ) ) ;
#1119 = EDGE_LOOP ( 'NONE', ( #472, #588, #1347, #376 ) ) ;
#1120 =( NAMED_UNIT ( * ) PLANE_ANGLE_UNIT ( ) SI_UNIT ( $, .RADIAN. ) );
#1121 = DIRECTION ( 'NONE',  ( 0.000000000000000000, 0.000000000000000000, -1.000000000000000000 ) ) ;
#1122 = DIRECTION ( 'NONE',  ( 0.000000000000000000, 0.000000000000000000, -1.000000000000000000 ) ) ;
#1123 = LINE ( 'NONE', #114, #713 ) ;
#1124 = LINE ( 'NONE', #614, #1581 ) ;
#1125 = AXIS2_PLACEMENT_3D ( 'NONE', #677, #1056, #547 ) ;
#1126 = DIRECTION ( 'NONE',  ( 1.000000000000000000, 0.000000000000000000, 0.000000000000000000 ) ) ;
#1127 = ORIENTED_EDGE ( 'NONE', *, *, #149, .T. ) ;
#1128 = SURFACE_STYLE_FILL_AREA ( #1486 ) ;
#1129 = EDGE_CURVE ( 'NONE', #1304, #1207, #1403, .T. ) ;
#1130 = SURFACE_STYLE_FILL_AREA ( #503 ) ;
#1131 = DIRECTION ( 'NONE',  ( -1.000000000000000000, 0.000000000000000000, 0.000000000000000000 ) ) ;
#1132 = LINE ( 'NONE', #476, #1599 ) ;
#1133 = LINE ( 'NONE', #1386, #1147 ) ;
#1134 = VECTOR ( 'NONE', #1300, 1000.000000000000000 ) ;
#1135 =( NAMED_UNIT ( * ) PLANE_ANGLE_UNIT ( ) SI_UNIT ( $, .RADIAN. ) );
#1136 = ORIENTED_EDGE ( 'NONE', *, *, #1246, .T. ) ;
#1137 = CARTESIAN_POINT ( 'NONE',  ( -1.449999999999999734, 1.224999999999999867, -1.250000000000000000 ) ) ;
#1138 = PRESENTATION_LAYER_ASSIGNMENT (  '', '', ( #452 ) ) ;
#1139 = VECTOR ( 'NONE', #702, 1000.000000000000000 ) ;
#1140 = PRESENTATION_STYLE_ASSIGNMENT (( #1258 ) ) ;
#1141 =( LENGTH_UNIT ( ) NAMED_UNIT ( * ) SI_UNIT ( .MILLI., .METRE. ) );
#1142 = CARTESIAN_POINT ( 'NONE',  ( 0.000000000000000000, 0.000000000000000000, -0.5000000000000000000 ) ) ;
#1143 = VECTOR ( 'NONE', #407, 1000.000000000000000 ) ;
#1144 = STYLED_ITEM ( 'NONE', ( #208 ), #1292 ) ;
#1145 = FILL_AREA_STYLE ('',( #1261 ) ) ;
#1146 = ORIENTED_EDGE ( 'NONE', *, *, #956, .T. ) ;
#1147 = VECTOR ( 'NONE', #353, 1000.000000000000000 ) ;
#1148 = CARTESIAN_POINT ( 'NONE',  ( 1.599999999999999867, 1.224999999999999867, 0.5000000000000000000 ) ) ;
#1149 = PRESENTATION_LAYER_ASSIGNMENT (  '', '', ( #33 ) ) ;
#1150 = CARTESIAN_POINT ( 'NONE',  ( 1.449999999999999956, 1.074999999999999956, -0.5000000000000000000 ) ) ;
#1151 = FACE_OUTER_BOUND ( 'NONE', #1119, .T. ) ;
#1152 = DIRECTION ( 'NONE',  ( -1.015302560617636855E-16, 0.5735764363510503783, 0.8191520442889889120 ) ) ;
#1153 = VECTOR ( 'NONE', #791, 1000.000000000000000 ) ;
#1154 = ORIENTED_EDGE ( 'NONE', *, *, #88, .T. ) ;
#1155 = VECTOR ( 'NONE', #186, 1000.000000000000114 ) ;
#1156 = ADVANCED_FACE ( 'NONE', ( #777 ), #910, .F. ) ;
#1157 = LINE ( 'NONE', #1419, #1228 ) ;
#1158 = PLANE ( 'NONE',  #754 ) ;
#1159 =( NAMED_UNIT ( * ) SI_UNIT ( $, .STERADIAN. ) SOLID_ANGLE_UNIT ( ) );
#1160 = CARTESIAN_POINT ( 'NONE',  ( 1.449999999999999734, 1.224999999999999867, 1.250000000000000000 ) ) ;
#1161 = ORIENTED_EDGE ( 'NONE', *, *, #69, .F. ) ;
#1162 = VECTOR ( 'NONE', #1655, 1000.000000000000114 ) ;
#1163 = DIRECTION ( 'NONE',  ( 0.000000000000000000, -0.8191520442889888010, 0.5735764363510502672 ) ) ;
#1164 = UNCERTAINTY_MEASURE_WITH_UNIT (LENGTH_MEASURE( 1.000000000000000082E-05 ), #1648, 'distance_accuracy_value', 'NONE');
#1165 =( LENGTH_UNIT ( ) NAMED_UNIT ( * ) SI_UNIT ( .MILLI., .METRE. ) );
#1166 = PRESENTATION_STYLE_ASSIGNMENT (( #409 ) ) ;
#1167 = SURFACE_STYLE_FILL_AREA ( #822 ) ;
#1168 = SURFACE_SIDE_STYLE ('',( #15 ) ) ;
#1169 = ORIENTED_EDGE ( 'NONE', *, *, #637, .F. ) ;
#1170 = STYLED_ITEM ( 'NONE', ( #118 ), #1190 ) ;
#1171 = ORIENTED_EDGE ( 'NONE', *, *, #18, .F. ) ;
#1172 = DIRECTION ( 'NONE',  ( 0.000000000000000000, 1.000000000000000000, 0.000000000000000000 ) ) ;
#1173 = DIRECTION ( 'NONE',  ( 1.000000000000000000, 0.000000000000000000, -1.239455565906453579E-16 ) ) ;
#1174 = DIRECTION ( 'NONE',  ( 1.000000000000000000, -8.673617379884035472E-16, 0.000000000000000000 ) ) ;
#1175 =( NAMED_UNIT ( * ) PLANE_ANGLE_UNIT ( ) SI_UNIT ( $, .RADIAN. ) );
#1176 = FACE_OUTER_BOUND ( 'NONE', #582, .T. ) ;
#1177 = EDGE_LOOP ( 'NONE', ( #1567, #1196, #515, #392, #1354, #518 ) ) ;
#1178 = VECTOR ( 'NONE', #1465, 1000.000000000000000 ) ;
#1179 = PLANE ( 'NONE',  #1638 ) ;
#1180 = ORIENTED_EDGE ( 'NONE', *, *, #740, .F. ) ;
#1181 =( GEOMETRIC_REPRESENTATION_CONTEXT ( 3 ) GLOBAL_UNCERTAINTY_ASSIGNED_CONTEXT ( ( #912 ) ) GLOBAL_UNIT_ASSIGNED_CONTEXT ( ( #608, #1135, #346 ) ) REPRESENTATION_CONTEXT ( 'NONE', 'WORKASPACE' ) );
#1182 = SURFACE_SIDE_STYLE ('',( #1521 ) ) ;
#1183 = UNCERTAINTY_MEASURE_WITH_UNIT (LENGTH_MEASURE( 1.000000000000000082E-05 ), #1615, 'distance_accuracy_value', 'NONE');
#1184 = LINE ( 'NONE', #523, #421 ) ;
#1185 = FILL_AREA_STYLE_COLOUR ( '', #586 ) ;
#1186 = FILL_AREA_STYLE_COLOUR ( '', #663 ) ;
#1187 = ORIENTED_EDGE ( 'NONE', *, *, #1059, .F. ) ;
#1188 = CARTESIAN_POINT ( 'NONE',  ( 1.449999999999999956, 1.949999999999998845, -1.250000000000000000 ) ) ;
#1189 = DIRECTION ( 'NONE',  ( -0.000000000000000000, -0.000000000000000000, -1.000000000000000000 ) ) ;
#1190 = ADVANCED_FACE ( 'NONE', ( #650 ), #520, .F. ) ;
#1191 = LINE ( 'NONE', #787, #1162 ) ;
#1192 =( LENGTH_UNIT ( ) NAMED_UNIT ( * ) SI_UNIT ( .MILLI., .METRE. ) );
#1193 = LINE ( 'NONE', #3, #481 ) ;
#1194 = AXIS2_PLACEMENT_3D ( 'NONE', #1461, #1247, #1234 ) ;
#1195 = COLOUR_RGB ( '',0.8980392156862745390, 0.9176470588235293713, 0.9294117647058823817 ) ;
#1196 = ORIENTED_EDGE ( 'NONE', *, *, #1601, .F. ) ;
#1197 = ORIENTED_EDGE ( 'NONE', *, *, #1081, .T. ) ;
#1198 = COLOUR_RGB ( '',0.8980392156862745390, 0.9176470588235293713, 0.9294117647058823817 ) ;
#1199 =( LENGTH_UNIT ( ) NAMED_UNIT ( * ) SI_UNIT ( .MILLI., .METRE. ) );
#1200 = VECTOR ( 'NONE', #1507, 1000.000000000000000 ) ;
#1201 = DIRECTION ( 'NONE',  ( 1.000000000000000000, 1.770125995894701202E-16, -0.000000000000000000 ) ) ;
#1202 =( NAMED_UNIT ( * ) PLANE_ANGLE_UNIT ( ) SI_UNIT ( $, .RADIAN. ) );
#1203 = CARTESIAN_POINT ( 'NONE',  ( 1.449999999999999734, 1.224999999999999867, -1.250000000000000000 ) ) ;
#1204 = VERTEX_POINT ( 'NONE', #1227 ) ;
#1205 = FACE_OUTER_BOUND ( 'NONE', #1580, .T. ) ;
#1206 = SURFACE_STYLE_USAGE ( .BOTH. , #1555 ) ;
#1207 = VERTEX_POINT ( 'NONE', #839 ) ;
#1208 = VECTOR ( 'NONE', #1373, 1000.000000000000000 ) ;
#1209 = FILL_AREA_STYLE ('',( #683 ) ) ;
#1210 = VECTOR ( 'NONE', #513, 1000.000000000000000 ) ;
#1211 = ADVANCED_BREP_SHAPE_REPRESENTATION ( 'CM322522-180KL', ( #948, #58 ), #404 ) ;
#1212 = LINE ( 'NONE', #715, #378 ) ;
#1213 =( LENGTH_UNIT ( ) NAMED_UNIT ( * ) SI_UNIT ( .MILLI., .METRE. ) );
#1214 = VERTEX_POINT ( 'NONE', #1093 ) ;
#1215 = CARTESIAN_POINT ( 'NONE',  ( 1.449999999999999734, 0.2500000000000001110, 0.5000000000000000000 ) ) ;
#1216 = EDGE_LOOP ( 'NONE', ( #1563, #46, #668, #294 ) ) ;
#1217 = SURFACE_STYLE_USAGE ( .BOTH. , #1589 ) ;
#1218 = LINE ( 'NONE', #50, #1478 ) ;
#1219 = DIRECTION ( 'NONE',  ( 0.000000000000000000, -0.8191520442889888010, -0.5735764363510502672 ) ) ;
#1220 = DIRECTION ( 'NONE',  ( 0.000000000000000000, 0.000000000000000000, 1.000000000000000000 ) ) ;
#1221 = PRESENTATION_STYLE_ASSIGNMENT (( #1352 ) ) ;
#1222 = ORIENTED_EDGE ( 'NONE', *, *, #548, .F. ) ;
#1223 =( GEOMETRIC_REPRESENTATION_CONTEXT ( 3 ) GLOBAL_UNCERTAINTY_ASSIGNED_CONTEXT ( ( #651 ) ) GLOBAL_UNIT_ASSIGNED_CONTEXT ( ( #1192, #1202, #544 ) ) REPRESENTATION_CONTEXT ( 'NONE', 'WORKASPACE' ) );
#1224 = VECTOR ( 'NONE', #917, 1000.000000000000000 ) ;
#1225 = CARTESIAN_POINT ( 'NONE',  ( -0.9999999999999995559, 0.2500000000000000000, 1.250000000000000000 ) ) ;
#1226 = EDGE_LOOP ( 'NONE', ( #272, #671, #55, #1242, #1330, #1450 ) ) ;
#1227 = CARTESIAN_POINT ( 'NONE',  ( 0.9999999999999995559, 0.2500000000000000000, -1.250000000000000000 ) ) ;
#1228 = VECTOR ( 'NONE', #1041, 1000.000000000000000 ) ;
#1229 = CARTESIAN_POINT ( 'NONE',  ( -1.600000000000000089, 1.224646799147356350E-17, 0.5000000000000000000 ) ) ;
#1230 = CARTESIAN_POINT ( 'NONE',  ( -1.449999999999999956, 1.949999999999998845, -1.250000000000000000 ) ) ;
#1231 = CARTESIAN_POINT ( 'NONE',  ( 1.050000000000000044, -8.857544534144966267E-17, -0.3249481154475705735 ) ) ;
#1232 = MECHANICAL_DESIGN_GEOMETRIC_PRESENTATION_REPRESENTATION (  '', ( #1307 ), #932 ) ;
#1233 = EDGE_CURVE ( 'NONE', #1574, #553, #1594, .T. ) ;
#1234 = DIRECTION ( 'NONE',  ( 0.2588190451025251249, -0.9659258262890670910, 0.000000000000000000 ) ) ;
#1235 = ADVANCED_FACE ( 'NONE', ( #170 ), #975, .F. ) ;
#1236 = FILL_AREA_STYLE_COLOUR ( '', #1195 ) ;
#1237 = ORIENTED_EDGE ( 'NONE', *, *, #561, .F. ) ;
#1238 = ADVANCED_FACE ( 'NONE', ( #158 ), #564, .F. ) ;
#1239 = CARTESIAN_POINT ( 'NONE',  ( -1.600000000000000089, 0.2500000000000006661, 0.5000000000000000000 ) ) ;
#1240 = SURFACE_SIDE_STYLE ('',( #174 ) ) ;
#1241 = PLANE ( 'NONE',  #145 ) ;
#1242 = ORIENTED_EDGE ( 'NONE', *, *, #595, .F. ) ;
#1243 = SURFACE_SIDE_STYLE ('',( #1372 ) ) ;
#1244 = FILL_AREA_STYLE_COLOUR ( '', #692 ) ;
#1245 = CARTESIAN_POINT ( 'NONE',  ( -1.090192378864669243, 0.1499999999999998557, -0.4299792461790276632 ) ) ;
#1246 = EDGE_CURVE ( 'NONE', #682, #1277, #1257, .T. ) ;
#1247 = DIRECTION ( 'NONE',  ( -0.9659258262890672020, -0.2588190451025251804, 0.000000000000000000 ) ) ;
#1248 = CLOSED_SHELL ( 'NONE', ( #1292, #1156, #1446, #745, #1476, #1609, #356, #688, #706, #807, #492, #1328, #327, #1043, #1508, #204, #1012, #572, #1190, #877, #1238, #1235, #1455, #570, #836, #748, #238, #712, #659, #310, #578, #1390, #1564, #198, #1297, #284, #731, #1274 ) ) ;
#1249 = ORIENTED_EDGE ( 'NONE', *, *, #320, .F. ) ;
#1250 = PLANE ( 'NONE',  #847 ) ;
#1251 = DIRECTION ( 'NONE',  ( -0.000000000000000000, -0.000000000000000000, -1.000000000000000000 ) ) ;
#1252 = VECTOR ( 'NONE', #340, 1000.000000000000000 ) ;
#1253 = UNCERTAINTY_MEASURE_WITH_UNIT (LENGTH_MEASURE( 1.000000000000000082E-05 ), #1199, 'distance_accuracy_value', 'NONE');
#1254 = DIRECTION ( 'NONE',  ( 0.000000000000000000, 0.8191520442889888010, 0.5735764363510502672 ) ) ;
#1255 = AXIS2_PLACEMENT_3D ( 'NONE', #197, #738, #1363 ) ;
#1256 = ORIENTED_EDGE ( 'NONE', *, *, #1381, .T. ) ;
#1257 = LINE ( 'NONE', #865, #1252 ) ;
#1258 = SURFACE_STYLE_USAGE ( .BOTH. , #878 ) ;
#1259 =( NAMED_UNIT ( * ) PLANE_ANGLE_UNIT ( ) SI_UNIT ( $, .RADIAN. ) );
#1260 = STYLED_ITEM ( 'NONE', ( #419 ), #659 ) ;
#1261 = FILL_AREA_STYLE_COLOUR ( '', #1470 ) ;
#1262 = ORIENTED_EDGE ( 'NONE', *, *, #445, .F. ) ;
#1263 = CYLINDRICAL_SURFACE ( 'NONE', #764, 0.1499999999999999667 ) ;
#1264 = EDGE_CURVE ( 'NONE', #1416, #184, #622, .T. ) ;
#1265 = FILL_AREA_STYLE ('',( #224 ) ) ;
#1266 = FACE_OUTER_BOUND ( 'NONE', #882, .T. ) ;
#1267 = SURFACE_SIDE_STYLE ('',( #477 ) ) ;
#1268 = SURFACE_STYLE_USAGE ( .BOTH. , #1284 ) ;
#1269 = VERTEX_POINT ( 'NONE', #487 ) ;
#1270 = AXIS2_PLACEMENT_3D ( 'NONE', #338, #893, #100 ) ;
#1271 =( GEOMETRIC_REPRESENTATION_CONTEXT ( 3 ) GLOBAL_UNCERTAINTY_ASSIGNED_CONTEXT ( ( #277 ) ) GLOBAL_UNIT_ASSIGNED_CONTEXT ( ( #680, #1438, #828 ) ) REPRESENTATION_CONTEXT ( 'NONE', 'WORKASPACE' ) );
#1272 = SURFACE_STYLE_USAGE ( .BOTH. , #1382 ) ;
#1273 =( NAMED_UNIT ( * ) PLANE_ANGLE_UNIT ( ) SI_UNIT ( $, .RADIAN. ) );
#1274 = ADVANCED_FACE ( 'NONE', ( #104 ), #1263, .T. ) ;
#1275 = VECTOR ( 'NONE', #1172, 1000.000000000000000 ) ;
#1276 = CARTESIAN_POINT ( 'NONE',  ( -1.600000000000000089, 5.752218031190633067E-16, -0.3249481154475705735 ) ) ;
#1277 = VERTEX_POINT ( 'NONE', #1137 ) ;
#1278 = PRESENTATION_LAYER_ASSIGNMENT (  '', '', ( #992 ) ) ;
#1279 =( NAMED_UNIT ( * ) SI_UNIT ( $, .STERADIAN. ) SOLID_ANGLE_UNIT ( ) );
#1280 = DIRECTION ( 'NONE',  ( -0.000000000000000000, -0.000000000000000000, -1.000000000000000000 ) ) ;
#1281 = UNCERTAINTY_MEASURE_WITH_UNIT (LENGTH_MEASURE( 1.000000000000000082E-05 ), #810, 'distance_accuracy_value', 'NONE');
#1282 = DIRECTION ( 'NONE',  ( -0.2143876641588078613, -0.8001056551566697594, 0.5602400111049250508 ) ) ;
#1283 = CARTESIAN_POINT ( 'NONE',  ( 1.599999999999999867, 1.224999999999999867, -0.5000000000000000000 ) ) ;
#1284 = SURFACE_SIDE_STYLE ('',( #1008 ) ) ;
#1285 = EDGE_LOOP ( 'NONE', ( #122, #963, #646, #31 ) ) ;
#1286 = LINE ( 'NONE', #866, #1529 ) ;
#1287 = DIRECTION ( 'NONE',  ( -1.000000000000000000, -8.673617379884035472E-16, 0.000000000000000000 ) ) ;
#1288 = VERTEX_POINT ( 'NONE', #1631 ) ;
#1289 = LINE ( 'NONE', #1673, #239 ) ;
#1290 = LINE ( 'NONE', #643, #1464 ) ;
#1291 = CARTESIAN_POINT ( 'NONE',  ( 1.600000000000000089, 0.2500000000000000000, 0.5000000000000000000 ) ) ;
#1292 = ADVANCED_FACE ( 'NONE', ( #203 ), #885, .F. ) ;
#1293 = ORIENTED_EDGE ( 'NONE', *, *, #1653, .F. ) ;
#1294 = SURFACE_STYLE_USAGE ( .BOTH. , #876 ) ;
#1295 = ORIENTED_EDGE ( 'NONE', *, *, #61, .F. ) ;
#1296 = FILL_AREA_STYLE_COLOUR ( '', #1117 ) ;
#1297 = ADVANCED_FACE ( 'NONE', ( #728 ), #1250, .F. ) ;
#1298 = AXIS2_PLACEMENT_3D ( 'NONE', #499, #1483, #758 ) ;
#1299 = UNCERTAINTY_MEASURE_WITH_UNIT (LENGTH_MEASURE( 1.000000000000000082E-05 ), #737, 'distance_accuracy_value', 'NONE');
#1300 = DIRECTION ( 'NONE',  ( -8.673617379884035472E-16, 1.000000000000000000, -0.000000000000000000 ) ) ;
#1301 = PLANE ( 'NONE',  #1645 ) ;
#1302 = FILL_AREA_STYLE_COLOUR ( '', #1668 ) ;
#1303 = FILL_AREA_STYLE ('',( #1186 ) ) ;
#1304 = VERTEX_POINT ( 'NONE', #262 ) ;
#1305 = CARTESIAN_POINT ( 'NONE',  ( 1.449999999999999512, 0.2500000000000000000, -0.5000000000000000000 ) ) ;
#1306 = VECTOR ( 'NONE', #552, 1000.000000000000000 ) ;
#1307 = STYLED_ITEM ( 'NONE', ( #218 ), #1476 ) ;
#1308 = CARTESIAN_POINT ( 'NONE',  ( 1.449999999999999512, 0.2500000000000000000, 1.250000000000000000 ) ) ;
#1309 = SURFACE_STYLE_USAGE ( .BOTH. , #278 ) ;
#1310 = FILL_AREA_STYLE ('',( #1185 ) ) ;
#1311 = CARTESIAN_POINT ( 'NONE',  ( 1.449999999999999956, 2.199999999999999734, 1.250000000000000000 ) ) ;
#1312 = CARTESIAN_POINT ( 'NONE',  ( 1.449999999999999512, 0.2500000000000000000, -1.250000000000000000 ) ) ;
#1313 = EDGE_LOOP ( 'NONE', ( #301, #1061, #1530, #125, #146, #248 ) ) ;
#1314 = DIRECTION ( 'NONE',  ( -0.000000000000000000, -0.000000000000000000, -1.000000000000000000 ) ) ;
#1315 = STYLED_ITEM ( 'NONE', ( #840 ), #948 ) ;
#1316 = DIRECTION ( 'NONE',  ( 0.000000000000000000, -0.7071067811865465735, 0.7071067811865484609 ) ) ;
#1317 = ORIENTED_EDGE ( 'NONE', *, *, #1634, .F. ) ;
#1318 = PRODUCT_DEFINITION_CONTEXT ( 'detailed design', #1437, 'design' ) ;
#1319 = LINE ( 'NONE', #257, #318 ) ;
#1320 = DIRECTION ( 'NONE',  ( 1.572608632495770698E-16, 0.7071067811865484609, 0.7071067811865465735 ) ) ;
#1321 = PLANE ( 'NONE',  #1501 ) ;
#1322 = SURFACE_STYLE_FILL_AREA ( #1074 ) ;
#1323 = ORIENTED_EDGE ( 'NONE', *, *, #1106, .F. ) ;
#1324 =( NAMED_UNIT ( * ) PLANE_ANGLE_UNIT ( ) SI_UNIT ( $, .RADIAN. ) );
#1325 = ORIENTED_EDGE ( 'NONE', *, *, #149, .F. ) ;
#1326 = PRESENTATION_LAYER_ASSIGNMENT (  '', '', ( #617 ) ) ;
#1327 = PRESENTATION_STYLE_ASSIGNMENT (( #1217 ) ) ;
#1328 = ADVANCED_FACE ( 'NONE', ( #640 ), #889, .F. ) ;
#1329 =( GEOMETRIC_REPRESENTATION_CONTEXT ( 3 ) GLOBAL_UNCERTAINTY_ASSIGNED_CONTEXT ( ( #1299 ) ) GLOBAL_UNIT_ASSIGNED_CONTEXT ( ( #737, #1259, #85 ) ) REPRESENTATION_CONTEXT ( 'NONE', 'WORKASPACE' ) );
#1330 = ORIENTED_EDGE ( 'NONE', *, *, #1409, .F. ) ;
#1331 = DIRECTION ( 'NONE',  ( 0.000000000000000000, 1.000000000000000000, -0.000000000000000000 ) ) ;
#1332 = ORIENTED_EDGE ( 'NONE', *, *, #583, .F. ) ;
#1333 = AXIS2_PLACEMENT_3D ( 'NONE', #1537, #1287, #763 ) ;
#1334 = AXIS2_PLACEMENT_3D ( 'NONE', #751, #1500, #1395 ) ;
#1335 =( NAMED_UNIT ( * ) PLANE_ANGLE_UNIT ( ) SI_UNIT ( $, .RADIAN. ) );
#1336 =( GEOMETRIC_REPRESENTATION_CONTEXT ( 3 ) GLOBAL_UNCERTAINTY_ASSIGNED_CONTEXT ( ( #1383 ) ) GLOBAL_UNIT_ASSIGNED_CONTEXT ( ( #831, #66, #296 ) ) REPRESENTATION_CONTEXT ( 'NONE', 'WORKASPACE' ) );
#1337 = SURFACE_STYLE_USAGE ( .BOTH. , #1597 ) ;
#1338 = ORIENTED_EDGE ( 'NONE', *, *, #971, .F. ) ;
#1339 = ORIENTED_EDGE ( 'NONE', *, *, #1384, .T. ) ;
#1340 =( NAMED_UNIT ( * ) PLANE_ANGLE_UNIT ( ) SI_UNIT ( $, .RADIAN. ) );
#1341 = LINE ( 'NONE', #967, #291 ) ;
#1342 = ORIENTED_EDGE ( 'NONE', *, *, #612, .T. ) ;
#1343 = LINE ( 'NONE', #993, #985 ) ;
#1344 = VERTEX_POINT ( 'NONE', #1662 ) ;
#1345 = SURFACE_STYLE_FILL_AREA ( #297 ) ;
#1346 = CARTESIAN_POINT ( 'NONE',  ( 1.449999999999999734, 0.1499999999999999389, 0.4299792461790281628 ) ) ;
#1347 = ORIENTED_EDGE ( 'NONE', *, *, #48, .T. ) ;
#1348 = DIRECTION ( 'NONE',  ( -1.000000000000000000, 0.000000000000000000, -0.000000000000000000 ) ) ;
#1349 =( GEOMETRIC_REPRESENTATION_CONTEXT ( 3 ) GLOBAL_UNCERTAINTY_ASSIGNED_CONTEXT ( ( #1183 ) ) GLOBAL_UNIT_ASSIGNED_CONTEXT ( ( #1615, #1120, #1494 ) ) REPRESENTATION_CONTEXT ( 'NONE', 'WORKASPACE' ) );
#1350 = DIRECTION ( 'NONE',  ( -0.000000000000000000, 0.000000000000000000, 1.000000000000000000 ) ) ;
#1351 = VECTOR ( 'NONE', #161, 1000.000000000000000 ) ;
#1352 = SURFACE_STYLE_USAGE ( .BOTH. , #62 ) ;
#1353 = DIRECTION ( 'NONE',  ( -1.015302560617636855E-16, 0.5735764363510503783, -0.8191520442889889120 ) ) ;
#1354 = ORIENTED_EDGE ( 'NONE', *, *, #1491, .T. ) ;
#1355 = DIRECTION ( 'NONE',  ( -1.000000000000000000, 0.000000000000000000, -0.000000000000000000 ) ) ;
#1356 = VECTOR ( 'NONE', #574, 1000.000000000000000 ) ;
#1357 =( NAMED_UNIT ( * ) PLANE_ANGLE_UNIT ( ) SI_UNIT ( $, .RADIAN. ) );
#1358 = CARTESIAN_POINT ( 'NONE',  ( -1.090192378864669243, 0.1499999999999999389, 0.4299792461790278297 ) ) ;
#1359 = ORIENTED_EDGE ( 'NONE', *, *, #939, .F. ) ;
#1360 = DIRECTION ( 'NONE',  ( 1.000000000000000000, 2.224004456380522396E-16, -0.000000000000000000 ) ) ;
#1361 =( NAMED_UNIT ( * ) SI_UNIT ( $, .STERADIAN. ) SOLID_ANGLE_UNIT ( ) );
#1362 = FACE_OUTER_BOUND ( 'NONE', #1226, .T. ) ;
#1363 = DIRECTION ( 'NONE',  ( 1.000000000000000000, 0.000000000000000000, 0.000000000000000000 ) ) ;
#1364 = DIRECTION ( 'NONE',  ( 0.000000000000000000, -0.000000000000000000, 1.000000000000000000 ) ) ;
#1365 = EDGE_LOOP ( 'NONE', ( #264, #361, #1650, #701 ) ) ;
#1366 = FILL_AREA_STYLE ('',( #1010 ) ) ;
#1367 = SURFACE_STYLE_USAGE ( .BOTH. , #1618 ) ;
#1368 =( GEOMETRIC_REPRESENTATION_CONTEXT ( 3 ) GLOBAL_UNCERTAINTY_ASSIGNED_CONTEXT ( ( #891 ) ) GLOBAL_UNIT_ASSIGNED_CONTEXT ( ( #959, #1340, #571 ) ) REPRESENTATION_CONTEXT ( 'NONE', 'WORKASPACE' ) );
#1369 = UNCERTAINTY_MEASURE_WITH_UNIT (LENGTH_MEASURE( 1.000000000000000082E-05 ), #1141, 'distance_accuracy_value', 'NONE');
#1370 = COLOUR_RGB ( '',0.8980392156862745390, 0.9176470588235293713, 0.9294117647058823817 ) ;
#1371 = ORIENTED_EDGE ( 'NONE', *, *, #14, .T. ) ;
#1372 = SURFACE_STYLE_FILL_AREA ( #1366 ) ;
#1373 = DIRECTION ( 'NONE',  ( -0.000000000000000000, -0.000000000000000000, -1.000000000000000000 ) ) ;
#1374 = AXIS2_PLACEMENT_3D ( 'NONE', #1150, #1624, #1131 ) ;
#1375 = CARTESIAN_POINT ( 'NONE',  ( 1.449999999999999956, 1.949999999999999512, 1.250000000000000000 ) ) ;
#1376 = AXIS2_PLACEMENT_3D ( 'NONE', #1387, #1152, #1509 ) ;
#1377 = VERTEX_POINT ( 'NONE', #630 ) ;
#1378 = EDGE_CURVE ( 'NONE', #1214, #615, #1157, .T. ) ;
#1379 = CARTESIAN_POINT ( 'NONE',  ( 1.090192378864669465, 0.1499999999999999389, -0.4299792461790281628 ) ) ;
#1380 = EDGE_CURVE ( 'NONE', #826, #567, #1389, .T. ) ;
#1381 = EDGE_CURVE ( 'NONE', #682, #478, #1528, .T. ) ;
#1382 = SURFACE_SIDE_STYLE ('',( #468 ) ) ;
#1383 = UNCERTAINTY_MEASURE_WITH_UNIT (LENGTH_MEASURE( 1.000000000000000082E-05 ), #831, 'distance_accuracy_value', 'NONE');
#1384 = EDGE_CURVE ( 'NONE', #938, #946, #124, .T. ) ;
#1385 = DIRECTION ( 'NONE',  ( -1.770125995894701202E-16, -1.000000000000000000, 0.000000000000000000 ) ) ;
#1386 = CARTESIAN_POINT ( 'NONE',  ( 1.449999999999999734, 1.224999999999999867, 0.5000000000000000000 ) ) ;
#1387 = CARTESIAN_POINT ( 'NONE',  ( 0.6567177456803985347, 0.2499999999999999445, -0.5000000000000000000 ) ) ;
#1388 = ORIENTED_EDGE ( 'NONE', *, *, #1502, .T. ) ;
#1389 = LINE ( 'NONE', #148, #823 ) ;
#1390 = ADVANCED_FACE ( 'NONE', ( #1050 ), #1179, .F. ) ;
#1391 = MECHANICAL_DESIGN_GEOMETRIC_PRESENTATION_REPRESENTATION (  '', ( #452 ), #1329 ) ;
#1392 = STYLED_ITEM ( 'NONE', ( #316 ), #570 ) ;
#1393 = CARTESIAN_POINT ( 'NONE',  ( -1.600000000000000089, 0.2500000000000006661, 0.5000000000000000000 ) ) ;
#1394 = FILL_AREA_STYLE ('',( #243 ) ) ;
#1395 = DIRECTION ( 'NONE',  ( -2.224004456380522396E-16, -1.000000000000000000, 0.000000000000000000 ) ) ;
#1396 = MECHANICAL_DESIGN_GEOMETRIC_PRESENTATION_REPRESENTATION (  '', ( #26 ), #1617 ) ;
#1397 = AXIS2_PLACEMENT_3D ( 'NONE', #1086, #554, #1078 ) ;
#1398 = LINE ( 'NONE', #772, #112 ) ;
#1399 = ORIENTED_EDGE ( 'NONE', *, *, #77, .F. ) ;
#1400 = PRESENTATION_LAYER_ASSIGNMENT (  '', '', ( #1429 ) ) ;
#1401 = VERTEX_POINT ( 'NONE', #848 ) ;
#1402 = EDGE_CURVE ( 'NONE', #157, #792, #167, .T. ) ;
#1403 = LINE ( 'NONE', #126, #684 ) ;
#1404 = UNCERTAINTY_MEASURE_WITH_UNIT (LENGTH_MEASURE( 1.000000000000000082E-05 ), #259, 'distance_accuracy_value', 'NONE');
#1405 = SURFACE_STYLE_FILL_AREA ( #797 ) ;
#1406 =( NAMED_UNIT ( * ) SI_UNIT ( $, .STERADIAN. ) SOLID_ANGLE_UNIT ( ) );
#1407 = ORIENTED_EDGE ( 'NONE', *, *, #484, .T. ) ;
#1408 = CARTESIAN_POINT ( 'NONE',  ( 0.000000000000000000, 1.949999999999999512, 1.250000000000000000 ) ) ;
#1409 = EDGE_CURVE ( 'NONE', #1085, #1207, #156, .T. ) ;
#1410 = CARTESIAN_POINT ( 'NONE',  ( 1.449999999999999956, 2.199999999999999734, -1.250000000000000000 ) ) ;
#1411 = DIRECTION ( 'NONE',  ( 1.000000000000000000, 2.224004456380522396E-16, -0.000000000000000000 ) ) ;
#1412 = DIRECTION ( 'NONE',  ( -1.000000000000000000, -1.445602896647339508E-15, 0.000000000000000000 ) ) ;
#1413 = SURFACE_SIDE_STYLE ('',( #935 ) ) ;
#1414 = LINE ( 'NONE', #13, #56 ) ;
#1415 = LINE ( 'NONE', #1068, #699 ) ;
#1416 = VERTEX_POINT ( 'NONE', #423 ) ;
#1417 = VECTOR ( 'NONE', #934, 1000.000000000000000 ) ;
#1418 = LINE ( 'NONE', #793, #1422 ) ;
#1419 = CARTESIAN_POINT ( 'NONE',  ( -1.449999999999999734, 1.224999999999999867, 1.250000000000000000 ) ) ;
#1420 = LINE ( 'NONE', #370, #1524 ) ;
#1421 = AXIS2_PLACEMENT_3D ( 'NONE', #653, #1174, #665 ) ;
#1422 = VECTOR ( 'NONE', #135, 1000.000000000000114 ) ;
#1423 = UNCERTAINTY_MEASURE_WITH_UNIT (LENGTH_MEASURE( 1.000000000000000082E-05 ), #700, 'distance_accuracy_value', 'NONE');
#1424 = CARTESIAN_POINT ( 'NONE',  ( -1.449999999999999734, 0.1499999999999999389, -0.4299792461790277742 ) ) ;
#1425 = DIRECTION ( 'NONE',  ( 2.224004456380522396E-16, -1.000000000000000000, 0.000000000000000000 ) ) ;
#1426 = SURFACE_STYLE_USAGE ( .BOTH. , #1168 ) ;
#1427 = AXIS2_PLACEMENT_3D ( 'NONE', #255, #531, #385 ) ;
#1428 = ORIENTED_EDGE ( 'NONE', *, *, #512, .T. ) ;
#1429 = STYLED_ITEM ( 'NONE', ( #670 ), #1390 ) ;
#1430 = CARTESIAN_POINT ( 'NONE',  ( 1.449999999999999512, 0.2500000000000000000, 1.250000000000000000 ) ) ;
#1431 =( LENGTH_UNIT ( ) NAMED_UNIT ( * ) SI_UNIT ( .MILLI., .METRE. ) );
#1432 =( GEOMETRIC_REPRESENTATION_CONTEXT ( 3 ) GLOBAL_UNCERTAINTY_ASSIGNED_CONTEXT ( ( #704 ) ) GLOBAL_UNIT_ASSIGNED_CONTEXT ( ( #206, #940, #293 ) ) REPRESENTATION_CONTEXT ( 'NONE', 'WORKASPACE' ) );
#1433 = VECTOR ( 'NONE', #68, 1000.000000000000000 ) ;
#1434 = CARTESIAN_POINT ( 'NONE',  ( 1.449999999999999734, 1.224999999999999867, 1.250000000000000000 ) ) ;
#1435 = FACE_OUTER_BOUND ( 'NONE', #660, .T. ) ;
#1436 = EDGE_LOOP ( 'NONE', ( #1444, #1146, #501, #299, #1222, #983 ) ) ;
#1437 = APPLICATION_CONTEXT ( 'automotive_design' ) ;
#1438 =( NAMED_UNIT ( * ) PLANE_ANGLE_UNIT ( ) SI_UNIT ( $, .RADIAN. ) );
#1439 =( GEOMETRIC_REPRESENTATION_CONTEXT ( 3 ) GLOBAL_UNCERTAINTY_ASSIGNED_CONTEXT ( ( #491 ) ) GLOBAL_UNIT_ASSIGNED_CONTEXT ( ( #590, #1335, #180 ) ) REPRESENTATION_CONTEXT ( 'NONE', 'WORKASPACE' ) );
#1440 = CARTESIAN_POINT ( 'NONE',  ( 1.449999999999999734, 0.1828989928337170501, 0.4530153689607043788 ) ) ;
#1441 = PRESENTATION_STYLE_ASSIGNMENT (( #821 ) ) ;
#1442 = ORIENTED_EDGE ( 'NONE', *, *, #490, .F. ) ;
#1443 = LINE ( 'NONE', #274, #1139 ) ;
#1444 = ORIENTED_EDGE ( 'NONE', *, *, #868, .F. ) ;
#1445 = MECHANICAL_DESIGN_GEOMETRIC_PRESENTATION_REPRESENTATION (  '', ( #676 ), #389 ) ;
#1446 = ADVANCED_FACE ( 'NONE', ( #212 ), #980, .F. ) ;
#1447 = SURFACE_SIDE_STYLE ('',( #961 ) ) ;
#1448 =( NAMED_UNIT ( * ) SI_UNIT ( $, .STERADIAN. ) SOLID_ANGLE_UNIT ( ) );
#1449 = DIRECTION ( 'NONE',  ( -1.000000000000000000, 1.770125995894701202E-16, -0.000000000000000000 ) ) ;
#1450 = ORIENTED_EDGE ( 'NONE', *, *, #956, .F. ) ;
#1451 = ORIENTED_EDGE ( 'NONE', *, *, #456, .F. ) ;
#1452 = STYLED_ITEM ( 'NONE', ( #1140 ), #1043 ) ;
#1453 = VECTOR ( 'NONE', #1570, 1000.000000000000000 ) ;
#1454 = DIRECTION ( 'NONE',  ( 0.000000000000000000, -0.000000000000000000, 1.000000000000000000 ) ) ;
#1455 = ADVANCED_FACE ( 'NONE', ( #1484 ), #694, .T. ) ;
#1456 = ORIENTED_EDGE ( 'NONE', *, *, #1402, .T. ) ;
#1457 =( LENGTH_UNIT ( ) NAMED_UNIT ( * ) SI_UNIT ( .MILLI., .METRE. ) );
#1458 = ORIENTED_EDGE ( 'NONE', *, *, #1102, .T. ) ;
#1459 = SURFACE_SIDE_STYLE ('',( #722 ) ) ;
#1460 = CARTESIAN_POINT ( 'NONE',  ( -1.449999999999999734, 0.1499999999999999389, 0.5000000000000000000 ) ) ;
#1461 = CARTESIAN_POINT ( 'NONE',  ( -1.050000000000000044, -6.735557395310446214E-17, 0.5000000000000000000 ) ) ;
#1462 = VERTEX_POINT ( 'NONE', #1375 ) ;
#1463 = CARTESIAN_POINT ( 'NONE',  ( 0.000000000000000000, 0.000000000000000000, 0.5000000000000000000 ) ) ;
#1464 = VECTOR ( 'NONE', #1522, 1000.000000000000000 ) ;
#1465 = DIRECTION ( 'NONE',  ( -0.000000000000000000, -1.000000000000000000, -0.000000000000000000 ) ) ;
#1466 =( NAMED_UNIT ( * ) SI_UNIT ( $, .STERADIAN. ) SOLID_ANGLE_UNIT ( ) );
#1467 = STYLED_ITEM ( 'NONE', ( #770 ), #745 ) ;
#1468 = VECTOR ( 'NONE', #863, 1000.000000000000000 ) ;
#1469 = ORIENTED_EDGE ( 'NONE', *, *, #1055, .F. ) ;
#1470 = COLOUR_RGB ( '',0.8980392156862745390, 0.9176470588235293713, 0.9294117647058823817 ) ;
#1471 = PRESENTATION_LAYER_ASSIGNMENT (  '', '', ( #1452 ) ) ;
#1472 = SURFACE_STYLE_USAGE ( .BOTH. , #1661 ) ;
#1473 = SURFACE_STYLE_USAGE ( .BOTH. , #173 ) ;
#1474 = MECHANICAL_DESIGN_GEOMETRIC_PRESENTATION_REPRESENTATION (  '', ( #546 ), #431 ) ;
#1475 = VECTOR ( 'NONE', #187, 1000.000000000000000 ) ;
#1476 = ADVANCED_FACE ( 'NONE', ( #245 ), #771, .F. ) ;
#1477 = FILL_AREA_STYLE_COLOUR ( '', #834 ) ;
#1478 = VECTOR ( 'NONE', #1201, 1000.000000000000000 ) ;
#1479 =( NAMED_UNIT ( * ) SI_UNIT ( $, .STERADIAN. ) SOLID_ANGLE_UNIT ( ) );
#1480 = ORIENTED_EDGE ( 'NONE', *, *, #14, .F. ) ;
#1481 = DIRECTION ( 'NONE',  ( 1.770125995894701202E-16, -1.000000000000000000, 0.000000000000000000 ) ) ;
#1482 = SURFACE_STYLE_FILL_AREA ( #341 ) ;
#1483 = DIRECTION ( 'NONE',  ( -1.000000000000000000, 2.224004456380522396E-16, 0.000000000000000000 ) ) ;
#1484 = FACE_OUTER_BOUND ( 'NONE', #207, .T. ) ;
#1485 = EDGE_LOOP ( 'NONE', ( #335, #1111, #1587, #1480, #1161, #1671, #384, #175 ) ) ;
#1486 = FILL_AREA_STYLE ('',( #1002 ) ) ;
#1487 = PRODUCT_RELATED_PRODUCT_CATEGORY ( 'part', '', ( #510 ) ) ;
#1488 =( NAMED_UNIT ( * ) SI_UNIT ( $, .STERADIAN. ) SOLID_ANGLE_UNIT ( ) );
#1489 =( NAMED_UNIT ( * ) SI_UNIT ( $, .STERADIAN. ) SOLID_ANGLE_UNIT ( ) );
#1490 = CARTESIAN_POINT ( 'NONE',  ( 0.000000000000000000, 0.000000000000000000, 1.250000000000000000 ) ) ;
#1491 = EDGE_CURVE ( 'NONE', #826, #530, #1021, .T. ) ;
#1492 = CARTESIAN_POINT ( 'NONE',  ( -1.449999999999999734, 1.224999999999999867, 1.250000000000000000 ) ) ;
#1493 = VERTEX_POINT ( 'NONE', #1014 ) ;
#1494 =( NAMED_UNIT ( * ) SI_UNIT ( $, .STERADIAN. ) SOLID_ANGLE_UNIT ( ) );
#1495 =( NAMED_UNIT ( * ) SI_UNIT ( $, .STERADIAN. ) SOLID_ANGLE_UNIT ( ) );
#1496 = COLOUR_RGB ( '',0.8980392156862745390, 0.9176470588235293713, 0.9294117647058823817 ) ;
#1497 = EDGE_CURVE ( 'NONE', #1504, #496, #1037, .T. ) ;
#1498 = DIRECTION ( 'NONE',  ( -0.000000000000000000, -0.000000000000000000, -1.000000000000000000 ) ) ;
#1499 = AXIS2_PLACEMENT_3D ( 'NONE', #323, #1109, #855 ) ;
#1500 = DIRECTION ( 'NONE',  ( -1.000000000000000000, 2.224004456380522396E-16, 0.000000000000000000 ) ) ;
#1501 = AXIS2_PLACEMENT_3D ( 'NONE', #1585, #566, #305 ) ;
#1502 = EDGE_CURVE ( 'NONE', #782, #221, #1124, .T. ) ;
#1503 = CARTESIAN_POINT ( 'NONE',  ( 1.090192378864669243, 0.1499999999999999389, 0.5000000000000000000 ) ) ;
#1504 = VERTEX_POINT ( 'NONE', #887 ) ;
#1505 = EDGE_CURVE ( 'NONE', #1082, #1269, #1133, .T. ) ;
#1506 = CARTESIAN_POINT ( 'NONE',  ( -4.425314989736750540E-17, 0.2499999999999998335, 0.5000000000000000000 ) ) ;
#1507 = DIRECTION ( 'NONE',  ( -0.000000000000000000, -0.000000000000000000, -1.000000000000000000 ) ) ;
#1508 = ADVANCED_FACE ( 'NONE', ( #1151 ), #1007, .T. ) ;
#1509 = DIRECTION ( 'NONE',  ( 0.000000000000000000, -0.8191520442889888010, 0.5735764363510502672 ) ) ;
#1510 = ORIENTED_EDGE ( 'NONE', *, *, #1578, .F. ) ;
#1511 =( NAMED_UNIT ( * ) PLANE_ANGLE_UNIT ( ) SI_UNIT ( $, .RADIAN. ) );
#1512 = UNCERTAINTY_MEASURE_WITH_UNIT (LENGTH_MEASURE( 1.000000000000000082E-05 ), #645, 'distance_accuracy_value', 'NONE');
#1513 = DIRECTION ( 'NONE',  ( -8.673617379884035472E-16, 1.000000000000000000, -0.000000000000000000 ) ) ;
#1514 =( GEOMETRIC_REPRESENTATION_CONTEXT ( 3 ) GLOBAL_UNCERTAINTY_ASSIGNED_CONTEXT ( ( #372 ) ) GLOBAL_UNIT_ASSIGNED_CONTEXT ( ( #952, #194, #1107 ) ) REPRESENTATION_CONTEXT ( 'NONE', 'WORKASPACE' ) );
#1515 = LINE ( 'NONE', #895, #5 ) ;
#1516 = ORIENTED_EDGE ( 'NONE', *, *, #390, .T. ) ;
#1517 = EDGE_CURVE ( 'NONE', #1277, #1377, #1193, .T. ) ;
#1518 = SURFACE_SIDE_STYLE ('',( #927 ) ) ;
#1519 = EDGE_LOOP ( 'NONE', ( #339, #1171, #1614, #1075 ) ) ;
#1520 = COLOUR_RGB ( '',0.2509803921568627416, 0.2509803921568627416, 0.2509803921568627416 ) ;
#1521 = SURFACE_STYLE_FILL_AREA ( #1663 ) ;
#1522 = DIRECTION ( 'NONE',  ( -0.000000000000000000, -0.000000000000000000, -1.000000000000000000 ) ) ;
#1523 = FILL_AREA_STYLE ('',( #279 ) ) ;
#1524 = VECTOR ( 'NONE', #1280, 1000.000000000000000 ) ;
#1525 = VECTOR ( 'NONE', #383, 1000.000000000000114 ) ;
#1526 = ORIENTED_EDGE ( 'NONE', *, *, #1647, .T. ) ;
#1527 = CARTESIAN_POINT ( 'NONE',  ( 0.000000000000000000, 0.000000000000000000, -0.5000000000000000000 ) ) ;
#1528 = LINE ( 'NONE', #1410, #603 ) ;
#1529 = VECTOR ( 'NONE', #996, 1000.000000000000000 ) ;
#1530 = ORIENTED_EDGE ( 'NONE', *, *, #1129, .T. ) ;
#1531 =( NAMED_UNIT ( * ) PLANE_ANGLE_UNIT ( ) SI_UNIT ( $, .RADIAN. ) );
#1532 = SURFACE_SIDE_STYLE ('',( #675 ) ) ;
#1533 = CARTESIAN_POINT ( 'NONE',  ( 0.000000000000000000, 1.224999999999999867, 1.250000000000000000 ) ) ;
#1534 = PRESENTATION_LAYER_ASSIGNMENT (  '', '', ( #611 ) ) ;
#1535 = VERTEX_POINT ( 'NONE', #545 ) ;
#1536 = DIRECTION ( 'NONE',  ( 0.000000000000000000, 0.000000000000000000, 1.000000000000000000 ) ) ;
#1537 = CARTESIAN_POINT ( 'NONE',  ( 0.9999999999999995559, 0.2500000000000000000, 1.250000000000000000 ) ) ;
#1538 = SURFACE_STYLE_USAGE ( .BOTH. , #1182 ) ;
#1539 = LINE ( 'NONE', #11, #1658 ) ;
#1540 = LINE ( 'NONE', #141, #633 ) ;
#1541 = DIRECTION ( 'NONE',  ( -1.000000000000000000, 2.224004456380522396E-16, 0.000000000000000000 ) ) ;
#1542 = EDGE_CURVE ( 'NONE', #1622, #1401, #789, .T. ) ;
#1543 = ORIENTED_EDGE ( 'NONE', *, *, #749, .T. ) ;
#1544 = COLOUR_RGB ( '',0.2509803921568627416, 0.2509803921568627416, 0.2509803921568627416 ) ;
#1545 = CARTESIAN_POINT ( 'NONE',  ( 1.449999999999999512, 0.2500000000000000000, 1.250000000000000000 ) ) ;
#1546 = SURFACE_SIDE_STYLE ('',( #1060 ) ) ;
#1547 = SURFACE_SIDE_STYLE ('',( #9 ) ) ;
#1548 = UNCERTAINTY_MEASURE_WITH_UNIT (LENGTH_MEASURE( 1.000000000000000082E-05 ), #115, 'distance_accuracy_value', 'NONE');
#1549 = CARTESIAN_POINT ( 'NONE',  ( -0.9999999999999997780, -2.407412430484044816E-32, -1.250000000000000000 ) ) ;
#1550 = FACE_OUTER_BOUND ( 'NONE', #137, .T. ) ;
#1551 = DIRECTION ( 'NONE',  ( 2.224004456380522396E-16, -1.000000000000000000, 0.000000000000000000 ) ) ;
#1552 = STYLED_ITEM ( 'NONE', ( #1327 ), #1235 ) ;
#1553 = EDGE_LOOP ( 'NONE', ( #179, #1136, #1510, #1154 ) ) ;
#1554 = CARTESIAN_POINT ( 'NONE',  ( -1.449999999999999956, 2.199999999999999734, 1.250000000000000000 ) ) ;
#1555 = SURFACE_SIDE_STYLE ('',( #725 ) ) ;
#1556 = STYLED_ITEM ( 'NONE', ( #41 ), #1455 ) ;
#1557 = LINE ( 'NONE', #786, #1143 ) ;
#1558 = PRESENTATION_LAYER_ASSIGNMENT (  '', '', ( #247 ) ) ;
#1559 = CARTESIAN_POINT ( 'NONE',  ( 1.090192378864669243, 0.1499999999999999389, 0.4299792461790282183 ) ) ;
#1560 = EDGE_CURVE ( 'NONE', #620, #1082, #400, .T. ) ;
#1561 = FACE_OUTER_BOUND ( 'NONE', #1603, .T. ) ;
#1562 = LINE ( 'NONE', #129, #460 ) ;
#1563 = ORIENTED_EDGE ( 'NONE', *, *, #1491, .F. ) ;
#1564 = ADVANCED_FACE ( 'NONE', ( #686 ), #557, .F. ) ;
#1565 = MECHANICAL_DESIGN_GEOMETRIC_PRESENTATION_REPRESENTATION (  '', ( #776 ), #177 ) ;
#1566 = LINE ( 'NONE', #1573, #1672 ) ;
#1567 = ORIENTED_EDGE ( 'NONE', *, *, #290, .T. ) ;
#1568 = FACE_OUTER_BOUND ( 'NONE', #851, .T. ) ;
#1569 = DIRECTION ( 'NONE',  ( -1.000000000000000000, 0.000000000000000000, 1.239455565906453579E-16 ) ) ;
#1570 = DIRECTION ( 'NONE',  ( 1.000000000000000000, 1.770125995894701202E-16, -0.000000000000000000 ) ) ;
#1571 = LINE ( 'NONE', #559, #1153 ) ;
#1572 = ORIENTED_EDGE ( 'NONE', *, *, #342, .F. ) ;
#1573 = CARTESIAN_POINT ( 'NONE',  ( -1.449999999999999734, 0.2500000000000000000, -0.5000000000000000000 ) ) ;
#1574 = VERTEX_POINT ( 'NONE', #535 ) ;
#1575 = SURFACE_STYLE_USAGE ( .BOTH. , #1459 ) ;
#1576 =( LENGTH_UNIT ( ) NAMED_UNIT ( * ) SI_UNIT ( .MILLI., .METRE. ) );
#1577 = EDGE_LOOP ( 'NONE', ( #1399, #307, #1017, #1332 ) ) ;
#1578 = EDGE_CURVE ( 'NONE', #946, #1277, #1414, .T. ) ;
#1579 = DIRECTION ( 'NONE',  ( -0.000000000000000000, -0.000000000000000000, -1.000000000000000000 ) ) ;
#1580 = EDGE_LOOP ( 'NONE', ( #420, #752, #1098, #168 ) ) ;
#1581 = VECTOR ( 'NONE', #1513, 1000.000000000000000 ) ;
#1582 = EDGE_CURVE ( 'NONE', #620, #1462, #511, .T. ) ;
#1583 = PRESENTATION_STYLE_ASSIGNMENT (( #723 ) ) ;
#1584 = CARTESIAN_POINT ( 'NONE',  ( 1.599999999999999867, 1.074999999999999956, 0.5000000000000000000 ) ) ;
#1585 = CARTESIAN_POINT ( 'NONE',  ( 0.000000000000000000, 0.000000000000000000, 1.250000000000000000 ) ) ;
#1586 = ORIENTED_EDGE ( 'NONE', *, *, #678, .T. ) ;
#1587 = ORIENTED_EDGE ( 'NONE', *, *, #642, .F. ) ;
#1588 = VECTOR ( 'NONE', #1643, 1000.000000000000000 ) ;
#1589 = SURFACE_SIDE_STYLE ('',( #449 ) ) ;
#1590 = MECHANICAL_DESIGN_GEOMETRIC_PRESENTATION_REPRESENTATION (  '', ( #1260 ), #1079 ) ;
#1591 = DIRECTION ( 'NONE',  ( -0.000000000000000000, -1.000000000000000000, -0.000000000000000000 ) ) ;
#1592 = PRESENTATION_STYLE_ASSIGNMENT (( #1337 ) ) ;
#1593 = ORIENTED_EDGE ( 'NONE', *, *, #612, .F. ) ;
#1594 = LINE ( 'NONE', #57, #1015 ) ;
#1595 = VECTOR ( 'NONE', #533, 1000.000000000000000 ) ;
#1596 =( LENGTH_UNIT ( ) NAMED_UNIT ( * ) SI_UNIT ( .MILLI., .METRE. ) );
#1597 = SURFACE_SIDE_STYLE ('',( #1345 ) ) ;
#1598 =( NAMED_UNIT ( * ) PLANE_ANGLE_UNIT ( ) SI_UNIT ( $, .RADIAN. ) );
#1599 = VECTOR ( 'NONE', #1385, 1000.000000000000000 ) ;
#1600 = STYLED_ITEM ( 'NONE', ( #54 ), #492 ) ;
#1601 = EDGE_CURVE ( 'NONE', #553, #1344, #1562, .T. ) ;
#1602 =( NAMED_UNIT ( * ) PLANE_ANGLE_UNIT ( ) SI_UNIT ( $, .RADIAN. ) );
#1603 = EDGE_LOOP ( 'NONE', ( #1359, #367, #81, #888 ) ) ;
#1604 = DIRECTION ( 'NONE',  ( 0.000000000000000000, 0.000000000000000000, -1.000000000000000000 ) ) ;
#1605 =( GEOMETRIC_REPRESENTATION_CONTEXT ( 3 ) GLOBAL_UNCERTAINTY_ASSIGNED_CONTEXT ( ( #743 ) ) GLOBAL_UNIT_ASSIGNED_CONTEXT ( ( #275, #538, #1279 ) ) REPRESENTATION_CONTEXT ( 'NONE', 'WORKASPACE' ) );
#1606 = PRESENTATION_STYLE_ASSIGNMENT (( #1472 ) ) ;
#1607 = PRODUCT_CONTEXT ( 'NONE', #199, 'mechanical' ) ;
#1608 = MECHANICAL_DESIGN_GEOMETRIC_PRESENTATION_REPRESENTATION (  '', ( #1429 ), #1432 ) ;
#1609 = ADVANCED_FACE ( 'NONE', ( #1080 ), #1321, .T. ) ;
#1610 = PRESENTATION_LAYER_ASSIGNMENT (  '', '', ( #483 ) ) ;
#1611 =( NAMED_UNIT ( * ) SI_UNIT ( $, .STERADIAN. ) SOLID_ANGLE_UNIT ( ) );
#1612 = AXIS2_PLACEMENT_3D ( 'NONE', #1408, #117, #495 ) ;
#1613 = CARTESIAN_POINT ( 'NONE',  ( -1.449999999999999734, 0.2500000000000006661, -0.5000000000000000000 ) ) ;
#1614 = ORIENTED_EDGE ( 'NONE', *, *, #990, .F. ) ;
#1615 =( LENGTH_UNIT ( ) NAMED_UNIT ( * ) SI_UNIT ( .MILLI., .METRE. ) );
#1616 = AXIS2_PLACEMENT_3D ( 'NONE', #556, #585, #705 ) ;
#1617 =( GEOMETRIC_REPRESENTATION_CONTEXT ( 3 ) GLOBAL_UNCERTAINTY_ASSIGNED_CONTEXT ( ( #757 ) ) GLOBAL_UNIT_ASSIGNED_CONTEXT ( ( #471, #246, #1406 ) ) REPRESENTATION_CONTEXT ( 'NONE', 'WORKASPACE' ) );
#1618 = SURFACE_SIDE_STYLE ('',( #1482 ) ) ;
#1619 = UNCERTAINTY_MEASURE_WITH_UNIT (LENGTH_MEASURE( 1.000000000000000082E-05 ), #1165, 'distance_accuracy_value', 'NONE');
#1620 = SURFACE_STYLE_USAGE ( .BOTH. , #636 ) ;
#1621 = SURFACE_STYLE_FILL_AREA ( #1145 ) ;
#1622 = VERTEX_POINT ( 'NONE', #1231 ) ;
#1623 =( NAMED_UNIT ( * ) PLANE_ANGLE_UNIT ( ) SI_UNIT ( $, .RADIAN. ) );
#1624 = DIRECTION ( 'NONE',  ( 0.000000000000000000, 0.000000000000000000, -1.000000000000000000 ) ) ;
#1625 = AXIS2_PLACEMENT_3D ( 'NONE', #380, #1034, #1412 ) ;
#1626 = SURFACE_STYLE_FILL_AREA ( #359 ) ;
#1627 = CARTESIAN_POINT ( 'NONE',  ( 1.449999999999999512, 0.2500000000000000000, 1.250000000000000000 ) ) ;
#1628 = ORIENTED_EDGE ( 'NONE', *, *, #320, .T. ) ;
#1629 = COLOUR_RGB ( '',0.2509803921568627416, 0.2509803921568627416, 0.2509803921568627416 ) ;
#1630 = AXIS2_PLACEMENT_3D ( 'NONE', #325, #592, #1364 ) ;
#1631 = CARTESIAN_POINT ( 'NONE',  ( 1.090192378864669243, 0.1499999999999999389, 0.4299792461790282738 ) ) ;
#1632 = PRESENTATION_LAYER_ASSIGNMENT (  '', '', ( #1552 ) ) ;
#1633 = CARTESIAN_POINT ( 'NONE',  ( -0.9999999999999997780, -2.407412430484044816E-32, 1.250000000000000000 ) ) ;
#1634 = EDGE_CURVE ( 'NONE', #221, #609, #1088, .T. ) ;
#1635 = MECHANICAL_DESIGN_GEOMETRIC_PRESENTATION_REPRESENTATION (  '', ( #1144 ), #1349 ) ;
#1636 = UNCERTAINTY_MEASURE_WITH_UNIT (LENGTH_MEASURE( 1.000000000000000082E-05 ), #654, 'distance_accuracy_value', 'NONE');
#1637 = PRESENTATION_STYLE_ASSIGNMENT (( #1027 ) ) ;
#1638 = AXIS2_PLACEMENT_3D ( 'NONE', #819, #1353, #1254 ) ;
#1639 = SURFACE_STYLE_USAGE ( .BOTH. , #894 ) ;
#1640 = FILL_AREA_STYLE ('',( #500 ) ) ;
#1641 = ORIENTED_EDGE ( 'NONE', *, *, #61, .T. ) ;
#1642 = DIRECTION ( 'NONE',  ( -1.000000000000000000, 0.000000000000000000, -1.239455565906453579E-16 ) ) ;
#1643 = DIRECTION ( 'NONE',  ( -0.000000000000000000, -0.000000000000000000, -1.000000000000000000 ) ) ;
#1644 = COLOUR_RGB ( '',0.2509803921568627416, 0.2509803921568627416, 0.2509803921568627416 ) ;
#1645 = AXIS2_PLACEMENT_3D ( 'NONE', #508, #128, #12 ) ;
#1646 = CARTESIAN_POINT ( 'NONE',  ( 0.9999999999999997780, -2.407412430484044816E-32, 1.250000000000000000 ) ) ;
#1647 = EDGE_CURVE ( 'NONE', #1344, #1029, #730, .T. ) ;
#1648 =( LENGTH_UNIT ( ) NAMED_UNIT ( * ) SI_UNIT ( .MILLI., .METRE. ) );
#1649 = DIRECTION ( 'NONE',  ( 0.000000000000000000, 0.8191520442889888010, -0.5735764363510502672 ) ) ;
#1650 = ORIENTED_EDGE ( 'NONE', *, *, #486, .T. ) ;
#1651 = DIRECTION ( 'NONE',  ( 0.000000000000000000, -0.8191520442889888010, -0.5735764363510502672 ) ) ;
#1652 =( NAMED_UNIT ( * ) PLANE_ANGLE_UNIT ( ) SI_UNIT ( $, .RADIAN. ) );
#1653 = EDGE_CURVE ( 'NONE', #102, #916, #591, .T. ) ;
#1654 = UNCERTAINTY_MEASURE_WITH_UNIT (LENGTH_MEASURE( 1.000000000000000082E-05 ), #1431, 'distance_accuracy_value', 'NONE');
#1655 = DIRECTION ( 'NONE',  ( -0.2143876641588078613, 0.8001056551566697594, -0.5602400111049250508 ) ) ;
#1656 = PLANE ( 'NONE',  #1298 ) ;
#1657 = FILL_AREA_STYLE ('',( #780 ) ) ;
#1658 = VECTOR ( 'NONE', #387, 1000.000000000000000 ) ;
#1659 = PRESENTATION_STYLE_ASSIGNMENT (( #1268 ) ) ;
#1660 = ORIENTED_EDGE ( 'NONE', *, *, #95, .T. ) ;
#1661 = SURFACE_SIDE_STYLE ('',( #1130 ) ) ;
#1662 = CARTESIAN_POINT ( 'NONE',  ( -0.9999999999999995559, 0.2500000000000000000, -1.250000000000000000 ) ) ;
#1663 = FILL_AREA_STYLE ('',( #1296 ) ) ;
#1664 = LINE ( 'NONE', #1559, #1030 ) ;
#1665 = SURFACE_STYLE_FILL_AREA ( #1523 ) ;
#1666 =( GEOMETRIC_REPRESENTATION_CONTEXT ( 3 ) GLOBAL_UNCERTAINTY_ASSIGNED_CONTEXT ( ( #1253 ) ) GLOBAL_UNIT_ASSIGNED_CONTEXT ( ( #1199, #1105, #32 ) ) REPRESENTATION_CONTEXT ( 'NONE', 'WORKASPACE' ) );
#1667 = ORIENTED_EDGE ( 'NONE', *, *, #925, .T. ) ;
#1668 = COLOUR_RGB ( '',0.8980392156862745390, 0.9176470588235293713, 0.9294117647058823817 ) ;
#1669 = PRODUCT_DEFINITION_SHAPE ( 'NONE', 'NONE',  #687 ) ;
#1670 = PRESENTATION_STYLE_ASSIGNMENT (( #461 ) ) ;
#1671 = ORIENTED_EDGE ( 'NONE', *, *, #1647, .F. ) ;
#1672 = VECTOR ( 'NONE', #7, 1000.000000000000000 ) ;
#1673 = CARTESIAN_POINT ( 'NONE',  ( 1.050000000000000044, -6.735557395310446214E-17, 0.5000000000000000000 ) ) ;
ENDSEC;
END-ISO-10303-21;
