ISO-10303-21;
HEADER;
FILE_DESCRIPTION((''),'2;1');
FILE_NAME('20021121-00008XXLFC','2009-07-16T',('msriniva'),
('FCI - ELX Division'),
'PRO/ENGINEER BY PARAMETRIC TECHNOLOGY CORPORATION, 2008010',
'PRO/ENGINEER BY PARAMETRIC TECHNOLOGY CORPORATION, 2008010','');
FILE_SCHEMA(('CONFIG_CONTROL_DESIGN'));
ENDSEC;
DATA;
#1=DIRECTION('',(0.E0,0.E0,-1.E0));
#2=VECTOR('',#1,5.E-1);
#3=CARTESIAN_POINT('',(-2.E-1,0.E0,1.7E0));
#4=LINE('3824',#3,#2);
#5=DIRECTION('',(1.E0,0.E0,0.E0));
#6=VECTOR('',#5,4.35E-1);
#7=CARTESIAN_POINT('',(-6.35E-1,0.E0,1.2E0));
#8=LINE('3851',#7,#6);
#9=DIRECTION('',(0.E0,0.E0,1.E0));
#10=VECTOR('',#9,2.4E-1);
#11=CARTESIAN_POINT('',(-6.35E-1,0.E0,1.2E0));
#12=LINE('3768',#11,#10);
#13=DIRECTION('',(4.997224534896E-1,0.E0,8.661855860486E-1));
#14=VECTOR('',#13,3.001666203961E-1);
#15=CARTESIAN_POINT('',(-6.35E-1,0.E0,1.44E0));
#16=LINE('3720',#15,#14);
#17=DIRECTION('',(1.E0,0.E0,0.E0));
#18=VECTOR('',#17,2.85E-1);
#19=CARTESIAN_POINT('',(-4.85E-1,0.E0,1.7E0));
#20=LINE('3847',#19,#18);
#21=DIRECTION('',(0.E0,0.E0,1.E0));
#22=VECTOR('',#21,1.05E0);
#23=CARTESIAN_POINT('',(-2.E-1,0.E0,1.7E0));
#24=LINE('3864',#23,#22);
#25=CARTESIAN_POINT('',(-2.E-1,3.E-1,1.135E0));
#26=DIRECTION('',(-1.E0,0.E0,0.E0));
#27=DIRECTION('',(0.E0,-6.666666666667E-1,-7.453559924999E-1));
#28=AXIS2_PLACEMENT_3D('',#25,#26,#27);
#30=DIRECTION('',(0.E0,0.E0,1.E0));
#31=VECTOR('',#30,6.5E-2);
#32=CARTESIAN_POINT('',(-2.E-1,0.E0,1.135E0));
#33=LINE('3863',#32,#31);
#34=DIRECTION('',(0.E0,0.E0,1.E0));
#35=VECTOR('',#34,1.05E0);
#36=CARTESIAN_POINT('',(2.E-1,0.E0,1.7E0));
#37=LINE('3862',#36,#35);
#38=DIRECTION('',(-1.E0,0.E0,0.E0));
#39=VECTOR('',#38,4.E-1);
#40=CARTESIAN_POINT('',(2.E-1,0.E0,1.7E0));
#41=LINE('3835',#40,#39);
#42=DIRECTION('',(0.E0,1.E0,0.E0));
#43=VECTOR('',#42,1.1E0);
#44=CARTESIAN_POINT('',(-4.85E-1,0.E0,1.7E0));
#45=LINE('3729',#44,#43);
#46=DIRECTION('',(0.E0,1.E0,0.E0));
#47=VECTOR('',#46,1.1E0);
#48=CARTESIAN_POINT('',(-6.35E-1,0.E0,1.44E0));
#49=LINE('3728',#48,#47);
#50=DIRECTION('',(0.E0,1.E0,0.E0));
#51=VECTOR('',#50,1.E-1);
#52=CARTESIAN_POINT('',(-6.35E-1,0.E0,1.2E0));
#53=LINE('3764',#52,#51);
#54=DIRECTION('',(0.E0,0.E0,-1.E0));
#55=VECTOR('',#54,2.4E0);
#56=CARTESIAN_POINT('',(-6.35E-1,1.E-1,1.2E0));
#57=LINE('3765',#56,#55);
#58=DIRECTION('',(0.E0,1.E0,0.E0));
#59=VECTOR('',#58,1.E-1);
#60=CARTESIAN_POINT('',(-6.35E-1,0.E0,-1.2E0));
#61=LINE('3766',#60,#59);
#62=DIRECTION('',(0.E0,1.E0,0.E0));
#63=VECTOR('',#62,1.1E0);
#64=CARTESIAN_POINT('',(-6.35E-1,0.E0,-1.44E0));
#65=LINE('3727',#64,#63);
#66=DIRECTION('',(-1.E0,0.E0,0.E0));
#67=VECTOR('',#66,4.E-1);
#68=CARTESIAN_POINT('',(4.01E0,0.E0,1.2E0));
#69=LINE('4069',#68,#67);
#70=DIRECTION('',(-1.E0,0.E0,0.E0));
#71=VECTOR('',#70,4.E-1);
#72=CARTESIAN_POINT('',(2.E-1,0.E0,1.2E0));
#73=LINE('3837',#72,#71);
#74=DIRECTION('',(-1.E0,0.E0,0.E0));
#75=VECTOR('',#74,4.E-1);
#76=CARTESIAN_POINT('',(1.47E0,0.E0,1.2E0));
#77=LINE('3915',#76,#75);
#78=DIRECTION('',(-1.E0,0.E0,0.E0));
#79=VECTOR('',#78,4.E-1);
#80=CARTESIAN_POINT('',(2.74E0,0.E0,1.2E0));
#81=LINE('3993',#80,#79);
#82=DIRECTION('',(-1.E0,0.E0,0.E0));
#83=VECTOR('',#82,4.E-1);
#84=CARTESIAN_POINT('',(4.01E0,0.E0,1.135E0));
#85=LINE('4038',#84,#83);
#86=DIRECTION('',(0.E0,0.E0,1.E0));
#87=VECTOR('',#86,6.5E-2);
#88=CARTESIAN_POINT('',(4.01E0,0.E0,1.135E0));
#89=LINE('4097',#88,#87);
#90=DIRECTION('',(0.E0,0.E0,1.E0));
#91=VECTOR('',#90,1.05E0);
#92=CARTESIAN_POINT('',(3.61E0,0.E0,1.7E0));
#93=LINE('4100',#92,#91);
#94=CARTESIAN_POINT('',(3.61E0,3.E-1,1.135E0));
#95=DIRECTION('',(-1.E0,0.E0,0.E0));
#96=DIRECTION('',(0.E0,-6.666666666667E-1,-7.453559924999E-1));
#97=AXIS2_PLACEMENT_3D('',#94,#95,#96);
#99=DIRECTION('',(0.E0,0.E0,1.E0));
#100=VECTOR('',#99,6.5E-2);
#101=CARTESIAN_POINT('',(3.61E0,0.E0,1.135E0));
#102=LINE('4099',#101,#100);
#103=DIRECTION('',(0.E0,0.E0,-1.E0));
#104=VECTOR('',#103,5.E-1);
#105=CARTESIAN_POINT('',(3.61E0,0.E0,1.7E0));
#106=LINE('4058',#105,#104);
#107=DIRECTION('',(1.E0,0.E0,0.E0));
#108=VECTOR('',#107,8.7E-1);
#109=CARTESIAN_POINT('',(2.74E0,0.E0,1.2E0));
#110=LINE('4085',#109,#108);
#111=DIRECTION('',(0.E0,0.E0,-1.E0));
#112=VECTOR('',#111,5.E-1);
#113=CARTESIAN_POINT('',(2.74E0,0.E0,1.7E0));
#114=LINE('3979',#113,#112);
#115=DIRECTION('',(1.E0,0.E0,0.E0));
#116=VECTOR('',#115,2.85E-1);
#117=CARTESIAN_POINT('',(2.74E0,0.E0,1.7E0));
#118=LINE('4004',#117,#116);
#119=DIRECTION('',(4.997224534896E-1,0.E0,-8.661855860486E-1));
#120=VECTOR('',#119,3.001666203961E-1);
#121=CARTESIAN_POINT('',(3.025E0,0.E0,1.7E0));
#122=LINE('3786',#121,#120);
#123=DIRECTION('',(4.997224534896E-1,0.E0,8.661855860486E-1));
#124=VECTOR('',#123,3.001666203961E-1);
#125=CARTESIAN_POINT('',(3.175E0,0.E0,1.44E0));
#126=LINE('3791',#125,#124);
#127=DIRECTION('',(1.E0,0.E0,0.E0));
#128=VECTOR('',#127,2.85E-1);
#129=CARTESIAN_POINT('',(3.325E0,0.E0,1.7E0));
#130=LINE('4081',#129,#128);
#131=CARTESIAN_POINT('',(2.74E0,3.E-1,1.135E0));
#132=DIRECTION('',(-1.E0,0.E0,0.E0));
#133=DIRECTION('',(0.E0,-2.857142857143E-1,-9.583148474999E-1));
#134=AXIS2_PLACEMENT_3D('',#131,#132,#133);
#136=DIRECTION('',(0.E0,0.E0,1.E0));
#137=VECTOR('',#136,1.615E0);
#138=CARTESIAN_POINT('',(2.74E0,-4.E-1,1.135E0));
#139=LINE('3966',#138,#137);
#140=DIRECTION('',(-1.E0,0.E0,0.E0));
#141=VECTOR('',#140,4.E-1);
#142=CARTESIAN_POINT('',(2.74E0,0.E0,1.135E0));
#143=LINE('3960',#142,#141);
#144=DIRECTION('',(0.E0,0.E0,1.E0));
#145=VECTOR('',#144,6.5E-2);
#146=CARTESIAN_POINT('',(2.74E0,0.E0,1.135E0));
#147=LINE('4017',#146,#145);
#148=DIRECTION('',(0.E0,0.E0,1.E0));
#149=VECTOR('',#148,1.05E0);
#150=CARTESIAN_POINT('',(2.34E0,0.E0,1.7E0));
#151=LINE('4020',#150,#149);
#152=CARTESIAN_POINT('',(2.34E0,3.E-1,1.135E0));
#153=DIRECTION('',(-1.E0,0.E0,0.E0));
#154=DIRECTION('',(0.E0,-6.666666666667E-1,-7.453559924999E-1));
#155=AXIS2_PLACEMENT_3D('',#152,#153,#154);
#157=DIRECTION('',(0.E0,0.E0,1.E0));
#158=VECTOR('',#157,6.5E-2);
#159=CARTESIAN_POINT('',(2.34E0,0.E0,1.135E0));
#160=LINE('4019',#159,#158);
#161=DIRECTION('',(0.E0,0.E0,-1.E0));
#162=VECTOR('',#161,5.E-1);
#163=CARTESIAN_POINT('',(2.34E0,0.E0,1.7E0));
#164=LINE('3980',#163,#162);
#165=DIRECTION('',(1.E0,0.E0,0.E0));
#166=VECTOR('',#165,8.7E-1);
#167=CARTESIAN_POINT('',(1.47E0,0.E0,1.2E0));
#168=LINE('4007',#167,#166);
#169=DIRECTION('',(0.E0,0.E0,-1.E0));
#170=VECTOR('',#169,5.E-1);
#171=CARTESIAN_POINT('',(1.47E0,0.E0,1.7E0));
#172=LINE('3901',#171,#170);
#173=DIRECTION('',(1.E0,0.E0,0.E0));
#174=VECTOR('',#173,2.85E-1);
#175=CARTESIAN_POINT('',(1.47E0,0.E0,1.7E0));
#176=LINE('3926',#175,#174);
#177=DIRECTION('',(4.997224534896E-1,0.E0,-8.661855860486E-1));
#178=VECTOR('',#177,3.001666203961E-1);
#179=CARTESIAN_POINT('',(1.755E0,0.E0,1.7E0));
#180=LINE('3756',#179,#178);
#181=DIRECTION('',(4.997224534896E-1,0.E0,8.661855860486E-1));
#182=VECTOR('',#181,3.001666203961E-1);
#183=CARTESIAN_POINT('',(1.905E0,0.E0,1.44E0));
#184=LINE('3761',#183,#182);
#185=DIRECTION('',(1.E0,0.E0,0.E0));
#186=VECTOR('',#185,2.85E-1);
#187=CARTESIAN_POINT('',(2.055E0,0.E0,1.7E0));
#188=LINE('4003',#187,#186);
#189=CARTESIAN_POINT('',(1.47E0,3.E-1,1.135E0));
#190=DIRECTION('',(-1.E0,0.E0,0.E0));
#191=DIRECTION('',(0.E0,-2.857142857143E-1,-9.583148474999E-1));
#192=AXIS2_PLACEMENT_3D('',#189,#190,#191);
#194=DIRECTION('',(0.E0,0.E0,1.E0));
#195=VECTOR('',#194,1.615E0);
#196=CARTESIAN_POINT('',(1.47E0,-4.E-1,1.135E0));
#197=LINE('3888',#196,#195);
#198=DIRECTION('',(-1.E0,0.E0,0.E0));
#199=VECTOR('',#198,4.E-1);
#200=CARTESIAN_POINT('',(1.47E0,0.E0,1.135E0));
#201=LINE('3882',#200,#199);
#202=DIRECTION('',(0.E0,0.E0,1.E0));
#203=VECTOR('',#202,6.5E-2);
#204=CARTESIAN_POINT('',(1.47E0,0.E0,1.135E0));
#205=LINE('3939',#204,#203);
#206=DIRECTION('',(0.E0,0.E0,1.E0));
#207=VECTOR('',#206,1.05E0);
#208=CARTESIAN_POINT('',(1.07E0,0.E0,1.7E0));
#209=LINE('3942',#208,#207);
#210=CARTESIAN_POINT('',(1.07E0,3.E-1,1.135E0));
#211=DIRECTION('',(-1.E0,0.E0,0.E0));
#212=DIRECTION('',(0.E0,-6.666666666667E-1,-7.453559924999E-1));
#213=AXIS2_PLACEMENT_3D('',#210,#211,#212);
#215=DIRECTION('',(0.E0,0.E0,1.E0));
#216=VECTOR('',#215,6.5E-2);
#217=CARTESIAN_POINT('',(1.07E0,0.E0,1.135E0));
#218=LINE('3941',#217,#216);
#219=DIRECTION('',(0.E0,0.E0,-1.E0));
#220=VECTOR('',#219,5.E-1);
#221=CARTESIAN_POINT('',(1.07E0,0.E0,1.7E0));
#222=LINE('3902',#221,#220);
#223=DIRECTION('',(1.E0,0.E0,0.E0));
#224=VECTOR('',#223,8.7E-1);
#225=CARTESIAN_POINT('',(2.E-1,0.E0,1.2E0));
#226=LINE('3929',#225,#224);
#227=DIRECTION('',(0.E0,0.E0,-1.E0));
#228=VECTOR('',#227,5.E-1);
#229=CARTESIAN_POINT('',(2.E-1,0.E0,1.7E0));
#230=LINE('3823',#229,#228);
#231=DIRECTION('',(1.E0,0.E0,0.E0));
#232=VECTOR('',#231,2.85E-1);
#233=CARTESIAN_POINT('',(2.E-1,0.E0,1.7E0));
#234=LINE('3848',#233,#232);
#235=DIRECTION('',(4.997224534896E-1,0.E0,-8.661855860486E-1));
#236=VECTOR('',#235,3.001666203961E-1);
#237=CARTESIAN_POINT('',(4.85E-1,0.E0,1.7E0));
#238=LINE('3740',#237,#236);
#239=DIRECTION('',(4.997224534896E-1,0.E0,8.661855860486E-1));
#240=VECTOR('',#239,3.001666203961E-1);
#241=CARTESIAN_POINT('',(6.35E-1,0.E0,1.44E0));
#242=LINE('3745',#241,#240);
#243=DIRECTION('',(1.E0,0.E0,0.E0));
#244=VECTOR('',#243,2.85E-1);
#245=CARTESIAN_POINT('',(7.85E-1,0.E0,1.7E0));
#246=LINE('3925',#245,#244);
#247=CARTESIAN_POINT('',(2.E-1,3.E-1,1.135E0));
#248=DIRECTION('',(-1.E0,0.E0,0.E0));
#249=DIRECTION('',(0.E0,-2.857142857143E-1,-9.583148474999E-1));
#250=AXIS2_PLACEMENT_3D('',#247,#248,#249);
#252=DIRECTION('',(0.E0,0.E0,1.E0));
#253=VECTOR('',#252,1.615E0);
#254=CARTESIAN_POINT('',(2.E-1,-4.E-1,1.135E0));
#255=LINE('3810',#254,#253);
#256=DIRECTION('',(-1.E0,0.E0,0.E0));
#257=VECTOR('',#256,4.E-1);
#258=CARTESIAN_POINT('',(2.E-1,0.E0,1.135E0));
#259=LINE('3804',#258,#257);
#260=DIRECTION('',(0.E0,0.E0,1.E0));
#261=VECTOR('',#260,6.5E-2);
#262=CARTESIAN_POINT('',(2.E-1,0.E0,1.135E0));
#263=LINE('3861',#262,#261);
#264=CARTESIAN_POINT('',(2.E-1,3.E-1,1.135E0));
#265=DIRECTION('',(-1.E0,0.E0,0.E0));
#266=DIRECTION('',(0.E0,-6.666666666667E-1,-7.453559924999E-1));
#267=AXIS2_PLACEMENT_3D('',#264,#265,#266);
#269=DIRECTION('',(1.E0,0.E0,0.E0));
#270=VECTOR('',#269,5.08E0);
#271=CARTESIAN_POINT('',(-6.35E-1,1.E-1,1.2E0));
#272=LINE('3769',#271,#270);
#273=DIRECTION('',(0.E0,0.E0,-1.E0));
#274=VECTOR('',#273,4.472135955E-1);
#275=CARTESIAN_POINT('',(2.E-1,1.E-1,9.113932022500E-1));
#276=LINE('3838',#275,#274);
#277=DIRECTION('',(-1.E0,0.E0,0.E0));
#278=VECTOR('',#277,4.E-1);
#279=CARTESIAN_POINT('',(2.E-1,1.E-1,9.113932022500E-1));
#280=LINE('3841',#279,#278);
#281=DIRECTION('',(0.E0,0.E0,-1.E0));
#282=VECTOR('',#281,4.472135955E-1);
#283=CARTESIAN_POINT('',(-2.E-1,1.E-1,9.113932022500E-1));
#284=LINE('3839',#283,#282);
#285=DIRECTION('',(-1.E0,0.E0,0.E0));
#286=VECTOR('',#285,4.E-1);
#287=CARTESIAN_POINT('',(2.E-1,1.E-1,4.641796067501E-1));
#288=LINE('3840',#287,#286);
#289=DIRECTION('',(0.E0,0.E0,1.E0));
#290=VECTOR('',#289,4.472135955E-1);
#291=CARTESIAN_POINT('',(2.E-1,1.E-1,-9.113932022500E-1));
#292=LINE('3842',#291,#290);
#293=DIRECTION('',(1.E0,0.E0,0.E0));
#294=VECTOR('',#293,4.E-1);
#295=CARTESIAN_POINT('',(-2.E-1,1.E-1,-4.641796067501E-1));
#296=LINE('3844',#295,#294);
#297=DIRECTION('',(0.E0,0.E0,1.E0));
#298=VECTOR('',#297,4.472135955E-1);
#299=CARTESIAN_POINT('',(-2.E-1,1.E-1,-9.113932022500E-1));
#300=LINE('3843',#299,#298);
#301=DIRECTION('',(1.E0,0.E0,0.E0));
#302=VECTOR('',#301,4.E-1);
#303=CARTESIAN_POINT('',(-2.E-1,1.E-1,-9.113932022500E-1));
#304=LINE('3845',#303,#302);
#305=DIRECTION('',(0.E0,0.E0,-1.E0));
#306=VECTOR('',#305,4.472135955E-1);
#307=CARTESIAN_POINT('',(1.47E0,1.E-1,9.113932022500E-1));
#308=LINE('3916',#307,#306);
#309=DIRECTION('',(-1.E0,0.E0,0.E0));
#310=VECTOR('',#309,4.E-1);
#311=CARTESIAN_POINT('',(1.47E0,1.E-1,9.113932022500E-1));
#312=LINE('3919',#311,#310);
#313=DIRECTION('',(0.E0,0.E0,-1.E0));
#314=VECTOR('',#313,4.472135955E-1);
#315=CARTESIAN_POINT('',(1.07E0,1.E-1,9.113932022500E-1));
#316=LINE('3917',#315,#314);
#317=DIRECTION('',(-1.E0,0.E0,0.E0));
#318=VECTOR('',#317,4.E-1);
#319=CARTESIAN_POINT('',(1.47E0,1.E-1,4.641796067501E-1));
#320=LINE('3918',#319,#318);
#321=DIRECTION('',(0.E0,0.E0,1.E0));
#322=VECTOR('',#321,4.472135955E-1);
#323=CARTESIAN_POINT('',(1.47E0,1.E-1,-9.113932022500E-1));
#324=LINE('3920',#323,#322);
#325=DIRECTION('',(1.E0,0.E0,0.E0));
#326=VECTOR('',#325,4.E-1);
#327=CARTESIAN_POINT('',(1.07E0,1.E-1,-4.641796067501E-1));
#328=LINE('3922',#327,#326);
#329=DIRECTION('',(0.E0,0.E0,1.E0));
#330=VECTOR('',#329,4.472135955E-1);
#331=CARTESIAN_POINT('',(1.07E0,1.E-1,-9.113932022500E-1));
#332=LINE('3921',#331,#330);
#333=DIRECTION('',(1.E0,0.E0,0.E0));
#334=VECTOR('',#333,4.E-1);
#335=CARTESIAN_POINT('',(1.07E0,1.E-1,-9.113932022500E-1));
#336=LINE('3923',#335,#334);
#337=DIRECTION('',(0.E0,0.E0,-1.E0));
#338=VECTOR('',#337,4.472135955E-1);
#339=CARTESIAN_POINT('',(2.74E0,1.E-1,9.113932022500E-1));
#340=LINE('3994',#339,#338);
#341=DIRECTION('',(-1.E0,0.E0,0.E0));
#342=VECTOR('',#341,4.E-1);
#343=CARTESIAN_POINT('',(2.74E0,1.E-1,9.113932022500E-1));
#344=LINE('3997',#343,#342);
#345=DIRECTION('',(0.E0,0.E0,-1.E0));
#346=VECTOR('',#345,4.472135955E-1);
#347=CARTESIAN_POINT('',(2.34E0,1.E-1,9.113932022500E-1));
#348=LINE('3995',#347,#346);
#349=DIRECTION('',(-1.E0,0.E0,0.E0));
#350=VECTOR('',#349,4.E-1);
#351=CARTESIAN_POINT('',(2.74E0,1.E-1,4.641796067501E-1));
#352=LINE('3996',#351,#350);
#353=DIRECTION('',(0.E0,0.E0,1.E0));
#354=VECTOR('',#353,4.472135955E-1);
#355=CARTESIAN_POINT('',(2.74E0,1.E-1,-9.113932022500E-1));
#356=LINE('3998',#355,#354);
#357=DIRECTION('',(1.E0,0.E0,0.E0));
#358=VECTOR('',#357,4.E-1);
#359=CARTESIAN_POINT('',(2.34E0,1.E-1,-4.641796067501E-1));
#360=LINE('4000',#359,#358);
#361=DIRECTION('',(0.E0,0.E0,1.E0));
#362=VECTOR('',#361,4.472135955E-1);
#363=CARTESIAN_POINT('',(2.34E0,1.E-1,-9.113932022500E-1));
#364=LINE('3999',#363,#362);
#365=DIRECTION('',(1.E0,0.E0,0.E0));
#366=VECTOR('',#365,4.E-1);
#367=CARTESIAN_POINT('',(2.34E0,1.E-1,-9.113932022500E-1));
#368=LINE('4001',#367,#366);
#369=DIRECTION('',(0.E0,0.E0,-1.E0));
#370=VECTOR('',#369,4.472135955E-1);
#371=CARTESIAN_POINT('',(4.01E0,1.E-1,9.113932022500E-1));
#372=LINE('4070',#371,#370);
#373=DIRECTION('',(-1.E0,0.E0,0.E0));
#374=VECTOR('',#373,4.E-1);
#375=CARTESIAN_POINT('',(4.01E0,1.E-1,9.113932022500E-1));
#376=LINE('4073',#375,#374);
#377=DIRECTION('',(0.E0,0.E0,-1.E0));
#378=VECTOR('',#377,4.472135955E-1);
#379=CARTESIAN_POINT('',(3.61E0,1.E-1,9.113932022500E-1));
#380=LINE('4071',#379,#378);
#381=DIRECTION('',(-1.E0,0.E0,0.E0));
#382=VECTOR('',#381,4.E-1);
#383=CARTESIAN_POINT('',(4.01E0,1.E-1,4.641796067501E-1));
#384=LINE('4072',#383,#382);
#385=DIRECTION('',(0.E0,0.E0,1.E0));
#386=VECTOR('',#385,4.472135955E-1);
#387=CARTESIAN_POINT('',(4.01E0,1.E-1,-9.113932022500E-1));
#388=LINE('4074',#387,#386);
#389=DIRECTION('',(1.E0,0.E0,0.E0));
#390=VECTOR('',#389,4.E-1);
#391=CARTESIAN_POINT('',(3.61E0,1.E-1,-4.641796067501E-1));
#392=LINE('4076',#391,#390);
#393=DIRECTION('',(0.E0,0.E0,1.E0));
#394=VECTOR('',#393,4.472135955E-1);
#395=CARTESIAN_POINT('',(3.61E0,1.E-1,-9.113932022500E-1));
#396=LINE('4075',#395,#394);
#397=DIRECTION('',(1.E0,0.E0,0.E0));
#398=VECTOR('',#397,4.E-1);
#399=CARTESIAN_POINT('',(3.61E0,1.E-1,-9.113932022500E-1));
#400=LINE('4077',#399,#398);
#401=DIRECTION('',(0.E0,1.E0,0.E0));
#402=VECTOR('',#401,1.E-1);
#403=CARTESIAN_POINT('',(4.445E0,0.E0,1.2E0));
#404=LINE('3794',#403,#402);
#405=DIRECTION('',(0.E0,1.E0,0.E0));
#406=VECTOR('',#405,1.1E0);
#407=CARTESIAN_POINT('',(4.445E0,0.E0,1.44E0));
#408=LINE('3781',#407,#406);
#409=DIRECTION('',(0.E0,1.E0,0.E0));
#410=VECTOR('',#409,1.E-1);
#411=CARTESIAN_POINT('',(4.445E0,0.E0,-1.2E0));
#412=LINE('3796',#411,#410);
#413=DIRECTION('',(0.E0,0.E0,-1.E0));
#414=VECTOR('',#413,2.4E0);
#415=CARTESIAN_POINT('',(4.445E0,1.E-1,1.2E0));
#416=LINE('3795',#415,#414);
#417=DIRECTION('',(0.E0,0.E0,-1.E0));
#418=VECTOR('',#417,5.E-1);
#419=CARTESIAN_POINT('',(4.01E0,0.E0,1.7E0));
#420=LINE('4057',#419,#418);
#421=DIRECTION('',(1.E0,0.E0,0.E0));
#422=VECTOR('',#421,2.85E-1);
#423=CARTESIAN_POINT('',(4.01E0,0.E0,1.7E0));
#424=LINE('4082',#423,#422);
#425=DIRECTION('',(4.997224534896E-1,0.E0,-8.661855860486E-1));
#426=VECTOR('',#425,3.001666203961E-1);
#427=CARTESIAN_POINT('',(4.295E0,0.E0,1.7E0));
#428=LINE('3771',#427,#426);
#429=DIRECTION('',(0.E0,0.E0,-1.E0));
#430=VECTOR('',#429,2.4E-1);
#431=CARTESIAN_POINT('',(4.445E0,0.E0,1.44E0));
#432=LINE('3797',#431,#430);
#433=DIRECTION('',(1.E0,0.E0,0.E0));
#434=VECTOR('',#433,4.35E-1);
#435=CARTESIAN_POINT('',(4.01E0,0.E0,1.2E0));
#436=LINE('4086',#435,#434);
#437=CARTESIAN_POINT('',(4.01E0,3.E-1,1.135E0));
#438=DIRECTION('',(-1.E0,0.E0,0.E0));
#439=DIRECTION('',(0.E0,-2.857142857143E-1,-9.583148474999E-1));
#440=AXIS2_PLACEMENT_3D('',#437,#438,#439);
#442=DIRECTION('',(0.E0,0.E0,1.E0));
#443=VECTOR('',#442,1.615E0);
#444=CARTESIAN_POINT('',(4.01E0,-4.E-1,1.135E0));
#445=LINE('4044',#444,#443);
#446=CARTESIAN_POINT('',(4.01E0,3.E-1,1.135E0));
#447=DIRECTION('',(-1.E0,0.E0,0.E0));
#448=DIRECTION('',(0.E0,-6.666666666667E-1,-7.453559924999E-1));
#449=AXIS2_PLACEMENT_3D('',#446,#447,#448);
#451=CARTESIAN_POINT('',(3.61E0,3.E-1,1.135E0));
#452=DIRECTION('',(-1.E0,0.E0,0.E0));
#453=DIRECTION('',(0.E0,-2.857142857143E-1,-9.583148474999E-1));
#454=AXIS2_PLACEMENT_3D('',#451,#452,#453);
#456=DIRECTION('',(1.E0,0.E0,0.E0));
#457=VECTOR('',#456,4.E-1);
#458=CARTESIAN_POINT('',(3.61E0,-4.E-1,1.135E0));
#459=LINE('4037',#458,#457);
#460=DIRECTION('',(0.E0,0.E0,1.E0));
#461=VECTOR('',#460,1.615E0);
#462=CARTESIAN_POINT('',(3.61E0,-4.E-1,1.135E0));
#463=LINE('4043',#462,#461);
#464=DIRECTION('',(1.E0,0.E0,0.E0));
#465=VECTOR('',#464,4.E-1);
#466=CARTESIAN_POINT('',(3.61E0,-4.E-1,2.75E0));
#467=LINE('4039',#466,#465);
#468=DIRECTION('',(0.E0,-1.E0,0.E0));
#469=VECTOR('',#468,4.E-1);
#470=CARTESIAN_POINT('',(3.61E0,0.E0,2.75E0));
#471=LINE('4042',#470,#469);
#472=DIRECTION('',(-1.E0,0.E0,0.E0));
#473=VECTOR('',#472,4.E-1);
#474=CARTESIAN_POINT('',(4.01E0,0.E0,2.75E0));
#475=LINE('4041',#474,#473);
#476=DIRECTION('',(0.E0,1.E0,0.E0));
#477=VECTOR('',#476,4.E-1);
#478=CARTESIAN_POINT('',(4.01E0,-4.E-1,2.75E0));
#479=LINE('4040',#478,#477);
#480=DIRECTION('',(0.E0,0.E0,1.E0));
#481=VECTOR('',#480,1.05E0);
#482=CARTESIAN_POINT('',(4.01E0,0.E0,1.7E0));
#483=LINE('4098',#482,#481);
#484=DIRECTION('',(-1.E0,0.E0,0.E0));
#485=VECTOR('',#484,4.E-1);
#486=CARTESIAN_POINT('',(4.01E0,0.E0,1.7E0));
#487=LINE('4079',#486,#485);
#488=DIRECTION('',(0.E0,1.E0,0.E0));
#489=VECTOR('',#488,1.1E0);
#490=CARTESIAN_POINT('',(3.325E0,0.E0,1.7E0));
#491=LINE('3779',#490,#489);
#492=DIRECTION('',(0.E0,1.E0,0.E0));
#493=VECTOR('',#492,1.1E0);
#494=CARTESIAN_POINT('',(3.175E0,0.E0,1.44E0));
#495=LINE('3784',#494,#493);
#496=DIRECTION('',(0.E0,1.E0,0.E0));
#497=VECTOR('',#496,1.1E0);
#498=CARTESIAN_POINT('',(3.025E0,0.E0,1.7E0));
#499=LINE('3752',#498,#497);
#500=DIRECTION('',(-1.E0,0.E0,0.E0));
#501=VECTOR('',#500,4.E-1);
#502=CARTESIAN_POINT('',(2.74E0,0.E0,1.7E0));
#503=LINE('3991',#502,#501);
#504=DIRECTION('',(0.E0,1.E0,0.E0));
#505=VECTOR('',#504,1.1E0);
#506=CARTESIAN_POINT('',(2.055E0,0.E0,1.7E0));
#507=LINE('3751',#506,#505);
#508=DIRECTION('',(0.E0,0.E0,1.E0));
#509=VECTOR('',#508,1.05E0);
#510=CARTESIAN_POINT('',(2.74E0,0.E0,1.7E0));
#511=LINE('4018',#510,#509);
#512=DIRECTION('',(1.E0,0.E0,0.E0));
#513=VECTOR('',#512,4.E-1);
#514=CARTESIAN_POINT('',(2.34E0,-4.E-1,2.75E0));
#515=LINE('3961',#514,#513);
#516=DIRECTION('',(0.E0,-1.E0,0.E0));
#517=VECTOR('',#516,4.E-1);
#518=CARTESIAN_POINT('',(2.34E0,0.E0,2.75E0));
#519=LINE('3964',#518,#517);
#520=DIRECTION('',(-1.E0,0.E0,0.E0));
#521=VECTOR('',#520,4.E-1);
#522=CARTESIAN_POINT('',(2.74E0,0.E0,2.75E0));
#523=LINE('3963',#522,#521);
#524=DIRECTION('',(0.E0,1.E0,0.E0));
#525=VECTOR('',#524,4.E-1);
#526=CARTESIAN_POINT('',(2.74E0,-4.E-1,2.75E0));
#527=LINE('3962',#526,#525);
#528=DIRECTION('',(1.E0,0.E0,0.E0));
#529=VECTOR('',#528,4.E-1);
#530=CARTESIAN_POINT('',(2.34E0,-4.E-1,1.135E0));
#531=LINE('3959',#530,#529);
#532=DIRECTION('',(0.E0,0.E0,1.E0));
#533=VECTOR('',#532,1.615E0);
#534=CARTESIAN_POINT('',(2.34E0,-4.E-1,1.135E0));
#535=LINE('3965',#534,#533);
#536=CARTESIAN_POINT('',(2.34E0,3.E-1,1.135E0));
#537=DIRECTION('',(-1.E0,0.E0,0.E0));
#538=DIRECTION('',(0.E0,-2.857142857143E-1,-9.583148474999E-1));
#539=AXIS2_PLACEMENT_3D('',#536,#537,#538);
#541=DIRECTION('',(0.E0,1.E0,0.E0));
#542=VECTOR('',#541,1.1E0);
#543=CARTESIAN_POINT('',(1.905E0,0.E0,1.44E0));
#544=LINE('3754',#543,#542);
#545=DIRECTION('',(0.E0,1.E0,0.E0));
#546=VECTOR('',#545,1.1E0);
#547=CARTESIAN_POINT('',(1.755E0,0.E0,1.7E0));
#548=LINE('3736',#547,#546);
#549=DIRECTION('',(-1.E0,0.E0,0.E0));
#550=VECTOR('',#549,4.E-1);
#551=CARTESIAN_POINT('',(1.47E0,0.E0,1.7E0));
#552=LINE('3913',#551,#550);
#553=DIRECTION('',(0.E0,1.E0,0.E0));
#554=VECTOR('',#553,1.1E0);
#555=CARTESIAN_POINT('',(7.85E-1,0.E0,1.7E0));
#556=LINE('3735',#555,#554);
#557=DIRECTION('',(0.E0,0.E0,1.E0));
#558=VECTOR('',#557,1.05E0);
#559=CARTESIAN_POINT('',(1.47E0,0.E0,1.7E0));
#560=LINE('3940',#559,#558);
#561=DIRECTION('',(1.E0,0.E0,0.E0));
#562=VECTOR('',#561,4.E-1);
#563=CARTESIAN_POINT('',(1.07E0,-4.E-1,2.75E0));
#564=LINE('3883',#563,#562);
#565=DIRECTION('',(0.E0,-1.E0,0.E0));
#566=VECTOR('',#565,4.E-1);
#567=CARTESIAN_POINT('',(1.07E0,0.E0,2.75E0));
#568=LINE('3886',#567,#566);
#569=DIRECTION('',(-1.E0,0.E0,0.E0));
#570=VECTOR('',#569,4.E-1);
#571=CARTESIAN_POINT('',(1.47E0,0.E0,2.75E0));
#572=LINE('3885',#571,#570);
#573=DIRECTION('',(0.E0,1.E0,0.E0));
#574=VECTOR('',#573,4.E-1);
#575=CARTESIAN_POINT('',(1.47E0,-4.E-1,2.75E0));
#576=LINE('3884',#575,#574);
#577=DIRECTION('',(1.E0,0.E0,0.E0));
#578=VECTOR('',#577,4.E-1);
#579=CARTESIAN_POINT('',(1.07E0,-4.E-1,1.135E0));
#580=LINE('3881',#579,#578);
#581=DIRECTION('',(0.E0,0.E0,1.E0));
#582=VECTOR('',#581,1.615E0);
#583=CARTESIAN_POINT('',(1.07E0,-4.E-1,1.135E0));
#584=LINE('3887',#583,#582);
#585=CARTESIAN_POINT('',(1.07E0,3.E-1,1.135E0));
#586=DIRECTION('',(-1.E0,0.E0,0.E0));
#587=DIRECTION('',(0.E0,-2.857142857143E-1,-9.583148474999E-1));
#588=AXIS2_PLACEMENT_3D('',#585,#586,#587);
#590=DIRECTION('',(0.E0,1.E0,0.E0));
#591=VECTOR('',#590,1.1E0);
#592=CARTESIAN_POINT('',(6.35E-1,0.E0,1.44E0));
#593=LINE('3738',#592,#591);
#594=DIRECTION('',(0.E0,1.E0,0.E0));
#595=VECTOR('',#594,1.1E0);
#596=CARTESIAN_POINT('',(4.85E-1,0.E0,1.7E0));
#597=LINE('3730',#596,#595);
#598=DIRECTION('',(-4.997224534896E-1,0.E0,-8.661855860486E-1));
#599=VECTOR('',#598,3.001666203961E-1);
#600=CARTESIAN_POINT('',(3.175E0,1.1E0,-1.44E0));
#601=LINE('3789',#600,#599);
#602=DIRECTION('',(-4.997224534896E-1,0.E0,8.661855860486E-1));
#603=VECTOR('',#602,3.001666203961E-1);
#604=CARTESIAN_POINT('',(3.325E0,1.1E0,-1.7E0));
#605=LINE('3792',#604,#603);
#606=DIRECTION('',(-1.E0,0.E0,0.E0));
#607=VECTOR('',#606,9.7E-1);
#608=CARTESIAN_POINT('',(4.295E0,1.1E0,-1.7E0));
#609=LINE('3777',#608,#607);
#610=DIRECTION('',(-4.997224534896E-1,0.E0,-8.661855860486E-1));
#611=VECTOR('',#610,3.001666203961E-1);
#612=CARTESIAN_POINT('',(4.445E0,1.1E0,-1.44E0));
#613=LINE('3776',#612,#611);
#614=DIRECTION('',(0.E0,0.E0,-1.E0));
#615=VECTOR('',#614,2.88E0);
#616=CARTESIAN_POINT('',(4.445E0,1.1E0,1.44E0));
#617=LINE('3775',#616,#615);
#618=DIRECTION('',(4.997224534896E-1,0.E0,-8.661855860486E-1));
#619=VECTOR('',#618,3.001666203961E-1);
#620=CARTESIAN_POINT('',(4.295E0,1.1E0,1.7E0));
#621=LINE('3774',#620,#619);
#622=DIRECTION('',(1.E0,0.E0,0.E0));
#623=VECTOR('',#622,9.7E-1);
#624=CARTESIAN_POINT('',(3.325E0,1.1E0,1.7E0));
#625=LINE('3773',#624,#623);
#626=DIRECTION('',(4.997224534896E-1,0.E0,8.661855860486E-1));
#627=VECTOR('',#626,3.001666203961E-1);
#628=CARTESIAN_POINT('',(3.175E0,1.1E0,1.44E0));
#629=LINE('3793',#628,#627);
#630=DIRECTION('',(4.997224534896E-1,0.E0,-8.661855860486E-1));
#631=VECTOR('',#630,3.001666203961E-1);
#632=CARTESIAN_POINT('',(3.025E0,1.1E0,1.7E0));
#633=LINE('3788',#632,#631);
#634=DIRECTION('',(1.E0,0.E0,0.E0));
#635=VECTOR('',#634,9.7E-1);
#636=CARTESIAN_POINT('',(2.055E0,1.1E0,1.7E0));
#637=LINE('3748',#636,#635);
#638=DIRECTION('',(4.997224534896E-1,0.E0,8.661855860486E-1));
#639=VECTOR('',#638,3.001666203961E-1);
#640=CARTESIAN_POINT('',(1.905E0,1.1E0,1.44E0));
#641=LINE('3763',#640,#639);
#642=DIRECTION('',(4.997224534896E-1,0.E0,-8.661855860486E-1));
#643=VECTOR('',#642,3.001666203961E-1);
#644=CARTESIAN_POINT('',(1.755E0,1.1E0,1.7E0));
#645=LINE('3758',#644,#643);
#646=DIRECTION('',(1.E0,0.E0,0.E0));
#647=VECTOR('',#646,9.7E-1);
#648=CARTESIAN_POINT('',(7.85E-1,1.1E0,1.7E0));
#649=LINE('3732',#648,#647);
#650=DIRECTION('',(4.997224534896E-1,0.E0,8.661855860486E-1));
#651=VECTOR('',#650,3.001666203961E-1);
#652=CARTESIAN_POINT('',(6.35E-1,1.1E0,1.44E0));
#653=LINE('3747',#652,#651);
#654=DIRECTION('',(4.997224534896E-1,0.E0,-8.661855860486E-1));
#655=VECTOR('',#654,3.001666203961E-1);
#656=CARTESIAN_POINT('',(4.85E-1,1.1E0,1.7E0));
#657=LINE('3742',#656,#655);
#658=DIRECTION('',(1.E0,0.E0,0.E0));
#659=VECTOR('',#658,9.7E-1);
#660=CARTESIAN_POINT('',(-4.85E-1,1.1E0,1.7E0));
#661=LINE('3724',#660,#659);
#662=DIRECTION('',(4.997224534896E-1,0.E0,8.661855860486E-1));
#663=VECTOR('',#662,3.001666203961E-1);
#664=CARTESIAN_POINT('',(-6.35E-1,1.1E0,1.44E0));
#665=LINE('3723',#664,#663);
#666=DIRECTION('',(0.E0,0.E0,1.E0));
#667=VECTOR('',#666,2.88E0);
#668=CARTESIAN_POINT('',(-6.35E-1,1.1E0,-1.44E0));
#669=LINE('3722',#668,#667);
#670=DIRECTION('',(-4.997224534896E-1,0.E0,8.661855860486E-1));
#671=VECTOR('',#670,3.001666203961E-1);
#672=CARTESIAN_POINT('',(-4.85E-1,1.1E0,-1.7E0));
#673=LINE('3721',#672,#671);
#674=DIRECTION('',(-1.E0,0.E0,0.E0));
#675=VECTOR('',#674,9.7E-1);
#676=CARTESIAN_POINT('',(4.85E-1,1.1E0,-1.7E0));
#677=LINE('3725',#676,#675);
#678=DIRECTION('',(-4.997224534896E-1,0.E0,-8.661855860486E-1));
#679=VECTOR('',#678,3.001666203961E-1);
#680=CARTESIAN_POINT('',(6.35E-1,1.1E0,-1.44E0));
#681=LINE('3743',#680,#679);
#682=DIRECTION('',(-4.997224534896E-1,0.E0,8.661855860486E-1));
#683=VECTOR('',#682,3.001666203961E-1);
#684=CARTESIAN_POINT('',(7.85E-1,1.1E0,-1.7E0));
#685=LINE('3746',#684,#683);
#686=DIRECTION('',(-1.E0,0.E0,0.E0));
#687=VECTOR('',#686,9.7E-1);
#688=CARTESIAN_POINT('',(1.755E0,1.1E0,-1.7E0));
#689=LINE('3733',#688,#687);
#690=DIRECTION('',(-4.997224534896E-1,0.E0,-8.661855860486E-1));
#691=VECTOR('',#690,3.001666203961E-1);
#692=CARTESIAN_POINT('',(1.905E0,1.1E0,-1.44E0));
#693=LINE('3759',#692,#691);
#694=DIRECTION('',(-4.997224534896E-1,0.E0,8.661855860486E-1));
#695=VECTOR('',#694,3.001666203961E-1);
#696=CARTESIAN_POINT('',(2.055E0,1.1E0,-1.7E0));
#697=LINE('3762',#696,#695);
#698=DIRECTION('',(-1.E0,0.E0,0.E0));
#699=VECTOR('',#698,9.7E-1);
#700=CARTESIAN_POINT('',(3.025E0,1.1E0,-1.7E0));
#701=LINE('3749',#700,#699);
#702=DIRECTION('',(1.E0,0.E0,0.E0));
#703=VECTOR('',#702,4.E-1);
#704=CARTESIAN_POINT('',(-2.E-1,1.1E0,4.35E-1));
#705=LINE('3827',#704,#703);
#706=DIRECTION('',(0.E0,0.E0,-1.E0));
#707=VECTOR('',#706,4.E-1);
#708=CARTESIAN_POINT('',(-2.E-1,1.1E0,8.35E-1));
#709=LINE('3830',#708,#707);
#710=DIRECTION('',(-1.E0,0.E0,0.E0));
#711=VECTOR('',#710,4.E-1);
#712=CARTESIAN_POINT('',(2.E-1,1.1E0,8.35E-1));
#713=LINE('3829',#712,#711);
#714=DIRECTION('',(0.E0,0.E0,-1.E0));
#715=VECTOR('',#714,4.E-1);
#716=CARTESIAN_POINT('',(2.E-1,1.1E0,8.35E-1));
#717=LINE('3828',#716,#715);
#718=DIRECTION('',(1.E0,0.E0,0.E0));
#719=VECTOR('',#718,4.E-1);
#720=CARTESIAN_POINT('',(-2.E-1,1.1E0,-4.35E-1));
#721=LINE('3831',#720,#719);
#722=DIRECTION('',(0.E0,0.E0,1.E0));
#723=VECTOR('',#722,4.E-1);
#724=CARTESIAN_POINT('',(2.E-1,1.1E0,-8.35E-1));
#725=LINE('3832',#724,#723);
#726=DIRECTION('',(-1.E0,0.E0,0.E0));
#727=VECTOR('',#726,4.E-1);
#728=CARTESIAN_POINT('',(2.E-1,1.1E0,-8.35E-1));
#729=LINE('3833',#728,#727);
#730=DIRECTION('',(0.E0,0.E0,1.E0));
#731=VECTOR('',#730,4.E-1);
#732=CARTESIAN_POINT('',(-2.E-1,1.1E0,-8.35E-1));
#733=LINE('3834',#732,#731);
#734=DIRECTION('',(1.E0,0.E0,0.E0));
#735=VECTOR('',#734,4.E-1);
#736=CARTESIAN_POINT('',(1.07E0,1.1E0,4.35E-1));
#737=LINE('3905',#736,#735);
#738=DIRECTION('',(0.E0,0.E0,-1.E0));
#739=VECTOR('',#738,4.E-1);
#740=CARTESIAN_POINT('',(1.07E0,1.1E0,8.35E-1));
#741=LINE('3908',#740,#739);
#742=DIRECTION('',(-1.E0,0.E0,0.E0));
#743=VECTOR('',#742,4.E-1);
#744=CARTESIAN_POINT('',(1.47E0,1.1E0,8.35E-1));
#745=LINE('3907',#744,#743);
#746=DIRECTION('',(0.E0,0.E0,-1.E0));
#747=VECTOR('',#746,4.E-1);
#748=CARTESIAN_POINT('',(1.47E0,1.1E0,8.35E-1));
#749=LINE('3906',#748,#747);
#750=DIRECTION('',(1.E0,0.E0,0.E0));
#751=VECTOR('',#750,4.E-1);
#752=CARTESIAN_POINT('',(1.07E0,1.1E0,-4.35E-1));
#753=LINE('3909',#752,#751);
#754=DIRECTION('',(0.E0,0.E0,1.E0));
#755=VECTOR('',#754,4.E-1);
#756=CARTESIAN_POINT('',(1.47E0,1.1E0,-8.35E-1));
#757=LINE('3910',#756,#755);
#758=DIRECTION('',(-1.E0,0.E0,0.E0));
#759=VECTOR('',#758,4.E-1);
#760=CARTESIAN_POINT('',(1.47E0,1.1E0,-8.35E-1));
#761=LINE('3911',#760,#759);
#762=DIRECTION('',(0.E0,0.E0,1.E0));
#763=VECTOR('',#762,4.E-1);
#764=CARTESIAN_POINT('',(1.07E0,1.1E0,-8.35E-1));
#765=LINE('3912',#764,#763);
#766=DIRECTION('',(1.E0,0.E0,0.E0));
#767=VECTOR('',#766,4.E-1);
#768=CARTESIAN_POINT('',(2.34E0,1.1E0,4.35E-1));
#769=LINE('3983',#768,#767);
#770=DIRECTION('',(0.E0,0.E0,-1.E0));
#771=VECTOR('',#770,4.E-1);
#772=CARTESIAN_POINT('',(2.34E0,1.1E0,8.35E-1));
#773=LINE('3986',#772,#771);
#774=DIRECTION('',(-1.E0,0.E0,0.E0));
#775=VECTOR('',#774,4.E-1);
#776=CARTESIAN_POINT('',(2.74E0,1.1E0,8.35E-1));
#777=LINE('3985',#776,#775);
#778=DIRECTION('',(0.E0,0.E0,-1.E0));
#779=VECTOR('',#778,4.E-1);
#780=CARTESIAN_POINT('',(2.74E0,1.1E0,8.35E-1));
#781=LINE('3984',#780,#779);
#782=DIRECTION('',(1.E0,0.E0,0.E0));
#783=VECTOR('',#782,4.E-1);
#784=CARTESIAN_POINT('',(2.34E0,1.1E0,-4.35E-1));
#785=LINE('3987',#784,#783);
#786=DIRECTION('',(0.E0,0.E0,1.E0));
#787=VECTOR('',#786,4.E-1);
#788=CARTESIAN_POINT('',(2.74E0,1.1E0,-8.35E-1));
#789=LINE('3988',#788,#787);
#790=DIRECTION('',(-1.E0,0.E0,0.E0));
#791=VECTOR('',#790,4.E-1);
#792=CARTESIAN_POINT('',(2.74E0,1.1E0,-8.35E-1));
#793=LINE('3989',#792,#791);
#794=DIRECTION('',(0.E0,0.E0,1.E0));
#795=VECTOR('',#794,4.E-1);
#796=CARTESIAN_POINT('',(2.34E0,1.1E0,-8.35E-1));
#797=LINE('3990',#796,#795);
#798=DIRECTION('',(1.E0,0.E0,0.E0));
#799=VECTOR('',#798,4.E-1);
#800=CARTESIAN_POINT('',(3.61E0,1.1E0,4.35E-1));
#801=LINE('4061',#800,#799);
#802=DIRECTION('',(0.E0,0.E0,-1.E0));
#803=VECTOR('',#802,4.E-1);
#804=CARTESIAN_POINT('',(3.61E0,1.1E0,8.35E-1));
#805=LINE('4064',#804,#803);
#806=DIRECTION('',(-1.E0,0.E0,0.E0));
#807=VECTOR('',#806,4.E-1);
#808=CARTESIAN_POINT('',(4.01E0,1.1E0,8.35E-1));
#809=LINE('4063',#808,#807);
#810=DIRECTION('',(0.E0,0.E0,-1.E0));
#811=VECTOR('',#810,4.E-1);
#812=CARTESIAN_POINT('',(4.01E0,1.1E0,8.35E-1));
#813=LINE('4062',#812,#811);
#814=DIRECTION('',(1.E0,0.E0,0.E0));
#815=VECTOR('',#814,4.E-1);
#816=CARTESIAN_POINT('',(3.61E0,1.1E0,-4.35E-1));
#817=LINE('4065',#816,#815);
#818=DIRECTION('',(0.E0,0.E0,1.E0));
#819=VECTOR('',#818,4.E-1);
#820=CARTESIAN_POINT('',(4.01E0,1.1E0,-8.35E-1));
#821=LINE('4066',#820,#819);
#822=DIRECTION('',(-1.E0,0.E0,0.E0));
#823=VECTOR('',#822,4.E-1);
#824=CARTESIAN_POINT('',(4.01E0,1.1E0,-8.35E-1));
#825=LINE('4067',#824,#823);
#826=DIRECTION('',(0.E0,0.E0,1.E0));
#827=VECTOR('',#826,4.E-1);
#828=CARTESIAN_POINT('',(3.61E0,1.1E0,-8.35E-1));
#829=LINE('4068',#828,#827);
#830=DIRECTION('',(0.E0,1.E0,0.E0));
#831=VECTOR('',#830,1.1E0);
#832=CARTESIAN_POINT('',(3.175E0,0.E0,-1.44E0));
#833=LINE('3785',#832,#831);
#834=DIRECTION('',(0.E0,1.E0,0.E0));
#835=VECTOR('',#834,1.1E0);
#836=CARTESIAN_POINT('',(3.325E0,0.E0,-1.7E0));
#837=LINE('3778',#836,#835);
#838=DIRECTION('',(0.E0,0.E0,1.E0));
#839=VECTOR('',#838,5.E-1);
#840=CARTESIAN_POINT('',(3.61E0,0.E0,-1.7E0));
#841=LINE('4060',#840,#839);
#842=DIRECTION('',(-1.E0,0.E0,0.E0));
#843=VECTOR('',#842,2.85E-1);
#844=CARTESIAN_POINT('',(3.61E0,0.E0,-1.7E0));
#845=LINE('4084',#844,#843);
#846=DIRECTION('',(-4.997224534896E-1,0.E0,8.661855860486E-1));
#847=VECTOR('',#846,3.001666203961E-1);
#848=CARTESIAN_POINT('',(3.325E0,0.E0,-1.7E0));
#849=LINE('3790',#848,#847);
#850=DIRECTION('',(-4.997224534896E-1,0.E0,-8.661855860486E-1));
#851=VECTOR('',#850,3.001666203961E-1);
#852=CARTESIAN_POINT('',(3.175E0,0.E0,-1.44E0));
#853=LINE('3787',#852,#851);
#854=DIRECTION('',(-1.E0,0.E0,0.E0));
#855=VECTOR('',#854,2.85E-1);
#856=CARTESIAN_POINT('',(3.025E0,0.E0,-1.7E0));
#857=LINE('4005',#856,#855);
#858=DIRECTION('',(0.E0,0.E0,1.E0));
#859=VECTOR('',#858,5.E-1);
#860=CARTESIAN_POINT('',(2.74E0,0.E0,-1.7E0));
#861=LINE('3981',#860,#859);
#862=DIRECTION('',(1.E0,0.E0,0.E0));
#863=VECTOR('',#862,8.7E-1);
#864=CARTESIAN_POINT('',(2.74E0,0.E0,-1.2E0));
#865=LINE('4087',#864,#863);
#866=DIRECTION('',(0.E0,0.E0,-1.E0));
#867=VECTOR('',#866,6.5E-2);
#868=CARTESIAN_POINT('',(3.61E0,0.E0,-1.135E0));
#869=LINE('4111',#868,#867);
#870=CARTESIAN_POINT('',(3.61E0,3.E-1,-1.135E0));
#871=DIRECTION('',(1.E0,0.E0,0.E0));
#872=DIRECTION('',(0.E0,-6.666666666667E-1,7.453559924999E-1));
#873=AXIS2_PLACEMENT_3D('',#870,#871,#872);
#875=DIRECTION('',(0.E0,0.E0,-1.E0));
#876=VECTOR('',#875,1.05E0);
#877=CARTESIAN_POINT('',(3.61E0,0.E0,-1.7E0));
#878=LINE('4112',#877,#876);
#879=DIRECTION('',(0.E0,0.E0,-1.E0));
#880=VECTOR('',#879,6.5E-2);
#881=CARTESIAN_POINT('',(4.01E0,0.E0,-1.135E0));
#882=LINE('4109',#881,#880);
#883=DIRECTION('',(-1.E0,0.E0,0.E0));
#884=VECTOR('',#883,4.E-1);
#885=CARTESIAN_POINT('',(4.01E0,0.E0,-1.135E0));
#886=LINE('4050',#885,#884);
#887=DIRECTION('',(-1.E0,0.E0,0.E0));
#888=VECTOR('',#887,4.E-1);
#889=CARTESIAN_POINT('',(4.01E0,0.E0,-1.2E0));
#890=LINE('4078',#889,#888);
#891=DIRECTION('',(-1.E0,0.E0,0.E0));
#892=VECTOR('',#891,4.E-1);
#893=CARTESIAN_POINT('',(2.74E0,0.E0,-1.2E0));
#894=LINE('4002',#893,#892);
#895=DIRECTION('',(-1.E0,0.E0,0.E0));
#896=VECTOR('',#895,4.E-1);
#897=CARTESIAN_POINT('',(1.47E0,0.E0,-1.2E0));
#898=LINE('3924',#897,#896);
#899=DIRECTION('',(-1.E0,0.E0,0.E0));
#900=VECTOR('',#899,4.E-1);
#901=CARTESIAN_POINT('',(2.E-1,0.E0,-1.2E0));
#902=LINE('3846',#901,#900);
#903=DIRECTION('',(1.E0,0.E0,0.E0));
#904=VECTOR('',#903,5.08E0);
#905=CARTESIAN_POINT('',(-6.35E-1,1.E-1,-1.2E0));
#906=LINE('3770',#905,#904);
#907=DIRECTION('',(0.E0,0.E0,-1.E0));
#908=VECTOR('',#907,6.5E-2);
#909=CARTESIAN_POINT('',(2.74E0,0.E0,-1.135E0));
#910=LINE('4029',#909,#908);
#911=DIRECTION('',(-1.E0,0.E0,0.E0));
#912=VECTOR('',#911,4.E-1);
#913=CARTESIAN_POINT('',(2.74E0,0.E0,-1.135E0));
#914=LINE('3972',#913,#912);
#915=DIRECTION('',(0.E0,0.E0,-1.E0));
#916=VECTOR('',#915,1.615E0);
#917=CARTESIAN_POINT('',(2.74E0,-4.E-1,-1.135E0));
#918=LINE('3978',#917,#916);
#919=CARTESIAN_POINT('',(2.74E0,3.E-1,-1.135E0));
#920=DIRECTION('',(1.E0,0.E0,0.E0));
#921=DIRECTION('',(0.E0,-2.857142857143E-1,9.583148474999E-1));
#922=AXIS2_PLACEMENT_3D('',#919,#920,#921);
#924=DIRECTION('',(0.E0,0.E0,-1.E0));
#925=VECTOR('',#924,1.05E0);
#926=CARTESIAN_POINT('',(2.74E0,0.E0,-1.7E0));
#927=LINE('4030',#926,#925);
#928=DIRECTION('',(-1.E0,0.E0,0.E0));
#929=VECTOR('',#928,4.E-1);
#930=CARTESIAN_POINT('',(2.74E0,0.E0,-1.7E0));
#931=LINE('3992',#930,#929);
#932=DIRECTION('',(0.E0,1.E0,0.E0));
#933=VECTOR('',#932,1.1E0);
#934=CARTESIAN_POINT('',(3.025E0,0.E0,-1.7E0));
#935=LINE('3753',#934,#933);
#936=DIRECTION('',(0.E0,1.E0,0.E0));
#937=VECTOR('',#936,1.1E0);
#938=CARTESIAN_POINT('',(2.055E0,0.E0,-1.7E0));
#939=LINE('3750',#938,#937);
#940=DIRECTION('',(0.E0,1.E0,0.E0));
#941=VECTOR('',#940,1.1E0);
#942=CARTESIAN_POINT('',(1.905E0,0.E0,-1.44E0));
#943=LINE('3755',#942,#941);
#944=DIRECTION('',(-1.E0,0.E0,0.E0));
#945=VECTOR('',#944,4.E-1);
#946=CARTESIAN_POINT('',(1.47E0,0.E0,-1.7E0));
#947=LINE('3914',#946,#945);
#948=DIRECTION('',(0.E0,1.E0,0.E0));
#949=VECTOR('',#948,1.1E0);
#950=CARTESIAN_POINT('',(1.755E0,0.E0,-1.7E0));
#951=LINE('3737',#950,#949);
#952=DIRECTION('',(0.E0,0.E0,-1.E0));
#953=VECTOR('',#952,1.05E0);
#954=CARTESIAN_POINT('',(1.47E0,0.E0,-1.7E0));
#955=LINE('3952',#954,#953);
#956=DIRECTION('',(0.E0,0.E0,-1.E0));
#957=VECTOR('',#956,6.5E-2);
#958=CARTESIAN_POINT('',(1.07E0,0.E0,-1.135E0));
#959=LINE('3953',#958,#957);
#960=CARTESIAN_POINT('',(1.07E0,3.E-1,-1.135E0));
#961=DIRECTION('',(1.E0,0.E0,0.E0));
#962=DIRECTION('',(0.E0,-6.666666666667E-1,7.453559924999E-1));
#963=AXIS2_PLACEMENT_3D('',#960,#961,#962);
#965=DIRECTION('',(0.E0,0.E0,-1.E0));
#966=VECTOR('',#965,1.05E0);
#967=CARTESIAN_POINT('',(1.07E0,0.E0,-1.7E0));
#968=LINE('3954',#967,#966);
#969=DIRECTION('',(0.E0,0.E0,1.E0));
#970=VECTOR('',#969,5.E-1);
#971=CARTESIAN_POINT('',(1.07E0,0.E0,-1.7E0));
#972=LINE('3904',#971,#970);
#973=DIRECTION('',(-1.E0,0.E0,0.E0));
#974=VECTOR('',#973,2.85E-1);
#975=CARTESIAN_POINT('',(1.07E0,0.E0,-1.7E0));
#976=LINE('3928',#975,#974);
#977=DIRECTION('',(-4.997224534896E-1,0.E0,8.661855860486E-1));
#978=VECTOR('',#977,3.001666203961E-1);
#979=CARTESIAN_POINT('',(7.85E-1,0.E0,-1.7E0));
#980=LINE('3744',#979,#978);
#981=DIRECTION('',(-4.997224534896E-1,0.E0,-8.661855860486E-1));
#982=VECTOR('',#981,3.001666203961E-1);
#983=CARTESIAN_POINT('',(6.35E-1,0.E0,-1.44E0));
#984=LINE('3741',#983,#982);
#985=DIRECTION('',(-1.E0,0.E0,0.E0));
#986=VECTOR('',#985,2.85E-1);
#987=CARTESIAN_POINT('',(4.85E-1,0.E0,-1.7E0));
#988=LINE('3849',#987,#986);
#989=DIRECTION('',(0.E0,0.E0,1.E0));
#990=VECTOR('',#989,5.E-1);
#991=CARTESIAN_POINT('',(2.E-1,0.E0,-1.7E0));
#992=LINE('3825',#991,#990);
#993=DIRECTION('',(1.E0,0.E0,0.E0));
#994=VECTOR('',#993,8.7E-1);
#995=CARTESIAN_POINT('',(2.E-1,0.E0,-1.2E0));
#996=LINE('3930',#995,#994);
#997=DIRECTION('',(0.E0,1.E0,0.E0));
#998=VECTOR('',#997,1.1E0);
#999=CARTESIAN_POINT('',(7.85E-1,0.E0,-1.7E0));
#1000=LINE('3734',#999,#998);
#1001=DIRECTION('',(0.E0,1.E0,0.E0));
#1002=VECTOR('',#1001,1.1E0);
#1003=CARTESIAN_POINT('',(6.35E-1,0.E0,-1.44E0));
#1004=LINE('3739',#1003,#1002);
#1005=DIRECTION('',(-1.E0,0.E0,0.E0));
#1006=VECTOR('',#1005,4.E-1);
#1007=CARTESIAN_POINT('',(2.E-1,0.E0,-1.7E0));
#1008=LINE('3836',#1007,#1006);
#1009=DIRECTION('',(0.E0,1.E0,0.E0));
#1010=VECTOR('',#1009,1.1E0);
#1011=CARTESIAN_POINT('',(4.85E-1,0.E0,-1.7E0));
#1012=LINE('3731',#1011,#1010);
#1013=DIRECTION('',(0.E0,0.E0,-1.E0));
#1014=VECTOR('',#1013,1.05E0);
#1015=CARTESIAN_POINT('',(2.E-1,0.E0,-1.7E0));
#1016=LINE('3874',#1015,#1014);
#1017=DIRECTION('',(0.E0,0.E0,-1.E0));
#1018=VECTOR('',#1017,6.5E-2);
#1019=CARTESIAN_POINT('',(-2.E-1,0.E0,-1.135E0));
#1020=LINE('3875',#1019,#1018);
#1021=CARTESIAN_POINT('',(-2.E-1,3.E-1,-1.135E0));
#1022=DIRECTION('',(1.E0,0.E0,0.E0));
#1023=DIRECTION('',(0.E0,-6.666666666667E-1,7.453559924999E-1));
#1024=AXIS2_PLACEMENT_3D('',#1021,#1022,#1023);
#1026=DIRECTION('',(0.E0,0.E0,-1.E0));
#1027=VECTOR('',#1026,1.05E0);
#1028=CARTESIAN_POINT('',(-2.E-1,0.E0,-1.7E0));
#1029=LINE('3876',#1028,#1027);
#1030=DIRECTION('',(0.E0,0.E0,1.E0));
#1031=VECTOR('',#1030,5.E-1);
#1032=CARTESIAN_POINT('',(-2.E-1,0.E0,-1.7E0));
#1033=LINE('3826',#1032,#1031);
#1034=DIRECTION('',(-1.E0,0.E0,0.E0));
#1035=VECTOR('',#1034,2.85E-1);
#1036=CARTESIAN_POINT('',(-2.E-1,0.E0,-1.7E0));
#1037=LINE('3850',#1036,#1035);
#1038=DIRECTION('',(-4.997224534896E-1,0.E0,8.661855860486E-1));
#1039=VECTOR('',#1038,3.001666203961E-1);
#1040=CARTESIAN_POINT('',(-4.85E-1,0.E0,-1.7E0));
#1041=LINE('3719',#1040,#1039);
#1042=DIRECTION('',(0.E0,0.E0,1.E0));
#1043=VECTOR('',#1042,2.4E-1);
#1044=CARTESIAN_POINT('',(-6.35E-1,0.E0,-1.44E0));
#1045=LINE('3767',#1044,#1043);
#1046=DIRECTION('',(1.E0,0.E0,0.E0));
#1047=VECTOR('',#1046,4.35E-1);
#1048=CARTESIAN_POINT('',(-6.35E-1,0.E0,-1.2E0));
#1049=LINE('3852',#1048,#1047);
#1050=DIRECTION('',(0.E0,1.E0,0.E0));
#1051=VECTOR('',#1050,1.1E0);
#1052=CARTESIAN_POINT('',(-4.85E-1,0.E0,-1.7E0));
#1053=LINE('3726',#1052,#1051);
#1054=DIRECTION('',(0.E0,0.E0,-1.E0));
#1055=VECTOR('',#1054,6.5E-2);
#1056=CARTESIAN_POINT('',(2.E-1,0.E0,-1.135E0));
#1057=LINE('3873',#1056,#1055);
#1058=DIRECTION('',(-1.E0,0.E0,0.E0));
#1059=VECTOR('',#1058,4.E-1);
#1060=CARTESIAN_POINT('',(2.E-1,0.E0,-1.135E0));
#1061=LINE('3816',#1060,#1059);
#1062=DIRECTION('',(0.E0,0.E0,-1.E0));
#1063=VECTOR('',#1062,1.615E0);
#1064=CARTESIAN_POINT('',(2.E-1,-4.E-1,-1.135E0));
#1065=LINE('3822',#1064,#1063);
#1066=CARTESIAN_POINT('',(2.E-1,3.E-1,-1.135E0));
#1067=DIRECTION('',(1.E0,0.E0,0.E0));
#1068=DIRECTION('',(0.E0,-2.857142857143E-1,9.583148474999E-1));
#1069=AXIS2_PLACEMENT_3D('',#1066,#1067,#1068);
#1071=DIRECTION('',(1.E0,0.E0,0.E0));
#1072=VECTOR('',#1071,4.E-1);
#1073=CARTESIAN_POINT('',(-2.E-1,-4.E-1,-2.75E0));
#1074=LINE('3817',#1073,#1072);
#1075=DIRECTION('',(0.E0,1.E0,0.E0));
#1076=VECTOR('',#1075,4.E-1);
#1077=CARTESIAN_POINT('',(2.E-1,-4.E-1,-2.75E0));
#1078=LINE('3818',#1077,#1076);
#1079=DIRECTION('',(-1.E0,0.E0,0.E0));
#1080=VECTOR('',#1079,4.E-1);
#1081=CARTESIAN_POINT('',(2.E-1,0.E0,-2.75E0));
#1082=LINE('3819',#1081,#1080);
#1083=DIRECTION('',(0.E0,-1.E0,0.E0));
#1084=VECTOR('',#1083,4.E-1);
#1085=CARTESIAN_POINT('',(-2.E-1,0.E0,-2.75E0));
#1086=LINE('3820',#1085,#1084);
#1087=DIRECTION('',(1.E0,0.E0,0.E0));
#1088=VECTOR('',#1087,4.E-1);
#1089=CARTESIAN_POINT('',(-2.E-1,-4.E-1,-1.135E0));
#1090=LINE('3815',#1089,#1088);
#1091=DIRECTION('',(0.E0,0.E0,-1.E0));
#1092=VECTOR('',#1091,1.615E0);
#1093=CARTESIAN_POINT('',(-2.E-1,-4.E-1,-1.135E0));
#1094=LINE('3821',#1093,#1092);
#1095=CARTESIAN_POINT('',(-2.E-1,3.E-1,-1.135E0));
#1096=DIRECTION('',(1.E0,0.E0,0.E0));
#1097=DIRECTION('',(0.E0,-2.857142857143E-1,9.583148474999E-1));
#1098=AXIS2_PLACEMENT_3D('',#1095,#1096,#1097);
#1100=CARTESIAN_POINT('',(2.E-1,3.E-1,-1.135E0));
#1101=DIRECTION('',(1.E0,0.E0,0.E0));
#1102=DIRECTION('',(0.E0,-6.666666666667E-1,7.453559924999E-1));
#1103=AXIS2_PLACEMENT_3D('',#1100,#1101,#1102);
#1105=DIRECTION('',(0.E0,0.E0,-1.E0));
#1106=VECTOR('',#1105,6.5E-2);
#1107=CARTESIAN_POINT('',(1.47E0,0.E0,-1.135E0));
#1108=LINE('3951',#1107,#1106);
#1109=DIRECTION('',(-1.E0,0.E0,0.E0));
#1110=VECTOR('',#1109,4.E-1);
#1111=CARTESIAN_POINT('',(1.47E0,0.E0,-1.135E0));
#1112=LINE('3894',#1111,#1110);
#1113=DIRECTION('',(0.E0,0.E0,-1.E0));
#1114=VECTOR('',#1113,1.615E0);
#1115=CARTESIAN_POINT('',(1.47E0,-4.E-1,-1.135E0));
#1116=LINE('3900',#1115,#1114);
#1117=CARTESIAN_POINT('',(1.47E0,3.E-1,-1.135E0));
#1118=DIRECTION('',(1.E0,0.E0,0.E0));
#1119=DIRECTION('',(0.E0,-2.857142857143E-1,9.583148474999E-1));
#1120=AXIS2_PLACEMENT_3D('',#1117,#1118,#1119);
#1122=DIRECTION('',(0.E0,0.E0,1.E0));
#1123=VECTOR('',#1122,5.E-1);
#1124=CARTESIAN_POINT('',(2.34E0,0.E0,-1.7E0));
#1125=LINE('3982',#1124,#1123);
#1126=DIRECTION('',(-1.E0,0.E0,0.E0));
#1127=VECTOR('',#1126,2.85E-1);
#1128=CARTESIAN_POINT('',(2.34E0,0.E0,-1.7E0));
#1129=LINE('4006',#1128,#1127);
#1130=DIRECTION('',(-4.997224534896E-1,0.E0,8.661855860486E-1));
#1131=VECTOR('',#1130,3.001666203961E-1);
#1132=CARTESIAN_POINT('',(2.055E0,0.E0,-1.7E0));
#1133=LINE('3760',#1132,#1131);
#1134=DIRECTION('',(-4.997224534896E-1,0.E0,-8.661855860486E-1));
#1135=VECTOR('',#1134,3.001666203961E-1);
#1136=CARTESIAN_POINT('',(1.905E0,0.E0,-1.44E0));
#1137=LINE('3757',#1136,#1135);
#1138=DIRECTION('',(-1.E0,0.E0,0.E0));
#1139=VECTOR('',#1138,2.85E-1);
#1140=CARTESIAN_POINT('',(1.755E0,0.E0,-1.7E0));
#1141=LINE('3927',#1140,#1139);
#1142=DIRECTION('',(0.E0,0.E0,1.E0));
#1143=VECTOR('',#1142,5.E-1);
#1144=CARTESIAN_POINT('',(1.47E0,0.E0,-1.7E0));
#1145=LINE('3903',#1144,#1143);
#1146=DIRECTION('',(1.E0,0.E0,0.E0));
#1147=VECTOR('',#1146,8.7E-1);
#1148=CARTESIAN_POINT('',(1.47E0,0.E0,-1.2E0));
#1149=LINE('4008',#1148,#1147);
#1150=DIRECTION('',(0.E0,0.E0,-1.E0));
#1151=VECTOR('',#1150,6.5E-2);
#1152=CARTESIAN_POINT('',(2.34E0,0.E0,-1.135E0));
#1153=LINE('4031',#1152,#1151);
#1154=CARTESIAN_POINT('',(2.34E0,3.E-1,-1.135E0));
#1155=DIRECTION('',(1.E0,0.E0,0.E0));
#1156=DIRECTION('',(0.E0,-6.666666666667E-1,7.453559924999E-1));
#1157=AXIS2_PLACEMENT_3D('',#1154,#1155,#1156);
#1159=DIRECTION('',(0.E0,0.E0,-1.E0));
#1160=VECTOR('',#1159,1.05E0);
#1161=CARTESIAN_POINT('',(2.34E0,0.E0,-1.7E0));
#1162=LINE('4032',#1161,#1160);
#1163=CARTESIAN_POINT('',(2.74E0,3.E-1,-1.135E0));
#1164=DIRECTION('',(1.E0,0.E0,0.E0));
#1165=DIRECTION('',(0.E0,-6.666666666667E-1,7.453559924999E-1));
#1166=AXIS2_PLACEMENT_3D('',#1163,#1164,#1165);
#1168=CARTESIAN_POINT('',(2.34E0,3.E-1,-1.135E0));
#1169=DIRECTION('',(1.E0,0.E0,0.E0));
#1170=DIRECTION('',(0.E0,-2.857142857143E-1,9.583148474999E-1));
#1171=AXIS2_PLACEMENT_3D('',#1168,#1169,#1170);
#1173=DIRECTION('',(1.E0,0.E0,0.E0));
#1174=VECTOR('',#1173,4.E-1);
#1175=CARTESIAN_POINT('',(2.34E0,-4.E-1,-1.135E0));
#1176=LINE('3971',#1175,#1174);
#1177=DIRECTION('',(0.E0,0.E0,-1.E0));
#1178=VECTOR('',#1177,1.615E0);
#1179=CARTESIAN_POINT('',(2.34E0,-4.E-1,-1.135E0));
#1180=LINE('3977',#1179,#1178);
#1181=DIRECTION('',(1.E0,0.E0,0.E0));
#1182=VECTOR('',#1181,4.E-1);
#1183=CARTESIAN_POINT('',(2.34E0,-4.E-1,-2.75E0));
#1184=LINE('3973',#1183,#1182);
#1185=DIRECTION('',(0.E0,1.E0,0.E0));
#1186=VECTOR('',#1185,4.E-1);
#1187=CARTESIAN_POINT('',(2.74E0,-4.E-1,-2.75E0));
#1188=LINE('3974',#1187,#1186);
#1189=DIRECTION('',(-1.E0,0.E0,0.E0));
#1190=VECTOR('',#1189,4.E-1);
#1191=CARTESIAN_POINT('',(2.74E0,0.E0,-2.75E0));
#1192=LINE('3975',#1191,#1190);
#1193=DIRECTION('',(0.E0,-1.E0,0.E0));
#1194=VECTOR('',#1193,4.E-1);
#1195=CARTESIAN_POINT('',(2.34E0,0.E0,-2.75E0));
#1196=LINE('3976',#1195,#1194);
#1197=DIRECTION('',(1.E0,0.E0,0.E0));
#1198=VECTOR('',#1197,4.E-1);
#1199=CARTESIAN_POINT('',(1.07E0,-4.E-1,-2.75E0));
#1200=LINE('3895',#1199,#1198);
#1201=DIRECTION('',(0.E0,1.E0,0.E0));
#1202=VECTOR('',#1201,4.E-1);
#1203=CARTESIAN_POINT('',(1.47E0,-4.E-1,-2.75E0));
#1204=LINE('3896',#1203,#1202);
#1205=DIRECTION('',(-1.E0,0.E0,0.E0));
#1206=VECTOR('',#1205,4.E-1);
#1207=CARTESIAN_POINT('',(1.47E0,0.E0,-2.75E0));
#1208=LINE('3897',#1207,#1206);
#1209=DIRECTION('',(0.E0,-1.E0,0.E0));
#1210=VECTOR('',#1209,4.E-1);
#1211=CARTESIAN_POINT('',(1.07E0,0.E0,-2.75E0));
#1212=LINE('3898',#1211,#1210);
#1213=DIRECTION('',(1.E0,0.E0,0.E0));
#1214=VECTOR('',#1213,4.E-1);
#1215=CARTESIAN_POINT('',(1.07E0,-4.E-1,-1.135E0));
#1216=LINE('3893',#1215,#1214);
#1217=DIRECTION('',(0.E0,0.E0,-1.E0));
#1218=VECTOR('',#1217,1.615E0);
#1219=CARTESIAN_POINT('',(1.07E0,-4.E-1,-1.135E0));
#1220=LINE('3899',#1219,#1218);
#1221=CARTESIAN_POINT('',(1.07E0,3.E-1,-1.135E0));
#1222=DIRECTION('',(1.E0,0.E0,0.E0));
#1223=DIRECTION('',(0.E0,-2.857142857143E-1,9.583148474999E-1));
#1224=AXIS2_PLACEMENT_3D('',#1221,#1222,#1223);
#1226=CARTESIAN_POINT('',(1.47E0,3.E-1,-1.135E0));
#1227=DIRECTION('',(1.E0,0.E0,0.E0));
#1228=DIRECTION('',(0.E0,-6.666666666667E-1,7.453559924999E-1));
#1229=AXIS2_PLACEMENT_3D('',#1226,#1227,#1228);
#1231=DIRECTION('',(0.E0,0.E0,1.E0));
#1232=VECTOR('',#1231,5.E-1);
#1233=CARTESIAN_POINT('',(4.01E0,0.E0,-1.7E0));
#1234=LINE('4059',#1233,#1232);
#1235=DIRECTION('',(1.E0,0.E0,0.E0));
#1236=VECTOR('',#1235,4.35E-1);
#1237=CARTESIAN_POINT('',(4.01E0,0.E0,-1.2E0));
#1238=LINE('4088',#1237,#1236);
#1239=DIRECTION('',(0.E0,0.E0,-1.E0));
#1240=VECTOR('',#1239,2.4E-1);
#1241=CARTESIAN_POINT('',(4.445E0,0.E0,-1.2E0));
#1242=LINE('3798',#1241,#1240);
#1243=DIRECTION('',(-4.997224534896E-1,0.E0,-8.661855860486E-1));
#1244=VECTOR('',#1243,3.001666203961E-1);
#1245=CARTESIAN_POINT('',(4.445E0,0.E0,-1.44E0));
#1246=LINE('3772',#1245,#1244);
#1247=DIRECTION('',(-1.E0,0.E0,0.E0));
#1248=VECTOR('',#1247,2.85E-1);
#1249=CARTESIAN_POINT('',(4.295E0,0.E0,-1.7E0));
#1250=LINE('4083',#1249,#1248);
#1251=DIRECTION('',(0.E0,0.E0,-1.E0));
#1252=VECTOR('',#1251,1.615E0);
#1253=CARTESIAN_POINT('',(4.01E0,-4.E-1,-1.135E0));
#1254=LINE('4056',#1253,#1252);
#1255=CARTESIAN_POINT('',(4.01E0,3.E-1,-1.135E0));
#1256=DIRECTION('',(1.E0,0.E0,0.E0));
#1257=DIRECTION('',(0.E0,-2.857142857143E-1,9.583148474999E-1));
#1258=AXIS2_PLACEMENT_3D('',#1255,#1256,#1257);
#1260=DIRECTION('',(0.E0,0.E0,-1.E0));
#1261=VECTOR('',#1260,1.05E0);
#1262=CARTESIAN_POINT('',(4.01E0,0.E0,-1.7E0));
#1263=LINE('4110',#1262,#1261);
#1264=DIRECTION('',(-1.E0,0.E0,0.E0));
#1265=VECTOR('',#1264,4.E-1);
#1266=CARTESIAN_POINT('',(4.01E0,0.E0,-1.7E0));
#1267=LINE('4080',#1266,#1265);
#1268=DIRECTION('',(0.E0,1.E0,0.E0));
#1269=VECTOR('',#1268,1.1E0);
#1270=CARTESIAN_POINT('',(4.295E0,0.E0,-1.7E0));
#1271=LINE('3783',#1270,#1269);
#1272=DIRECTION('',(0.E0,1.E0,0.E0));
#1273=VECTOR('',#1272,1.1E0);
#1274=CARTESIAN_POINT('',(4.445E0,0.E0,-1.44E0));
#1275=LINE('3782',#1274,#1273);
#1276=DIRECTION('',(1.E0,0.E0,0.E0));
#1277=VECTOR('',#1276,4.E-1);
#1278=CARTESIAN_POINT('',(3.61E0,-4.E-1,-2.75E0));
#1279=LINE('4051',#1278,#1277);
#1280=DIRECTION('',(0.E0,1.E0,0.E0));
#1281=VECTOR('',#1280,4.E-1);
#1282=CARTESIAN_POINT('',(4.01E0,-4.E-1,-2.75E0));
#1283=LINE('4052',#1282,#1281);
#1284=DIRECTION('',(-1.E0,0.E0,0.E0));
#1285=VECTOR('',#1284,4.E-1);
#1286=CARTESIAN_POINT('',(4.01E0,0.E0,-2.75E0));
#1287=LINE('4053',#1286,#1285);
#1288=DIRECTION('',(0.E0,-1.E0,0.E0));
#1289=VECTOR('',#1288,4.E-1);
#1290=CARTESIAN_POINT('',(3.61E0,0.E0,-2.75E0));
#1291=LINE('4054',#1290,#1289);
#1292=DIRECTION('',(1.E0,0.E0,0.E0));
#1293=VECTOR('',#1292,4.E-1);
#1294=CARTESIAN_POINT('',(3.61E0,-4.E-1,-1.135E0));
#1295=LINE('4049',#1294,#1293);
#1296=DIRECTION('',(0.E0,0.E0,-1.E0));
#1297=VECTOR('',#1296,1.615E0);
#1298=CARTESIAN_POINT('',(3.61E0,-4.E-1,-1.135E0));
#1299=LINE('4055',#1298,#1297);
#1300=CARTESIAN_POINT('',(3.61E0,3.E-1,-1.135E0));
#1301=DIRECTION('',(1.E0,0.E0,0.E0));
#1302=DIRECTION('',(0.E0,-2.857142857143E-1,9.583148474999E-1));
#1303=AXIS2_PLACEMENT_3D('',#1300,#1301,#1302);
#1305=CARTESIAN_POINT('',(4.01E0,3.E-1,-1.135E0));
#1306=DIRECTION('',(1.E0,0.E0,0.E0));
#1307=DIRECTION('',(0.E0,-6.666666666667E-1,7.453559924999E-1));
#1308=AXIS2_PLACEMENT_3D('',#1305,#1306,#1307);
#1310=DIRECTION('',(0.E0,1.E0,0.E0));
#1311=VECTOR('',#1310,1.1E0);
#1312=CARTESIAN_POINT('',(4.295E0,0.E0,1.7E0));
#1313=LINE('3780',#1312,#1311);
#1314=DIRECTION('',(0.E0,-1.E0,0.E0));
#1315=VECTOR('',#1314,3.E0);
#1316=CARTESIAN_POINT('',(-2.E-1,4.1E0,4.35E-1));
#1317=LINE('3853',#1316,#1315);
#1318=DIRECTION('',(0.E0,-1.E0,0.E0));
#1319=VECTOR('',#1318,3.E0);
#1320=CARTESIAN_POINT('',(2.E-1,4.1E0,4.35E-1));
#1321=LINE('3854',#1320,#1319);
#1322=DIRECTION('',(0.E0,-1.E0,0.E0));
#1323=VECTOR('',#1322,3.E0);
#1324=CARTESIAN_POINT('',(2.E-1,4.1E0,8.35E-1));
#1325=LINE('3855',#1324,#1323);
#1326=DIRECTION('',(0.E0,-1.E0,0.E0));
#1327=VECTOR('',#1326,3.E0);
#1328=CARTESIAN_POINT('',(-2.E-1,4.1E0,8.35E-1));
#1329=LINE('3856',#1328,#1327);
#1330=DIRECTION('',(1.E0,0.E0,0.E0));
#1331=VECTOR('',#1330,4.E-1);
#1332=CARTESIAN_POINT('',(-2.E-1,4.1E0,4.35E-1));
#1333=LINE('3799',#1332,#1331);
#1334=DIRECTION('',(0.E0,0.E0,1.E0));
#1335=VECTOR('',#1334,4.E-1);
#1336=CARTESIAN_POINT('',(2.E-1,4.1E0,4.35E-1));
#1337=LINE('3800',#1336,#1335);
#1338=DIRECTION('',(-1.E0,0.E0,0.E0));
#1339=VECTOR('',#1338,4.E-1);
#1340=CARTESIAN_POINT('',(2.E-1,4.1E0,8.35E-1));
#1341=LINE('3801',#1340,#1339);
#1342=DIRECTION('',(0.E0,0.E0,-1.E0));
#1343=VECTOR('',#1342,4.E-1);
#1344=CARTESIAN_POINT('',(-2.E-1,4.1E0,8.35E-1));
#1345=LINE('3802',#1344,#1343);
#1346=DIRECTION('',(0.E0,-1.E0,0.E0));
#1347=VECTOR('',#1346,3.E0);
#1348=CARTESIAN_POINT('',(-2.E-1,4.1E0,-4.35E-1));
#1349=LINE('3865',#1348,#1347);
#1350=DIRECTION('',(0.E0,-1.E0,0.E0));
#1351=VECTOR('',#1350,3.E0);
#1352=CARTESIAN_POINT('',(-2.E-1,4.1E0,-8.35E-1));
#1353=LINE('3868',#1352,#1351);
#1354=DIRECTION('',(0.E0,-1.E0,0.E0));
#1355=VECTOR('',#1354,3.E0);
#1356=CARTESIAN_POINT('',(2.E-1,4.1E0,-8.35E-1));
#1357=LINE('3867',#1356,#1355);
#1358=DIRECTION('',(0.E0,-1.E0,0.E0));
#1359=VECTOR('',#1358,3.E0);
#1360=CARTESIAN_POINT('',(2.E-1,4.1E0,-4.35E-1));
#1361=LINE('3866',#1360,#1359);
#1362=DIRECTION('',(1.E0,0.E0,0.E0));
#1363=VECTOR('',#1362,4.E-1);
#1364=CARTESIAN_POINT('',(-2.E-1,4.1E0,-4.35E-1));
#1365=LINE('3811',#1364,#1363);
#1366=DIRECTION('',(0.E0,0.E0,1.E0));
#1367=VECTOR('',#1366,4.E-1);
#1368=CARTESIAN_POINT('',(-2.E-1,4.1E0,-8.35E-1));
#1369=LINE('3814',#1368,#1367);
#1370=DIRECTION('',(-1.E0,0.E0,0.E0));
#1371=VECTOR('',#1370,4.E-1);
#1372=CARTESIAN_POINT('',(2.E-1,4.1E0,-8.35E-1));
#1373=LINE('3813',#1372,#1371);
#1374=DIRECTION('',(0.E0,0.E0,-1.E0));
#1375=VECTOR('',#1374,4.E-1);
#1376=CARTESIAN_POINT('',(2.E-1,4.1E0,-4.35E-1));
#1377=LINE('3812',#1376,#1375);
#1378=DIRECTION('',(0.E0,-1.E0,0.E0));
#1379=VECTOR('',#1378,3.E0);
#1380=CARTESIAN_POINT('',(1.07E0,4.1E0,4.35E-1));
#1381=LINE('3931',#1380,#1379);
#1382=DIRECTION('',(0.E0,-1.E0,0.E0));
#1383=VECTOR('',#1382,3.E0);
#1384=CARTESIAN_POINT('',(1.47E0,4.1E0,4.35E-1));
#1385=LINE('3932',#1384,#1383);
#1386=DIRECTION('',(0.E0,-1.E0,0.E0));
#1387=VECTOR('',#1386,3.E0);
#1388=CARTESIAN_POINT('',(1.47E0,4.1E0,8.35E-1));
#1389=LINE('3933',#1388,#1387);
#1390=DIRECTION('',(0.E0,-1.E0,0.E0));
#1391=VECTOR('',#1390,3.E0);
#1392=CARTESIAN_POINT('',(1.07E0,4.1E0,8.35E-1));
#1393=LINE('3934',#1392,#1391);
#1394=DIRECTION('',(1.E0,0.E0,0.E0));
#1395=VECTOR('',#1394,4.E-1);
#1396=CARTESIAN_POINT('',(1.07E0,4.1E0,4.35E-1));
#1397=LINE('3877',#1396,#1395);
#1398=DIRECTION('',(0.E0,0.E0,1.E0));
#1399=VECTOR('',#1398,4.E-1);
#1400=CARTESIAN_POINT('',(1.47E0,4.1E0,4.35E-1));
#1401=LINE('3878',#1400,#1399);
#1402=DIRECTION('',(-1.E0,0.E0,0.E0));
#1403=VECTOR('',#1402,4.E-1);
#1404=CARTESIAN_POINT('',(1.47E0,4.1E0,8.35E-1));
#1405=LINE('3879',#1404,#1403);
#1406=DIRECTION('',(0.E0,0.E0,-1.E0));
#1407=VECTOR('',#1406,4.E-1);
#1408=CARTESIAN_POINT('',(1.07E0,4.1E0,8.35E-1));
#1409=LINE('3880',#1408,#1407);
#1410=DIRECTION('',(0.E0,-1.E0,0.E0));
#1411=VECTOR('',#1410,3.E0);
#1412=CARTESIAN_POINT('',(1.07E0,4.1E0,-4.35E-1));
#1413=LINE('3943',#1412,#1411);
#1414=DIRECTION('',(0.E0,-1.E0,0.E0));
#1415=VECTOR('',#1414,3.E0);
#1416=CARTESIAN_POINT('',(1.07E0,4.1E0,-8.35E-1));
#1417=LINE('3946',#1416,#1415);
#1418=DIRECTION('',(0.E0,-1.E0,0.E0));
#1419=VECTOR('',#1418,3.E0);
#1420=CARTESIAN_POINT('',(1.47E0,4.1E0,-8.35E-1));
#1421=LINE('3945',#1420,#1419);
#1422=DIRECTION('',(0.E0,-1.E0,0.E0));
#1423=VECTOR('',#1422,3.E0);
#1424=CARTESIAN_POINT('',(1.47E0,4.1E0,-4.35E-1));
#1425=LINE('3944',#1424,#1423);
#1426=DIRECTION('',(1.E0,0.E0,0.E0));
#1427=VECTOR('',#1426,4.E-1);
#1428=CARTESIAN_POINT('',(1.07E0,4.1E0,-4.35E-1));
#1429=LINE('3889',#1428,#1427);
#1430=DIRECTION('',(0.E0,0.E0,1.E0));
#1431=VECTOR('',#1430,4.E-1);
#1432=CARTESIAN_POINT('',(1.07E0,4.1E0,-8.35E-1));
#1433=LINE('3892',#1432,#1431);
#1434=DIRECTION('',(-1.E0,0.E0,0.E0));
#1435=VECTOR('',#1434,4.E-1);
#1436=CARTESIAN_POINT('',(1.47E0,4.1E0,-8.35E-1));
#1437=LINE('3891',#1436,#1435);
#1438=DIRECTION('',(0.E0,0.E0,-1.E0));
#1439=VECTOR('',#1438,4.E-1);
#1440=CARTESIAN_POINT('',(1.47E0,4.1E0,-4.35E-1));
#1441=LINE('3890',#1440,#1439);
#1442=DIRECTION('',(0.E0,-1.E0,0.E0));
#1443=VECTOR('',#1442,3.E0);
#1444=CARTESIAN_POINT('',(2.34E0,4.1E0,4.35E-1));
#1445=LINE('4009',#1444,#1443);
#1446=DIRECTION('',(0.E0,-1.E0,0.E0));
#1447=VECTOR('',#1446,3.E0);
#1448=CARTESIAN_POINT('',(2.74E0,4.1E0,4.35E-1));
#1449=LINE('4010',#1448,#1447);
#1450=DIRECTION('',(0.E0,-1.E0,0.E0));
#1451=VECTOR('',#1450,3.E0);
#1452=CARTESIAN_POINT('',(2.74E0,4.1E0,8.35E-1));
#1453=LINE('4011',#1452,#1451);
#1454=DIRECTION('',(0.E0,-1.E0,0.E0));
#1455=VECTOR('',#1454,3.E0);
#1456=CARTESIAN_POINT('',(2.34E0,4.1E0,8.35E-1));
#1457=LINE('4012',#1456,#1455);
#1458=DIRECTION('',(1.E0,0.E0,0.E0));
#1459=VECTOR('',#1458,4.E-1);
#1460=CARTESIAN_POINT('',(2.34E0,4.1E0,4.35E-1));
#1461=LINE('3955',#1460,#1459);
#1462=DIRECTION('',(0.E0,0.E0,1.E0));
#1463=VECTOR('',#1462,4.E-1);
#1464=CARTESIAN_POINT('',(2.74E0,4.1E0,4.35E-1));
#1465=LINE('3956',#1464,#1463);
#1466=DIRECTION('',(-1.E0,0.E0,0.E0));
#1467=VECTOR('',#1466,4.E-1);
#1468=CARTESIAN_POINT('',(2.74E0,4.1E0,8.35E-1));
#1469=LINE('3957',#1468,#1467);
#1470=DIRECTION('',(0.E0,0.E0,-1.E0));
#1471=VECTOR('',#1470,4.E-1);
#1472=CARTESIAN_POINT('',(2.34E0,4.1E0,8.35E-1));
#1473=LINE('3958',#1472,#1471);
#1474=DIRECTION('',(0.E0,-1.E0,0.E0));
#1475=VECTOR('',#1474,3.E0);
#1476=CARTESIAN_POINT('',(2.34E0,4.1E0,-4.35E-1));
#1477=LINE('4021',#1476,#1475);
#1478=DIRECTION('',(0.E0,-1.E0,0.E0));
#1479=VECTOR('',#1478,3.E0);
#1480=CARTESIAN_POINT('',(2.34E0,4.1E0,-8.35E-1));
#1481=LINE('4024',#1480,#1479);
#1482=DIRECTION('',(0.E0,-1.E0,0.E0));
#1483=VECTOR('',#1482,3.E0);
#1484=CARTESIAN_POINT('',(2.74E0,4.1E0,-8.35E-1));
#1485=LINE('4023',#1484,#1483);
#1486=DIRECTION('',(0.E0,-1.E0,0.E0));
#1487=VECTOR('',#1486,3.E0);
#1488=CARTESIAN_POINT('',(2.74E0,4.1E0,-4.35E-1));
#1489=LINE('4022',#1488,#1487);
#1490=DIRECTION('',(1.E0,0.E0,0.E0));
#1491=VECTOR('',#1490,4.E-1);
#1492=CARTESIAN_POINT('',(2.34E0,4.1E0,-4.35E-1));
#1493=LINE('3967',#1492,#1491);
#1494=DIRECTION('',(0.E0,0.E0,1.E0));
#1495=VECTOR('',#1494,4.E-1);
#1496=CARTESIAN_POINT('',(2.34E0,4.1E0,-8.35E-1));
#1497=LINE('3970',#1496,#1495);
#1498=DIRECTION('',(-1.E0,0.E0,0.E0));
#1499=VECTOR('',#1498,4.E-1);
#1500=CARTESIAN_POINT('',(2.74E0,4.1E0,-8.35E-1));
#1501=LINE('3969',#1500,#1499);
#1502=DIRECTION('',(0.E0,0.E0,-1.E0));
#1503=VECTOR('',#1502,4.E-1);
#1504=CARTESIAN_POINT('',(2.74E0,4.1E0,-4.35E-1));
#1505=LINE('3968',#1504,#1503);
#1506=DIRECTION('',(0.E0,-1.E0,0.E0));
#1507=VECTOR('',#1506,3.E0);
#1508=CARTESIAN_POINT('',(3.61E0,4.1E0,4.35E-1));
#1509=LINE('4089',#1508,#1507);
#1510=DIRECTION('',(0.E0,-1.E0,0.E0));
#1511=VECTOR('',#1510,3.E0);
#1512=CARTESIAN_POINT('',(4.01E0,4.1E0,4.35E-1));
#1513=LINE('4090',#1512,#1511);
#1514=DIRECTION('',(0.E0,-1.E0,0.E0));
#1515=VECTOR('',#1514,3.E0);
#1516=CARTESIAN_POINT('',(4.01E0,4.1E0,8.35E-1));
#1517=LINE('4091',#1516,#1515);
#1518=DIRECTION('',(0.E0,-1.E0,0.E0));
#1519=VECTOR('',#1518,3.E0);
#1520=CARTESIAN_POINT('',(3.61E0,4.1E0,8.35E-1));
#1521=LINE('4092',#1520,#1519);
#1522=DIRECTION('',(1.E0,0.E0,0.E0));
#1523=VECTOR('',#1522,4.E-1);
#1524=CARTESIAN_POINT('',(3.61E0,4.1E0,4.35E-1));
#1525=LINE('4033',#1524,#1523);
#1526=DIRECTION('',(0.E0,0.E0,1.E0));
#1527=VECTOR('',#1526,4.E-1);
#1528=CARTESIAN_POINT('',(4.01E0,4.1E0,4.35E-1));
#1529=LINE('4034',#1528,#1527);
#1530=DIRECTION('',(-1.E0,0.E0,0.E0));
#1531=VECTOR('',#1530,4.E-1);
#1532=CARTESIAN_POINT('',(4.01E0,4.1E0,8.35E-1));
#1533=LINE('4035',#1532,#1531);
#1534=DIRECTION('',(0.E0,0.E0,-1.E0));
#1535=VECTOR('',#1534,4.E-1);
#1536=CARTESIAN_POINT('',(3.61E0,4.1E0,8.35E-1));
#1537=LINE('4036',#1536,#1535);
#1538=DIRECTION('',(0.E0,-1.E0,0.E0));
#1539=VECTOR('',#1538,3.E0);
#1540=CARTESIAN_POINT('',(3.61E0,4.1E0,-4.35E-1));
#1541=LINE('4101',#1540,#1539);
#1542=DIRECTION('',(0.E0,-1.E0,0.E0));
#1543=VECTOR('',#1542,3.E0);
#1544=CARTESIAN_POINT('',(3.61E0,4.1E0,-8.35E-1));
#1545=LINE('4104',#1544,#1543);
#1546=DIRECTION('',(0.E0,-1.E0,0.E0));
#1547=VECTOR('',#1546,3.E0);
#1548=CARTESIAN_POINT('',(4.01E0,4.1E0,-8.35E-1));
#1549=LINE('4103',#1548,#1547);
#1550=DIRECTION('',(0.E0,-1.E0,0.E0));
#1551=VECTOR('',#1550,3.E0);
#1552=CARTESIAN_POINT('',(4.01E0,4.1E0,-4.35E-1));
#1553=LINE('4102',#1552,#1551);
#1554=DIRECTION('',(1.E0,0.E0,0.E0));
#1555=VECTOR('',#1554,4.E-1);
#1556=CARTESIAN_POINT('',(3.61E0,4.1E0,-4.35E-1));
#1557=LINE('4045',#1556,#1555);
#1558=DIRECTION('',(0.E0,0.E0,1.E0));
#1559=VECTOR('',#1558,4.E-1);
#1560=CARTESIAN_POINT('',(3.61E0,4.1E0,-8.35E-1));
#1561=LINE('4048',#1560,#1559);
#1562=DIRECTION('',(-1.E0,0.E0,0.E0));
#1563=VECTOR('',#1562,4.E-1);
#1564=CARTESIAN_POINT('',(4.01E0,4.1E0,-8.35E-1));
#1565=LINE('4047',#1564,#1563);
#1566=DIRECTION('',(0.E0,0.E0,-1.E0));
#1567=VECTOR('',#1566,4.E-1);
#1568=CARTESIAN_POINT('',(4.01E0,4.1E0,-4.35E-1));
#1569=LINE('4046',#1568,#1567);
#1570=CARTESIAN_POINT('',(-2.E-1,3.E-1,1.135E0));
#1571=DIRECTION('',(-1.E0,0.E0,0.E0));
#1572=DIRECTION('',(0.E0,-2.857142857143E-1,-9.583148474999E-1));
#1573=AXIS2_PLACEMENT_3D('',#1570,#1571,#1572);
#1575=DIRECTION('',(1.E0,0.E0,0.E0));
#1576=VECTOR('',#1575,4.E-1);
#1577=CARTESIAN_POINT('',(-2.E-1,-4.E-1,1.135E0));
#1578=LINE('3803',#1577,#1576);
#1579=DIRECTION('',(0.E0,0.E0,1.E0));
#1580=VECTOR('',#1579,1.615E0);
#1581=CARTESIAN_POINT('',(-2.E-1,-4.E-1,1.135E0));
#1582=LINE('3809',#1581,#1580);
#1583=DIRECTION('',(1.E0,0.E0,0.E0));
#1584=VECTOR('',#1583,4.E-1);
#1585=CARTESIAN_POINT('',(-2.E-1,-4.E-1,2.75E0));
#1586=LINE('3805',#1585,#1584);
#1587=DIRECTION('',(0.E0,-1.E0,0.E0));
#1588=VECTOR('',#1587,4.E-1);
#1589=CARTESIAN_POINT('',(-2.E-1,0.E0,2.75E0));
#1590=LINE('3808',#1589,#1588);
#1591=DIRECTION('',(-1.E0,0.E0,0.E0));
#1592=VECTOR('',#1591,4.E-1);
#1593=CARTESIAN_POINT('',(2.E-1,0.E0,2.75E0));
#1594=LINE('3807',#1593,#1592);
#1595=DIRECTION('',(0.E0,1.E0,0.E0));
#1596=VECTOR('',#1595,4.E-1);
#1597=CARTESIAN_POINT('',(2.E-1,-4.E-1,2.75E0));
#1598=LINE('3806',#1597,#1596);
#1599=CARTESIAN_POINT('',(1.47E0,3.E-1,1.135E0));
#1600=DIRECTION('',(-1.E0,0.E0,0.E0));
#1601=DIRECTION('',(0.E0,-6.666666666667E-1,-7.453559924999E-1));
#1602=AXIS2_PLACEMENT_3D('',#1599,#1600,#1601);
#1604=CARTESIAN_POINT('',(2.74E0,3.E-1,1.135E0));
#1605=DIRECTION('',(-1.E0,0.E0,0.E0));
#1606=DIRECTION('',(0.E0,-6.666666666667E-1,-7.453559924999E-1));
#1607=AXIS2_PLACEMENT_3D('',#1604,#1605,#1606);
#1609=CARTESIAN_POINT('',(-4.85E-1,0.E0,-1.7E0));
#1610=CARTESIAN_POINT('',(-6.35E-1,0.E0,-1.44E0));
#1611=VERTEX_POINT('',#1609);
#1612=VERTEX_POINT('',#1610);
#1613=CARTESIAN_POINT('',(-6.35E-1,0.E0,1.44E0));
#1614=CARTESIAN_POINT('',(-4.85E-1,0.E0,1.7E0));
#1615=VERTEX_POINT('',#1613);
#1616=VERTEX_POINT('',#1614);
#1617=CARTESIAN_POINT('',(-4.85E-1,1.1E0,-1.7E0));
#1618=CARTESIAN_POINT('',(-6.35E-1,1.1E0,-1.44E0));
#1619=VERTEX_POINT('',#1617);
#1620=VERTEX_POINT('',#1618);
#1621=CARTESIAN_POINT('',(-6.35E-1,1.1E0,1.44E0));
#1622=VERTEX_POINT('',#1621);
#1623=CARTESIAN_POINT('',(-4.85E-1,1.1E0,1.7E0));
#1624=VERTEX_POINT('',#1623);
#1625=CARTESIAN_POINT('',(4.85E-1,1.1E0,1.7E0));
#1626=VERTEX_POINT('',#1625);
#1627=CARTESIAN_POINT('',(4.85E-1,1.1E0,-1.7E0));
#1628=VERTEX_POINT('',#1627);
#1629=CARTESIAN_POINT('',(4.85E-1,0.E0,1.7E0));
#1630=VERTEX_POINT('',#1629);
#1631=CARTESIAN_POINT('',(4.85E-1,0.E0,-1.7E0));
#1632=VERTEX_POINT('',#1631);
#1633=CARTESIAN_POINT('',(7.85E-1,1.1E0,1.7E0));
#1634=CARTESIAN_POINT('',(1.755E0,1.1E0,1.7E0));
#1635=VERTEX_POINT('',#1633);
#1636=VERTEX_POINT('',#1634);
#1637=CARTESIAN_POINT('',(1.755E0,1.1E0,-1.7E0));
#1638=CARTESIAN_POINT('',(7.85E-1,1.1E0,-1.7E0));
#1639=VERTEX_POINT('',#1637);
#1640=VERTEX_POINT('',#1638);
#1641=CARTESIAN_POINT('',(7.85E-1,0.E0,-1.7E0));
#1642=VERTEX_POINT('',#1641);
#1643=CARTESIAN_POINT('',(7.85E-1,0.E0,1.7E0));
#1644=VERTEX_POINT('',#1643);
#1645=CARTESIAN_POINT('',(1.755E0,0.E0,1.7E0));
#1646=VERTEX_POINT('',#1645);
#1647=CARTESIAN_POINT('',(1.755E0,0.E0,-1.7E0));
#1648=VERTEX_POINT('',#1647);
#1649=CARTESIAN_POINT('',(6.35E-1,0.E0,1.44E0));
#1650=CARTESIAN_POINT('',(6.35E-1,1.1E0,1.44E0));
#1651=VERTEX_POINT('',#1649);
#1652=VERTEX_POINT('',#1650);
#1653=CARTESIAN_POINT('',(6.35E-1,0.E0,-1.44E0));
#1654=CARTESIAN_POINT('',(6.35E-1,1.1E0,-1.44E0));
#1655=VERTEX_POINT('',#1653);
#1656=VERTEX_POINT('',#1654);
#1657=CARTESIAN_POINT('',(2.055E0,1.1E0,1.7E0));
#1658=CARTESIAN_POINT('',(3.025E0,1.1E0,1.7E0));
#1659=VERTEX_POINT('',#1657);
#1660=VERTEX_POINT('',#1658);
#1661=CARTESIAN_POINT('',(3.025E0,1.1E0,-1.7E0));
#1662=CARTESIAN_POINT('',(2.055E0,1.1E0,-1.7E0));
#1663=VERTEX_POINT('',#1661);
#1664=VERTEX_POINT('',#1662);
#1665=CARTESIAN_POINT('',(2.055E0,0.E0,-1.7E0));
#1666=VERTEX_POINT('',#1665);
#1667=CARTESIAN_POINT('',(2.055E0,0.E0,1.7E0));
#1668=VERTEX_POINT('',#1667);
#1669=CARTESIAN_POINT('',(3.025E0,0.E0,1.7E0));
#1670=VERTEX_POINT('',#1669);
#1671=CARTESIAN_POINT('',(3.025E0,0.E0,-1.7E0));
#1672=VERTEX_POINT('',#1671);
#1673=CARTESIAN_POINT('',(1.905E0,0.E0,1.44E0));
#1674=CARTESIAN_POINT('',(1.905E0,1.1E0,1.44E0));
#1675=VERTEX_POINT('',#1673);
#1676=VERTEX_POINT('',#1674);
#1677=CARTESIAN_POINT('',(1.905E0,0.E0,-1.44E0));
#1678=CARTESIAN_POINT('',(1.905E0,1.1E0,-1.44E0));
#1679=VERTEX_POINT('',#1677);
#1680=VERTEX_POINT('',#1678);
#1681=CARTESIAN_POINT('',(-6.35E-1,0.E0,1.2E0));
#1682=CARTESIAN_POINT('',(-6.35E-1,1.E-1,1.2E0));
#1683=VERTEX_POINT('',#1681);
#1684=VERTEX_POINT('',#1682);
#1685=CARTESIAN_POINT('',(-6.35E-1,1.E-1,-1.2E0));
#1686=VERTEX_POINT('',#1685);
#1687=CARTESIAN_POINT('',(-6.35E-1,0.E0,-1.2E0));
#1688=VERTEX_POINT('',#1687);
#1689=CARTESIAN_POINT('',(4.445E0,1.E-1,1.2E0));
#1690=VERTEX_POINT('',#1689);
#1691=CARTESIAN_POINT('',(4.445E0,1.E-1,-1.2E0));
#1692=VERTEX_POINT('',#1691);
#1693=CARTESIAN_POINT('',(4.295E0,0.E0,1.7E0));
#1694=CARTESIAN_POINT('',(4.445E0,0.E0,1.44E0));
#1695=VERTEX_POINT('',#1693);
#1696=VERTEX_POINT('',#1694);
#1697=CARTESIAN_POINT('',(4.445E0,0.E0,-1.44E0));
#1698=CARTESIAN_POINT('',(4.295E0,0.E0,-1.7E0));
#1699=VERTEX_POINT('',#1697);
#1700=VERTEX_POINT('',#1698);
#1701=CARTESIAN_POINT('',(3.325E0,1.1E0,1.7E0));
#1702=CARTESIAN_POINT('',(4.295E0,1.1E0,1.7E0));
#1703=VERTEX_POINT('',#1701);
#1704=VERTEX_POINT('',#1702);
#1705=CARTESIAN_POINT('',(4.445E0,1.1E0,1.44E0));
#1706=VERTEX_POINT('',#1705);
#1707=CARTESIAN_POINT('',(4.445E0,1.1E0,-1.44E0));
#1708=VERTEX_POINT('',#1707);
#1709=CARTESIAN_POINT('',(4.295E0,1.1E0,-1.7E0));
#1710=VERTEX_POINT('',#1709);
#1711=CARTESIAN_POINT('',(3.325E0,1.1E0,-1.7E0));
#1712=VERTEX_POINT('',#1711);
#1713=CARTESIAN_POINT('',(3.325E0,0.E0,-1.7E0));
#1714=VERTEX_POINT('',#1713);
#1715=CARTESIAN_POINT('',(3.325E0,0.E0,1.7E0));
#1716=VERTEX_POINT('',#1715);
#1717=CARTESIAN_POINT('',(3.175E0,0.E0,1.44E0));
#1718=CARTESIAN_POINT('',(3.175E0,1.1E0,1.44E0));
#1719=VERTEX_POINT('',#1717);
#1720=VERTEX_POINT('',#1718);
#1721=CARTESIAN_POINT('',(3.175E0,0.E0,-1.44E0));
#1722=CARTESIAN_POINT('',(3.175E0,1.1E0,-1.44E0));
#1723=VERTEX_POINT('',#1721);
#1724=VERTEX_POINT('',#1722);
#1725=CARTESIAN_POINT('',(4.445E0,0.E0,1.2E0));
#1726=VERTEX_POINT('',#1725);
#1727=CARTESIAN_POINT('',(4.445E0,0.E0,-1.2E0));
#1728=VERTEX_POINT('',#1727);
#1729=CARTESIAN_POINT('',(-2.E-1,4.1E0,4.35E-1));
#1730=CARTESIAN_POINT('',(2.E-1,4.1E0,4.35E-1));
#1731=VERTEX_POINT('',#1729);
#1732=VERTEX_POINT('',#1730);
#1733=CARTESIAN_POINT('',(2.E-1,4.1E0,8.35E-1));
#1734=VERTEX_POINT('',#1733);
#1735=CARTESIAN_POINT('',(-2.E-1,4.1E0,8.35E-1));
#1736=VERTEX_POINT('',#1735);
#1737=CARTESIAN_POINT('',(-2.E-1,-4.E-1,1.135E0));
#1738=CARTESIAN_POINT('',(2.E-1,-4.E-1,1.135E0));
#1739=VERTEX_POINT('',#1737);
#1740=VERTEX_POINT('',#1738);
#1741=CARTESIAN_POINT('',(2.E-1,0.E0,1.135E0));
#1742=CARTESIAN_POINT('',(-2.E-1,0.E0,1.135E0));
#1743=VERTEX_POINT('',#1741);
#1744=VERTEX_POINT('',#1742);
#1745=CARTESIAN_POINT('',(-2.E-1,-4.E-1,2.75E0));
#1746=CARTESIAN_POINT('',(2.E-1,-4.E-1,2.75E0));
#1747=VERTEX_POINT('',#1745);
#1748=VERTEX_POINT('',#1746);
#1749=CARTESIAN_POINT('',(2.E-1,0.E0,2.75E0));
#1750=VERTEX_POINT('',#1749);
#1751=CARTESIAN_POINT('',(-2.E-1,0.E0,2.75E0));
#1752=VERTEX_POINT('',#1751);
#1753=CARTESIAN_POINT('',(-2.E-1,4.1E0,-4.35E-1));
#1754=CARTESIAN_POINT('',(2.E-1,4.1E0,-4.35E-1));
#1755=VERTEX_POINT('',#1753);
#1756=VERTEX_POINT('',#1754);
#1757=CARTESIAN_POINT('',(2.E-1,4.1E0,-8.35E-1));
#1758=VERTEX_POINT('',#1757);
#1759=CARTESIAN_POINT('',(-2.E-1,4.1E0,-8.35E-1));
#1760=VERTEX_POINT('',#1759);
#1761=CARTESIAN_POINT('',(-2.E-1,-4.E-1,-1.135E0));
#1762=CARTESIAN_POINT('',(2.E-1,-4.E-1,-1.135E0));
#1763=VERTEX_POINT('',#1761);
#1764=VERTEX_POINT('',#1762);
#1765=CARTESIAN_POINT('',(2.E-1,0.E0,-1.135E0));
#1766=CARTESIAN_POINT('',(-2.E-1,0.E0,-1.135E0));
#1767=VERTEX_POINT('',#1765);
#1768=VERTEX_POINT('',#1766);
#1769=CARTESIAN_POINT('',(-2.E-1,-4.E-1,-2.75E0));
#1770=CARTESIAN_POINT('',(2.E-1,-4.E-1,-2.75E0));
#1771=VERTEX_POINT('',#1769);
#1772=VERTEX_POINT('',#1770);
#1773=CARTESIAN_POINT('',(2.E-1,0.E0,-2.75E0));
#1774=VERTEX_POINT('',#1773);
#1775=CARTESIAN_POINT('',(-2.E-1,0.E0,-2.75E0));
#1776=VERTEX_POINT('',#1775);
#1777=CARTESIAN_POINT('',(2.E-1,0.E0,1.7E0));
#1778=CARTESIAN_POINT('',(2.E-1,0.E0,1.2E0));
#1779=VERTEX_POINT('',#1777);
#1780=VERTEX_POINT('',#1778);
#1781=CARTESIAN_POINT('',(-2.E-1,0.E0,1.7E0));
#1782=CARTESIAN_POINT('',(-2.E-1,0.E0,1.2E0));
#1783=VERTEX_POINT('',#1781);
#1784=VERTEX_POINT('',#1782);
#1785=CARTESIAN_POINT('',(2.E-1,0.E0,-1.7E0));
#1786=CARTESIAN_POINT('',(2.E-1,0.E0,-1.2E0));
#1787=VERTEX_POINT('',#1785);
#1788=VERTEX_POINT('',#1786);
#1789=CARTESIAN_POINT('',(-2.E-1,0.E0,-1.7E0));
#1790=CARTESIAN_POINT('',(-2.E-1,0.E0,-1.2E0));
#1791=VERTEX_POINT('',#1789);
#1792=VERTEX_POINT('',#1790);
#1793=CARTESIAN_POINT('',(-2.E-1,1.1E0,4.35E-1));
#1794=CARTESIAN_POINT('',(2.E-1,1.1E0,4.35E-1));
#1795=VERTEX_POINT('',#1793);
#1796=VERTEX_POINT('',#1794);
#1797=CARTESIAN_POINT('',(2.E-1,1.1E0,8.35E-1));
#1798=VERTEX_POINT('',#1797);
#1799=CARTESIAN_POINT('',(-2.E-1,1.1E0,8.35E-1));
#1800=VERTEX_POINT('',#1799);
#1801=CARTESIAN_POINT('',(-2.E-1,1.1E0,-4.35E-1));
#1802=CARTESIAN_POINT('',(2.E-1,1.1E0,-4.35E-1));
#1803=VERTEX_POINT('',#1801);
#1804=VERTEX_POINT('',#1802);
#1805=CARTESIAN_POINT('',(2.E-1,1.1E0,-8.35E-1));
#1806=VERTEX_POINT('',#1805);
#1807=CARTESIAN_POINT('',(-2.E-1,1.1E0,-8.35E-1));
#1808=VERTEX_POINT('',#1807);
#1809=CARTESIAN_POINT('',(2.E-1,1.E-1,9.113932022500E-1));
#1810=CARTESIAN_POINT('',(2.E-1,1.E-1,4.641796067501E-1));
#1811=VERTEX_POINT('',#1809);
#1812=VERTEX_POINT('',#1810);
#1813=CARTESIAN_POINT('',(-2.E-1,1.E-1,9.113932022500E-1));
#1814=CARTESIAN_POINT('',(-2.E-1,1.E-1,4.641796067501E-1));
#1815=VERTEX_POINT('',#1813);
#1816=VERTEX_POINT('',#1814);
#1817=CARTESIAN_POINT('',(2.E-1,1.E-1,-9.113932022500E-1));
#1818=CARTESIAN_POINT('',(2.E-1,1.E-1,-4.641796067501E-1));
#1819=VERTEX_POINT('',#1817);
#1820=VERTEX_POINT('',#1818);
#1821=CARTESIAN_POINT('',(-2.E-1,1.E-1,-9.113932022500E-1));
#1822=CARTESIAN_POINT('',(-2.E-1,1.E-1,-4.641796067501E-1));
#1823=VERTEX_POINT('',#1821);
#1824=VERTEX_POINT('',#1822);
#1825=CARTESIAN_POINT('',(1.07E0,4.1E0,4.35E-1));
#1826=CARTESIAN_POINT('',(1.47E0,4.1E0,4.35E-1));
#1827=VERTEX_POINT('',#1825);
#1828=VERTEX_POINT('',#1826);
#1829=CARTESIAN_POINT('',(1.47E0,4.1E0,8.35E-1));
#1830=VERTEX_POINT('',#1829);
#1831=CARTESIAN_POINT('',(1.07E0,4.1E0,8.35E-1));
#1832=VERTEX_POINT('',#1831);
#1833=CARTESIAN_POINT('',(1.07E0,-4.E-1,1.135E0));
#1834=CARTESIAN_POINT('',(1.47E0,-4.E-1,1.135E0));
#1835=VERTEX_POINT('',#1833);
#1836=VERTEX_POINT('',#1834);
#1837=CARTESIAN_POINT('',(1.47E0,0.E0,1.135E0));
#1838=CARTESIAN_POINT('',(1.07E0,0.E0,1.135E0));
#1839=VERTEX_POINT('',#1837);
#1840=VERTEX_POINT('',#1838);
#1841=CARTESIAN_POINT('',(1.07E0,-4.E-1,2.75E0));
#1842=CARTESIAN_POINT('',(1.47E0,-4.E-1,2.75E0));
#1843=VERTEX_POINT('',#1841);
#1844=VERTEX_POINT('',#1842);
#1845=CARTESIAN_POINT('',(1.47E0,0.E0,2.75E0));
#1846=VERTEX_POINT('',#1845);
#1847=CARTESIAN_POINT('',(1.07E0,0.E0,2.75E0));
#1848=VERTEX_POINT('',#1847);
#1849=CARTESIAN_POINT('',(1.07E0,4.1E0,-4.35E-1));
#1850=CARTESIAN_POINT('',(1.47E0,4.1E0,-4.35E-1));
#1851=VERTEX_POINT('',#1849);
#1852=VERTEX_POINT('',#1850);
#1853=CARTESIAN_POINT('',(1.47E0,4.1E0,-8.35E-1));
#1854=VERTEX_POINT('',#1853);
#1855=CARTESIAN_POINT('',(1.07E0,4.1E0,-8.35E-1));
#1856=VERTEX_POINT('',#1855);
#1857=CARTESIAN_POINT('',(1.07E0,-4.E-1,-1.135E0));
#1858=CARTESIAN_POINT('',(1.47E0,-4.E-1,-1.135E0));
#1859=VERTEX_POINT('',#1857);
#1860=VERTEX_POINT('',#1858);
#1861=CARTESIAN_POINT('',(1.47E0,0.E0,-1.135E0));
#1862=CARTESIAN_POINT('',(1.07E0,0.E0,-1.135E0));
#1863=VERTEX_POINT('',#1861);
#1864=VERTEX_POINT('',#1862);
#1865=CARTESIAN_POINT('',(1.07E0,-4.E-1,-2.75E0));
#1866=CARTESIAN_POINT('',(1.47E0,-4.E-1,-2.75E0));
#1867=VERTEX_POINT('',#1865);
#1868=VERTEX_POINT('',#1866);
#1869=CARTESIAN_POINT('',(1.47E0,0.E0,-2.75E0));
#1870=VERTEX_POINT('',#1869);
#1871=CARTESIAN_POINT('',(1.07E0,0.E0,-2.75E0));
#1872=VERTEX_POINT('',#1871);
#1873=CARTESIAN_POINT('',(1.47E0,0.E0,1.7E0));
#1874=CARTESIAN_POINT('',(1.47E0,0.E0,1.2E0));
#1875=VERTEX_POINT('',#1873);
#1876=VERTEX_POINT('',#1874);
#1877=CARTESIAN_POINT('',(1.07E0,0.E0,1.7E0));
#1878=CARTESIAN_POINT('',(1.07E0,0.E0,1.2E0));
#1879=VERTEX_POINT('',#1877);
#1880=VERTEX_POINT('',#1878);
#1881=CARTESIAN_POINT('',(1.47E0,0.E0,-1.7E0));
#1882=CARTESIAN_POINT('',(1.47E0,0.E0,-1.2E0));
#1883=VERTEX_POINT('',#1881);
#1884=VERTEX_POINT('',#1882);
#1885=CARTESIAN_POINT('',(1.07E0,0.E0,-1.7E0));
#1886=CARTESIAN_POINT('',(1.07E0,0.E0,-1.2E0));
#1887=VERTEX_POINT('',#1885);
#1888=VERTEX_POINT('',#1886);
#1889=CARTESIAN_POINT('',(1.07E0,1.1E0,4.35E-1));
#1890=CARTESIAN_POINT('',(1.47E0,1.1E0,4.35E-1));
#1891=VERTEX_POINT('',#1889);
#1892=VERTEX_POINT('',#1890);
#1893=CARTESIAN_POINT('',(1.47E0,1.1E0,8.35E-1));
#1894=VERTEX_POINT('',#1893);
#1895=CARTESIAN_POINT('',(1.07E0,1.1E0,8.35E-1));
#1896=VERTEX_POINT('',#1895);
#1897=CARTESIAN_POINT('',(1.07E0,1.1E0,-4.35E-1));
#1898=CARTESIAN_POINT('',(1.47E0,1.1E0,-4.35E-1));
#1899=VERTEX_POINT('',#1897);
#1900=VERTEX_POINT('',#1898);
#1901=CARTESIAN_POINT('',(1.47E0,1.1E0,-8.35E-1));
#1902=VERTEX_POINT('',#1901);
#1903=CARTESIAN_POINT('',(1.07E0,1.1E0,-8.35E-1));
#1904=VERTEX_POINT('',#1903);
#1905=CARTESIAN_POINT('',(1.47E0,1.E-1,9.113932022500E-1));
#1906=CARTESIAN_POINT('',(1.47E0,1.E-1,4.641796067501E-1));
#1907=VERTEX_POINT('',#1905);
#1908=VERTEX_POINT('',#1906);
#1909=CARTESIAN_POINT('',(1.07E0,1.E-1,9.113932022500E-1));
#1910=CARTESIAN_POINT('',(1.07E0,1.E-1,4.641796067501E-1));
#1911=VERTEX_POINT('',#1909);
#1912=VERTEX_POINT('',#1910);
#1913=CARTESIAN_POINT('',(1.47E0,1.E-1,-9.113932022500E-1));
#1914=CARTESIAN_POINT('',(1.47E0,1.E-1,-4.641796067501E-1));
#1915=VERTEX_POINT('',#1913);
#1916=VERTEX_POINT('',#1914);
#1917=CARTESIAN_POINT('',(1.07E0,1.E-1,-9.113932022500E-1));
#1918=CARTESIAN_POINT('',(1.07E0,1.E-1,-4.641796067501E-1));
#1919=VERTEX_POINT('',#1917);
#1920=VERTEX_POINT('',#1918);
#1921=CARTESIAN_POINT('',(2.34E0,4.1E0,4.35E-1));
#1922=CARTESIAN_POINT('',(2.74E0,4.1E0,4.35E-1));
#1923=VERTEX_POINT('',#1921);
#1924=VERTEX_POINT('',#1922);
#1925=CARTESIAN_POINT('',(2.74E0,4.1E0,8.35E-1));
#1926=VERTEX_POINT('',#1925);
#1927=CARTESIAN_POINT('',(2.34E0,4.1E0,8.35E-1));
#1928=VERTEX_POINT('',#1927);
#1929=CARTESIAN_POINT('',(2.34E0,-4.E-1,1.135E0));
#1930=CARTESIAN_POINT('',(2.74E0,-4.E-1,1.135E0));
#1931=VERTEX_POINT('',#1929);
#1932=VERTEX_POINT('',#1930);
#1933=CARTESIAN_POINT('',(2.74E0,0.E0,1.135E0));
#1934=CARTESIAN_POINT('',(2.34E0,0.E0,1.135E0));
#1935=VERTEX_POINT('',#1933);
#1936=VERTEX_POINT('',#1934);
#1937=CARTESIAN_POINT('',(2.34E0,-4.E-1,2.75E0));
#1938=CARTESIAN_POINT('',(2.74E0,-4.E-1,2.75E0));
#1939=VERTEX_POINT('',#1937);
#1940=VERTEX_POINT('',#1938);
#1941=CARTESIAN_POINT('',(2.74E0,0.E0,2.75E0));
#1942=VERTEX_POINT('',#1941);
#1943=CARTESIAN_POINT('',(2.34E0,0.E0,2.75E0));
#1944=VERTEX_POINT('',#1943);
#1945=CARTESIAN_POINT('',(2.34E0,4.1E0,-4.35E-1));
#1946=CARTESIAN_POINT('',(2.74E0,4.1E0,-4.35E-1));
#1947=VERTEX_POINT('',#1945);
#1948=VERTEX_POINT('',#1946);
#1949=CARTESIAN_POINT('',(2.74E0,4.1E0,-8.35E-1));
#1950=VERTEX_POINT('',#1949);
#1951=CARTESIAN_POINT('',(2.34E0,4.1E0,-8.35E-1));
#1952=VERTEX_POINT('',#1951);
#1953=CARTESIAN_POINT('',(2.34E0,-4.E-1,-1.135E0));
#1954=CARTESIAN_POINT('',(2.74E0,-4.E-1,-1.135E0));
#1955=VERTEX_POINT('',#1953);
#1956=VERTEX_POINT('',#1954);
#1957=CARTESIAN_POINT('',(2.74E0,0.E0,-1.135E0));
#1958=CARTESIAN_POINT('',(2.34E0,0.E0,-1.135E0));
#1959=VERTEX_POINT('',#1957);
#1960=VERTEX_POINT('',#1958);
#1961=CARTESIAN_POINT('',(2.34E0,-4.E-1,-2.75E0));
#1962=CARTESIAN_POINT('',(2.74E0,-4.E-1,-2.75E0));
#1963=VERTEX_POINT('',#1961);
#1964=VERTEX_POINT('',#1962);
#1965=CARTESIAN_POINT('',(2.74E0,0.E0,-2.75E0));
#1966=VERTEX_POINT('',#1965);
#1967=CARTESIAN_POINT('',(2.34E0,0.E0,-2.75E0));
#1968=VERTEX_POINT('',#1967);
#1969=CARTESIAN_POINT('',(2.74E0,0.E0,1.7E0));
#1970=CARTESIAN_POINT('',(2.74E0,0.E0,1.2E0));
#1971=VERTEX_POINT('',#1969);
#1972=VERTEX_POINT('',#1970);
#1973=CARTESIAN_POINT('',(2.34E0,0.E0,1.7E0));
#1974=CARTESIAN_POINT('',(2.34E0,0.E0,1.2E0));
#1975=VERTEX_POINT('',#1973);
#1976=VERTEX_POINT('',#1974);
#1977=CARTESIAN_POINT('',(2.74E0,0.E0,-1.7E0));
#1978=CARTESIAN_POINT('',(2.74E0,0.E0,-1.2E0));
#1979=VERTEX_POINT('',#1977);
#1980=VERTEX_POINT('',#1978);
#1981=CARTESIAN_POINT('',(2.34E0,0.E0,-1.7E0));
#1982=CARTESIAN_POINT('',(2.34E0,0.E0,-1.2E0));
#1983=VERTEX_POINT('',#1981);
#1984=VERTEX_POINT('',#1982);
#1985=CARTESIAN_POINT('',(2.34E0,1.1E0,4.35E-1));
#1986=CARTESIAN_POINT('',(2.74E0,1.1E0,4.35E-1));
#1987=VERTEX_POINT('',#1985);
#1988=VERTEX_POINT('',#1986);
#1989=CARTESIAN_POINT('',(2.74E0,1.1E0,8.35E-1));
#1990=VERTEX_POINT('',#1989);
#1991=CARTESIAN_POINT('',(2.34E0,1.1E0,8.35E-1));
#1992=VERTEX_POINT('',#1991);
#1993=CARTESIAN_POINT('',(2.34E0,1.1E0,-4.35E-1));
#1994=CARTESIAN_POINT('',(2.74E0,1.1E0,-4.35E-1));
#1995=VERTEX_POINT('',#1993);
#1996=VERTEX_POINT('',#1994);
#1997=CARTESIAN_POINT('',(2.74E0,1.1E0,-8.35E-1));
#1998=VERTEX_POINT('',#1997);
#1999=CARTESIAN_POINT('',(2.34E0,1.1E0,-8.35E-1));
#2000=VERTEX_POINT('',#1999);
#2001=CARTESIAN_POINT('',(2.74E0,1.E-1,9.113932022500E-1));
#2002=CARTESIAN_POINT('',(2.74E0,1.E-1,4.641796067501E-1));
#2003=VERTEX_POINT('',#2001);
#2004=VERTEX_POINT('',#2002);
#2005=CARTESIAN_POINT('',(2.34E0,1.E-1,9.113932022500E-1));
#2006=CARTESIAN_POINT('',(2.34E0,1.E-1,4.641796067501E-1));
#2007=VERTEX_POINT('',#2005);
#2008=VERTEX_POINT('',#2006);
#2009=CARTESIAN_POINT('',(2.74E0,1.E-1,-9.113932022500E-1));
#2010=CARTESIAN_POINT('',(2.74E0,1.E-1,-4.641796067501E-1));
#2011=VERTEX_POINT('',#2009);
#2012=VERTEX_POINT('',#2010);
#2013=CARTESIAN_POINT('',(2.34E0,1.E-1,-9.113932022500E-1));
#2014=CARTESIAN_POINT('',(2.34E0,1.E-1,-4.641796067501E-1));
#2015=VERTEX_POINT('',#2013);
#2016=VERTEX_POINT('',#2014);
#2017=CARTESIAN_POINT('',(3.61E0,4.1E0,4.35E-1));
#2018=CARTESIAN_POINT('',(4.01E0,4.1E0,4.35E-1));
#2019=VERTEX_POINT('',#2017);
#2020=VERTEX_POINT('',#2018);
#2021=CARTESIAN_POINT('',(4.01E0,4.1E0,8.35E-1));
#2022=VERTEX_POINT('',#2021);
#2023=CARTESIAN_POINT('',(3.61E0,4.1E0,8.35E-1));
#2024=VERTEX_POINT('',#2023);
#2025=CARTESIAN_POINT('',(3.61E0,-4.E-1,1.135E0));
#2026=CARTESIAN_POINT('',(4.01E0,-4.E-1,1.135E0));
#2027=VERTEX_POINT('',#2025);
#2028=VERTEX_POINT('',#2026);
#2029=CARTESIAN_POINT('',(4.01E0,0.E0,1.135E0));
#2030=CARTESIAN_POINT('',(3.61E0,0.E0,1.135E0));
#2031=VERTEX_POINT('',#2029);
#2032=VERTEX_POINT('',#2030);
#2033=CARTESIAN_POINT('',(3.61E0,-4.E-1,2.75E0));
#2034=CARTESIAN_POINT('',(4.01E0,-4.E-1,2.75E0));
#2035=VERTEX_POINT('',#2033);
#2036=VERTEX_POINT('',#2034);
#2037=CARTESIAN_POINT('',(4.01E0,0.E0,2.75E0));
#2038=VERTEX_POINT('',#2037);
#2039=CARTESIAN_POINT('',(3.61E0,0.E0,2.75E0));
#2040=VERTEX_POINT('',#2039);
#2041=CARTESIAN_POINT('',(3.61E0,4.1E0,-4.35E-1));
#2042=CARTESIAN_POINT('',(4.01E0,4.1E0,-4.35E-1));
#2043=VERTEX_POINT('',#2041);
#2044=VERTEX_POINT('',#2042);
#2045=CARTESIAN_POINT('',(4.01E0,4.1E0,-8.35E-1));
#2046=VERTEX_POINT('',#2045);
#2047=CARTESIAN_POINT('',(3.61E0,4.1E0,-8.35E-1));
#2048=VERTEX_POINT('',#2047);
#2049=CARTESIAN_POINT('',(3.61E0,-4.E-1,-1.135E0));
#2050=CARTESIAN_POINT('',(4.01E0,-4.E-1,-1.135E0));
#2051=VERTEX_POINT('',#2049);
#2052=VERTEX_POINT('',#2050);
#2053=CARTESIAN_POINT('',(4.01E0,0.E0,-1.135E0));
#2054=CARTESIAN_POINT('',(3.61E0,0.E0,-1.135E0));
#2055=VERTEX_POINT('',#2053);
#2056=VERTEX_POINT('',#2054);
#2057=CARTESIAN_POINT('',(3.61E0,-4.E-1,-2.75E0));
#2058=CARTESIAN_POINT('',(4.01E0,-4.E-1,-2.75E0));
#2059=VERTEX_POINT('',#2057);
#2060=VERTEX_POINT('',#2058);
#2061=CARTESIAN_POINT('',(4.01E0,0.E0,-2.75E0));
#2062=VERTEX_POINT('',#2061);
#2063=CARTESIAN_POINT('',(3.61E0,0.E0,-2.75E0));
#2064=VERTEX_POINT('',#2063);
#2065=CARTESIAN_POINT('',(4.01E0,0.E0,1.7E0));
#2066=CARTESIAN_POINT('',(4.01E0,0.E0,1.2E0));
#2067=VERTEX_POINT('',#2065);
#2068=VERTEX_POINT('',#2066);
#2069=CARTESIAN_POINT('',(3.61E0,0.E0,1.7E0));
#2070=CARTESIAN_POINT('',(3.61E0,0.E0,1.2E0));
#2071=VERTEX_POINT('',#2069);
#2072=VERTEX_POINT('',#2070);
#2073=CARTESIAN_POINT('',(4.01E0,0.E0,-1.7E0));
#2074=CARTESIAN_POINT('',(4.01E0,0.E0,-1.2E0));
#2075=VERTEX_POINT('',#2073);
#2076=VERTEX_POINT('',#2074);
#2077=CARTESIAN_POINT('',(3.61E0,0.E0,-1.7E0));
#2078=CARTESIAN_POINT('',(3.61E0,0.E0,-1.2E0));
#2079=VERTEX_POINT('',#2077);
#2080=VERTEX_POINT('',#2078);
#2081=CARTESIAN_POINT('',(3.61E0,1.1E0,4.35E-1));
#2082=CARTESIAN_POINT('',(4.01E0,1.1E0,4.35E-1));
#2083=VERTEX_POINT('',#2081);
#2084=VERTEX_POINT('',#2082);
#2085=CARTESIAN_POINT('',(4.01E0,1.1E0,8.35E-1));
#2086=VERTEX_POINT('',#2085);
#2087=CARTESIAN_POINT('',(3.61E0,1.1E0,8.35E-1));
#2088=VERTEX_POINT('',#2087);
#2089=CARTESIAN_POINT('',(3.61E0,1.1E0,-4.35E-1));
#2090=CARTESIAN_POINT('',(4.01E0,1.1E0,-4.35E-1));
#2091=VERTEX_POINT('',#2089);
#2092=VERTEX_POINT('',#2090);
#2093=CARTESIAN_POINT('',(4.01E0,1.1E0,-8.35E-1));
#2094=VERTEX_POINT('',#2093);
#2095=CARTESIAN_POINT('',(3.61E0,1.1E0,-8.35E-1));
#2096=VERTEX_POINT('',#2095);
#2097=CARTESIAN_POINT('',(4.01E0,1.E-1,9.113932022500E-1));
#2098=CARTESIAN_POINT('',(4.01E0,1.E-1,4.641796067501E-1));
#2099=VERTEX_POINT('',#2097);
#2100=VERTEX_POINT('',#2098);
#2101=CARTESIAN_POINT('',(3.61E0,1.E-1,9.113932022500E-1));
#2102=CARTESIAN_POINT('',(3.61E0,1.E-1,4.641796067501E-1));
#2103=VERTEX_POINT('',#2101);
#2104=VERTEX_POINT('',#2102);
#2105=CARTESIAN_POINT('',(4.01E0,1.E-1,-9.113932022500E-1));
#2106=CARTESIAN_POINT('',(4.01E0,1.E-1,-4.641796067501E-1));
#2107=VERTEX_POINT('',#2105);
#2108=VERTEX_POINT('',#2106);
#2109=CARTESIAN_POINT('',(3.61E0,1.E-1,-9.113932022500E-1));
#2110=CARTESIAN_POINT('',(3.61E0,1.E-1,-4.641796067501E-1));
#2111=VERTEX_POINT('',#2109);
#2112=VERTEX_POINT('',#2110);
#2113=CARTESIAN_POINT('',(0.E0,0.E0,0.E0));
#2114=DIRECTION('',(0.E0,1.E0,0.E0));
#2115=DIRECTION('',(1.E0,0.E0,0.E0));
#2116=AXIS2_PLACEMENT_3D('',#2113,#2114,#2115);
#2117=PLANE('3575',#2116);
#2119=ORIENTED_EDGE('3824',*,*,#2118,.T.);
#2121=ORIENTED_EDGE('3851',*,*,#2120,.F.);
#2123=ORIENTED_EDGE('3768',*,*,#2122,.T.);
#2125=ORIENTED_EDGE('3720',*,*,#2124,.T.);
#2127=ORIENTED_EDGE('3847',*,*,#2126,.T.);
#2128=EDGE_LOOP('3575',(#2119,#2121,#2123,#2125,#2127));
#2129=FACE_OUTER_BOUND('3575',#2128,.F.);
#2130=ADVANCED_FACE('3575',(#2129),#2117,.F.);
#2131=CARTESIAN_POINT('',(-2.E-1,4.1E0,8.35E-1));
#2132=DIRECTION('',(-1.E0,0.E0,0.E0));
#2133=DIRECTION('',(0.E0,0.E0,-1.E0));
#2134=AXIS2_PLACEMENT_3D('',#2131,#2132,#2133);
#2135=PLANE('3610',#2134);
#2136=ORIENTED_EDGE('3824',*,*,#2118,.F.);
#2138=ORIENTED_EDGE('3864',*,*,#2137,.T.);
#2140=ORIENTED_EDGE('3808',*,*,#2139,.T.);
#2142=ORIENTED_EDGE('3809',*,*,#2141,.F.);
#2144=ORIENTED_EDGE('3857',*,*,#2143,.F.);
#2146=ORIENTED_EDGE('3839',*,*,#2145,.F.);
#2148=ORIENTED_EDGE('3860',*,*,#2147,.T.);
#2150=ORIENTED_EDGE('3863',*,*,#2149,.T.);
#2151=EDGE_LOOP('3610',(#2136,#2138,#2140,#2142,#2144,#2146,#2148,#2150));
#2152=FACE_OUTER_BOUND('3610',#2151,.F.);
#2153=ADVANCED_FACE('3610',(#2152),#2135,.T.);
#2154=CARTESIAN_POINT('',(2.E-1,0.E0,1.135E0));
#2155=DIRECTION('',(0.E0,1.E0,0.E0));
#2156=DIRECTION('',(-1.E0,0.E0,0.E0));
#2157=AXIS2_PLACEMENT_3D('',#2154,#2155,#2156);
#2158=PLANE('3697',#2157);
#2160=ORIENTED_EDGE('3835',*,*,#2159,.F.);
#2162=ORIENTED_EDGE('3862',*,*,#2161,.T.);
#2164=ORIENTED_EDGE('3807',*,*,#2163,.T.);
#2165=ORIENTED_EDGE('3864',*,*,#2137,.F.);
#2166=EDGE_LOOP('3697',(#2160,#2162,#2164,#2165));
#2167=FACE_OUTER_BOUND('3697',#2166,.F.);
#2168=ADVANCED_FACE('3697',(#2167),#2158,.T.);
#2169=CARTESIAN_POINT('',(-4.85E-1,0.E0,1.7E0));
#2170=DIRECTION('',(0.E0,0.E0,1.E0));
#2171=DIRECTION('',(1.E0,0.E0,0.E0));
#2172=AXIS2_PLACEMENT_3D('',#2169,#2170,#2171);
#2173=PLANE('3580',#2172);
#2174=ORIENTED_EDGE('3835',*,*,#2159,.T.);
#2175=ORIENTED_EDGE('3847',*,*,#2126,.F.);
#2177=ORIENTED_EDGE('3729',*,*,#2176,.T.);
#2179=ORIENTED_EDGE('3724',*,*,#2178,.T.);
#2181=ORIENTED_EDGE('3730',*,*,#2180,.F.);
#2183=ORIENTED_EDGE('3848',*,*,#2182,.F.);
#2184=EDGE_LOOP('3580',(#2174,#2175,#2177,#2179,#2181,#2183));
#2185=FACE_OUTER_BOUND('3580',#2184,.F.);
#2186=ADVANCED_FACE('3580',(#2185),#2173,.T.);
#2187=CARTESIAN_POINT('',(-6.35E-1,0.E0,1.44E0));
#2188=DIRECTION('',(-8.661855860486E-1,0.E0,4.997224534896E-1));
#2189=DIRECTION('',(4.997224534896E-1,0.E0,8.661855860486E-1));
#2190=AXIS2_PLACEMENT_3D('',#2187,#2188,#2189);
#2191=PLANE('3579',#2190);
#2192=ORIENTED_EDGE('3720',*,*,#2124,.F.);
#2194=ORIENTED_EDGE('3728',*,*,#2193,.T.);
#2196=ORIENTED_EDGE('3723',*,*,#2195,.T.);
#2197=ORIENTED_EDGE('3729',*,*,#2176,.F.);
#2198=EDGE_LOOP('3579',(#2192,#2194,#2196,#2197));
#2199=FACE_OUTER_BOUND('3579',#2198,.F.);
#2200=ADVANCED_FACE('3579',(#2199),#2191,.T.);
#2201=CARTESIAN_POINT('',(-6.35E-1,0.E0,-1.44E0));
#2202=DIRECTION('',(-1.E0,0.E0,0.E0));
#2203=DIRECTION('',(0.E0,0.E0,1.E0));
#2204=AXIS2_PLACEMENT_3D('',#2201,#2202,#2203);
#2205=PLANE('3578',#2204);
#2207=ORIENTED_EDGE('3764',*,*,#2206,.T.);
#2209=ORIENTED_EDGE('3765',*,*,#2208,.T.);
#2211=ORIENTED_EDGE('3766',*,*,#2210,.F.);
#2213=ORIENTED_EDGE('3767',*,*,#2212,.F.);
#2215=ORIENTED_EDGE('3727',*,*,#2214,.T.);
#2217=ORIENTED_EDGE('3722',*,*,#2216,.T.);
#2218=ORIENTED_EDGE('3728',*,*,#2193,.F.);
#2219=ORIENTED_EDGE('3768',*,*,#2122,.F.);
#2220=EDGE_LOOP('3578',(#2207,#2209,#2211,#2213,#2215,#2217,#2218,#2219));
#2221=FACE_OUTER_BOUND('3578',#2220,.F.);
#2222=ADVANCED_FACE('3578',(#2221),#2205,.T.);
#2223=CARTESIAN_POINT('',(-6.35E-1,0.E0,1.2E0));
#2224=DIRECTION('',(0.E0,0.E0,1.E0));
#2225=DIRECTION('',(0.E0,1.E0,0.E0));
#2226=AXIS2_PLACEMENT_3D('',#2223,#2224,#2225);
#2227=PLANE('3596',#2226);
#2229=ORIENTED_EDGE('4069',*,*,#2228,.F.);
#2231=ORIENTED_EDGE('4086',*,*,#2230,.T.);
#2233=ORIENTED_EDGE('3794',*,*,#2232,.T.);
#2235=ORIENTED_EDGE('3769',*,*,#2234,.F.);
#2236=ORIENTED_EDGE('3764',*,*,#2206,.F.);
#2237=ORIENTED_EDGE('3851',*,*,#2120,.T.);
#2239=ORIENTED_EDGE('3837',*,*,#2238,.F.);
#2241=ORIENTED_EDGE('3929',*,*,#2240,.T.);
#2243=ORIENTED_EDGE('3915',*,*,#2242,.F.);
#2245=ORIENTED_EDGE('4007',*,*,#2244,.T.);
#2247=ORIENTED_EDGE('3993',*,*,#2246,.F.);
#2249=ORIENTED_EDGE('4085',*,*,#2248,.T.);
#2250=EDGE_LOOP('3596',(#2229,#2231,#2233,#2235,#2236,#2237,#2239,#2241,#2243,
#2245,#2247,#2249));
#2251=FACE_OUTER_BOUND('3596',#2250,.F.);
#2252=ADVANCED_FACE('3596',(#2251),#2227,.F.);
#2253=CARTESIAN_POINT('',(4.01E0,0.E0,1.135E0));
#2254=DIRECTION('',(0.E0,1.E0,0.E0));
#2255=DIRECTION('',(-1.E0,0.E0,0.E0));
#2256=AXIS2_PLACEMENT_3D('',#2253,#2254,#2255);
#2257=PLANE('3675',#2256);
#2258=ORIENTED_EDGE('4069',*,*,#2228,.T.);
#2260=ORIENTED_EDGE('4099',*,*,#2259,.F.);
#2262=ORIENTED_EDGE('4038',*,*,#2261,.F.);
#2264=ORIENTED_EDGE('4097',*,*,#2263,.T.);
#2265=EDGE_LOOP('3675',(#2258,#2260,#2262,#2264));
#2266=FACE_OUTER_BOUND('3675',#2265,.F.);
#2267=ADVANCED_FACE('3675',(#2266),#2257,.T.);
#2268=CARTESIAN_POINT('',(3.61E0,4.1E0,8.35E-1));
#2269=DIRECTION('',(-1.E0,0.E0,0.E0));
#2270=DIRECTION('',(0.E0,0.E0,-1.E0));
#2271=AXIS2_PLACEMENT_3D('',#2268,#2269,#2270);
#2272=PLANE('3670',#2271);
#2274=ORIENTED_EDGE('4058',*,*,#2273,.F.);
#2276=ORIENTED_EDGE('4100',*,*,#2275,.T.);
#2278=ORIENTED_EDGE('4042',*,*,#2277,.T.);
#2280=ORIENTED_EDGE('4043',*,*,#2279,.F.);
#2282=ORIENTED_EDGE('4093',*,*,#2281,.F.);
#2284=ORIENTED_EDGE('4071',*,*,#2283,.F.);
#2286=ORIENTED_EDGE('4096',*,*,#2285,.T.);
#2287=ORIENTED_EDGE('4099',*,*,#2259,.T.);
#2288=EDGE_LOOP('3670',(#2274,#2276,#2278,#2280,#2282,#2284,#2286,#2287));
#2289=FACE_OUTER_BOUND('3670',#2288,.F.);
#2290=ADVANCED_FACE('3670',(#2289),#2272,.T.);
#2291=CARTESIAN_POINT('',(0.E0,0.E0,0.E0));
#2292=DIRECTION('',(0.E0,1.E0,0.E0));
#2293=DIRECTION('',(1.E0,0.E0,0.E0));
#2294=AXIS2_PLACEMENT_3D('',#2291,#2292,#2293);
#2295=PLANE('3691',#2294);
#2296=ORIENTED_EDGE('4058',*,*,#2273,.T.);
#2297=ORIENTED_EDGE('4085',*,*,#2248,.F.);
#2299=ORIENTED_EDGE('3979',*,*,#2298,.F.);
#2301=ORIENTED_EDGE('4004',*,*,#2300,.T.);
#2303=ORIENTED_EDGE('3786',*,*,#2302,.T.);
#2305=ORIENTED_EDGE('3791',*,*,#2304,.T.);
#2307=ORIENTED_EDGE('4081',*,*,#2306,.T.);
#2308=EDGE_LOOP('3691',(#2296,#2297,#2299,#2301,#2303,#2305,#2307));
#2309=FACE_OUTER_BOUND('3691',#2308,.F.);
#2310=ADVANCED_FACE('3691',(#2309),#2295,.F.);
#2311=CARTESIAN_POINT('',(2.74E0,4.1E0,4.35E-1));
#2312=DIRECTION('',(1.E0,0.E0,0.E0));
#2313=DIRECTION('',(0.E0,0.E0,1.E0));
#2314=AXIS2_PLACEMENT_3D('',#2311,#2312,#2313);
#2315=PLANE('3707',#2314);
#2316=ORIENTED_EDGE('3979',*,*,#2298,.T.);
#2318=ORIENTED_EDGE('4017',*,*,#2317,.F.);
#2320=ORIENTED_EDGE('4015',*,*,#2319,.F.);
#2322=ORIENTED_EDGE('3994',*,*,#2321,.T.);
#2324=ORIENTED_EDGE('4014',*,*,#2323,.T.);
#2326=ORIENTED_EDGE('3966',*,*,#2325,.T.);
#2328=ORIENTED_EDGE('3962',*,*,#2327,.T.);
#2330=ORIENTED_EDGE('4018',*,*,#2329,.F.);
#2331=EDGE_LOOP('3707',(#2316,#2318,#2320,#2322,#2324,#2326,#2328,#2330));
#2332=FACE_OUTER_BOUND('3707',#2331,.F.);
#2333=ADVANCED_FACE('3707',(#2332),#2315,.T.);
#2334=CARTESIAN_POINT('',(2.74E0,0.E0,1.135E0));
#2335=DIRECTION('',(0.E0,1.E0,0.E0));
#2336=DIRECTION('',(-1.E0,0.E0,0.E0));
#2337=AXIS2_PLACEMENT_3D('',#2334,#2335,#2336);
#2338=PLANE('3655',#2337);
#2339=ORIENTED_EDGE('3993',*,*,#2246,.T.);
#2341=ORIENTED_EDGE('4019',*,*,#2340,.F.);
#2343=ORIENTED_EDGE('3960',*,*,#2342,.F.);
#2344=ORIENTED_EDGE('4017',*,*,#2317,.T.);
#2345=EDGE_LOOP('3655',(#2339,#2341,#2343,#2344));
#2346=FACE_OUTER_BOUND('3655',#2345,.F.);
#2347=ADVANCED_FACE('3655',(#2346),#2338,.T.);
#2348=CARTESIAN_POINT('',(2.34E0,4.1E0,8.35E-1));
#2349=DIRECTION('',(-1.E0,0.E0,0.E0));
#2350=DIRECTION('',(0.E0,0.E0,-1.E0));
#2351=AXIS2_PLACEMENT_3D('',#2348,#2349,#2350);
#2352=PLANE('3650',#2351);
#2354=ORIENTED_EDGE('3980',*,*,#2353,.F.);
#2356=ORIENTED_EDGE('4020',*,*,#2355,.T.);
#2358=ORIENTED_EDGE('3964',*,*,#2357,.T.);
#2360=ORIENTED_EDGE('3965',*,*,#2359,.F.);
#2362=ORIENTED_EDGE('4013',*,*,#2361,.F.);
#2364=ORIENTED_EDGE('3995',*,*,#2363,.F.);
#2366=ORIENTED_EDGE('4016',*,*,#2365,.T.);
#2367=ORIENTED_EDGE('4019',*,*,#2340,.T.);
#2368=EDGE_LOOP('3650',(#2354,#2356,#2358,#2360,#2362,#2364,#2366,#2367));
#2369=FACE_OUTER_BOUND('3650',#2368,.F.);
#2370=ADVANCED_FACE('3650',(#2369),#2352,.T.);
#2371=CARTESIAN_POINT('',(0.E0,0.E0,0.E0));
#2372=DIRECTION('',(0.E0,1.E0,0.E0));
#2373=DIRECTION('',(1.E0,0.E0,0.E0));
#2374=AXIS2_PLACEMENT_3D('',#2371,#2372,#2373);
#2375=PLANE('3689',#2374);
#2376=ORIENTED_EDGE('3980',*,*,#2353,.T.);
#2377=ORIENTED_EDGE('4007',*,*,#2244,.F.);
#2379=ORIENTED_EDGE('3901',*,*,#2378,.F.);
#2381=ORIENTED_EDGE('3926',*,*,#2380,.T.);
#2383=ORIENTED_EDGE('3756',*,*,#2382,.T.);
#2385=ORIENTED_EDGE('3761',*,*,#2384,.T.);
#2387=ORIENTED_EDGE('4003',*,*,#2386,.T.);
#2388=EDGE_LOOP('3689',(#2376,#2377,#2379,#2381,#2383,#2385,#2387));
#2389=FACE_OUTER_BOUND('3689',#2388,.F.);
#2390=ADVANCED_FACE('3689',(#2389),#2375,.F.);
#2391=CARTESIAN_POINT('',(1.47E0,4.1E0,4.35E-1));
#2392=DIRECTION('',(1.E0,0.E0,0.E0));
#2393=DIRECTION('',(0.E0,0.E0,1.E0));
#2394=AXIS2_PLACEMENT_3D('',#2391,#2392,#2393);
#2395=PLANE('3701',#2394);
#2396=ORIENTED_EDGE('3901',*,*,#2378,.T.);
#2398=ORIENTED_EDGE('3939',*,*,#2397,.F.);
#2400=ORIENTED_EDGE('3937',*,*,#2399,.F.);
#2402=ORIENTED_EDGE('3916',*,*,#2401,.T.);
#2404=ORIENTED_EDGE('3936',*,*,#2403,.T.);
#2406=ORIENTED_EDGE('3888',*,*,#2405,.T.);
#2408=ORIENTED_EDGE('3884',*,*,#2407,.T.);
#2410=ORIENTED_EDGE('3940',*,*,#2409,.F.);
#2411=EDGE_LOOP('3701',(#2396,#2398,#2400,#2402,#2404,#2406,#2408,#2410));
#2412=FACE_OUTER_BOUND('3701',#2411,.F.);
#2413=ADVANCED_FACE('3701',(#2412),#2395,.T.);
#2414=CARTESIAN_POINT('',(1.47E0,0.E0,1.135E0));
#2415=DIRECTION('',(0.E0,1.E0,0.E0));
#2416=DIRECTION('',(-1.E0,0.E0,0.E0));
#2417=AXIS2_PLACEMENT_3D('',#2414,#2415,#2416);
#2418=PLANE('3635',#2417);
#2419=ORIENTED_EDGE('3915',*,*,#2242,.T.);
#2421=ORIENTED_EDGE('3941',*,*,#2420,.F.);
#2423=ORIENTED_EDGE('3882',*,*,#2422,.F.);
#2424=ORIENTED_EDGE('3939',*,*,#2397,.T.);
#2425=EDGE_LOOP('3635',(#2419,#2421,#2423,#2424));
#2426=FACE_OUTER_BOUND('3635',#2425,.F.);
#2427=ADVANCED_FACE('3635',(#2426),#2418,.T.);
#2428=CARTESIAN_POINT('',(1.07E0,4.1E0,8.35E-1));
#2429=DIRECTION('',(-1.E0,0.E0,0.E0));
#2430=DIRECTION('',(0.E0,0.E0,-1.E0));
#2431=AXIS2_PLACEMENT_3D('',#2428,#2429,#2430);
#2432=PLANE('3630',#2431);
#2434=ORIENTED_EDGE('3902',*,*,#2433,.F.);
#2436=ORIENTED_EDGE('3942',*,*,#2435,.T.);
#2438=ORIENTED_EDGE('3886',*,*,#2437,.T.);
#2440=ORIENTED_EDGE('3887',*,*,#2439,.F.);
#2442=ORIENTED_EDGE('3935',*,*,#2441,.F.);
#2444=ORIENTED_EDGE('3917',*,*,#2443,.F.);
#2446=ORIENTED_EDGE('3938',*,*,#2445,.T.);
#2447=ORIENTED_EDGE('3941',*,*,#2420,.T.);
#2448=EDGE_LOOP('3630',(#2434,#2436,#2438,#2440,#2442,#2444,#2446,#2447));
#2449=FACE_OUTER_BOUND('3630',#2448,.F.);
#2450=ADVANCED_FACE('3630',(#2449),#2432,.T.);
#2451=CARTESIAN_POINT('',(0.E0,0.E0,0.E0));
#2452=DIRECTION('',(0.E0,1.E0,0.E0));
#2453=DIRECTION('',(1.E0,0.E0,0.E0));
#2454=AXIS2_PLACEMENT_3D('',#2451,#2452,#2453);
#2455=PLANE('3687',#2454);
#2456=ORIENTED_EDGE('3902',*,*,#2433,.T.);
#2457=ORIENTED_EDGE('3929',*,*,#2240,.F.);
#2459=ORIENTED_EDGE('3823',*,*,#2458,.F.);
#2460=ORIENTED_EDGE('3848',*,*,#2182,.T.);
#2462=ORIENTED_EDGE('3740',*,*,#2461,.T.);
#2464=ORIENTED_EDGE('3745',*,*,#2463,.T.);
#2466=ORIENTED_EDGE('3925',*,*,#2465,.T.);
#2467=EDGE_LOOP('3687',(#2456,#2457,#2459,#2460,#2462,#2464,#2466));
#2468=FACE_OUTER_BOUND('3687',#2467,.F.);
#2469=ADVANCED_FACE('3687',(#2468),#2455,.F.);
#2470=CARTESIAN_POINT('',(2.E-1,4.1E0,4.35E-1));
#2471=DIRECTION('',(1.E0,0.E0,0.E0));
#2472=DIRECTION('',(0.E0,0.E0,1.E0));
#2473=AXIS2_PLACEMENT_3D('',#2470,#2471,#2472);
#2474=PLANE('3695',#2473);
#2475=ORIENTED_EDGE('3823',*,*,#2458,.T.);
#2477=ORIENTED_EDGE('3861',*,*,#2476,.F.);
#2479=ORIENTED_EDGE('3859',*,*,#2478,.F.);
#2481=ORIENTED_EDGE('3838',*,*,#2480,.T.);
#2483=ORIENTED_EDGE('3858',*,*,#2482,.T.);
#2485=ORIENTED_EDGE('3810',*,*,#2484,.T.);
#2487=ORIENTED_EDGE('3806',*,*,#2486,.T.);
#2488=ORIENTED_EDGE('3862',*,*,#2161,.F.);
#2489=EDGE_LOOP('3695',(#2475,#2477,#2479,#2481,#2483,#2485,#2487,#2488));
#2490=FACE_OUTER_BOUND('3695',#2489,.F.);
#2491=ADVANCED_FACE('3695',(#2490),#2474,.T.);
#2492=CARTESIAN_POINT('',(2.E-1,0.E0,1.135E0));
#2493=DIRECTION('',(0.E0,1.E0,0.E0));
#2494=DIRECTION('',(-1.E0,0.E0,0.E0));
#2495=AXIS2_PLACEMENT_3D('',#2492,#2493,#2494);
#2496=PLANE('3615',#2495);
#2497=ORIENTED_EDGE('3837',*,*,#2238,.T.);
#2498=ORIENTED_EDGE('3863',*,*,#2149,.F.);
#2500=ORIENTED_EDGE('3804',*,*,#2499,.F.);
#2501=ORIENTED_EDGE('3861',*,*,#2476,.T.);
#2502=EDGE_LOOP('3615',(#2497,#2498,#2500,#2501));
#2503=FACE_OUTER_BOUND('3615',#2502,.F.);
#2504=ADVANCED_FACE('3615',(#2503),#2496,.T.);
#2505=CARTESIAN_POINT('',(1.E0,3.E-1,1.135E0));
#2506=DIRECTION('',(-1.E0,0.E0,0.E0));
#2507=DIRECTION('',(0.E0,0.E0,1.E0));
#2508=AXIS2_PLACEMENT_3D('',#2505,#2506,#2507);
#2509=CYLINDRICAL_SURFACE('3612',#2508,3.E-1);
#2511=ORIENTED_EDGE('3841',*,*,#2510,.F.);
#2512=ORIENTED_EDGE('3859',*,*,#2478,.T.);
#2513=ORIENTED_EDGE('3804',*,*,#2499,.T.);
#2514=ORIENTED_EDGE('3860',*,*,#2147,.F.);
#2515=EDGE_LOOP('3612',(#2511,#2512,#2513,#2514));
#2516=FACE_OUTER_BOUND('3612',#2515,.F.);
#2517=ADVANCED_FACE('3612',(#2516),#2509,.F.);
#2518=CARTESIAN_POINT('',(-6.35E-1,1.E-1,1.2E0));
#2519=DIRECTION('',(0.E0,1.E0,0.E0));
#2520=DIRECTION('',(0.E0,0.E0,-1.E0));
#2521=AXIS2_PLACEMENT_3D('',#2518,#2519,#2520);
#2522=PLANE('3597',#2521);
#2523=ORIENTED_EDGE('3765',*,*,#2208,.F.);
#2524=ORIENTED_EDGE('3769',*,*,#2234,.T.);
#2526=ORIENTED_EDGE('3795',*,*,#2525,.T.);
#2528=ORIENTED_EDGE('3770',*,*,#2527,.F.);
#2529=EDGE_LOOP('3597',(#2523,#2524,#2526,#2528));
#2530=FACE_OUTER_BOUND('3597',#2529,.F.);
#2531=ORIENTED_EDGE('3838',*,*,#2480,.F.);
#2532=ORIENTED_EDGE('3841',*,*,#2510,.T.);
#2533=ORIENTED_EDGE('3839',*,*,#2145,.T.);
#2535=ORIENTED_EDGE('3840',*,*,#2534,.F.);
#2536=EDGE_LOOP('3597',(#2531,#2532,#2533,#2535));
#2537=FACE_BOUND('3597',#2536,.F.);
#2539=ORIENTED_EDGE('3842',*,*,#2538,.T.);
#2541=ORIENTED_EDGE('3844',*,*,#2540,.F.);
#2543=ORIENTED_EDGE('3843',*,*,#2542,.F.);
#2545=ORIENTED_EDGE('3845',*,*,#2544,.T.);
#2546=EDGE_LOOP('3597',(#2539,#2541,#2543,#2545));
#2547=FACE_BOUND('3597',#2546,.F.);
#2548=ORIENTED_EDGE('3916',*,*,#2401,.F.);
#2550=ORIENTED_EDGE('3919',*,*,#2549,.T.);
#2551=ORIENTED_EDGE('3917',*,*,#2443,.T.);
#2553=ORIENTED_EDGE('3918',*,*,#2552,.F.);
#2554=EDGE_LOOP('3597',(#2548,#2550,#2551,#2553));
#2555=FACE_BOUND('3597',#2554,.F.);
#2557=ORIENTED_EDGE('3920',*,*,#2556,.T.);
#2559=ORIENTED_EDGE('3922',*,*,#2558,.F.);
#2561=ORIENTED_EDGE('3921',*,*,#2560,.F.);
#2563=ORIENTED_EDGE('3923',*,*,#2562,.T.);
#2564=EDGE_LOOP('3597',(#2557,#2559,#2561,#2563));
#2565=FACE_BOUND('3597',#2564,.F.);
#2566=ORIENTED_EDGE('3994',*,*,#2321,.F.);
#2568=ORIENTED_EDGE('3997',*,*,#2567,.T.);
#2569=ORIENTED_EDGE('3995',*,*,#2363,.T.);
#2571=ORIENTED_EDGE('3996',*,*,#2570,.F.);
#2572=EDGE_LOOP('3597',(#2566,#2568,#2569,#2571));
#2573=FACE_BOUND('3597',#2572,.F.);
#2575=ORIENTED_EDGE('3998',*,*,#2574,.T.);
#2577=ORIENTED_EDGE('4000',*,*,#2576,.F.);
#2579=ORIENTED_EDGE('3999',*,*,#2578,.F.);
#2581=ORIENTED_EDGE('4001',*,*,#2580,.T.);
#2582=EDGE_LOOP('3597',(#2575,#2577,#2579,#2581));
#2583=FACE_BOUND('3597',#2582,.F.);
#2585=ORIENTED_EDGE('4070',*,*,#2584,.F.);
#2587=ORIENTED_EDGE('4073',*,*,#2586,.T.);
#2588=ORIENTED_EDGE('4071',*,*,#2283,.T.);
#2590=ORIENTED_EDGE('4072',*,*,#2589,.F.);
#2591=EDGE_LOOP('3597',(#2585,#2587,#2588,#2590));
#2592=FACE_BOUND('3597',#2591,.F.);
#2594=ORIENTED_EDGE('4074',*,*,#2593,.T.);
#2596=ORIENTED_EDGE('4076',*,*,#2595,.F.);
#2598=ORIENTED_EDGE('4075',*,*,#2597,.F.);
#2600=ORIENTED_EDGE('4077',*,*,#2599,.T.);
#2601=EDGE_LOOP('3597',(#2594,#2596,#2598,#2600));
#2602=FACE_BOUND('3597',#2601,.F.);
#2603=ADVANCED_FACE('3597',(#2530,#2537,#2547,#2555,#2565,#2573,#2583,#2592,
#2602),#2522,.F.);
#2604=CARTESIAN_POINT('',(4.445E0,0.E0,1.44E0));
#2605=DIRECTION('',(1.E0,0.E0,0.E0));
#2606=DIRECTION('',(0.E0,0.E0,-1.E0));
#2607=AXIS2_PLACEMENT_3D('',#2604,#2605,#2606);
#2608=PLANE('3603',#2607);
#2609=ORIENTED_EDGE('3794',*,*,#2232,.F.);
#2611=ORIENTED_EDGE('3797',*,*,#2610,.F.);
#2613=ORIENTED_EDGE('3781',*,*,#2612,.T.);
#2615=ORIENTED_EDGE('3775',*,*,#2614,.T.);
#2617=ORIENTED_EDGE('3782',*,*,#2616,.F.);
#2619=ORIENTED_EDGE('3798',*,*,#2618,.F.);
#2621=ORIENTED_EDGE('3796',*,*,#2620,.T.);
#2622=ORIENTED_EDGE('3795',*,*,#2525,.F.);
#2623=EDGE_LOOP('3603',(#2609,#2611,#2613,#2615,#2617,#2619,#2621,#2622));
#2624=FACE_OUTER_BOUND('3603',#2623,.F.);
#2625=ADVANCED_FACE('3603',(#2624),#2608,.T.);
#2626=CARTESIAN_POINT('',(0.E0,0.E0,0.E0));
#2627=DIRECTION('',(0.E0,1.E0,0.E0));
#2628=DIRECTION('',(1.E0,0.E0,0.E0));
#2629=AXIS2_PLACEMENT_3D('',#2626,#2627,#2628);
#2630=PLANE('3693',#2629);
#2632=ORIENTED_EDGE('4057',*,*,#2631,.F.);
#2634=ORIENTED_EDGE('4082',*,*,#2633,.T.);
#2636=ORIENTED_EDGE('3771',*,*,#2635,.T.);
#2637=ORIENTED_EDGE('3797',*,*,#2610,.T.);
#2638=ORIENTED_EDGE('4086',*,*,#2230,.F.);
#2639=EDGE_LOOP('3693',(#2632,#2634,#2636,#2637,#2638));
#2640=FACE_OUTER_BOUND('3693',#2639,.F.);
#2641=ADVANCED_FACE('3693',(#2640),#2630,.F.);
#2642=CARTESIAN_POINT('',(4.01E0,4.1E0,4.35E-1));
#2643=DIRECTION('',(1.E0,0.E0,0.E0));
#2644=DIRECTION('',(0.E0,0.E0,1.E0));
#2645=AXIS2_PLACEMENT_3D('',#2642,#2643,#2644);
#2646=PLANE('3713',#2645);
#2647=ORIENTED_EDGE('4057',*,*,#2631,.T.);
#2648=ORIENTED_EDGE('4097',*,*,#2263,.F.);
#2650=ORIENTED_EDGE('4095',*,*,#2649,.F.);
#2651=ORIENTED_EDGE('4070',*,*,#2584,.T.);
#2653=ORIENTED_EDGE('4094',*,*,#2652,.T.);
#2655=ORIENTED_EDGE('4044',*,*,#2654,.T.);
#2657=ORIENTED_EDGE('4040',*,*,#2656,.T.);
#2659=ORIENTED_EDGE('4098',*,*,#2658,.F.);
#2660=EDGE_LOOP('3713',(#2647,#2648,#2650,#2651,#2653,#2655,#2657,#2659));
#2661=FACE_OUTER_BOUND('3713',#2660,.F.);
#2662=ADVANCED_FACE('3713',(#2661),#2646,.T.);
#2663=CARTESIAN_POINT('',(4.81E0,3.E-1,1.135E0));
#2664=DIRECTION('',(-1.E0,0.E0,0.E0));
#2665=DIRECTION('',(0.E0,0.E0,1.E0));
#2666=AXIS2_PLACEMENT_3D('',#2663,#2664,#2665);
#2667=CYLINDRICAL_SURFACE('3672',#2666,3.E-1);
#2668=ORIENTED_EDGE('4073',*,*,#2586,.F.);
#2669=ORIENTED_EDGE('4095',*,*,#2649,.T.);
#2670=ORIENTED_EDGE('4038',*,*,#2261,.T.);
#2671=ORIENTED_EDGE('4096',*,*,#2285,.F.);
#2672=EDGE_LOOP('3672',(#2668,#2669,#2670,#2671));
#2673=FACE_OUTER_BOUND('3672',#2672,.F.);
#2674=ADVANCED_FACE('3672',(#2673),#2667,.F.);
#2675=CARTESIAN_POINT('',(4.81E0,3.E-1,1.135E0));
#2676=DIRECTION('',(-1.E0,0.E0,0.E0));
#2677=DIRECTION('',(0.E0,0.E0,1.E0));
#2678=AXIS2_PLACEMENT_3D('',#2675,#2676,#2677);
#2679=CYLINDRICAL_SURFACE('3671',#2678,7.E-1);
#2680=ORIENTED_EDGE('4072',*,*,#2589,.T.);
#2681=ORIENTED_EDGE('4093',*,*,#2281,.T.);
#2683=ORIENTED_EDGE('4037',*,*,#2682,.T.);
#2684=ORIENTED_EDGE('4094',*,*,#2652,.F.);
#2685=EDGE_LOOP('3671',(#2680,#2681,#2683,#2684));
#2686=FACE_OUTER_BOUND('3671',#2685,.F.);
#2687=ADVANCED_FACE('3671',(#2686),#2679,.T.);
#2688=CARTESIAN_POINT('',(3.61E0,-4.E-1,1.135E0));
#2689=DIRECTION('',(0.E0,-1.E0,0.E0));
#2690=DIRECTION('',(1.E0,0.E0,0.E0));
#2691=AXIS2_PLACEMENT_3D('',#2688,#2689,#2690);
#2692=PLANE('3674',#2691);
#2693=ORIENTED_EDGE('4037',*,*,#2682,.F.);
#2694=ORIENTED_EDGE('4043',*,*,#2279,.T.);
#2696=ORIENTED_EDGE('4039',*,*,#2695,.T.);
#2697=ORIENTED_EDGE('4044',*,*,#2654,.F.);
#2698=EDGE_LOOP('3674',(#2693,#2694,#2696,#2697));
#2699=FACE_OUTER_BOUND('3674',#2698,.F.);
#2700=ADVANCED_FACE('3674',(#2699),#2692,.T.);
#2701=CARTESIAN_POINT('',(3.81E0,-2.E-1,2.75E0));
#2702=DIRECTION('',(0.E0,0.E0,1.E0));
#2703=DIRECTION('',(0.E0,1.E0,0.E0));
#2704=AXIS2_PLACEMENT_3D('',#2701,#2702,#2703);
#2705=PLANE('3673',#2704);
#2706=ORIENTED_EDGE('4039',*,*,#2695,.F.);
#2707=ORIENTED_EDGE('4042',*,*,#2277,.F.);
#2709=ORIENTED_EDGE('4041',*,*,#2708,.F.);
#2710=ORIENTED_EDGE('4040',*,*,#2656,.F.);
#2711=EDGE_LOOP('3673',(#2706,#2707,#2709,#2710));
#2712=FACE_OUTER_BOUND('3673',#2711,.F.);
#2713=ADVANCED_FACE('3673',(#2712),#2705,.T.);
#2714=CARTESIAN_POINT('',(4.01E0,0.E0,1.135E0));
#2715=DIRECTION('',(0.E0,1.E0,0.E0));
#2716=DIRECTION('',(-1.E0,0.E0,0.E0));
#2717=AXIS2_PLACEMENT_3D('',#2714,#2715,#2716);
#2718=PLANE('3715',#2717);
#2720=ORIENTED_EDGE('4079',*,*,#2719,.F.);
#2721=ORIENTED_EDGE('4098',*,*,#2658,.T.);
#2722=ORIENTED_EDGE('4041',*,*,#2708,.T.);
#2723=ORIENTED_EDGE('4100',*,*,#2275,.F.);
#2724=EDGE_LOOP('3715',(#2720,#2721,#2722,#2723));
#2725=FACE_OUTER_BOUND('3715',#2724,.F.);
#2726=ADVANCED_FACE('3715',(#2725),#2718,.T.);
#2727=CARTESIAN_POINT('',(3.325E0,0.E0,1.7E0));
#2728=DIRECTION('',(0.E0,0.E0,1.E0));
#2729=DIRECTION('',(1.E0,0.E0,0.E0));
#2730=AXIS2_PLACEMENT_3D('',#2727,#2728,#2729);
#2731=PLANE('3601',#2730);
#2732=ORIENTED_EDGE('4079',*,*,#2719,.T.);
#2733=ORIENTED_EDGE('4081',*,*,#2306,.F.);
#2735=ORIENTED_EDGE('3779',*,*,#2734,.T.);
#2737=ORIENTED_EDGE('3773',*,*,#2736,.T.);
#2739=ORIENTED_EDGE('3780',*,*,#2738,.F.);
#2740=ORIENTED_EDGE('4082',*,*,#2633,.F.);
#2741=EDGE_LOOP('3601',(#2732,#2733,#2735,#2737,#2739,#2740));
#2742=FACE_OUTER_BOUND('3601',#2741,.F.);
#2743=ADVANCED_FACE('3601',(#2742),#2731,.T.);
#2744=CARTESIAN_POINT('',(3.175E0,0.E0,1.44E0));
#2745=DIRECTION('',(-8.661855860486E-1,0.E0,4.997224534896E-1));
#2746=DIRECTION('',(4.997224534896E-1,0.E0,8.661855860486E-1));
#2747=AXIS2_PLACEMENT_3D('',#2744,#2745,#2746);
#2748=PLANE('3600',#2747);
#2750=ORIENTED_EDGE('3784',*,*,#2749,.T.);
#2752=ORIENTED_EDGE('3793',*,*,#2751,.T.);
#2753=ORIENTED_EDGE('3779',*,*,#2734,.F.);
#2754=ORIENTED_EDGE('3791',*,*,#2304,.F.);
#2755=EDGE_LOOP('3600',(#2750,#2752,#2753,#2754));
#2756=FACE_OUTER_BOUND('3600',#2755,.F.);
#2757=ADVANCED_FACE('3600',(#2756),#2748,.T.);
#2758=CARTESIAN_POINT('',(3.025E0,0.E0,1.7E0));
#2759=DIRECTION('',(8.661855860486E-1,0.E0,4.997224534896E-1));
#2760=DIRECTION('',(4.997224534896E-1,0.E0,-8.661855860486E-1));
#2761=AXIS2_PLACEMENT_3D('',#2758,#2759,#2760);
#2762=PLANE('3593',#2761);
#2763=ORIENTED_EDGE('3784',*,*,#2749,.F.);
#2764=ORIENTED_EDGE('3786',*,*,#2302,.F.);
#2766=ORIENTED_EDGE('3752',*,*,#2765,.T.);
#2768=ORIENTED_EDGE('3788',*,*,#2767,.T.);
#2769=EDGE_LOOP('3593',(#2763,#2764,#2766,#2768));
#2770=FACE_OUTER_BOUND('3593',#2769,.F.);
#2771=ADVANCED_FACE('3593',(#2770),#2762,.T.);
#2772=CARTESIAN_POINT('',(2.055E0,0.E0,1.7E0));
#2773=DIRECTION('',(0.E0,0.E0,1.E0));
#2774=DIRECTION('',(1.E0,0.E0,0.E0));
#2775=AXIS2_PLACEMENT_3D('',#2772,#2773,#2774);
#2776=PLANE('3592',#2775);
#2778=ORIENTED_EDGE('3991',*,*,#2777,.T.);
#2779=ORIENTED_EDGE('4003',*,*,#2386,.F.);
#2781=ORIENTED_EDGE('3751',*,*,#2780,.T.);
#2783=ORIENTED_EDGE('3748',*,*,#2782,.T.);
#2784=ORIENTED_EDGE('3752',*,*,#2765,.F.);
#2785=ORIENTED_EDGE('4004',*,*,#2300,.F.);
#2786=EDGE_LOOP('3592',(#2778,#2779,#2781,#2783,#2784,#2785));
#2787=FACE_OUTER_BOUND('3592',#2786,.F.);
#2788=ADVANCED_FACE('3592',(#2787),#2776,.T.);
#2789=CARTESIAN_POINT('',(2.74E0,0.E0,1.135E0));
#2790=DIRECTION('',(0.E0,1.E0,0.E0));
#2791=DIRECTION('',(-1.E0,0.E0,0.E0));
#2792=AXIS2_PLACEMENT_3D('',#2789,#2790,#2791);
#2793=PLANE('3709',#2792);
#2794=ORIENTED_EDGE('3991',*,*,#2777,.F.);
#2795=ORIENTED_EDGE('4018',*,*,#2329,.T.);
#2797=ORIENTED_EDGE('3963',*,*,#2796,.T.);
#2798=ORIENTED_EDGE('4020',*,*,#2355,.F.);
#2799=EDGE_LOOP('3709',(#2794,#2795,#2797,#2798));
#2800=FACE_OUTER_BOUND('3709',#2799,.F.);
#2801=ADVANCED_FACE('3709',(#2800),#2793,.T.);
#2802=CARTESIAN_POINT('',(2.54E0,-2.E-1,2.75E0));
#2803=DIRECTION('',(0.E0,0.E0,1.E0));
#2804=DIRECTION('',(0.E0,1.E0,0.E0));
#2805=AXIS2_PLACEMENT_3D('',#2802,#2803,#2804);
#2806=PLANE('3653',#2805);
#2808=ORIENTED_EDGE('3961',*,*,#2807,.F.);
#2809=ORIENTED_EDGE('3964',*,*,#2357,.F.);
#2810=ORIENTED_EDGE('3963',*,*,#2796,.F.);
#2811=ORIENTED_EDGE('3962',*,*,#2327,.F.);
#2812=EDGE_LOOP('3653',(#2808,#2809,#2810,#2811));
#2813=FACE_OUTER_BOUND('3653',#2812,.F.);
#2814=ADVANCED_FACE('3653',(#2813),#2806,.T.);
#2815=CARTESIAN_POINT('',(2.34E0,-4.E-1,1.135E0));
#2816=DIRECTION('',(0.E0,-1.E0,0.E0));
#2817=DIRECTION('',(1.E0,0.E0,0.E0));
#2818=AXIS2_PLACEMENT_3D('',#2815,#2816,#2817);
#2819=PLANE('3654',#2818);
#2821=ORIENTED_EDGE('3959',*,*,#2820,.F.);
#2822=ORIENTED_EDGE('3965',*,*,#2359,.T.);
#2823=ORIENTED_EDGE('3961',*,*,#2807,.T.);
#2824=ORIENTED_EDGE('3966',*,*,#2325,.F.);
#2825=EDGE_LOOP('3654',(#2821,#2822,#2823,#2824));
#2826=FACE_OUTER_BOUND('3654',#2825,.F.);
#2827=ADVANCED_FACE('3654',(#2826),#2819,.T.);
#2828=CARTESIAN_POINT('',(3.54E0,3.E-1,1.135E0));
#2829=DIRECTION('',(-1.E0,0.E0,0.E0));
#2830=DIRECTION('',(0.E0,0.E0,1.E0));
#2831=AXIS2_PLACEMENT_3D('',#2828,#2829,#2830);
#2832=CYLINDRICAL_SURFACE('3651',#2831,7.E-1);
#2833=ORIENTED_EDGE('3996',*,*,#2570,.T.);
#2834=ORIENTED_EDGE('4013',*,*,#2361,.T.);
#2835=ORIENTED_EDGE('3959',*,*,#2820,.T.);
#2836=ORIENTED_EDGE('4014',*,*,#2323,.F.);
#2837=EDGE_LOOP('3651',(#2833,#2834,#2835,#2836));
#2838=FACE_OUTER_BOUND('3651',#2837,.F.);
#2839=ADVANCED_FACE('3651',(#2838),#2832,.T.);
#2840=CARTESIAN_POINT('',(1.905E0,0.E0,1.44E0));
#2841=DIRECTION('',(-8.661855860486E-1,0.E0,4.997224534896E-1));
#2842=DIRECTION('',(4.997224534896E-1,0.E0,8.661855860486E-1));
#2843=AXIS2_PLACEMENT_3D('',#2840,#2841,#2842);
#2844=PLANE('3591',#2843);
#2846=ORIENTED_EDGE('3754',*,*,#2845,.T.);
#2848=ORIENTED_EDGE('3763',*,*,#2847,.T.);
#2849=ORIENTED_EDGE('3751',*,*,#2780,.F.);
#2850=ORIENTED_EDGE('3761',*,*,#2384,.F.);
#2851=EDGE_LOOP('3591',(#2846,#2848,#2849,#2850));
#2852=FACE_OUTER_BOUND('3591',#2851,.F.);
#2853=ADVANCED_FACE('3591',(#2852),#2844,.T.);
#2854=CARTESIAN_POINT('',(1.755E0,0.E0,1.7E0));
#2855=DIRECTION('',(8.661855860486E-1,0.E0,4.997224534896E-1));
#2856=DIRECTION('',(4.997224534896E-1,0.E0,-8.661855860486E-1));
#2857=AXIS2_PLACEMENT_3D('',#2854,#2855,#2856);
#2858=PLANE('3587',#2857);
#2859=ORIENTED_EDGE('3754',*,*,#2845,.F.);
#2860=ORIENTED_EDGE('3756',*,*,#2382,.F.);
#2862=ORIENTED_EDGE('3736',*,*,#2861,.T.);
#2864=ORIENTED_EDGE('3758',*,*,#2863,.T.);
#2865=EDGE_LOOP('3587',(#2859,#2860,#2862,#2864));
#2866=FACE_OUTER_BOUND('3587',#2865,.F.);
#2867=ADVANCED_FACE('3587',(#2866),#2858,.T.);
#2868=CARTESIAN_POINT('',(7.85E-1,0.E0,1.7E0));
#2869=DIRECTION('',(0.E0,0.E0,1.E0));
#2870=DIRECTION('',(1.E0,0.E0,0.E0));
#2871=AXIS2_PLACEMENT_3D('',#2868,#2869,#2870);
#2872=PLANE('3586',#2871);
#2874=ORIENTED_EDGE('3913',*,*,#2873,.T.);
#2875=ORIENTED_EDGE('3925',*,*,#2465,.F.);
#2877=ORIENTED_EDGE('3735',*,*,#2876,.T.);
#2879=ORIENTED_EDGE('3732',*,*,#2878,.T.);
#2880=ORIENTED_EDGE('3736',*,*,#2861,.F.);
#2881=ORIENTED_EDGE('3926',*,*,#2380,.F.);
#2882=EDGE_LOOP('3586',(#2874,#2875,#2877,#2879,#2880,#2881));
#2883=FACE_OUTER_BOUND('3586',#2882,.F.);
#2884=ADVANCED_FACE('3586',(#2883),#2872,.T.);
#2885=CARTESIAN_POINT('',(1.47E0,0.E0,1.135E0));
#2886=DIRECTION('',(0.E0,1.E0,0.E0));
#2887=DIRECTION('',(-1.E0,0.E0,0.E0));
#2888=AXIS2_PLACEMENT_3D('',#2885,#2886,#2887);
#2889=PLANE('3703',#2888);
#2890=ORIENTED_EDGE('3913',*,*,#2873,.F.);
#2891=ORIENTED_EDGE('3940',*,*,#2409,.T.);
#2893=ORIENTED_EDGE('3885',*,*,#2892,.T.);
#2894=ORIENTED_EDGE('3942',*,*,#2435,.F.);
#2895=EDGE_LOOP('3703',(#2890,#2891,#2893,#2894));
#2896=FACE_OUTER_BOUND('3703',#2895,.F.);
#2897=ADVANCED_FACE('3703',(#2896),#2889,.T.);
#2898=CARTESIAN_POINT('',(1.27E0,-2.E-1,2.75E0));
#2899=DIRECTION('',(0.E0,0.E0,1.E0));
#2900=DIRECTION('',(0.E0,1.E0,0.E0));
#2901=AXIS2_PLACEMENT_3D('',#2898,#2899,#2900);
#2902=PLANE('3633',#2901);
#2904=ORIENTED_EDGE('3883',*,*,#2903,.F.);
#2905=ORIENTED_EDGE('3886',*,*,#2437,.F.);
#2906=ORIENTED_EDGE('3885',*,*,#2892,.F.);
#2907=ORIENTED_EDGE('3884',*,*,#2407,.F.);
#2908=EDGE_LOOP('3633',(#2904,#2905,#2906,#2907));
#2909=FACE_OUTER_BOUND('3633',#2908,.F.);
#2910=ADVANCED_FACE('3633',(#2909),#2902,.T.);
#2911=CARTESIAN_POINT('',(1.07E0,-4.E-1,1.135E0));
#2912=DIRECTION('',(0.E0,-1.E0,0.E0));
#2913=DIRECTION('',(1.E0,0.E0,0.E0));
#2914=AXIS2_PLACEMENT_3D('',#2911,#2912,#2913);
#2915=PLANE('3634',#2914);
#2917=ORIENTED_EDGE('3881',*,*,#2916,.F.);
#2918=ORIENTED_EDGE('3887',*,*,#2439,.T.);
#2919=ORIENTED_EDGE('3883',*,*,#2903,.T.);
#2920=ORIENTED_EDGE('3888',*,*,#2405,.F.);
#2921=EDGE_LOOP('3634',(#2917,#2918,#2919,#2920));
#2922=FACE_OUTER_BOUND('3634',#2921,.F.);
#2923=ADVANCED_FACE('3634',(#2922),#2915,.T.);
#2924=CARTESIAN_POINT('',(2.27E0,3.E-1,1.135E0));
#2925=DIRECTION('',(-1.E0,0.E0,0.E0));
#2926=DIRECTION('',(0.E0,0.E0,1.E0));
#2927=AXIS2_PLACEMENT_3D('',#2924,#2925,#2926);
#2928=CYLINDRICAL_SURFACE('3631',#2927,7.E-1);
#2929=ORIENTED_EDGE('3918',*,*,#2552,.T.);
#2930=ORIENTED_EDGE('3935',*,*,#2441,.T.);
#2931=ORIENTED_EDGE('3881',*,*,#2916,.T.);
#2932=ORIENTED_EDGE('3936',*,*,#2403,.F.);
#2933=EDGE_LOOP('3631',(#2929,#2930,#2931,#2932));
#2934=FACE_OUTER_BOUND('3631',#2933,.F.);
#2935=ADVANCED_FACE('3631',(#2934),#2928,.T.);
#2936=CARTESIAN_POINT('',(6.35E-1,0.E0,1.44E0));
#2937=DIRECTION('',(-8.661855860486E-1,0.E0,4.997224534896E-1));
#2938=DIRECTION('',(4.997224534896E-1,0.E0,8.661855860486E-1));
#2939=AXIS2_PLACEMENT_3D('',#2936,#2937,#2938);
#2940=PLANE('3585',#2939);
#2942=ORIENTED_EDGE('3738',*,*,#2941,.T.);
#2944=ORIENTED_EDGE('3747',*,*,#2943,.T.);
#2945=ORIENTED_EDGE('3735',*,*,#2876,.F.);
#2946=ORIENTED_EDGE('3745',*,*,#2463,.F.);
#2947=EDGE_LOOP('3585',(#2942,#2944,#2945,#2946));
#2948=FACE_OUTER_BOUND('3585',#2947,.F.);
#2949=ADVANCED_FACE('3585',(#2948),#2940,.T.);
#2950=CARTESIAN_POINT('',(4.85E-1,0.E0,1.7E0));
#2951=DIRECTION('',(8.661855860486E-1,0.E0,4.997224534896E-1));
#2952=DIRECTION('',(4.997224534896E-1,0.E0,-8.661855860486E-1));
#2953=AXIS2_PLACEMENT_3D('',#2950,#2951,#2952);
#2954=PLANE('3581',#2953);
#2955=ORIENTED_EDGE('3738',*,*,#2941,.F.);
#2956=ORIENTED_EDGE('3740',*,*,#2461,.F.);
#2957=ORIENTED_EDGE('3730',*,*,#2180,.T.);
#2959=ORIENTED_EDGE('3742',*,*,#2958,.T.);
#2960=EDGE_LOOP('3581',(#2955,#2956,#2957,#2959));
#2961=FACE_OUTER_BOUND('3581',#2960,.F.);
#2962=ADVANCED_FACE('3581',(#2961),#2954,.T.);
#2963=CARTESIAN_POINT('',(0.E0,1.1E0,0.E0));
#2964=DIRECTION('',(0.E0,1.E0,0.E0));
#2965=DIRECTION('',(1.E0,0.E0,0.E0));
#2966=AXIS2_PLACEMENT_3D('',#2963,#2964,#2965);
#2967=PLANE('3576',#2966);
#2969=ORIENTED_EDGE('3789',*,*,#2968,.F.);
#2971=ORIENTED_EDGE('3792',*,*,#2970,.F.);
#2973=ORIENTED_EDGE('3777',*,*,#2972,.F.);
#2975=ORIENTED_EDGE('3776',*,*,#2974,.F.);
#2976=ORIENTED_EDGE('3775',*,*,#2614,.F.);
#2978=ORIENTED_EDGE('3774',*,*,#2977,.F.);
#2979=ORIENTED_EDGE('3773',*,*,#2736,.F.);
#2980=ORIENTED_EDGE('3793',*,*,#2751,.F.);
#2981=ORIENTED_EDGE('3788',*,*,#2767,.F.);
#2982=ORIENTED_EDGE('3748',*,*,#2782,.F.);
#2983=ORIENTED_EDGE('3763',*,*,#2847,.F.);
#2984=ORIENTED_EDGE('3758',*,*,#2863,.F.);
#2985=ORIENTED_EDGE('3732',*,*,#2878,.F.);
#2986=ORIENTED_EDGE('3747',*,*,#2943,.F.);
#2987=ORIENTED_EDGE('3742',*,*,#2958,.F.);
#2988=ORIENTED_EDGE('3724',*,*,#2178,.F.);
#2989=ORIENTED_EDGE('3723',*,*,#2195,.F.);
#2990=ORIENTED_EDGE('3722',*,*,#2216,.F.);
#2992=ORIENTED_EDGE('3721',*,*,#2991,.F.);
#2994=ORIENTED_EDGE('3725',*,*,#2993,.F.);
#2996=ORIENTED_EDGE('3743',*,*,#2995,.F.);
#2998=ORIENTED_EDGE('3746',*,*,#2997,.F.);
#3000=ORIENTED_EDGE('3733',*,*,#2999,.F.);
#3002=ORIENTED_EDGE('3759',*,*,#3001,.F.);
#3004=ORIENTED_EDGE('3762',*,*,#3003,.F.);
#3006=ORIENTED_EDGE('3749',*,*,#3005,.F.);
#3007=EDGE_LOOP('3576',(#2969,#2971,#2973,#2975,#2976,#2978,#2979,#2980,#2981,
#2982,#2983,#2984,#2985,#2986,#2987,#2988,#2989,#2990,#2992,#2994,#2996,#2998,
#3000,#3002,#3004,#3006));
#3008=FACE_OUTER_BOUND('3576',#3007,.F.);
#3010=ORIENTED_EDGE('3827',*,*,#3009,.F.);
#3012=ORIENTED_EDGE('3830',*,*,#3011,.F.);
#3014=ORIENTED_EDGE('3829',*,*,#3013,.F.);
#3016=ORIENTED_EDGE('3828',*,*,#3015,.T.);
#3017=EDGE_LOOP('3576',(#3010,#3012,#3014,#3016));
#3018=FACE_BOUND('3576',#3017,.F.);
#3020=ORIENTED_EDGE('3831',*,*,#3019,.T.);
#3022=ORIENTED_EDGE('3832',*,*,#3021,.F.);
#3024=ORIENTED_EDGE('3833',*,*,#3023,.T.);
#3026=ORIENTED_EDGE('3834',*,*,#3025,.T.);
#3027=EDGE_LOOP('3576',(#3020,#3022,#3024,#3026));
#3028=FACE_BOUND('3576',#3027,.F.);
#3030=ORIENTED_EDGE('3905',*,*,#3029,.F.);
#3032=ORIENTED_EDGE('3908',*,*,#3031,.F.);
#3034=ORIENTED_EDGE('3907',*,*,#3033,.F.);
#3036=ORIENTED_EDGE('3906',*,*,#3035,.T.);
#3037=EDGE_LOOP('3576',(#3030,#3032,#3034,#3036));
#3038=FACE_BOUND('3576',#3037,.F.);
#3040=ORIENTED_EDGE('3909',*,*,#3039,.T.);
#3042=ORIENTED_EDGE('3910',*,*,#3041,.F.);
#3044=ORIENTED_EDGE('3911',*,*,#3043,.T.);
#3046=ORIENTED_EDGE('3912',*,*,#3045,.T.);
#3047=EDGE_LOOP('3576',(#3040,#3042,#3044,#3046));
#3048=FACE_BOUND('3576',#3047,.F.);
#3050=ORIENTED_EDGE('3983',*,*,#3049,.F.);
#3052=ORIENTED_EDGE('3986',*,*,#3051,.F.);
#3054=ORIENTED_EDGE('3985',*,*,#3053,.F.);
#3056=ORIENTED_EDGE('3984',*,*,#3055,.T.);
#3057=EDGE_LOOP('3576',(#3050,#3052,#3054,#3056));
#3058=FACE_BOUND('3576',#3057,.F.);
#3060=ORIENTED_EDGE('3987',*,*,#3059,.T.);
#3062=ORIENTED_EDGE('3988',*,*,#3061,.F.);
#3064=ORIENTED_EDGE('3989',*,*,#3063,.T.);
#3066=ORIENTED_EDGE('3990',*,*,#3065,.T.);
#3067=EDGE_LOOP('3576',(#3060,#3062,#3064,#3066));
#3068=FACE_BOUND('3576',#3067,.F.);
#3070=ORIENTED_EDGE('4061',*,*,#3069,.F.);
#3072=ORIENTED_EDGE('4064',*,*,#3071,.F.);
#3074=ORIENTED_EDGE('4063',*,*,#3073,.F.);
#3076=ORIENTED_EDGE('4062',*,*,#3075,.T.);
#3077=EDGE_LOOP('3576',(#3070,#3072,#3074,#3076));
#3078=FACE_BOUND('3576',#3077,.F.);
#3080=ORIENTED_EDGE('4065',*,*,#3079,.T.);
#3082=ORIENTED_EDGE('4066',*,*,#3081,.F.);
#3084=ORIENTED_EDGE('4067',*,*,#3083,.T.);
#3086=ORIENTED_EDGE('4068',*,*,#3085,.T.);
#3087=EDGE_LOOP('3576',(#3080,#3082,#3084,#3086));
#3088=FACE_BOUND('3576',#3087,.F.);
#3089=ADVANCED_FACE('3576',(#3008,#3018,#3028,#3038,#3048,#3058,#3068,#3078,
#3088),#2967,.T.);
#3090=CARTESIAN_POINT('',(3.175E0,0.E0,-1.44E0));
#3091=DIRECTION('',(8.661855860486E-1,0.E0,-4.997224534896E-1));
#3092=DIRECTION('',(-4.997224534896E-1,0.E0,-8.661855860486E-1));
#3093=AXIS2_PLACEMENT_3D('',#3090,#3091,#3092);
#3094=PLANE('3594',#3093);
#3096=ORIENTED_EDGE('3785',*,*,#3095,.T.);
#3097=ORIENTED_EDGE('3789',*,*,#2968,.T.);
#3099=ORIENTED_EDGE('3753',*,*,#3098,.F.);
#3101=ORIENTED_EDGE('3787',*,*,#3100,.F.);
#3102=EDGE_LOOP('3594',(#3096,#3097,#3099,#3101));
#3103=FACE_OUTER_BOUND('3594',#3102,.F.);
#3104=ADVANCED_FACE('3594',(#3103),#3094,.T.);
#3105=CARTESIAN_POINT('',(3.325E0,0.E0,-1.7E0));
#3106=DIRECTION('',(-8.661855860486E-1,0.E0,-4.997224534896E-1));
#3107=DIRECTION('',(-4.997224534896E-1,0.E0,8.661855860486E-1));
#3108=AXIS2_PLACEMENT_3D('',#3105,#3106,#3107);
#3109=PLANE('3599',#3108);
#3110=ORIENTED_EDGE('3785',*,*,#3095,.F.);
#3112=ORIENTED_EDGE('3790',*,*,#3111,.F.);
#3114=ORIENTED_EDGE('3778',*,*,#3113,.T.);
#3115=ORIENTED_EDGE('3792',*,*,#2970,.T.);
#3116=EDGE_LOOP('3599',(#3110,#3112,#3114,#3115));
#3117=FACE_OUTER_BOUND('3599',#3116,.F.);
#3118=ADVANCED_FACE('3599',(#3117),#3109,.T.);
#3119=CARTESIAN_POINT('',(0.E0,0.E0,0.E0));
#3120=DIRECTION('',(0.E0,1.E0,0.E0));
#3121=DIRECTION('',(1.E0,0.E0,0.E0));
#3122=AXIS2_PLACEMENT_3D('',#3119,#3120,#3121);
#3123=PLANE('3692',#3122);
#3125=ORIENTED_EDGE('4060',*,*,#3124,.F.);
#3127=ORIENTED_EDGE('4084',*,*,#3126,.T.);
#3128=ORIENTED_EDGE('3790',*,*,#3111,.T.);
#3129=ORIENTED_EDGE('3787',*,*,#3100,.T.);
#3131=ORIENTED_EDGE('4005',*,*,#3130,.T.);
#3133=ORIENTED_EDGE('3981',*,*,#3132,.T.);
#3135=ORIENTED_EDGE('4087',*,*,#3134,.T.);
#3136=EDGE_LOOP('3692',(#3125,#3127,#3128,#3129,#3131,#3133,#3135));
#3137=FACE_OUTER_BOUND('3692',#3136,.F.);
#3138=ADVANCED_FACE('3692',(#3137),#3123,.F.);
#3139=CARTESIAN_POINT('',(3.61E0,4.1E0,-8.35E-1));
#3140=DIRECTION('',(1.E0,0.E0,0.E0));
#3141=DIRECTION('',(0.E0,0.E0,1.E0));
#3142=AXIS2_PLACEMENT_3D('',#3139,#3140,#3141);
#3143=PLANE('3680',#3142);
#3144=ORIENTED_EDGE('4060',*,*,#3124,.T.);
#3146=ORIENTED_EDGE('4111',*,*,#3145,.F.);
#3148=ORIENTED_EDGE('4108',*,*,#3147,.F.);
#3149=ORIENTED_EDGE('4075',*,*,#2597,.T.);
#3151=ORIENTED_EDGE('4105',*,*,#3150,.T.);
#3153=ORIENTED_EDGE('4055',*,*,#3152,.T.);
#3155=ORIENTED_EDGE('4054',*,*,#3154,.F.);
#3157=ORIENTED_EDGE('4112',*,*,#3156,.F.);
#3158=EDGE_LOOP('3680',(#3144,#3146,#3148,#3149,#3151,#3153,#3155,#3157));
#3159=FACE_OUTER_BOUND('3680',#3158,.F.);
#3160=ADVANCED_FACE('3680',(#3159),#3143,.F.);
#3161=CARTESIAN_POINT('',(4.01E0,0.E0,-1.135E0));
#3162=DIRECTION('',(0.E0,-1.E0,0.E0));
#3163=DIRECTION('',(-1.E0,0.E0,0.E0));
#3164=AXIS2_PLACEMENT_3D('',#3161,#3162,#3163);
#3165=PLANE('3685',#3164);
#3167=ORIENTED_EDGE('4078',*,*,#3166,.F.);
#3169=ORIENTED_EDGE('4109',*,*,#3168,.F.);
#3171=ORIENTED_EDGE('4050',*,*,#3170,.T.);
#3172=ORIENTED_EDGE('4111',*,*,#3145,.T.);
#3173=EDGE_LOOP('3685',(#3167,#3169,#3171,#3172));
#3174=FACE_OUTER_BOUND('3685',#3173,.F.);
#3175=ADVANCED_FACE('3685',(#3174),#3165,.F.);
#3176=CARTESIAN_POINT('',(-6.35E-1,1.E-1,-1.2E0));
#3177=DIRECTION('',(0.E0,0.E0,-1.E0));
#3178=DIRECTION('',(0.E0,-1.E0,0.E0));
#3179=AXIS2_PLACEMENT_3D('',#3176,#3177,#3178);
#3180=PLANE('3598',#3179);
#3181=ORIENTED_EDGE('4078',*,*,#3166,.T.);
#3182=ORIENTED_EDGE('4087',*,*,#3134,.F.);
#3184=ORIENTED_EDGE('4002',*,*,#3183,.T.);
#3186=ORIENTED_EDGE('4008',*,*,#3185,.F.);
#3188=ORIENTED_EDGE('3924',*,*,#3187,.T.);
#3190=ORIENTED_EDGE('3930',*,*,#3189,.F.);
#3192=ORIENTED_EDGE('3846',*,*,#3191,.T.);
#3194=ORIENTED_EDGE('3852',*,*,#3193,.F.);
#3195=ORIENTED_EDGE('3766',*,*,#2210,.T.);
#3196=ORIENTED_EDGE('3770',*,*,#2527,.T.);
#3197=ORIENTED_EDGE('3796',*,*,#2620,.F.);
#3199=ORIENTED_EDGE('4088',*,*,#3198,.F.);
#3200=EDGE_LOOP('3598',(#3181,#3182,#3184,#3186,#3188,#3190,#3192,#3194,#3195,
#3196,#3197,#3199));
#3201=FACE_OUTER_BOUND('3598',#3200,.F.);
#3202=ADVANCED_FACE('3598',(#3201),#3180,.F.);
#3203=CARTESIAN_POINT('',(2.74E0,0.E0,-1.135E0));
#3204=DIRECTION('',(0.E0,-1.E0,0.E0));
#3205=DIRECTION('',(-1.E0,0.E0,0.E0));
#3206=AXIS2_PLACEMENT_3D('',#3203,#3204,#3205);
#3207=PLANE('3665',#3206);
#3208=ORIENTED_EDGE('4002',*,*,#3183,.F.);
#3210=ORIENTED_EDGE('4029',*,*,#3209,.F.);
#3212=ORIENTED_EDGE('3972',*,*,#3211,.T.);
#3214=ORIENTED_EDGE('4031',*,*,#3213,.T.);
#3215=EDGE_LOOP('3665',(#3208,#3210,#3212,#3214));
#3216=FACE_OUTER_BOUND('3665',#3215,.F.);
#3217=ADVANCED_FACE('3665',(#3216),#3207,.F.);
#3218=CARTESIAN_POINT('',(2.74E0,4.1E0,-4.35E-1));
#3219=DIRECTION('',(-1.E0,0.E0,0.E0));
#3220=DIRECTION('',(0.E0,0.E0,-1.E0));
#3221=AXIS2_PLACEMENT_3D('',#3218,#3219,#3220);
#3222=PLANE('3710',#3221);
#3223=ORIENTED_EDGE('3981',*,*,#3132,.F.);
#3225=ORIENTED_EDGE('4030',*,*,#3224,.T.);
#3227=ORIENTED_EDGE('3974',*,*,#3226,.F.);
#3229=ORIENTED_EDGE('3978',*,*,#3228,.F.);
#3231=ORIENTED_EDGE('4026',*,*,#3230,.F.);
#3232=ORIENTED_EDGE('3998',*,*,#2574,.F.);
#3234=ORIENTED_EDGE('4027',*,*,#3233,.T.);
#3235=ORIENTED_EDGE('4029',*,*,#3209,.T.);
#3236=EDGE_LOOP('3710',(#3223,#3225,#3227,#3229,#3231,#3232,#3234,#3235));
#3237=FACE_OUTER_BOUND('3710',#3236,.F.);
#3238=ADVANCED_FACE('3710',(#3237),#3222,.F.);
#3239=CARTESIAN_POINT('',(2.74E0,0.E0,-1.135E0));
#3240=DIRECTION('',(0.E0,-1.E0,0.E0));
#3241=DIRECTION('',(-1.E0,0.E0,0.E0));
#3242=AXIS2_PLACEMENT_3D('',#3239,#3240,#3241);
#3243=PLANE('3712',#3242);
#3245=ORIENTED_EDGE('3992',*,*,#3244,.T.);
#3247=ORIENTED_EDGE('4032',*,*,#3246,.T.);
#3249=ORIENTED_EDGE('3975',*,*,#3248,.F.);
#3250=ORIENTED_EDGE('4030',*,*,#3224,.F.);
#3251=EDGE_LOOP('3712',(#3245,#3247,#3249,#3250));
#3252=FACE_OUTER_BOUND('3712',#3251,.F.);
#3253=ADVANCED_FACE('3712',(#3252),#3243,.F.);
#3254=CARTESIAN_POINT('',(3.025E0,0.E0,-1.7E0));
#3255=DIRECTION('',(0.E0,0.E0,-1.E0));
#3256=DIRECTION('',(-1.E0,0.E0,0.E0));
#3257=AXIS2_PLACEMENT_3D('',#3254,#3255,#3256);
#3258=PLANE('3595',#3257);
#3259=ORIENTED_EDGE('3992',*,*,#3244,.F.);
#3260=ORIENTED_EDGE('4005',*,*,#3130,.F.);
#3261=ORIENTED_EDGE('3753',*,*,#3098,.T.);
#3262=ORIENTED_EDGE('3749',*,*,#3005,.T.);
#3264=ORIENTED_EDGE('3750',*,*,#3263,.F.);
#3266=ORIENTED_EDGE('4006',*,*,#3265,.F.);
#3267=EDGE_LOOP('3595',(#3259,#3260,#3261,#3262,#3264,#3266));
#3268=FACE_OUTER_BOUND('3595',#3267,.F.);
#3269=ADVANCED_FACE('3595',(#3268),#3258,.T.);
#3270=CARTESIAN_POINT('',(2.055E0,0.E0,-1.7E0));
#3271=DIRECTION('',(-8.661855860486E-1,0.E0,-4.997224534896E-1));
#3272=DIRECTION('',(-4.997224534896E-1,0.E0,8.661855860486E-1));
#3273=AXIS2_PLACEMENT_3D('',#3270,#3271,#3272);
#3274=PLANE('3590',#3273);
#3276=ORIENTED_EDGE('3755',*,*,#3275,.F.);
#3278=ORIENTED_EDGE('3760',*,*,#3277,.F.);
#3279=ORIENTED_EDGE('3750',*,*,#3263,.T.);
#3280=ORIENTED_EDGE('3762',*,*,#3003,.T.);
#3281=EDGE_LOOP('3590',(#3276,#3278,#3279,#3280));
#3282=FACE_OUTER_BOUND('3590',#3281,.F.);
#3283=ADVANCED_FACE('3590',(#3282),#3274,.T.);
#3284=CARTESIAN_POINT('',(1.905E0,0.E0,-1.44E0));
#3285=DIRECTION('',(8.661855860486E-1,0.E0,-4.997224534896E-1));
#3286=DIRECTION('',(-4.997224534896E-1,0.E0,-8.661855860486E-1));
#3287=AXIS2_PLACEMENT_3D('',#3284,#3285,#3286);
#3288=PLANE('3588',#3287);
#3289=ORIENTED_EDGE('3755',*,*,#3275,.T.);
#3290=ORIENTED_EDGE('3759',*,*,#3001,.T.);
#3292=ORIENTED_EDGE('3737',*,*,#3291,.F.);
#3294=ORIENTED_EDGE('3757',*,*,#3293,.F.);
#3295=EDGE_LOOP('3588',(#3289,#3290,#3292,#3294));
#3296=FACE_OUTER_BOUND('3588',#3295,.F.);
#3297=ADVANCED_FACE('3588',(#3296),#3288,.T.);
#3298=CARTESIAN_POINT('',(1.755E0,0.E0,-1.7E0));
#3299=DIRECTION('',(0.E0,0.E0,-1.E0));
#3300=DIRECTION('',(-1.E0,0.E0,0.E0));
#3301=AXIS2_PLACEMENT_3D('',#3298,#3299,#3300);
#3302=PLANE('3589',#3301);
#3304=ORIENTED_EDGE('3914',*,*,#3303,.F.);
#3306=ORIENTED_EDGE('3927',*,*,#3305,.F.);
#3307=ORIENTED_EDGE('3737',*,*,#3291,.T.);
#3308=ORIENTED_EDGE('3733',*,*,#2999,.T.);
#3310=ORIENTED_EDGE('3734',*,*,#3309,.F.);
#3312=ORIENTED_EDGE('3928',*,*,#3311,.F.);
#3313=EDGE_LOOP('3589',(#3304,#3306,#3307,#3308,#3310,#3312));
#3314=FACE_OUTER_BOUND('3589',#3313,.F.);
#3315=ADVANCED_FACE('3589',(#3314),#3302,.T.);
#3316=CARTESIAN_POINT('',(1.47E0,0.E0,-1.135E0));
#3317=DIRECTION('',(0.E0,-1.E0,0.E0));
#3318=DIRECTION('',(-1.E0,0.E0,0.E0));
#3319=AXIS2_PLACEMENT_3D('',#3316,#3317,#3318);
#3320=PLANE('3706',#3319);
#3321=ORIENTED_EDGE('3914',*,*,#3303,.T.);
#3323=ORIENTED_EDGE('3954',*,*,#3322,.T.);
#3325=ORIENTED_EDGE('3897',*,*,#3324,.F.);
#3327=ORIENTED_EDGE('3952',*,*,#3326,.F.);
#3328=EDGE_LOOP('3706',(#3321,#3323,#3325,#3327));
#3329=FACE_OUTER_BOUND('3706',#3328,.F.);
#3330=ADVANCED_FACE('3706',(#3329),#3320,.F.);
#3331=CARTESIAN_POINT('',(1.07E0,4.1E0,-8.35E-1));
#3332=DIRECTION('',(1.E0,0.E0,0.E0));
#3333=DIRECTION('',(0.E0,0.E0,1.E0));
#3334=AXIS2_PLACEMENT_3D('',#3331,#3332,#3333);
#3335=PLANE('3640',#3334);
#3337=ORIENTED_EDGE('3904',*,*,#3336,.T.);
#3339=ORIENTED_EDGE('3953',*,*,#3338,.F.);
#3341=ORIENTED_EDGE('3950',*,*,#3340,.F.);
#3342=ORIENTED_EDGE('3921',*,*,#2560,.T.);
#3344=ORIENTED_EDGE('3947',*,*,#3343,.T.);
#3346=ORIENTED_EDGE('3899',*,*,#3345,.T.);
#3348=ORIENTED_EDGE('3898',*,*,#3347,.F.);
#3349=ORIENTED_EDGE('3954',*,*,#3322,.F.);
#3350=EDGE_LOOP('3640',(#3337,#3339,#3341,#3342,#3344,#3346,#3348,#3349));
#3351=FACE_OUTER_BOUND('3640',#3350,.F.);
#3352=ADVANCED_FACE('3640',(#3351),#3335,.F.);
#3353=CARTESIAN_POINT('',(0.E0,0.E0,0.E0));
#3354=DIRECTION('',(0.E0,1.E0,0.E0));
#3355=DIRECTION('',(1.E0,0.E0,0.E0));
#3356=AXIS2_PLACEMENT_3D('',#3353,#3354,#3355);
#3357=PLANE('3688',#3356);
#3358=ORIENTED_EDGE('3904',*,*,#3336,.F.);
#3359=ORIENTED_EDGE('3928',*,*,#3311,.T.);
#3361=ORIENTED_EDGE('3744',*,*,#3360,.T.);
#3363=ORIENTED_EDGE('3741',*,*,#3362,.T.);
#3365=ORIENTED_EDGE('3849',*,*,#3364,.T.);
#3367=ORIENTED_EDGE('3825',*,*,#3366,.T.);
#3368=ORIENTED_EDGE('3930',*,*,#3189,.T.);
#3369=EDGE_LOOP('3688',(#3358,#3359,#3361,#3363,#3365,#3367,#3368));
#3370=FACE_OUTER_BOUND('3688',#3369,.F.);
#3371=ADVANCED_FACE('3688',(#3370),#3357,.F.);
#3372=CARTESIAN_POINT('',(7.85E-1,0.E0,-1.7E0));
#3373=DIRECTION('',(-8.661855860486E-1,0.E0,-4.997224534896E-1));
#3374=DIRECTION('',(-4.997224534896E-1,0.E0,8.661855860486E-1));
#3375=AXIS2_PLACEMENT_3D('',#3372,#3373,#3374);
#3376=PLANE('3584',#3375);
#3378=ORIENTED_EDGE('3739',*,*,#3377,.F.);
#3379=ORIENTED_EDGE('3744',*,*,#3360,.F.);
#3380=ORIENTED_EDGE('3734',*,*,#3309,.T.);
#3381=ORIENTED_EDGE('3746',*,*,#2997,.T.);
#3382=EDGE_LOOP('3584',(#3378,#3379,#3380,#3381));
#3383=FACE_OUTER_BOUND('3584',#3382,.F.);
#3384=ADVANCED_FACE('3584',(#3383),#3376,.T.);
#3385=CARTESIAN_POINT('',(6.35E-1,0.E0,-1.44E0));
#3386=DIRECTION('',(8.661855860486E-1,0.E0,-4.997224534896E-1));
#3387=DIRECTION('',(-4.997224534896E-1,0.E0,-8.661855860486E-1));
#3388=AXIS2_PLACEMENT_3D('',#3385,#3386,#3387);
#3389=PLANE('3582',#3388);
#3390=ORIENTED_EDGE('3739',*,*,#3377,.T.);
#3391=ORIENTED_EDGE('3743',*,*,#2995,.T.);
#3393=ORIENTED_EDGE('3731',*,*,#3392,.F.);
#3394=ORIENTED_EDGE('3741',*,*,#3362,.F.);
#3395=EDGE_LOOP('3582',(#3390,#3391,#3393,#3394));
#3396=FACE_OUTER_BOUND('3582',#3395,.F.);
#3397=ADVANCED_FACE('3582',(#3396),#3389,.T.);
#3398=CARTESIAN_POINT('',(4.85E-1,0.E0,-1.7E0));
#3399=DIRECTION('',(0.E0,0.E0,-1.E0));
#3400=DIRECTION('',(-1.E0,0.E0,0.E0));
#3401=AXIS2_PLACEMENT_3D('',#3398,#3399,#3400);
#3402=PLANE('3583',#3401);
#3404=ORIENTED_EDGE('3836',*,*,#3403,.F.);
#3405=ORIENTED_EDGE('3849',*,*,#3364,.F.);
#3406=ORIENTED_EDGE('3731',*,*,#3392,.T.);
#3407=ORIENTED_EDGE('3725',*,*,#2993,.T.);
#3409=ORIENTED_EDGE('3726',*,*,#3408,.F.);
#3411=ORIENTED_EDGE('3850',*,*,#3410,.F.);
#3412=EDGE_LOOP('3583',(#3404,#3405,#3406,#3407,#3409,#3411));
#3413=FACE_OUTER_BOUND('3583',#3412,.F.);
#3414=ADVANCED_FACE('3583',(#3413),#3402,.T.);
#3415=CARTESIAN_POINT('',(2.E-1,0.E0,-1.135E0));
#3416=DIRECTION('',(0.E0,-1.E0,0.E0));
#3417=DIRECTION('',(-1.E0,0.E0,0.E0));
#3418=AXIS2_PLACEMENT_3D('',#3415,#3416,#3417);
#3419=PLANE('3700',#3418);
#3420=ORIENTED_EDGE('3836',*,*,#3403,.T.);
#3422=ORIENTED_EDGE('3876',*,*,#3421,.T.);
#3424=ORIENTED_EDGE('3819',*,*,#3423,.F.);
#3426=ORIENTED_EDGE('3874',*,*,#3425,.F.);
#3427=EDGE_LOOP('3700',(#3420,#3422,#3424,#3426));
#3428=FACE_OUTER_BOUND('3700',#3427,.F.);
#3429=ADVANCED_FACE('3700',(#3428),#3419,.F.);
#3430=CARTESIAN_POINT('',(-2.E-1,4.1E0,-8.35E-1));
#3431=DIRECTION('',(1.E0,0.E0,0.E0));
#3432=DIRECTION('',(0.E0,0.E0,1.E0));
#3433=AXIS2_PLACEMENT_3D('',#3430,#3431,#3432);
#3434=PLANE('3620',#3433);
#3436=ORIENTED_EDGE('3826',*,*,#3435,.T.);
#3438=ORIENTED_EDGE('3875',*,*,#3437,.F.);
#3440=ORIENTED_EDGE('3872',*,*,#3439,.F.);
#3441=ORIENTED_EDGE('3843',*,*,#2542,.T.);
#3443=ORIENTED_EDGE('3869',*,*,#3442,.T.);
#3445=ORIENTED_EDGE('3821',*,*,#3444,.T.);
#3447=ORIENTED_EDGE('3820',*,*,#3446,.F.);
#3448=ORIENTED_EDGE('3876',*,*,#3421,.F.);
#3449=EDGE_LOOP('3620',(#3436,#3438,#3440,#3441,#3443,#3445,#3447,#3448));
#3450=FACE_OUTER_BOUND('3620',#3449,.F.);
#3451=ADVANCED_FACE('3620',(#3450),#3434,.F.);
#3452=CARTESIAN_POINT('',(0.E0,0.E0,0.E0));
#3453=DIRECTION('',(0.E0,1.E0,0.E0));
#3454=DIRECTION('',(1.E0,0.E0,0.E0));
#3455=AXIS2_PLACEMENT_3D('',#3452,#3453,#3454);
#3456=PLANE('3686',#3455);
#3457=ORIENTED_EDGE('3826',*,*,#3435,.F.);
#3458=ORIENTED_EDGE('3850',*,*,#3410,.T.);
#3460=ORIENTED_EDGE('3719',*,*,#3459,.T.);
#3461=ORIENTED_EDGE('3767',*,*,#2212,.T.);
#3462=ORIENTED_EDGE('3852',*,*,#3193,.T.);
#3463=EDGE_LOOP('3686',(#3457,#3458,#3460,#3461,#3462));
#3464=FACE_OUTER_BOUND('3686',#3463,.F.);
#3465=ADVANCED_FACE('3686',(#3464),#3456,.F.);
#3466=CARTESIAN_POINT('',(-4.85E-1,0.E0,-1.7E0));
#3467=DIRECTION('',(-8.661855860486E-1,0.E0,-4.997224534896E-1));
#3468=DIRECTION('',(-4.997224534896E-1,0.E0,8.661855860486E-1));
#3469=AXIS2_PLACEMENT_3D('',#3466,#3467,#3468);
#3470=PLANE('3577',#3469);
#3471=ORIENTED_EDGE('3719',*,*,#3459,.F.);
#3472=ORIENTED_EDGE('3726',*,*,#3408,.T.);
#3473=ORIENTED_EDGE('3721',*,*,#2991,.T.);
#3474=ORIENTED_EDGE('3727',*,*,#2214,.F.);
#3475=EDGE_LOOP('3577',(#3471,#3472,#3473,#3474));
#3476=FACE_OUTER_BOUND('3577',#3475,.F.);
#3477=ADVANCED_FACE('3577',(#3476),#3470,.T.);
#3478=CARTESIAN_POINT('',(2.E-1,0.E0,-1.135E0));
#3479=DIRECTION('',(0.E0,-1.E0,0.E0));
#3480=DIRECTION('',(-1.E0,0.E0,0.E0));
#3481=AXIS2_PLACEMENT_3D('',#3478,#3479,#3480);
#3482=PLANE('3625',#3481);
#3483=ORIENTED_EDGE('3846',*,*,#3191,.F.);
#3485=ORIENTED_EDGE('3873',*,*,#3484,.F.);
#3487=ORIENTED_EDGE('3816',*,*,#3486,.T.);
#3488=ORIENTED_EDGE('3875',*,*,#3437,.T.);
#3489=EDGE_LOOP('3625',(#3483,#3485,#3487,#3488));
#3490=FACE_OUTER_BOUND('3625',#3489,.F.);
#3491=ADVANCED_FACE('3625',(#3490),#3482,.F.);
#3492=CARTESIAN_POINT('',(2.E-1,4.1E0,-4.35E-1));
#3493=DIRECTION('',(-1.E0,0.E0,0.E0));
#3494=DIRECTION('',(0.E0,0.E0,-1.E0));
#3495=AXIS2_PLACEMENT_3D('',#3492,#3493,#3494);
#3496=PLANE('3698',#3495);
#3497=ORIENTED_EDGE('3825',*,*,#3366,.F.);
#3498=ORIENTED_EDGE('3874',*,*,#3425,.T.);
#3500=ORIENTED_EDGE('3818',*,*,#3499,.F.);
#3502=ORIENTED_EDGE('3822',*,*,#3501,.F.);
#3504=ORIENTED_EDGE('3870',*,*,#3503,.F.);
#3505=ORIENTED_EDGE('3842',*,*,#2538,.F.);
#3507=ORIENTED_EDGE('3871',*,*,#3506,.T.);
#3508=ORIENTED_EDGE('3873',*,*,#3484,.T.);
#3509=EDGE_LOOP('3698',(#3497,#3498,#3500,#3502,#3504,#3505,#3507,#3508));
#3510=FACE_OUTER_BOUND('3698',#3509,.F.);
#3511=ADVANCED_FACE('3698',(#3510),#3496,.F.);
#3512=CARTESIAN_POINT('',(0.E0,-2.E-1,-2.75E0));
#3513=DIRECTION('',(0.E0,0.E0,1.E0));
#3514=DIRECTION('',(0.E0,1.E0,0.E0));
#3515=AXIS2_PLACEMENT_3D('',#3512,#3513,#3514);
#3516=PLANE('3623',#3515);
#3518=ORIENTED_EDGE('3817',*,*,#3517,.T.);
#3519=ORIENTED_EDGE('3818',*,*,#3499,.T.);
#3520=ORIENTED_EDGE('3819',*,*,#3423,.T.);
#3521=ORIENTED_EDGE('3820',*,*,#3446,.T.);
#3522=EDGE_LOOP('3623',(#3518,#3519,#3520,#3521));
#3523=FACE_OUTER_BOUND('3623',#3522,.F.);
#3524=ADVANCED_FACE('3623',(#3523),#3516,.F.);
#3525=CARTESIAN_POINT('',(-2.E-1,-4.E-1,-1.135E0));
#3526=DIRECTION('',(0.E0,1.E0,0.E0));
#3527=DIRECTION('',(1.E0,0.E0,0.E0));
#3528=AXIS2_PLACEMENT_3D('',#3525,#3526,#3527);
#3529=PLANE('3624',#3528);
#3531=ORIENTED_EDGE('3815',*,*,#3530,.T.);
#3532=ORIENTED_EDGE('3822',*,*,#3501,.T.);
#3533=ORIENTED_EDGE('3817',*,*,#3517,.F.);
#3534=ORIENTED_EDGE('3821',*,*,#3444,.F.);
#3535=EDGE_LOOP('3624',(#3531,#3532,#3533,#3534));
#3536=FACE_OUTER_BOUND('3624',#3535,.F.);
#3537=ADVANCED_FACE('3624',(#3536),#3529,.F.);
#3538=CARTESIAN_POINT('',(1.E0,3.E-1,-1.135E0));
#3539=DIRECTION('',(1.E0,0.E0,0.E0));
#3540=DIRECTION('',(0.E0,0.E0,-1.E0));
#3541=AXIS2_PLACEMENT_3D('',#3538,#3539,#3540);
#3542=CYLINDRICAL_SURFACE('3621',#3541,7.E-1);
#3543=ORIENTED_EDGE('3844',*,*,#2540,.T.);
#3544=ORIENTED_EDGE('3870',*,*,#3503,.T.);
#3545=ORIENTED_EDGE('3815',*,*,#3530,.F.);
#3546=ORIENTED_EDGE('3869',*,*,#3442,.F.);
#3547=EDGE_LOOP('3621',(#3543,#3544,#3545,#3546));
#3548=FACE_OUTER_BOUND('3621',#3547,.F.);
#3549=ADVANCED_FACE('3621',(#3548),#3542,.T.);
#3550=CARTESIAN_POINT('',(1.E0,3.E-1,-1.135E0));
#3551=DIRECTION('',(1.E0,0.E0,0.E0));
#3552=DIRECTION('',(0.E0,0.E0,-1.E0));
#3553=AXIS2_PLACEMENT_3D('',#3550,#3551,#3552);
#3554=CYLINDRICAL_SURFACE('3622',#3553,3.E-1);
#3555=ORIENTED_EDGE('3845',*,*,#2544,.F.);
#3556=ORIENTED_EDGE('3872',*,*,#3439,.T.);
#3557=ORIENTED_EDGE('3816',*,*,#3486,.F.);
#3558=ORIENTED_EDGE('3871',*,*,#3506,.F.);
#3559=EDGE_LOOP('3622',(#3555,#3556,#3557,#3558));
#3560=FACE_OUTER_BOUND('3622',#3559,.F.);
#3561=ADVANCED_FACE('3622',(#3560),#3554,.F.);
#3562=CARTESIAN_POINT('',(1.47E0,0.E0,-1.135E0));
#3563=DIRECTION('',(0.E0,-1.E0,0.E0));
#3564=DIRECTION('',(-1.E0,0.E0,0.E0));
#3565=AXIS2_PLACEMENT_3D('',#3562,#3563,#3564);
#3566=PLANE('3645',#3565);
#3567=ORIENTED_EDGE('3924',*,*,#3187,.F.);
#3569=ORIENTED_EDGE('3951',*,*,#3568,.F.);
#3571=ORIENTED_EDGE('3894',*,*,#3570,.T.);
#3572=ORIENTED_EDGE('3953',*,*,#3338,.T.);
#3573=EDGE_LOOP('3645',(#3567,#3569,#3571,#3572));
#3574=FACE_OUTER_BOUND('3645',#3573,.F.);
#3575=ADVANCED_FACE('3645',(#3574),#3566,.F.);
#3576=CARTESIAN_POINT('',(1.47E0,4.1E0,-4.35E-1));
#3577=DIRECTION('',(-1.E0,0.E0,0.E0));
#3578=DIRECTION('',(0.E0,0.E0,-1.E0));
#3579=AXIS2_PLACEMENT_3D('',#3576,#3577,#3578);
#3580=PLANE('3704',#3579);
#3582=ORIENTED_EDGE('3903',*,*,#3581,.F.);
#3583=ORIENTED_EDGE('3952',*,*,#3326,.T.);
#3585=ORIENTED_EDGE('3896',*,*,#3584,.F.);
#3587=ORIENTED_EDGE('3900',*,*,#3586,.F.);
#3589=ORIENTED_EDGE('3948',*,*,#3588,.F.);
#3590=ORIENTED_EDGE('3920',*,*,#2556,.F.);
#3592=ORIENTED_EDGE('3949',*,*,#3591,.T.);
#3593=ORIENTED_EDGE('3951',*,*,#3568,.T.);
#3594=EDGE_LOOP('3704',(#3582,#3583,#3585,#3587,#3589,#3590,#3592,#3593));
#3595=FACE_OUTER_BOUND('3704',#3594,.F.);
#3596=ADVANCED_FACE('3704',(#3595),#3580,.F.);
#3597=CARTESIAN_POINT('',(0.E0,0.E0,0.E0));
#3598=DIRECTION('',(0.E0,1.E0,0.E0));
#3599=DIRECTION('',(1.E0,0.E0,0.E0));
#3600=AXIS2_PLACEMENT_3D('',#3597,#3598,#3599);
#3601=PLANE('3690',#3600);
#3603=ORIENTED_EDGE('3982',*,*,#3602,.F.);
#3604=ORIENTED_EDGE('4006',*,*,#3265,.T.);
#3605=ORIENTED_EDGE('3760',*,*,#3277,.T.);
#3606=ORIENTED_EDGE('3757',*,*,#3293,.T.);
#3607=ORIENTED_EDGE('3927',*,*,#3305,.T.);
#3608=ORIENTED_EDGE('3903',*,*,#3581,.T.);
#3609=ORIENTED_EDGE('4008',*,*,#3185,.T.);
#3610=EDGE_LOOP('3690',(#3603,#3604,#3605,#3606,#3607,#3608,#3609));
#3611=FACE_OUTER_BOUND('3690',#3610,.F.);
#3612=ADVANCED_FACE('3690',(#3611),#3601,.F.);
#3613=CARTESIAN_POINT('',(2.34E0,4.1E0,-8.35E-1));
#3614=DIRECTION('',(1.E0,0.E0,0.E0));
#3615=DIRECTION('',(0.E0,0.E0,1.E0));
#3616=AXIS2_PLACEMENT_3D('',#3613,#3614,#3615);
#3617=PLANE('3660',#3616);
#3618=ORIENTED_EDGE('3982',*,*,#3602,.T.);
#3619=ORIENTED_EDGE('4031',*,*,#3213,.F.);
#3621=ORIENTED_EDGE('4028',*,*,#3620,.F.);
#3622=ORIENTED_EDGE('3999',*,*,#2578,.T.);
#3624=ORIENTED_EDGE('4025',*,*,#3623,.T.);
#3626=ORIENTED_EDGE('3977',*,*,#3625,.T.);
#3628=ORIENTED_EDGE('3976',*,*,#3627,.F.);
#3629=ORIENTED_EDGE('4032',*,*,#3246,.F.);
#3630=EDGE_LOOP('3660',(#3618,#3619,#3621,#3622,#3624,#3626,#3628,#3629));
#3631=FACE_OUTER_BOUND('3660',#3630,.F.);
#3632=ADVANCED_FACE('3660',(#3631),#3617,.F.);
#3633=CARTESIAN_POINT('',(3.54E0,3.E-1,-1.135E0));
#3634=DIRECTION('',(1.E0,0.E0,0.E0));
#3635=DIRECTION('',(0.E0,0.E0,-1.E0));
#3636=AXIS2_PLACEMENT_3D('',#3633,#3634,#3635);
#3637=CYLINDRICAL_SURFACE('3662',#3636,3.E-1);
#3638=ORIENTED_EDGE('4001',*,*,#2580,.F.);
#3639=ORIENTED_EDGE('4028',*,*,#3620,.T.);
#3640=ORIENTED_EDGE('3972',*,*,#3211,.F.);
#3641=ORIENTED_EDGE('4027',*,*,#3233,.F.);
#3642=EDGE_LOOP('3662',(#3638,#3639,#3640,#3641));
#3643=FACE_OUTER_BOUND('3662',#3642,.F.);
#3644=ADVANCED_FACE('3662',(#3643),#3637,.F.);
#3645=CARTESIAN_POINT('',(3.54E0,3.E-1,-1.135E0));
#3646=DIRECTION('',(1.E0,0.E0,0.E0));
#3647=DIRECTION('',(0.E0,0.E0,-1.E0));
#3648=AXIS2_PLACEMENT_3D('',#3645,#3646,#3647);
#3649=CYLINDRICAL_SURFACE('3661',#3648,7.E-1);
#3650=ORIENTED_EDGE('4000',*,*,#2576,.T.);
#3651=ORIENTED_EDGE('4026',*,*,#3230,.T.);
#3653=ORIENTED_EDGE('3971',*,*,#3652,.F.);
#3654=ORIENTED_EDGE('4025',*,*,#3623,.F.);
#3655=EDGE_LOOP('3661',(#3650,#3651,#3653,#3654));
#3656=FACE_OUTER_BOUND('3661',#3655,.F.);
#3657=ADVANCED_FACE('3661',(#3656),#3649,.T.);
#3658=CARTESIAN_POINT('',(2.34E0,-4.E-1,-1.135E0));
#3659=DIRECTION('',(0.E0,1.E0,0.E0));
#3660=DIRECTION('',(1.E0,0.E0,0.E0));
#3661=AXIS2_PLACEMENT_3D('',#3658,#3659,#3660);
#3662=PLANE('3664',#3661);
#3663=ORIENTED_EDGE('3971',*,*,#3652,.T.);
#3664=ORIENTED_EDGE('3978',*,*,#3228,.T.);
#3666=ORIENTED_EDGE('3973',*,*,#3665,.F.);
#3667=ORIENTED_EDGE('3977',*,*,#3625,.F.);
#3668=EDGE_LOOP('3664',(#3663,#3664,#3666,#3667));
#3669=FACE_OUTER_BOUND('3664',#3668,.F.);
#3670=ADVANCED_FACE('3664',(#3669),#3662,.F.);
#3671=CARTESIAN_POINT('',(2.54E0,-2.E-1,-2.75E0));
#3672=DIRECTION('',(0.E0,0.E0,1.E0));
#3673=DIRECTION('',(0.E0,1.E0,0.E0));
#3674=AXIS2_PLACEMENT_3D('',#3671,#3672,#3673);
#3675=PLANE('3663',#3674);
#3676=ORIENTED_EDGE('3973',*,*,#3665,.T.);
#3677=ORIENTED_EDGE('3974',*,*,#3226,.T.);
#3678=ORIENTED_EDGE('3975',*,*,#3248,.T.);
#3679=ORIENTED_EDGE('3976',*,*,#3627,.T.);
#3680=EDGE_LOOP('3663',(#3676,#3677,#3678,#3679));
#3681=FACE_OUTER_BOUND('3663',#3680,.F.);
#3682=ADVANCED_FACE('3663',(#3681),#3675,.F.);
#3683=CARTESIAN_POINT('',(1.27E0,-2.E-1,-2.75E0));
#3684=DIRECTION('',(0.E0,0.E0,1.E0));
#3685=DIRECTION('',(0.E0,1.E0,0.E0));
#3686=AXIS2_PLACEMENT_3D('',#3683,#3684,#3685);
#3687=PLANE('3643',#3686);
#3689=ORIENTED_EDGE('3895',*,*,#3688,.T.);
#3690=ORIENTED_EDGE('3896',*,*,#3584,.T.);
#3691=ORIENTED_EDGE('3897',*,*,#3324,.T.);
#3692=ORIENTED_EDGE('3898',*,*,#3347,.T.);
#3693=EDGE_LOOP('3643',(#3689,#3690,#3691,#3692));
#3694=FACE_OUTER_BOUND('3643',#3693,.F.);
#3695=ADVANCED_FACE('3643',(#3694),#3687,.F.);
#3696=CARTESIAN_POINT('',(1.07E0,-4.E-1,-1.135E0));
#3697=DIRECTION('',(0.E0,1.E0,0.E0));
#3698=DIRECTION('',(1.E0,0.E0,0.E0));
#3699=AXIS2_PLACEMENT_3D('',#3696,#3697,#3698);
#3700=PLANE('3644',#3699);
#3702=ORIENTED_EDGE('3893',*,*,#3701,.T.);
#3703=ORIENTED_EDGE('3900',*,*,#3586,.T.);
#3704=ORIENTED_EDGE('3895',*,*,#3688,.F.);
#3705=ORIENTED_EDGE('3899',*,*,#3345,.F.);
#3706=EDGE_LOOP('3644',(#3702,#3703,#3704,#3705));
#3707=FACE_OUTER_BOUND('3644',#3706,.F.);
#3708=ADVANCED_FACE('3644',(#3707),#3700,.F.);
#3709=CARTESIAN_POINT('',(2.27E0,3.E-1,-1.135E0));
#3710=DIRECTION('',(1.E0,0.E0,0.E0));
#3711=DIRECTION('',(0.E0,0.E0,-1.E0));
#3712=AXIS2_PLACEMENT_3D('',#3709,#3710,#3711);
#3713=CYLINDRICAL_SURFACE('3641',#3712,7.E-1);
#3714=ORIENTED_EDGE('3922',*,*,#2558,.T.);
#3715=ORIENTED_EDGE('3948',*,*,#3588,.T.);
#3716=ORIENTED_EDGE('3893',*,*,#3701,.F.);
#3717=ORIENTED_EDGE('3947',*,*,#3343,.F.);
#3718=EDGE_LOOP('3641',(#3714,#3715,#3716,#3717));
#3719=FACE_OUTER_BOUND('3641',#3718,.F.);
#3720=ADVANCED_FACE('3641',(#3719),#3713,.T.);
#3721=CARTESIAN_POINT('',(2.27E0,3.E-1,-1.135E0));
#3722=DIRECTION('',(1.E0,0.E0,0.E0));
#3723=DIRECTION('',(0.E0,0.E0,-1.E0));
#3724=AXIS2_PLACEMENT_3D('',#3721,#3722,#3723);
#3725=CYLINDRICAL_SURFACE('3642',#3724,3.E-1);
#3726=ORIENTED_EDGE('3923',*,*,#2562,.F.);
#3727=ORIENTED_EDGE('3950',*,*,#3340,.T.);
#3728=ORIENTED_EDGE('3894',*,*,#3570,.F.);
#3729=ORIENTED_EDGE('3949',*,*,#3591,.F.);
#3730=EDGE_LOOP('3642',(#3726,#3727,#3728,#3729));
#3731=FACE_OUTER_BOUND('3642',#3730,.F.);
#3732=ADVANCED_FACE('3642',(#3731),#3725,.F.);
#3733=CARTESIAN_POINT('',(0.E0,0.E0,0.E0));
#3734=DIRECTION('',(0.E0,1.E0,0.E0));
#3735=DIRECTION('',(1.E0,0.E0,0.E0));
#3736=AXIS2_PLACEMENT_3D('',#3733,#3734,#3735);
#3737=PLANE('3694',#3736);
#3739=ORIENTED_EDGE('4059',*,*,#3738,.T.);
#3740=ORIENTED_EDGE('4088',*,*,#3198,.T.);
#3741=ORIENTED_EDGE('3798',*,*,#2618,.T.);
#3743=ORIENTED_EDGE('3772',*,*,#3742,.T.);
#3745=ORIENTED_EDGE('4083',*,*,#3744,.T.);
#3746=EDGE_LOOP('3694',(#3739,#3740,#3741,#3743,#3745));
#3747=FACE_OUTER_BOUND('3694',#3746,.F.);
#3748=ADVANCED_FACE('3694',(#3747),#3737,.F.);
#3749=CARTESIAN_POINT('',(4.01E0,4.1E0,-4.35E-1));
#3750=DIRECTION('',(-1.E0,0.E0,0.E0));
#3751=DIRECTION('',(0.E0,0.E0,-1.E0));
#3752=AXIS2_PLACEMENT_3D('',#3749,#3750,#3751);
#3753=PLANE('3716',#3752);
#3754=ORIENTED_EDGE('4059',*,*,#3738,.F.);
#3756=ORIENTED_EDGE('4110',*,*,#3755,.T.);
#3758=ORIENTED_EDGE('4052',*,*,#3757,.F.);
#3760=ORIENTED_EDGE('4056',*,*,#3759,.F.);
#3762=ORIENTED_EDGE('4106',*,*,#3761,.F.);
#3763=ORIENTED_EDGE('4074',*,*,#2593,.F.);
#3765=ORIENTED_EDGE('4107',*,*,#3764,.T.);
#3766=ORIENTED_EDGE('4109',*,*,#3168,.T.);
#3767=EDGE_LOOP('3716',(#3754,#3756,#3758,#3760,#3762,#3763,#3765,#3766));
#3768=FACE_OUTER_BOUND('3716',#3767,.F.);
#3769=ADVANCED_FACE('3716',(#3768),#3753,.F.);
#3770=CARTESIAN_POINT('',(4.01E0,0.E0,-1.135E0));
#3771=DIRECTION('',(0.E0,-1.E0,0.E0));
#3772=DIRECTION('',(-1.E0,0.E0,0.E0));
#3773=AXIS2_PLACEMENT_3D('',#3770,#3771,#3772);
#3774=PLANE('3718',#3773);
#3776=ORIENTED_EDGE('4080',*,*,#3775,.T.);
#3777=ORIENTED_EDGE('4112',*,*,#3156,.T.);
#3779=ORIENTED_EDGE('4053',*,*,#3778,.F.);
#3780=ORIENTED_EDGE('4110',*,*,#3755,.F.);
#3781=EDGE_LOOP('3718',(#3776,#3777,#3779,#3780));
#3782=FACE_OUTER_BOUND('3718',#3781,.F.);
#3783=ADVANCED_FACE('3718',(#3782),#3774,.F.);
#3784=CARTESIAN_POINT('',(4.295E0,0.E0,-1.7E0));
#3785=DIRECTION('',(0.E0,0.E0,-1.E0));
#3786=DIRECTION('',(-1.E0,0.E0,0.E0));
#3787=AXIS2_PLACEMENT_3D('',#3784,#3785,#3786);
#3788=PLANE('3605',#3787);
#3789=ORIENTED_EDGE('4080',*,*,#3775,.F.);
#3790=ORIENTED_EDGE('4083',*,*,#3744,.F.);
#3792=ORIENTED_EDGE('3783',*,*,#3791,.T.);
#3793=ORIENTED_EDGE('3777',*,*,#2972,.T.);
#3794=ORIENTED_EDGE('3778',*,*,#3113,.F.);
#3795=ORIENTED_EDGE('4084',*,*,#3126,.F.);
#3796=EDGE_LOOP('3605',(#3789,#3790,#3792,#3793,#3794,#3795));
#3797=FACE_OUTER_BOUND('3605',#3796,.F.);
#3798=ADVANCED_FACE('3605',(#3797),#3788,.T.);
#3799=CARTESIAN_POINT('',(4.445E0,0.E0,-1.44E0));
#3800=DIRECTION('',(8.661855860486E-1,0.E0,-4.997224534896E-1));
#3801=DIRECTION('',(-4.997224534896E-1,0.E0,-8.661855860486E-1));
#3802=AXIS2_PLACEMENT_3D('',#3799,#3800,#3801);
#3803=PLANE('3604',#3802);
#3804=ORIENTED_EDGE('3772',*,*,#3742,.F.);
#3805=ORIENTED_EDGE('3782',*,*,#2616,.T.);
#3806=ORIENTED_EDGE('3776',*,*,#2974,.T.);
#3807=ORIENTED_EDGE('3783',*,*,#3791,.F.);
#3808=EDGE_LOOP('3604',(#3804,#3805,#3806,#3807));
#3809=FACE_OUTER_BOUND('3604',#3808,.F.);
#3810=ADVANCED_FACE('3604',(#3809),#3803,.T.);
#3811=CARTESIAN_POINT('',(3.81E0,-2.E-1,-2.75E0));
#3812=DIRECTION('',(0.E0,0.E0,1.E0));
#3813=DIRECTION('',(0.E0,1.E0,0.E0));
#3814=AXIS2_PLACEMENT_3D('',#3811,#3812,#3813);
#3815=PLANE('3683',#3814);
#3817=ORIENTED_EDGE('4051',*,*,#3816,.T.);
#3818=ORIENTED_EDGE('4052',*,*,#3757,.T.);
#3819=ORIENTED_EDGE('4053',*,*,#3778,.T.);
#3820=ORIENTED_EDGE('4054',*,*,#3154,.T.);
#3821=EDGE_LOOP('3683',(#3817,#3818,#3819,#3820));
#3822=FACE_OUTER_BOUND('3683',#3821,.F.);
#3823=ADVANCED_FACE('3683',(#3822),#3815,.F.);
#3824=CARTESIAN_POINT('',(3.61E0,-4.E-1,-1.135E0));
#3825=DIRECTION('',(0.E0,1.E0,0.E0));
#3826=DIRECTION('',(1.E0,0.E0,0.E0));
#3827=AXIS2_PLACEMENT_3D('',#3824,#3825,#3826);
#3828=PLANE('3684',#3827);
#3830=ORIENTED_EDGE('4049',*,*,#3829,.T.);
#3831=ORIENTED_EDGE('4056',*,*,#3759,.T.);
#3832=ORIENTED_EDGE('4051',*,*,#3816,.F.);
#3833=ORIENTED_EDGE('4055',*,*,#3152,.F.);
#3834=EDGE_LOOP('3684',(#3830,#3831,#3832,#3833));
#3835=FACE_OUTER_BOUND('3684',#3834,.F.);
#3836=ADVANCED_FACE('3684',(#3835),#3828,.F.);
#3837=CARTESIAN_POINT('',(4.81E0,3.E-1,-1.135E0));
#3838=DIRECTION('',(1.E0,0.E0,0.E0));
#3839=DIRECTION('',(0.E0,0.E0,-1.E0));
#3840=AXIS2_PLACEMENT_3D('',#3837,#3838,#3839);
#3841=CYLINDRICAL_SURFACE('3681',#3840,7.E-1);
#3842=ORIENTED_EDGE('4076',*,*,#2595,.T.);
#3843=ORIENTED_EDGE('4106',*,*,#3761,.T.);
#3844=ORIENTED_EDGE('4049',*,*,#3829,.F.);
#3845=ORIENTED_EDGE('4105',*,*,#3150,.F.);
#3846=EDGE_LOOP('3681',(#3842,#3843,#3844,#3845));
#3847=FACE_OUTER_BOUND('3681',#3846,.F.);
#3848=ADVANCED_FACE('3681',(#3847),#3841,.T.);
#3849=CARTESIAN_POINT('',(4.81E0,3.E-1,-1.135E0));
#3850=DIRECTION('',(1.E0,0.E0,0.E0));
#3851=DIRECTION('',(0.E0,0.E0,-1.E0));
#3852=AXIS2_PLACEMENT_3D('',#3849,#3850,#3851);
#3853=CYLINDRICAL_SURFACE('3682',#3852,3.E-1);
#3854=ORIENTED_EDGE('4077',*,*,#2599,.F.);
#3855=ORIENTED_EDGE('4108',*,*,#3147,.T.);
#3856=ORIENTED_EDGE('4050',*,*,#3170,.F.);
#3857=ORIENTED_EDGE('4107',*,*,#3764,.F.);
#3858=EDGE_LOOP('3682',(#3854,#3855,#3856,#3857));
#3859=FACE_OUTER_BOUND('3682',#3858,.F.);
#3860=ADVANCED_FACE('3682',(#3859),#3853,.F.);
#3861=CARTESIAN_POINT('',(4.295E0,0.E0,1.7E0));
#3862=DIRECTION('',(8.661855860486E-1,0.E0,4.997224534896E-1));
#3863=DIRECTION('',(4.997224534896E-1,0.E0,-8.661855860486E-1));
#3864=AXIS2_PLACEMENT_3D('',#3861,#3862,#3863);
#3865=PLANE('3602',#3864);
#3866=ORIENTED_EDGE('3771',*,*,#2635,.F.);
#3867=ORIENTED_EDGE('3780',*,*,#2738,.T.);
#3868=ORIENTED_EDGE('3774',*,*,#2977,.T.);
#3869=ORIENTED_EDGE('3781',*,*,#2612,.F.);
#3870=EDGE_LOOP('3602',(#3866,#3867,#3868,#3869));
#3871=FACE_OUTER_BOUND('3602',#3870,.F.);
#3872=ADVANCED_FACE('3602',(#3871),#3865,.T.);
#3873=CARTESIAN_POINT('',(-2.E-1,4.1E0,4.35E-1));
#3874=DIRECTION('',(0.E0,0.E0,-1.E0));
#3875=DIRECTION('',(1.E0,0.E0,0.E0));
#3876=AXIS2_PLACEMENT_3D('',#3873,#3874,#3875);
#3877=PLANE('3607',#3876);
#3878=ORIENTED_EDGE('3827',*,*,#3009,.T.);
#3880=ORIENTED_EDGE('3854',*,*,#3879,.F.);
#3882=ORIENTED_EDGE('3799',*,*,#3881,.F.);
#3884=ORIENTED_EDGE('3853',*,*,#3883,.T.);
#3885=EDGE_LOOP('3607',(#3878,#3880,#3882,#3884));
#3886=FACE_OUTER_BOUND('3607',#3885,.F.);
#3887=ADVANCED_FACE('3607',(#3886),#3877,.T.);
#3888=CARTESIAN_POINT('',(2.E-1,4.1E0,4.35E-1));
#3889=DIRECTION('',(1.E0,0.E0,0.E0));
#3890=DIRECTION('',(0.E0,0.E0,1.E0));
#3891=AXIS2_PLACEMENT_3D('',#3888,#3889,#3890);
#3892=PLANE('3608',#3891);
#3893=ORIENTED_EDGE('3828',*,*,#3015,.F.);
#3895=ORIENTED_EDGE('3855',*,*,#3894,.F.);
#3897=ORIENTED_EDGE('3800',*,*,#3896,.F.);
#3898=ORIENTED_EDGE('3854',*,*,#3879,.T.);
#3899=EDGE_LOOP('3608',(#3893,#3895,#3897,#3898));
#3900=FACE_OUTER_BOUND('3608',#3899,.F.);
#3901=ADVANCED_FACE('3608',(#3900),#3892,.T.);
#3902=CARTESIAN_POINT('',(2.E-1,4.1E0,8.35E-1));
#3903=DIRECTION('',(0.E0,0.E0,1.E0));
#3904=DIRECTION('',(-1.E0,0.E0,0.E0));
#3905=AXIS2_PLACEMENT_3D('',#3902,#3903,#3904);
#3906=PLANE('3609',#3905);
#3907=ORIENTED_EDGE('3829',*,*,#3013,.T.);
#3909=ORIENTED_EDGE('3856',*,*,#3908,.F.);
#3911=ORIENTED_EDGE('3801',*,*,#3910,.F.);
#3912=ORIENTED_EDGE('3855',*,*,#3894,.T.);
#3913=EDGE_LOOP('3609',(#3907,#3909,#3911,#3912));
#3914=FACE_OUTER_BOUND('3609',#3913,.F.);
#3915=ADVANCED_FACE('3609',(#3914),#3906,.T.);
#3916=CARTESIAN_POINT('',(-2.E-1,4.1E0,8.35E-1));
#3917=DIRECTION('',(-1.E0,0.E0,0.E0));
#3918=DIRECTION('',(0.E0,0.E0,-1.E0));
#3919=AXIS2_PLACEMENT_3D('',#3916,#3917,#3918);
#3920=PLANE('3696',#3919);
#3921=ORIENTED_EDGE('3830',*,*,#3011,.T.);
#3922=ORIENTED_EDGE('3853',*,*,#3883,.F.);
#3924=ORIENTED_EDGE('3802',*,*,#3923,.F.);
#3925=ORIENTED_EDGE('3856',*,*,#3908,.T.);
#3926=EDGE_LOOP('3696',(#3921,#3922,#3924,#3925));
#3927=FACE_OUTER_BOUND('3696',#3926,.F.);
#3928=ADVANCED_FACE('3696',(#3927),#3920,.T.);
#3929=CARTESIAN_POINT('',(0.E0,4.1E0,6.35E-1));
#3930=DIRECTION('',(0.E0,-1.E0,0.E0));
#3931=DIRECTION('',(0.E0,0.E0,1.E0));
#3932=AXIS2_PLACEMENT_3D('',#3929,#3930,#3931);
#3933=PLANE('3606',#3932);
#3934=ORIENTED_EDGE('3799',*,*,#3881,.T.);
#3935=ORIENTED_EDGE('3800',*,*,#3896,.T.);
#3936=ORIENTED_EDGE('3801',*,*,#3910,.T.);
#3937=ORIENTED_EDGE('3802',*,*,#3923,.T.);
#3938=EDGE_LOOP('3606',(#3934,#3935,#3936,#3937));
#3939=FACE_OUTER_BOUND('3606',#3938,.F.);
#3940=ADVANCED_FACE('3606',(#3939),#3933,.F.);
#3941=CARTESIAN_POINT('',(-2.E-1,4.1E0,-4.35E-1));
#3942=DIRECTION('',(0.E0,0.E0,-1.E0));
#3943=DIRECTION('',(1.E0,0.E0,0.E0));
#3944=AXIS2_PLACEMENT_3D('',#3941,#3942,#3943);
#3945=PLANE('3617',#3944);
#3946=ORIENTED_EDGE('3831',*,*,#3019,.F.);
#3948=ORIENTED_EDGE('3865',*,*,#3947,.F.);
#3950=ORIENTED_EDGE('3811',*,*,#3949,.T.);
#3952=ORIENTED_EDGE('3866',*,*,#3951,.T.);
#3953=EDGE_LOOP('3617',(#3946,#3948,#3950,#3952));
#3954=FACE_OUTER_BOUND('3617',#3953,.F.);
#3955=ADVANCED_FACE('3617',(#3954),#3945,.F.);
#3956=CARTESIAN_POINT('',(-2.E-1,4.1E0,-8.35E-1));
#3957=DIRECTION('',(1.E0,0.E0,0.E0));
#3958=DIRECTION('',(0.E0,0.E0,1.E0));
#3959=AXIS2_PLACEMENT_3D('',#3956,#3957,#3958);
#3960=PLANE('3699',#3959);
#3961=ORIENTED_EDGE('3834',*,*,#3025,.F.);
#3963=ORIENTED_EDGE('3868',*,*,#3962,.F.);
#3965=ORIENTED_EDGE('3814',*,*,#3964,.T.);
#3966=ORIENTED_EDGE('3865',*,*,#3947,.T.);
#3967=EDGE_LOOP('3699',(#3961,#3963,#3965,#3966));
#3968=FACE_OUTER_BOUND('3699',#3967,.F.);
#3969=ADVANCED_FACE('3699',(#3968),#3960,.F.);
#3970=CARTESIAN_POINT('',(2.E-1,4.1E0,-8.35E-1));
#3971=DIRECTION('',(0.E0,0.E0,1.E0));
#3972=DIRECTION('',(-1.E0,0.E0,0.E0));
#3973=AXIS2_PLACEMENT_3D('',#3970,#3971,#3972);
#3974=PLANE('3619',#3973);
#3975=ORIENTED_EDGE('3833',*,*,#3023,.F.);
#3977=ORIENTED_EDGE('3867',*,*,#3976,.F.);
#3979=ORIENTED_EDGE('3813',*,*,#3978,.T.);
#3980=ORIENTED_EDGE('3868',*,*,#3962,.T.);
#3981=EDGE_LOOP('3619',(#3975,#3977,#3979,#3980));
#3982=FACE_OUTER_BOUND('3619',#3981,.F.);
#3983=ADVANCED_FACE('3619',(#3982),#3974,.F.);
#3984=CARTESIAN_POINT('',(2.E-1,4.1E0,-4.35E-1));
#3985=DIRECTION('',(-1.E0,0.E0,0.E0));
#3986=DIRECTION('',(0.E0,0.E0,-1.E0));
#3987=AXIS2_PLACEMENT_3D('',#3984,#3985,#3986);
#3988=PLANE('3618',#3987);
#3989=ORIENTED_EDGE('3832',*,*,#3021,.T.);
#3990=ORIENTED_EDGE('3866',*,*,#3951,.F.);
#3992=ORIENTED_EDGE('3812',*,*,#3991,.T.);
#3993=ORIENTED_EDGE('3867',*,*,#3976,.T.);
#3994=EDGE_LOOP('3618',(#3989,#3990,#3992,#3993));
#3995=FACE_OUTER_BOUND('3618',#3994,.F.);
#3996=ADVANCED_FACE('3618',(#3995),#3988,.F.);
#3997=CARTESIAN_POINT('',(0.E0,4.1E0,-6.35E-1));
#3998=DIRECTION('',(0.E0,1.E0,0.E0));
#3999=DIRECTION('',(0.E0,0.E0,-1.E0));
#4000=AXIS2_PLACEMENT_3D('',#3997,#3998,#3999);
#4001=PLANE('3616',#4000);
#4002=ORIENTED_EDGE('3811',*,*,#3949,.F.);
#4003=ORIENTED_EDGE('3814',*,*,#3964,.F.);
#4004=ORIENTED_EDGE('3813',*,*,#3978,.F.);
#4005=ORIENTED_EDGE('3812',*,*,#3991,.F.);
#4006=EDGE_LOOP('3616',(#4002,#4003,#4004,#4005));
#4007=FACE_OUTER_BOUND('3616',#4006,.F.);
#4008=ADVANCED_FACE('3616',(#4007),#4001,.T.);
#4009=CARTESIAN_POINT('',(1.07E0,4.1E0,4.35E-1));
#4010=DIRECTION('',(0.E0,0.E0,-1.E0));
#4011=DIRECTION('',(1.E0,0.E0,0.E0));
#4012=AXIS2_PLACEMENT_3D('',#4009,#4010,#4011);
#4013=PLANE('3627',#4012);
#4014=ORIENTED_EDGE('3905',*,*,#3029,.T.);
#4016=ORIENTED_EDGE('3932',*,*,#4015,.F.);
#4018=ORIENTED_EDGE('3877',*,*,#4017,.F.);
#4020=ORIENTED_EDGE('3931',*,*,#4019,.T.);
#4021=EDGE_LOOP('3627',(#4014,#4016,#4018,#4020));
#4022=FACE_OUTER_BOUND('3627',#4021,.F.);
#4023=ADVANCED_FACE('3627',(#4022),#4013,.T.);
#4024=CARTESIAN_POINT('',(1.47E0,4.1E0,4.35E-1));
#4025=DIRECTION('',(1.E0,0.E0,0.E0));
#4026=DIRECTION('',(0.E0,0.E0,1.E0));
#4027=AXIS2_PLACEMENT_3D('',#4024,#4025,#4026);
#4028=PLANE('3628',#4027);
#4029=ORIENTED_EDGE('3906',*,*,#3035,.F.);
#4031=ORIENTED_EDGE('3933',*,*,#4030,.F.);
#4033=ORIENTED_EDGE('3878',*,*,#4032,.F.);
#4034=ORIENTED_EDGE('3932',*,*,#4015,.T.);
#4035=EDGE_LOOP('3628',(#4029,#4031,#4033,#4034));
#4036=FACE_OUTER_BOUND('3628',#4035,.F.);
#4037=ADVANCED_FACE('3628',(#4036),#4028,.T.);
#4038=CARTESIAN_POINT('',(1.47E0,4.1E0,8.35E-1));
#4039=DIRECTION('',(0.E0,0.E0,1.E0));
#4040=DIRECTION('',(-1.E0,0.E0,0.E0));
#4041=AXIS2_PLACEMENT_3D('',#4038,#4039,#4040);
#4042=PLANE('3629',#4041);
#4043=ORIENTED_EDGE('3907',*,*,#3033,.T.);
#4045=ORIENTED_EDGE('3934',*,*,#4044,.F.);
#4047=ORIENTED_EDGE('3879',*,*,#4046,.F.);
#4048=ORIENTED_EDGE('3933',*,*,#4030,.T.);
#4049=EDGE_LOOP('3629',(#4043,#4045,#4047,#4048));
#4050=FACE_OUTER_BOUND('3629',#4049,.F.);
#4051=ADVANCED_FACE('3629',(#4050),#4042,.T.);
#4052=CARTESIAN_POINT('',(1.07E0,4.1E0,8.35E-1));
#4053=DIRECTION('',(-1.E0,0.E0,0.E0));
#4054=DIRECTION('',(0.E0,0.E0,-1.E0));
#4055=AXIS2_PLACEMENT_3D('',#4052,#4053,#4054);
#4056=PLANE('3702',#4055);
#4057=ORIENTED_EDGE('3908',*,*,#3031,.T.);
#4058=ORIENTED_EDGE('3931',*,*,#4019,.F.);
#4060=ORIENTED_EDGE('3880',*,*,#4059,.F.);
#4061=ORIENTED_EDGE('3934',*,*,#4044,.T.);
#4062=EDGE_LOOP('3702',(#4057,#4058,#4060,#4061));
#4063=FACE_OUTER_BOUND('3702',#4062,.F.);
#4064=ADVANCED_FACE('3702',(#4063),#4056,.T.);
#4065=CARTESIAN_POINT('',(1.27E0,4.1E0,6.35E-1));
#4066=DIRECTION('',(0.E0,-1.E0,0.E0));
#4067=DIRECTION('',(0.E0,0.E0,1.E0));
#4068=AXIS2_PLACEMENT_3D('',#4065,#4066,#4067);
#4069=PLANE('3626',#4068);
#4070=ORIENTED_EDGE('3877',*,*,#4017,.T.);
#4071=ORIENTED_EDGE('3878',*,*,#4032,.T.);
#4072=ORIENTED_EDGE('3879',*,*,#4046,.T.);
#4073=ORIENTED_EDGE('3880',*,*,#4059,.T.);
#4074=EDGE_LOOP('3626',(#4070,#4071,#4072,#4073));
#4075=FACE_OUTER_BOUND('3626',#4074,.F.);
#4076=ADVANCED_FACE('3626',(#4075),#4069,.F.);
#4077=CARTESIAN_POINT('',(1.07E0,4.1E0,-4.35E-1));
#4078=DIRECTION('',(0.E0,0.E0,-1.E0));
#4079=DIRECTION('',(1.E0,0.E0,0.E0));
#4080=AXIS2_PLACEMENT_3D('',#4077,#4078,#4079);
#4081=PLANE('3637',#4080);
#4082=ORIENTED_EDGE('3909',*,*,#3039,.F.);
#4084=ORIENTED_EDGE('3943',*,*,#4083,.F.);
#4086=ORIENTED_EDGE('3889',*,*,#4085,.T.);
#4088=ORIENTED_EDGE('3944',*,*,#4087,.T.);
#4089=EDGE_LOOP('3637',(#4082,#4084,#4086,#4088));
#4090=FACE_OUTER_BOUND('3637',#4089,.F.);
#4091=ADVANCED_FACE('3637',(#4090),#4081,.F.);
#4092=CARTESIAN_POINT('',(1.07E0,4.1E0,-8.35E-1));
#4093=DIRECTION('',(1.E0,0.E0,0.E0));
#4094=DIRECTION('',(0.E0,0.E0,1.E0));
#4095=AXIS2_PLACEMENT_3D('',#4092,#4093,#4094);
#4096=PLANE('3705',#4095);
#4097=ORIENTED_EDGE('3912',*,*,#3045,.F.);
#4099=ORIENTED_EDGE('3946',*,*,#4098,.F.);
#4101=ORIENTED_EDGE('3892',*,*,#4100,.T.);
#4102=ORIENTED_EDGE('3943',*,*,#4083,.T.);
#4103=EDGE_LOOP('3705',(#4097,#4099,#4101,#4102));
#4104=FACE_OUTER_BOUND('3705',#4103,.F.);
#4105=ADVANCED_FACE('3705',(#4104),#4096,.F.);
#4106=CARTESIAN_POINT('',(1.47E0,4.1E0,-8.35E-1));
#4107=DIRECTION('',(0.E0,0.E0,1.E0));
#4108=DIRECTION('',(-1.E0,0.E0,0.E0));
#4109=AXIS2_PLACEMENT_3D('',#4106,#4107,#4108);
#4110=PLANE('3639',#4109);
#4111=ORIENTED_EDGE('3911',*,*,#3043,.F.);
#4113=ORIENTED_EDGE('3945',*,*,#4112,.F.);
#4115=ORIENTED_EDGE('3891',*,*,#4114,.T.);
#4116=ORIENTED_EDGE('3946',*,*,#4098,.T.);
#4117=EDGE_LOOP('3639',(#4111,#4113,#4115,#4116));
#4118=FACE_OUTER_BOUND('3639',#4117,.F.);
#4119=ADVANCED_FACE('3639',(#4118),#4110,.F.);
#4120=CARTESIAN_POINT('',(1.47E0,4.1E0,-4.35E-1));
#4121=DIRECTION('',(-1.E0,0.E0,0.E0));
#4122=DIRECTION('',(0.E0,0.E0,-1.E0));
#4123=AXIS2_PLACEMENT_3D('',#4120,#4121,#4122);
#4124=PLANE('3638',#4123);
#4125=ORIENTED_EDGE('3910',*,*,#3041,.T.);
#4126=ORIENTED_EDGE('3944',*,*,#4087,.F.);
#4128=ORIENTED_EDGE('3890',*,*,#4127,.T.);
#4129=ORIENTED_EDGE('3945',*,*,#4112,.T.);
#4130=EDGE_LOOP('3638',(#4125,#4126,#4128,#4129));
#4131=FACE_OUTER_BOUND('3638',#4130,.F.);
#4132=ADVANCED_FACE('3638',(#4131),#4124,.F.);
#4133=CARTESIAN_POINT('',(1.27E0,4.1E0,-6.35E-1));
#4134=DIRECTION('',(0.E0,1.E0,0.E0));
#4135=DIRECTION('',(0.E0,0.E0,-1.E0));
#4136=AXIS2_PLACEMENT_3D('',#4133,#4134,#4135);
#4137=PLANE('3636',#4136);
#4138=ORIENTED_EDGE('3889',*,*,#4085,.F.);
#4139=ORIENTED_EDGE('3892',*,*,#4100,.F.);
#4140=ORIENTED_EDGE('3891',*,*,#4114,.F.);
#4141=ORIENTED_EDGE('3890',*,*,#4127,.F.);
#4142=EDGE_LOOP('3636',(#4138,#4139,#4140,#4141));
#4143=FACE_OUTER_BOUND('3636',#4142,.F.);
#4144=ADVANCED_FACE('3636',(#4143),#4137,.T.);
#4145=CARTESIAN_POINT('',(2.34E0,4.1E0,4.35E-1));
#4146=DIRECTION('',(0.E0,0.E0,-1.E0));
#4147=DIRECTION('',(1.E0,0.E0,0.E0));
#4148=AXIS2_PLACEMENT_3D('',#4145,#4146,#4147);
#4149=PLANE('3647',#4148);
#4150=ORIENTED_EDGE('3983',*,*,#3049,.T.);
#4152=ORIENTED_EDGE('4010',*,*,#4151,.F.);
#4154=ORIENTED_EDGE('3955',*,*,#4153,.F.);
#4156=ORIENTED_EDGE('4009',*,*,#4155,.T.);
#4157=EDGE_LOOP('3647',(#4150,#4152,#4154,#4156));
#4158=FACE_OUTER_BOUND('3647',#4157,.F.);
#4159=ADVANCED_FACE('3647',(#4158),#4149,.T.);
#4160=CARTESIAN_POINT('',(2.74E0,4.1E0,4.35E-1));
#4161=DIRECTION('',(1.E0,0.E0,0.E0));
#4162=DIRECTION('',(0.E0,0.E0,1.E0));
#4163=AXIS2_PLACEMENT_3D('',#4160,#4161,#4162);
#4164=PLANE('3648',#4163);
#4165=ORIENTED_EDGE('3984',*,*,#3055,.F.);
#4167=ORIENTED_EDGE('4011',*,*,#4166,.F.);
#4169=ORIENTED_EDGE('3956',*,*,#4168,.F.);
#4170=ORIENTED_EDGE('4010',*,*,#4151,.T.);
#4171=EDGE_LOOP('3648',(#4165,#4167,#4169,#4170));
#4172=FACE_OUTER_BOUND('3648',#4171,.F.);
#4173=ADVANCED_FACE('3648',(#4172),#4164,.T.);
#4174=CARTESIAN_POINT('',(2.74E0,4.1E0,8.35E-1));
#4175=DIRECTION('',(0.E0,0.E0,1.E0));
#4176=DIRECTION('',(-1.E0,0.E0,0.E0));
#4177=AXIS2_PLACEMENT_3D('',#4174,#4175,#4176);
#4178=PLANE('3649',#4177);
#4179=ORIENTED_EDGE('3985',*,*,#3053,.T.);
#4181=ORIENTED_EDGE('4012',*,*,#4180,.F.);
#4183=ORIENTED_EDGE('3957',*,*,#4182,.F.);
#4184=ORIENTED_EDGE('4011',*,*,#4166,.T.);
#4185=EDGE_LOOP('3649',(#4179,#4181,#4183,#4184));
#4186=FACE_OUTER_BOUND('3649',#4185,.F.);
#4187=ADVANCED_FACE('3649',(#4186),#4178,.T.);
#4188=CARTESIAN_POINT('',(2.34E0,4.1E0,8.35E-1));
#4189=DIRECTION('',(-1.E0,0.E0,0.E0));
#4190=DIRECTION('',(0.E0,0.E0,-1.E0));
#4191=AXIS2_PLACEMENT_3D('',#4188,#4189,#4190);
#4192=PLANE('3708',#4191);
#4193=ORIENTED_EDGE('3986',*,*,#3051,.T.);
#4194=ORIENTED_EDGE('4009',*,*,#4155,.F.);
#4196=ORIENTED_EDGE('3958',*,*,#4195,.F.);
#4197=ORIENTED_EDGE('4012',*,*,#4180,.T.);
#4198=EDGE_LOOP('3708',(#4193,#4194,#4196,#4197));
#4199=FACE_OUTER_BOUND('3708',#4198,.F.);
#4200=ADVANCED_FACE('3708',(#4199),#4192,.T.);
#4201=CARTESIAN_POINT('',(2.54E0,4.1E0,6.35E-1));
#4202=DIRECTION('',(0.E0,-1.E0,0.E0));
#4203=DIRECTION('',(0.E0,0.E0,1.E0));
#4204=AXIS2_PLACEMENT_3D('',#4201,#4202,#4203);
#4205=PLANE('3646',#4204);
#4206=ORIENTED_EDGE('3955',*,*,#4153,.T.);
#4207=ORIENTED_EDGE('3956',*,*,#4168,.T.);
#4208=ORIENTED_EDGE('3957',*,*,#4182,.T.);
#4209=ORIENTED_EDGE('3958',*,*,#4195,.T.);
#4210=EDGE_LOOP('3646',(#4206,#4207,#4208,#4209));
#4211=FACE_OUTER_BOUND('3646',#4210,.F.);
#4212=ADVANCED_FACE('3646',(#4211),#4205,.F.);
#4213=CARTESIAN_POINT('',(2.34E0,4.1E0,-4.35E-1));
#4214=DIRECTION('',(0.E0,0.E0,-1.E0));
#4215=DIRECTION('',(1.E0,0.E0,0.E0));
#4216=AXIS2_PLACEMENT_3D('',#4213,#4214,#4215);
#4217=PLANE('3657',#4216);
#4218=ORIENTED_EDGE('3987',*,*,#3059,.F.);
#4220=ORIENTED_EDGE('4021',*,*,#4219,.F.);
#4222=ORIENTED_EDGE('3967',*,*,#4221,.T.);
#4224=ORIENTED_EDGE('4022',*,*,#4223,.T.);
#4225=EDGE_LOOP('3657',(#4218,#4220,#4222,#4224));
#4226=FACE_OUTER_BOUND('3657',#4225,.F.);
#4227=ADVANCED_FACE('3657',(#4226),#4217,.F.);
#4228=CARTESIAN_POINT('',(2.34E0,4.1E0,-8.35E-1));
#4229=DIRECTION('',(1.E0,0.E0,0.E0));
#4230=DIRECTION('',(0.E0,0.E0,1.E0));
#4231=AXIS2_PLACEMENT_3D('',#4228,#4229,#4230);
#4232=PLANE('3711',#4231);
#4233=ORIENTED_EDGE('3990',*,*,#3065,.F.);
#4235=ORIENTED_EDGE('4024',*,*,#4234,.F.);
#4237=ORIENTED_EDGE('3970',*,*,#4236,.T.);
#4238=ORIENTED_EDGE('4021',*,*,#4219,.T.);
#4239=EDGE_LOOP('3711',(#4233,#4235,#4237,#4238));
#4240=FACE_OUTER_BOUND('3711',#4239,.F.);
#4241=ADVANCED_FACE('3711',(#4240),#4232,.F.);
#4242=CARTESIAN_POINT('',(2.74E0,4.1E0,-8.35E-1));
#4243=DIRECTION('',(0.E0,0.E0,1.E0));
#4244=DIRECTION('',(-1.E0,0.E0,0.E0));
#4245=AXIS2_PLACEMENT_3D('',#4242,#4243,#4244);
#4246=PLANE('3659',#4245);
#4247=ORIENTED_EDGE('3989',*,*,#3063,.F.);
#4249=ORIENTED_EDGE('4023',*,*,#4248,.F.);
#4251=ORIENTED_EDGE('3969',*,*,#4250,.T.);
#4252=ORIENTED_EDGE('4024',*,*,#4234,.T.);
#4253=EDGE_LOOP('3659',(#4247,#4249,#4251,#4252));
#4254=FACE_OUTER_BOUND('3659',#4253,.F.);
#4255=ADVANCED_FACE('3659',(#4254),#4246,.F.);
#4256=CARTESIAN_POINT('',(2.74E0,4.1E0,-4.35E-1));
#4257=DIRECTION('',(-1.E0,0.E0,0.E0));
#4258=DIRECTION('',(0.E0,0.E0,-1.E0));
#4259=AXIS2_PLACEMENT_3D('',#4256,#4257,#4258);
#4260=PLANE('3658',#4259);
#4261=ORIENTED_EDGE('3988',*,*,#3061,.T.);
#4262=ORIENTED_EDGE('4022',*,*,#4223,.F.);
#4264=ORIENTED_EDGE('3968',*,*,#4263,.T.);
#4265=ORIENTED_EDGE('4023',*,*,#4248,.T.);
#4266=EDGE_LOOP('3658',(#4261,#4262,#4264,#4265));
#4267=FACE_OUTER_BOUND('3658',#4266,.F.);
#4268=ADVANCED_FACE('3658',(#4267),#4260,.F.);
#4269=CARTESIAN_POINT('',(2.54E0,4.1E0,-6.35E-1));
#4270=DIRECTION('',(0.E0,1.E0,0.E0));
#4271=DIRECTION('',(0.E0,0.E0,-1.E0));
#4272=AXIS2_PLACEMENT_3D('',#4269,#4270,#4271);
#4273=PLANE('3656',#4272);
#4274=ORIENTED_EDGE('3967',*,*,#4221,.F.);
#4275=ORIENTED_EDGE('3970',*,*,#4236,.F.);
#4276=ORIENTED_EDGE('3969',*,*,#4250,.F.);
#4277=ORIENTED_EDGE('3968',*,*,#4263,.F.);
#4278=EDGE_LOOP('3656',(#4274,#4275,#4276,#4277));
#4279=FACE_OUTER_BOUND('3656',#4278,.F.);
#4280=ADVANCED_FACE('3656',(#4279),#4273,.T.);
#4281=CARTESIAN_POINT('',(3.61E0,4.1E0,4.35E-1));
#4282=DIRECTION('',(0.E0,0.E0,-1.E0));
#4283=DIRECTION('',(1.E0,0.E0,0.E0));
#4284=AXIS2_PLACEMENT_3D('',#4281,#4282,#4283);
#4285=PLANE('3667',#4284);
#4286=ORIENTED_EDGE('4061',*,*,#3069,.T.);
#4288=ORIENTED_EDGE('4090',*,*,#4287,.F.);
#4290=ORIENTED_EDGE('4033',*,*,#4289,.F.);
#4292=ORIENTED_EDGE('4089',*,*,#4291,.T.);
#4293=EDGE_LOOP('3667',(#4286,#4288,#4290,#4292));
#4294=FACE_OUTER_BOUND('3667',#4293,.F.);
#4295=ADVANCED_FACE('3667',(#4294),#4285,.T.);
#4296=CARTESIAN_POINT('',(4.01E0,4.1E0,4.35E-1));
#4297=DIRECTION('',(1.E0,0.E0,0.E0));
#4298=DIRECTION('',(0.E0,0.E0,1.E0));
#4299=AXIS2_PLACEMENT_3D('',#4296,#4297,#4298);
#4300=PLANE('3668',#4299);
#4301=ORIENTED_EDGE('4062',*,*,#3075,.F.);
#4303=ORIENTED_EDGE('4091',*,*,#4302,.F.);
#4305=ORIENTED_EDGE('4034',*,*,#4304,.F.);
#4306=ORIENTED_EDGE('4090',*,*,#4287,.T.);
#4307=EDGE_LOOP('3668',(#4301,#4303,#4305,#4306));
#4308=FACE_OUTER_BOUND('3668',#4307,.F.);
#4309=ADVANCED_FACE('3668',(#4308),#4300,.T.);
#4310=CARTESIAN_POINT('',(4.01E0,4.1E0,8.35E-1));
#4311=DIRECTION('',(0.E0,0.E0,1.E0));
#4312=DIRECTION('',(-1.E0,0.E0,0.E0));
#4313=AXIS2_PLACEMENT_3D('',#4310,#4311,#4312);
#4314=PLANE('3669',#4313);
#4315=ORIENTED_EDGE('4063',*,*,#3073,.T.);
#4317=ORIENTED_EDGE('4092',*,*,#4316,.F.);
#4319=ORIENTED_EDGE('4035',*,*,#4318,.F.);
#4320=ORIENTED_EDGE('4091',*,*,#4302,.T.);
#4321=EDGE_LOOP('3669',(#4315,#4317,#4319,#4320));
#4322=FACE_OUTER_BOUND('3669',#4321,.F.);
#4323=ADVANCED_FACE('3669',(#4322),#4314,.T.);
#4324=CARTESIAN_POINT('',(3.61E0,4.1E0,8.35E-1));
#4325=DIRECTION('',(-1.E0,0.E0,0.E0));
#4326=DIRECTION('',(0.E0,0.E0,-1.E0));
#4327=AXIS2_PLACEMENT_3D('',#4324,#4325,#4326);
#4328=PLANE('3714',#4327);
#4329=ORIENTED_EDGE('4064',*,*,#3071,.T.);
#4330=ORIENTED_EDGE('4089',*,*,#4291,.F.);
#4332=ORIENTED_EDGE('4036',*,*,#4331,.F.);
#4333=ORIENTED_EDGE('4092',*,*,#4316,.T.);
#4334=EDGE_LOOP('3714',(#4329,#4330,#4332,#4333));
#4335=FACE_OUTER_BOUND('3714',#4334,.F.);
#4336=ADVANCED_FACE('3714',(#4335),#4328,.T.);
#4337=CARTESIAN_POINT('',(3.81E0,4.1E0,6.35E-1));
#4338=DIRECTION('',(0.E0,-1.E0,0.E0));
#4339=DIRECTION('',(0.E0,0.E0,1.E0));
#4340=AXIS2_PLACEMENT_3D('',#4337,#4338,#4339);
#4341=PLANE('3666',#4340);
#4342=ORIENTED_EDGE('4033',*,*,#4289,.T.);
#4343=ORIENTED_EDGE('4034',*,*,#4304,.T.);
#4344=ORIENTED_EDGE('4035',*,*,#4318,.T.);
#4345=ORIENTED_EDGE('4036',*,*,#4331,.T.);
#4346=EDGE_LOOP('3666',(#4342,#4343,#4344,#4345));
#4347=FACE_OUTER_BOUND('3666',#4346,.F.);
#4348=ADVANCED_FACE('3666',(#4347),#4341,.F.);
#4349=CARTESIAN_POINT('',(3.61E0,4.1E0,-4.35E-1));
#4350=DIRECTION('',(0.E0,0.E0,-1.E0));
#4351=DIRECTION('',(1.E0,0.E0,0.E0));
#4352=AXIS2_PLACEMENT_3D('',#4349,#4350,#4351);
#4353=PLANE('3677',#4352);
#4354=ORIENTED_EDGE('4065',*,*,#3079,.F.);
#4356=ORIENTED_EDGE('4101',*,*,#4355,.F.);
#4358=ORIENTED_EDGE('4045',*,*,#4357,.T.);
#4360=ORIENTED_EDGE('4102',*,*,#4359,.T.);
#4361=EDGE_LOOP('3677',(#4354,#4356,#4358,#4360));
#4362=FACE_OUTER_BOUND('3677',#4361,.F.);
#4363=ADVANCED_FACE('3677',(#4362),#4353,.F.);
#4364=CARTESIAN_POINT('',(3.61E0,4.1E0,-8.35E-1));
#4365=DIRECTION('',(1.E0,0.E0,0.E0));
#4366=DIRECTION('',(0.E0,0.E0,1.E0));
#4367=AXIS2_PLACEMENT_3D('',#4364,#4365,#4366);
#4368=PLANE('3717',#4367);
#4369=ORIENTED_EDGE('4068',*,*,#3085,.F.);
#4371=ORIENTED_EDGE('4104',*,*,#4370,.F.);
#4373=ORIENTED_EDGE('4048',*,*,#4372,.T.);
#4374=ORIENTED_EDGE('4101',*,*,#4355,.T.);
#4375=EDGE_LOOP('3717',(#4369,#4371,#4373,#4374));
#4376=FACE_OUTER_BOUND('3717',#4375,.F.);
#4377=ADVANCED_FACE('3717',(#4376),#4368,.F.);
#4378=CARTESIAN_POINT('',(4.01E0,4.1E0,-8.35E-1));
#4379=DIRECTION('',(0.E0,0.E0,1.E0));
#4380=DIRECTION('',(-1.E0,0.E0,0.E0));
#4381=AXIS2_PLACEMENT_3D('',#4378,#4379,#4380);
#4382=PLANE('3679',#4381);
#4383=ORIENTED_EDGE('4067',*,*,#3083,.F.);
#4385=ORIENTED_EDGE('4103',*,*,#4384,.F.);
#4387=ORIENTED_EDGE('4047',*,*,#4386,.T.);
#4388=ORIENTED_EDGE('4104',*,*,#4370,.T.);
#4389=EDGE_LOOP('3679',(#4383,#4385,#4387,#4388));
#4390=FACE_OUTER_BOUND('3679',#4389,.F.);
#4391=ADVANCED_FACE('3679',(#4390),#4382,.F.);
#4392=CARTESIAN_POINT('',(4.01E0,4.1E0,-4.35E-1));
#4393=DIRECTION('',(-1.E0,0.E0,0.E0));
#4394=DIRECTION('',(0.E0,0.E0,-1.E0));
#4395=AXIS2_PLACEMENT_3D('',#4392,#4393,#4394);
#4396=PLANE('3678',#4395);
#4397=ORIENTED_EDGE('4066',*,*,#3081,.T.);
#4398=ORIENTED_EDGE('4102',*,*,#4359,.F.);
#4400=ORIENTED_EDGE('4046',*,*,#4399,.T.);
#4401=ORIENTED_EDGE('4103',*,*,#4384,.T.);
#4402=EDGE_LOOP('3678',(#4397,#4398,#4400,#4401));
#4403=FACE_OUTER_BOUND('3678',#4402,.F.);
#4404=ADVANCED_FACE('3678',(#4403),#4396,.F.);
#4405=CARTESIAN_POINT('',(3.81E0,4.1E0,-6.35E-1));
#4406=DIRECTION('',(0.E0,1.E0,0.E0));
#4407=DIRECTION('',(0.E0,0.E0,-1.E0));
#4408=AXIS2_PLACEMENT_3D('',#4405,#4406,#4407);
#4409=PLANE('3676',#4408);
#4410=ORIENTED_EDGE('4045',*,*,#4357,.F.);
#4411=ORIENTED_EDGE('4048',*,*,#4372,.F.);
#4412=ORIENTED_EDGE('4047',*,*,#4386,.F.);
#4413=ORIENTED_EDGE('4046',*,*,#4399,.F.);
#4414=EDGE_LOOP('3676',(#4410,#4411,#4412,#4413));
#4415=FACE_OUTER_BOUND('3676',#4414,.F.);
#4416=ADVANCED_FACE('3676',(#4415),#4409,.T.);
#4417=CARTESIAN_POINT('',(1.E0,3.E-1,1.135E0));
#4418=DIRECTION('',(-1.E0,0.E0,0.E0));
#4419=DIRECTION('',(0.E0,0.E0,1.E0));
#4420=AXIS2_PLACEMENT_3D('',#4417,#4418,#4419);
#4421=CYLINDRICAL_SURFACE('3611',#4420,7.E-1);
#4422=ORIENTED_EDGE('3840',*,*,#2534,.T.);
#4423=ORIENTED_EDGE('3857',*,*,#2143,.T.);
#4425=ORIENTED_EDGE('3803',*,*,#4424,.T.);
#4426=ORIENTED_EDGE('3858',*,*,#2482,.F.);
#4427=EDGE_LOOP('3611',(#4422,#4423,#4425,#4426));
#4428=FACE_OUTER_BOUND('3611',#4427,.F.);
#4429=ADVANCED_FACE('3611',(#4428),#4421,.T.);
#4430=CARTESIAN_POINT('',(-2.E-1,-4.E-1,1.135E0));
#4431=DIRECTION('',(0.E0,-1.E0,0.E0));
#4432=DIRECTION('',(1.E0,0.E0,0.E0));
#4433=AXIS2_PLACEMENT_3D('',#4430,#4431,#4432);
#4434=PLANE('3614',#4433);
#4435=ORIENTED_EDGE('3803',*,*,#4424,.F.);
#4436=ORIENTED_EDGE('3809',*,*,#2141,.T.);
#4438=ORIENTED_EDGE('3805',*,*,#4437,.T.);
#4439=ORIENTED_EDGE('3810',*,*,#2484,.F.);
#4440=EDGE_LOOP('3614',(#4435,#4436,#4438,#4439));
#4441=FACE_OUTER_BOUND('3614',#4440,.F.);
#4442=ADVANCED_FACE('3614',(#4441),#4434,.T.);
#4443=CARTESIAN_POINT('',(0.E0,-2.E-1,2.75E0));
#4444=DIRECTION('',(0.E0,0.E0,1.E0));
#4445=DIRECTION('',(0.E0,1.E0,0.E0));
#4446=AXIS2_PLACEMENT_3D('',#4443,#4444,#4445);
#4447=PLANE('3613',#4446);
#4448=ORIENTED_EDGE('3805',*,*,#4437,.F.);
#4449=ORIENTED_EDGE('3808',*,*,#2139,.F.);
#4450=ORIENTED_EDGE('3807',*,*,#2163,.F.);
#4451=ORIENTED_EDGE('3806',*,*,#2486,.F.);
#4452=EDGE_LOOP('3613',(#4448,#4449,#4450,#4451));
#4453=FACE_OUTER_BOUND('3613',#4452,.F.);
#4454=ADVANCED_FACE('3613',(#4453),#4447,.T.);
#4455=CARTESIAN_POINT('',(2.27E0,3.E-1,1.135E0));
#4456=DIRECTION('',(-1.E0,0.E0,0.E0));
#4457=DIRECTION('',(0.E0,0.E0,1.E0));
#4458=AXIS2_PLACEMENT_3D('',#4455,#4456,#4457);
#4459=CYLINDRICAL_SURFACE('3632',#4458,3.E-1);
#4460=ORIENTED_EDGE('3919',*,*,#2549,.F.);
#4461=ORIENTED_EDGE('3937',*,*,#2399,.T.);
#4462=ORIENTED_EDGE('3882',*,*,#2422,.T.);
#4463=ORIENTED_EDGE('3938',*,*,#2445,.F.);
#4464=EDGE_LOOP('3632',(#4460,#4461,#4462,#4463));
#4465=FACE_OUTER_BOUND('3632',#4464,.F.);
#4466=ADVANCED_FACE('3632',(#4465),#4459,.F.);
#4467=CARTESIAN_POINT('',(3.54E0,3.E-1,1.135E0));
#4468=DIRECTION('',(-1.E0,0.E0,0.E0));
#4469=DIRECTION('',(0.E0,0.E0,1.E0));
#4470=AXIS2_PLACEMENT_3D('',#4467,#4468,#4469);
#4471=CYLINDRICAL_SURFACE('3652',#4470,3.E-1);
#4472=ORIENTED_EDGE('3997',*,*,#2567,.F.);
#4473=ORIENTED_EDGE('4015',*,*,#2319,.T.);
#4474=ORIENTED_EDGE('3960',*,*,#2342,.T.);
#4475=ORIENTED_EDGE('4016',*,*,#2365,.F.);
#4476=EDGE_LOOP('3652',(#4472,#4473,#4474,#4475));
#4477=FACE_OUTER_BOUND('3652',#4476,.F.);
#4478=ADVANCED_FACE('3652',(#4477),#4471,.F.);
#4479=CLOSED_SHELL('',(#2130,#2153,#2168,#2186,#2200,#2222,#2252,#2267,#2290,
#2310,#2333,#2347,#2370,#2390,#2413,#2427,#2450,#2469,#2491,#2504,#2517,#2603,
#2625,#2641,#2662,#2674,#2687,#2700,#2713,#2726,#2743,#2757,#2771,#2788,#2801,
#2814,#2827,#2839,#2853,#2867,#2884,#2897,#2910,#2923,#2935,#2949,#2962,#3089,
#3104,#3118,#3138,#3160,#3175,#3202,#3217,#3238,#3253,#3269,#3283,#3297,#3315,
#3330,#3352,#3371,#3384,#3397,#3414,#3429,#3451,#3465,#3477,#3491,#3511,#3524,
#3537,#3549,#3561,#3575,#3596,#3612,#3632,#3644,#3657,#3670,#3682,#3695,#3708,
#3720,#3732,#3748,#3769,#3783,#3798,#3810,#3823,#3836,#3848,#3860,#3872,#3887,
#3901,#3915,#3928,#3940,#3955,#3969,#3983,#3996,#4008,#4023,#4037,#4051,#4064,
#4076,#4091,#4105,#4119,#4132,#4144,#4159,#4173,#4187,#4200,#4212,#4227,#4241,
#4255,#4268,#4280,#4295,#4309,#4323,#4336,#4348,#4363,#4377,#4391,#4404,#4416,
#4429,#4442,#4454,#4466,#4478));
#4480=MANIFOLD_SOLID_BREP('',#4479);
#4481=(LENGTH_UNIT()NAMED_UNIT(*)SI_UNIT(.MILLI.,.METRE.));
#4482=DIMENSIONAL_EXPONENTS(0.E0,0.E0,0.E0,0.E0,0.E0,0.E0,0.E0);
#4483=(NAMED_UNIT(*)PLANE_ANGLE_UNIT()SI_UNIT($,.RADIAN.));
#4484=PLANE_ANGLE_MEASURE_WITH_UNIT(PLANE_ANGLE_MEASURE(1.745329251994E-2),
#4483);
#4485=(CONVERSION_BASED_UNIT('DEGREE',#4484)NAMED_UNIT(#4482)PLANE_ANGLE_UNIT(
));
#4486=(NAMED_UNIT(*)SI_UNIT($,.STERADIAN.)SOLID_ANGLE_UNIT());
#4487=UNCERTAINTY_MEASURE_WITH_UNIT(LENGTH_MEASURE(6.210741819600E-4),#4481,
'closure',
'Maximum model space distance between geometric entities at asserted connectivities');
#4488=(GEOMETRIC_REPRESENTATION_CONTEXT(3)GLOBAL_UNCERTAINTY_ASSIGNED_CONTEXT((
#4487))GLOBAL_UNIT_ASSIGNED_CONTEXT((#4481,#4485,#4486))REPRESENTATION_CONTEXT(
'ID1','3'));
#4490=APPLICATION_CONTEXT(
'CONFIGURATION CONTROLLED 3D DESIGNS OF MECHANICAL PARTS AND ASSEMBLIES');
#4491=APPLICATION_PROTOCOL_DEFINITION('international standard',
'config_control_design',1994,#4490);
#4492=DESIGN_CONTEXT('',#4490,'design');
#4493=MECHANICAL_CONTEXT('',#4490,'mechanical');
#4494=PRODUCT('20021121-00008XXLFC','20021121-00008XXLFC','NOT SPECIFIED',
(#4493));
#4495=PRODUCT_DEFINITION_FORMATION_WITH_SPECIFIED_SOURCE('1','LAST_VERSION',
#4494,.MADE.);
#4499=PRODUCT_CATEGORY('part','');
#4500=PRODUCT_RELATED_PRODUCT_CATEGORY('detail','',(#4494));
#4501=PRODUCT_CATEGORY_RELATIONSHIP('','',#4499,#4500);
#4502=SECURITY_CLASSIFICATION_LEVEL('unclassified');
#4503=SECURITY_CLASSIFICATION('','',#4502);
#4504=CC_DESIGN_SECURITY_CLASSIFICATION(#4503,(#4495));
#4505=APPROVAL_STATUS('approved');
#4506=APPROVAL(#4505,'');
#4507=CC_DESIGN_APPROVAL(#4506,(#4503,#4495,#4496));
#4508=CALENDAR_DATE(109,16,7);
#4509=COORDINATED_UNIVERSAL_TIME_OFFSET(5,30,.AHEAD.);
#4510=LOCAL_TIME(18,48,5.2E1,#4509);
#4511=DATE_AND_TIME(#4508,#4510);
#4512=APPROVAL_DATE_TIME(#4511,#4506);
#4513=DATE_TIME_ROLE('creation_date');
#4514=CC_DESIGN_DATE_AND_TIME_ASSIGNMENT(#4511,#4513,(#4496));
#4515=DATE_TIME_ROLE('classification_date');
#4516=CC_DESIGN_DATE_AND_TIME_ASSIGNMENT(#4511,#4515,(#4503));
#4517=PERSON('UNSPECIFIED','UNSPECIFIED',$,$,$,$);
#4518=ORGANIZATION('UNSPECIFIED','UNSPECIFIED','UNSPECIFIED');
#4519=PERSON_AND_ORGANIZATION(#4517,#4518);
#4520=APPROVAL_ROLE('approver');
#4521=APPROVAL_PERSON_ORGANIZATION(#4519,#4506,#4520);
#4522=PERSON_AND_ORGANIZATION_ROLE('creator');
#4523=CC_DESIGN_PERSON_AND_ORGANIZATION_ASSIGNMENT(#4519,#4522,(#4495,#4496));
#4524=PERSON_AND_ORGANIZATION_ROLE('design_supplier');
#4525=CC_DESIGN_PERSON_AND_ORGANIZATION_ASSIGNMENT(#4519,#4524,(#4495));
#4526=PERSON_AND_ORGANIZATION_ROLE('classification_officer');
#4527=CC_DESIGN_PERSON_AND_ORGANIZATION_ASSIGNMENT(#4519,#4526,(#4503));
#4528=PERSON_AND_ORGANIZATION_ROLE('design_owner');
#4529=CC_DESIGN_PERSON_AND_ORGANIZATION_ASSIGNMENT(#4519,#4528,(#4494));
#29=CIRCLE('3860',#28,3.E-1);
#98=CIRCLE('4096',#97,3.E-1);
#135=CIRCLE('4014',#134,7.E-1);
#156=CIRCLE('4016',#155,3.E-1);
#193=CIRCLE('3936',#192,7.E-1);
#214=CIRCLE('3938',#213,3.E-1);
#251=CIRCLE('3858',#250,7.E-1);
#268=CIRCLE('3859',#267,3.E-1);
#441=CIRCLE('4094',#440,7.E-1);
#450=CIRCLE('4095',#449,3.E-1);
#455=CIRCLE('4093',#454,7.E-1);
#540=CIRCLE('4013',#539,7.E-1);
#589=CIRCLE('3935',#588,7.E-1);
#874=CIRCLE('4108',#873,3.E-1);
#923=CIRCLE('4026',#922,7.E-1);
#964=CIRCLE('3950',#963,3.E-1);
#1025=CIRCLE('3872',#1024,3.E-1);
#1070=CIRCLE('3870',#1069,7.E-1);
#1099=CIRCLE('3869',#1098,7.E-1);
#1104=CIRCLE('3871',#1103,3.E-1);
#1121=CIRCLE('3948',#1120,7.E-1);
#1158=CIRCLE('4028',#1157,3.E-1);
#1167=CIRCLE('4027',#1166,3.E-1);
#1172=CIRCLE('4025',#1171,7.E-1);
#1225=CIRCLE('3947',#1224,7.E-1);
#1230=CIRCLE('3949',#1229,3.E-1);
#1259=CIRCLE('4106',#1258,7.E-1);
#1304=CIRCLE('4105',#1303,7.E-1);
#1309=CIRCLE('4107',#1308,3.E-1);
#1574=CIRCLE('3857',#1573,7.E-1);
#1603=CIRCLE('3937',#1602,3.E-1);
#1608=CIRCLE('4015',#1607,3.E-1);
#2118=EDGE_CURVE('3824',#1783,#1784,#4,.T.);
#2120=EDGE_CURVE('3851',#1683,#1784,#8,.T.);
#2122=EDGE_CURVE('3768',#1683,#1615,#12,.T.);
#2124=EDGE_CURVE('3720',#1615,#1616,#16,.T.);
#2126=EDGE_CURVE('3847',#1616,#1783,#20,.T.);
#2137=EDGE_CURVE('3864',#1783,#1752,#24,.T.);
#2139=EDGE_CURVE('3808',#1752,#1747,#1590,.T.);
#2141=EDGE_CURVE('3809',#1739,#1747,#1582,.T.);
#2143=EDGE_CURVE('3857',#1816,#1739,#1574,.T.);
#2145=EDGE_CURVE('3839',#1815,#1816,#284,.T.);
#2147=EDGE_CURVE('3860',#1815,#1744,#29,.T.);
#2149=EDGE_CURVE('3863',#1744,#1784,#33,.T.);
#2159=EDGE_CURVE('3835',#1779,#1783,#41,.T.);
#2161=EDGE_CURVE('3862',#1779,#1750,#37,.T.);
#2163=EDGE_CURVE('3807',#1750,#1752,#1594,.T.);
#2176=EDGE_CURVE('3729',#1616,#1624,#45,.T.);
#2178=EDGE_CURVE('3724',#1624,#1626,#661,.T.);
#2180=EDGE_CURVE('3730',#1630,#1626,#597,.T.);
#2182=EDGE_CURVE('3848',#1779,#1630,#234,.T.);
#2193=EDGE_CURVE('3728',#1615,#1622,#49,.T.);
#2195=EDGE_CURVE('3723',#1622,#1624,#665,.T.);
#2206=EDGE_CURVE('3764',#1683,#1684,#53,.T.);
#2208=EDGE_CURVE('3765',#1684,#1686,#57,.T.);
#2210=EDGE_CURVE('3766',#1688,#1686,#61,.T.);
#2212=EDGE_CURVE('3767',#1612,#1688,#1045,.T.);
#2214=EDGE_CURVE('3727',#1612,#1620,#65,.T.);
#2216=EDGE_CURVE('3722',#1620,#1622,#669,.T.);
#2228=EDGE_CURVE('4069',#2068,#2072,#69,.T.);
#2230=EDGE_CURVE('4086',#2068,#1726,#436,.T.);
#2232=EDGE_CURVE('3794',#1726,#1690,#404,.T.);
#2234=EDGE_CURVE('3769',#1684,#1690,#272,.T.);
#2238=EDGE_CURVE('3837',#1780,#1784,#73,.T.);
#2240=EDGE_CURVE('3929',#1780,#1880,#226,.T.);
#2242=EDGE_CURVE('3915',#1876,#1880,#77,.T.);
#2244=EDGE_CURVE('4007',#1876,#1976,#168,.T.);
#2246=EDGE_CURVE('3993',#1972,#1976,#81,.T.);
#2248=EDGE_CURVE('4085',#1972,#2072,#110,.T.);
#2259=EDGE_CURVE('4099',#2032,#2072,#102,.T.);
#2261=EDGE_CURVE('4038',#2031,#2032,#85,.T.);
#2263=EDGE_CURVE('4097',#2031,#2068,#89,.T.);
#2273=EDGE_CURVE('4058',#2071,#2072,#106,.T.);
#2275=EDGE_CURVE('4100',#2071,#2040,#93,.T.);
#2277=EDGE_CURVE('4042',#2040,#2035,#471,.T.);
#2279=EDGE_CURVE('4043',#2027,#2035,#463,.T.);
#2281=EDGE_CURVE('4093',#2104,#2027,#455,.T.);
#2283=EDGE_CURVE('4071',#2103,#2104,#380,.T.);
#2285=EDGE_CURVE('4096',#2103,#2032,#98,.T.);
#2298=EDGE_CURVE('3979',#1971,#1972,#114,.T.);
#2300=EDGE_CURVE('4004',#1971,#1670,#118,.T.);
#2302=EDGE_CURVE('3786',#1670,#1719,#122,.T.);
#2304=EDGE_CURVE('3791',#1719,#1716,#126,.T.);
#2306=EDGE_CURVE('4081',#1716,#2071,#130,.T.);
#2317=EDGE_CURVE('4017',#1935,#1972,#147,.T.);
#2319=EDGE_CURVE('4015',#2003,#1935,#1608,.T.);
#2321=EDGE_CURVE('3994',#2003,#2004,#340,.T.);
#2323=EDGE_CURVE('4014',#2004,#1932,#135,.T.);
#2325=EDGE_CURVE('3966',#1932,#1940,#139,.T.);
#2327=EDGE_CURVE('3962',#1940,#1942,#527,.T.);
#2329=EDGE_CURVE('4018',#1971,#1942,#511,.T.);
#2340=EDGE_CURVE('4019',#1936,#1976,#160,.T.);
#2342=EDGE_CURVE('3960',#1935,#1936,#143,.T.);
#2353=EDGE_CURVE('3980',#1975,#1976,#164,.T.);
#2355=EDGE_CURVE('4020',#1975,#1944,#151,.T.);
#2357=EDGE_CURVE('3964',#1944,#1939,#519,.T.);
#2359=EDGE_CURVE('3965',#1931,#1939,#535,.T.);
#2361=EDGE_CURVE('4013',#2008,#1931,#540,.T.);
#2363=EDGE_CURVE('3995',#2007,#2008,#348,.T.);
#2365=EDGE_CURVE('4016',#2007,#1936,#156,.T.);
#2378=EDGE_CURVE('3901',#1875,#1876,#172,.T.);
#2380=EDGE_CURVE('3926',#1875,#1646,#176,.T.);
#2382=EDGE_CURVE('3756',#1646,#1675,#180,.T.);
#2384=EDGE_CURVE('3761',#1675,#1668,#184,.T.);
#2386=EDGE_CURVE('4003',#1668,#1975,#188,.T.);
#2397=EDGE_CURVE('3939',#1839,#1876,#205,.T.);
#2399=EDGE_CURVE('3937',#1907,#1839,#1603,.T.);
#2401=EDGE_CURVE('3916',#1907,#1908,#308,.T.);
#2403=EDGE_CURVE('3936',#1908,#1836,#193,.T.);
#2405=EDGE_CURVE('3888',#1836,#1844,#197,.T.);
#2407=EDGE_CURVE('3884',#1844,#1846,#576,.T.);
#2409=EDGE_CURVE('3940',#1875,#1846,#560,.T.);
#2420=EDGE_CURVE('3941',#1840,#1880,#218,.T.);
#2422=EDGE_CURVE('3882',#1839,#1840,#201,.T.);
#2433=EDGE_CURVE('3902',#1879,#1880,#222,.T.);
#2435=EDGE_CURVE('3942',#1879,#1848,#209,.T.);
#2437=EDGE_CURVE('3886',#1848,#1843,#568,.T.);
#2439=EDGE_CURVE('3887',#1835,#1843,#584,.T.);
#2441=EDGE_CURVE('3935',#1912,#1835,#589,.T.);
#2443=EDGE_CURVE('3917',#1911,#1912,#316,.T.);
#2445=EDGE_CURVE('3938',#1911,#1840,#214,.T.);
#2458=EDGE_CURVE('3823',#1779,#1780,#230,.T.);
#2461=EDGE_CURVE('3740',#1630,#1651,#238,.T.);
#2463=EDGE_CURVE('3745',#1651,#1644,#242,.T.);
#2465=EDGE_CURVE('3925',#1644,#1879,#246,.T.);
#2476=EDGE_CURVE('3861',#1743,#1780,#263,.T.);
#2478=EDGE_CURVE('3859',#1811,#1743,#268,.T.);
#2480=EDGE_CURVE('3838',#1811,#1812,#276,.T.);
#2482=EDGE_CURVE('3858',#1812,#1740,#251,.T.);
#2484=EDGE_CURVE('3810',#1740,#1748,#255,.T.);
#2486=EDGE_CURVE('3806',#1748,#1750,#1598,.T.);
#2499=EDGE_CURVE('3804',#1743,#1744,#259,.T.);
#2510=EDGE_CURVE('3841',#1811,#1815,#280,.T.);
#2525=EDGE_CURVE('3795',#1690,#1692,#416,.T.);
#2527=EDGE_CURVE('3770',#1686,#1692,#906,.T.);
#2534=EDGE_CURVE('3840',#1812,#1816,#288,.T.);
#2538=EDGE_CURVE('3842',#1819,#1820,#292,.T.);
#2540=EDGE_CURVE('3844',#1824,#1820,#296,.T.);
#2542=EDGE_CURVE('3843',#1823,#1824,#300,.T.);
#2544=EDGE_CURVE('3845',#1823,#1819,#304,.T.);
#2549=EDGE_CURVE('3919',#1907,#1911,#312,.T.);
#2552=EDGE_CURVE('3918',#1908,#1912,#320,.T.);
#2556=EDGE_CURVE('3920',#1915,#1916,#324,.T.);
#2558=EDGE_CURVE('3922',#1920,#1916,#328,.T.);
#2560=EDGE_CURVE('3921',#1919,#1920,#332,.T.);
#2562=EDGE_CURVE('3923',#1919,#1915,#336,.T.);
#2567=EDGE_CURVE('3997',#2003,#2007,#344,.T.);
#2570=EDGE_CURVE('3996',#2004,#2008,#352,.T.);
#2574=EDGE_CURVE('3998',#2011,#2012,#356,.T.);
#2576=EDGE_CURVE('4000',#2016,#2012,#360,.T.);
#2578=EDGE_CURVE('3999',#2015,#2016,#364,.T.);
#2580=EDGE_CURVE('4001',#2015,#2011,#368,.T.);
#2584=EDGE_CURVE('4070',#2099,#2100,#372,.T.);
#2586=EDGE_CURVE('4073',#2099,#2103,#376,.T.);
#2589=EDGE_CURVE('4072',#2100,#2104,#384,.T.);
#2593=EDGE_CURVE('4074',#2107,#2108,#388,.T.);
#2595=EDGE_CURVE('4076',#2112,#2108,#392,.T.);
#2597=EDGE_CURVE('4075',#2111,#2112,#396,.T.);
#2599=EDGE_CURVE('4077',#2111,#2107,#400,.T.);
#2610=EDGE_CURVE('3797',#1696,#1726,#432,.T.);
#2612=EDGE_CURVE('3781',#1696,#1706,#408,.T.);
#2614=EDGE_CURVE('3775',#1706,#1708,#617,.T.);
#2616=EDGE_CURVE('3782',#1699,#1708,#1275,.T.);
#2618=EDGE_CURVE('3798',#1728,#1699,#1242,.T.);
#2620=EDGE_CURVE('3796',#1728,#1692,#412,.T.);
#2631=EDGE_CURVE('4057',#2067,#2068,#420,.T.);
#2633=EDGE_CURVE('4082',#2067,#1695,#424,.T.);
#2635=EDGE_CURVE('3771',#1695,#1696,#428,.T.);
#2649=EDGE_CURVE('4095',#2099,#2031,#450,.T.);
#2652=EDGE_CURVE('4094',#2100,#2028,#441,.T.);
#2654=EDGE_CURVE('4044',#2028,#2036,#445,.T.);
#2656=EDGE_CURVE('4040',#2036,#2038,#479,.T.);
#2658=EDGE_CURVE('4098',#2067,#2038,#483,.T.);
#2682=EDGE_CURVE('4037',#2027,#2028,#459,.T.);
#2695=EDGE_CURVE('4039',#2035,#2036,#467,.T.);
#2708=EDGE_CURVE('4041',#2038,#2040,#475,.T.);
#2719=EDGE_CURVE('4079',#2067,#2071,#487,.T.);
#2734=EDGE_CURVE('3779',#1716,#1703,#491,.T.);
#2736=EDGE_CURVE('3773',#1703,#1704,#625,.T.);
#2738=EDGE_CURVE('3780',#1695,#1704,#1313,.T.);
#2749=EDGE_CURVE('3784',#1719,#1720,#495,.T.);
#2751=EDGE_CURVE('3793',#1720,#1703,#629,.T.);
#2765=EDGE_CURVE('3752',#1670,#1660,#499,.T.);
#2767=EDGE_CURVE('3788',#1660,#1720,#633,.T.);
#2777=EDGE_CURVE('3991',#1971,#1975,#503,.T.);
#2780=EDGE_CURVE('3751',#1668,#1659,#507,.T.);
#2782=EDGE_CURVE('3748',#1659,#1660,#637,.T.);
#2796=EDGE_CURVE('3963',#1942,#1944,#523,.T.);
#2807=EDGE_CURVE('3961',#1939,#1940,#515,.T.);
#2820=EDGE_CURVE('3959',#1931,#1932,#531,.T.);
#2845=EDGE_CURVE('3754',#1675,#1676,#544,.T.);
#2847=EDGE_CURVE('3763',#1676,#1659,#641,.T.);
#2861=EDGE_CURVE('3736',#1646,#1636,#548,.T.);
#2863=EDGE_CURVE('3758',#1636,#1676,#645,.T.);
#2873=EDGE_CURVE('3913',#1875,#1879,#552,.T.);
#2876=EDGE_CURVE('3735',#1644,#1635,#556,.T.);
#2878=EDGE_CURVE('3732',#1635,#1636,#649,.T.);
#2892=EDGE_CURVE('3885',#1846,#1848,#572,.T.);
#2903=EDGE_CURVE('3883',#1843,#1844,#564,.T.);
#2916=EDGE_CURVE('3881',#1835,#1836,#580,.T.);
#2941=EDGE_CURVE('3738',#1651,#1652,#593,.T.);
#2943=EDGE_CURVE('3747',#1652,#1635,#653,.T.);
#2958=EDGE_CURVE('3742',#1626,#1652,#657,.T.);
#2968=EDGE_CURVE('3789',#1724,#1663,#601,.T.);
#2970=EDGE_CURVE('3792',#1712,#1724,#605,.T.);
#2972=EDGE_CURVE('3777',#1710,#1712,#609,.T.);
#2974=EDGE_CURVE('3776',#1708,#1710,#613,.T.);
#2977=EDGE_CURVE('3774',#1704,#1706,#621,.T.);
#2991=EDGE_CURVE('3721',#1619,#1620,#673,.T.);
#2993=EDGE_CURVE('3725',#1628,#1619,#677,.T.);
#2995=EDGE_CURVE('3743',#1656,#1628,#681,.T.);
#2997=EDGE_CURVE('3746',#1640,#1656,#685,.T.);
#2999=EDGE_CURVE('3733',#1639,#1640,#689,.T.);
#3001=EDGE_CURVE('3759',#1680,#1639,#693,.T.);
#3003=EDGE_CURVE('3762',#1664,#1680,#697,.T.);
#3005=EDGE_CURVE('3749',#1663,#1664,#701,.T.);
#3009=EDGE_CURVE('3827',#1795,#1796,#705,.T.);
#3011=EDGE_CURVE('3830',#1800,#1795,#709,.T.);
#3013=EDGE_CURVE('3829',#1798,#1800,#713,.T.);
#3015=EDGE_CURVE('3828',#1798,#1796,#717,.T.);
#3019=EDGE_CURVE('3831',#1803,#1804,#721,.T.);
#3021=EDGE_CURVE('3832',#1806,#1804,#725,.T.);
#3023=EDGE_CURVE('3833',#1806,#1808,#729,.T.);
#3025=EDGE_CURVE('3834',#1808,#1803,#733,.T.);
#3029=EDGE_CURVE('3905',#1891,#1892,#737,.T.);
#3031=EDGE_CURVE('3908',#1896,#1891,#741,.T.);
#3033=EDGE_CURVE('3907',#1894,#1896,#745,.T.);
#3035=EDGE_CURVE('3906',#1894,#1892,#749,.T.);
#3039=EDGE_CURVE('3909',#1899,#1900,#753,.T.);
#3041=EDGE_CURVE('3910',#1902,#1900,#757,.T.);
#3043=EDGE_CURVE('3911',#1902,#1904,#761,.T.);
#3045=EDGE_CURVE('3912',#1904,#1899,#765,.T.);
#3049=EDGE_CURVE('3983',#1987,#1988,#769,.T.);
#3051=EDGE_CURVE('3986',#1992,#1987,#773,.T.);
#3053=EDGE_CURVE('3985',#1990,#1992,#777,.T.);
#3055=EDGE_CURVE('3984',#1990,#1988,#781,.T.);
#3059=EDGE_CURVE('3987',#1995,#1996,#785,.T.);
#3061=EDGE_CURVE('3988',#1998,#1996,#789,.T.);
#3063=EDGE_CURVE('3989',#1998,#2000,#793,.T.);
#3065=EDGE_CURVE('3990',#2000,#1995,#797,.T.);
#3069=EDGE_CURVE('4061',#2083,#2084,#801,.T.);
#3071=EDGE_CURVE('4064',#2088,#2083,#805,.T.);
#3073=EDGE_CURVE('4063',#2086,#2088,#809,.T.);
#3075=EDGE_CURVE('4062',#2086,#2084,#813,.T.);
#3079=EDGE_CURVE('4065',#2091,#2092,#817,.T.);
#3081=EDGE_CURVE('4066',#2094,#2092,#821,.T.);
#3083=EDGE_CURVE('4067',#2094,#2096,#825,.T.);
#3085=EDGE_CURVE('4068',#2096,#2091,#829,.T.);
#3095=EDGE_CURVE('3785',#1723,#1724,#833,.T.);
#3098=EDGE_CURVE('3753',#1672,#1663,#935,.T.);
#3100=EDGE_CURVE('3787',#1723,#1672,#853,.T.);
#3111=EDGE_CURVE('3790',#1714,#1723,#849,.T.);
#3113=EDGE_CURVE('3778',#1714,#1712,#837,.T.);
#3124=EDGE_CURVE('4060',#2079,#2080,#841,.T.);
#3126=EDGE_CURVE('4084',#2079,#1714,#845,.T.);
#3130=EDGE_CURVE('4005',#1672,#1979,#857,.T.);
#3132=EDGE_CURVE('3981',#1979,#1980,#861,.T.);
#3134=EDGE_CURVE('4087',#1980,#2080,#865,.T.);
#3145=EDGE_CURVE('4111',#2056,#2080,#869,.T.);
#3147=EDGE_CURVE('4108',#2111,#2056,#874,.T.);
#3150=EDGE_CURVE('4105',#2112,#2051,#1304,.T.);
#3152=EDGE_CURVE('4055',#2051,#2059,#1299,.T.);
#3154=EDGE_CURVE('4054',#2064,#2059,#1291,.T.);
#3156=EDGE_CURVE('4112',#2079,#2064,#878,.T.);
#3166=EDGE_CURVE('4078',#2076,#2080,#890,.T.);
#3168=EDGE_CURVE('4109',#2055,#2076,#882,.T.);
#3170=EDGE_CURVE('4050',#2055,#2056,#886,.T.);
#3183=EDGE_CURVE('4002',#1980,#1984,#894,.T.);
#3185=EDGE_CURVE('4008',#1884,#1984,#1149,.T.);
#3187=EDGE_CURVE('3924',#1884,#1888,#898,.T.);
#3189=EDGE_CURVE('3930',#1788,#1888,#996,.T.);
#3191=EDGE_CURVE('3846',#1788,#1792,#902,.T.);
#3193=EDGE_CURVE('3852',#1688,#1792,#1049,.T.);
#3198=EDGE_CURVE('4088',#2076,#1728,#1238,.T.);
#3209=EDGE_CURVE('4029',#1959,#1980,#910,.T.);
#3211=EDGE_CURVE('3972',#1959,#1960,#914,.T.);
#3213=EDGE_CURVE('4031',#1960,#1984,#1153,.T.);
#3224=EDGE_CURVE('4030',#1979,#1966,#927,.T.);
#3226=EDGE_CURVE('3974',#1964,#1966,#1188,.T.);
#3228=EDGE_CURVE('3978',#1956,#1964,#918,.T.);
#3230=EDGE_CURVE('4026',#2012,#1956,#923,.T.);
#3233=EDGE_CURVE('4027',#2011,#1959,#1167,.T.);
#3244=EDGE_CURVE('3992',#1979,#1983,#931,.T.);
#3246=EDGE_CURVE('4032',#1983,#1968,#1162,.T.);
#3248=EDGE_CURVE('3975',#1966,#1968,#1192,.T.);
#3263=EDGE_CURVE('3750',#1666,#1664,#939,.T.);
#3265=EDGE_CURVE('4006',#1983,#1666,#1129,.T.);
#3275=EDGE_CURVE('3755',#1679,#1680,#943,.T.);
#3277=EDGE_CURVE('3760',#1666,#1679,#1133,.T.);
#3291=EDGE_CURVE('3737',#1648,#1639,#951,.T.);
#3293=EDGE_CURVE('3757',#1679,#1648,#1137,.T.);
#3303=EDGE_CURVE('3914',#1883,#1887,#947,.T.);
#3305=EDGE_CURVE('3927',#1648,#1883,#1141,.T.);
#3309=EDGE_CURVE('3734',#1642,#1640,#1000,.T.);
#3311=EDGE_CURVE('3928',#1887,#1642,#976,.T.);
#3322=EDGE_CURVE('3954',#1887,#1872,#968,.T.);
#3324=EDGE_CURVE('3897',#1870,#1872,#1208,.T.);
#3326=EDGE_CURVE('3952',#1883,#1870,#955,.T.);
#3336=EDGE_CURVE('3904',#1887,#1888,#972,.T.);
#3338=EDGE_CURVE('3953',#1864,#1888,#959,.T.);
#3340=EDGE_CURVE('3950',#1919,#1864,#964,.T.);
#3343=EDGE_CURVE('3947',#1920,#1859,#1225,.T.);
#3345=EDGE_CURVE('3899',#1859,#1867,#1220,.T.);
#3347=EDGE_CURVE('3898',#1872,#1867,#1212,.T.);
#3360=EDGE_CURVE('3744',#1642,#1655,#980,.T.);
#3362=EDGE_CURVE('3741',#1655,#1632,#984,.T.);
#3364=EDGE_CURVE('3849',#1632,#1787,#988,.T.);
#3366=EDGE_CURVE('3825',#1787,#1788,#992,.T.);
#3377=EDGE_CURVE('3739',#1655,#1656,#1004,.T.);
#3392=EDGE_CURVE('3731',#1632,#1628,#1012,.T.);
#3403=EDGE_CURVE('3836',#1787,#1791,#1008,.T.);
#3408=EDGE_CURVE('3726',#1611,#1619,#1053,.T.);
#3410=EDGE_CURVE('3850',#1791,#1611,#1037,.T.);
#3421=EDGE_CURVE('3876',#1791,#1776,#1029,.T.);
#3423=EDGE_CURVE('3819',#1774,#1776,#1082,.T.);
#3425=EDGE_CURVE('3874',#1787,#1774,#1016,.T.);
#3435=EDGE_CURVE('3826',#1791,#1792,#1033,.T.);
#3437=EDGE_CURVE('3875',#1768,#1792,#1020,.T.);
#3439=EDGE_CURVE('3872',#1823,#1768,#1025,.T.);
#3442=EDGE_CURVE('3869',#1824,#1763,#1099,.T.);
#3444=EDGE_CURVE('3821',#1763,#1771,#1094,.T.);
#3446=EDGE_CURVE('3820',#1776,#1771,#1086,.T.);
#3459=EDGE_CURVE('3719',#1611,#1612,#1041,.T.);
#3484=EDGE_CURVE('3873',#1767,#1788,#1057,.T.);
#3486=EDGE_CURVE('3816',#1767,#1768,#1061,.T.);
#3499=EDGE_CURVE('3818',#1772,#1774,#1078,.T.);
#3501=EDGE_CURVE('3822',#1764,#1772,#1065,.T.);
#3503=EDGE_CURVE('3870',#1820,#1764,#1070,.T.);
#3506=EDGE_CURVE('3871',#1819,#1767,#1104,.T.);
#3517=EDGE_CURVE('3817',#1771,#1772,#1074,.T.);
#3530=EDGE_CURVE('3815',#1763,#1764,#1090,.T.);
#3568=EDGE_CURVE('3951',#1863,#1884,#1108,.T.);
#3570=EDGE_CURVE('3894',#1863,#1864,#1112,.T.);
#3581=EDGE_CURVE('3903',#1883,#1884,#1145,.T.);
#3584=EDGE_CURVE('3896',#1868,#1870,#1204,.T.);
#3586=EDGE_CURVE('3900',#1860,#1868,#1116,.T.);
#3588=EDGE_CURVE('3948',#1916,#1860,#1121,.T.);
#3591=EDGE_CURVE('3949',#1915,#1863,#1230,.T.);
#3602=EDGE_CURVE('3982',#1983,#1984,#1125,.T.);
#3620=EDGE_CURVE('4028',#2015,#1960,#1158,.T.);
#3623=EDGE_CURVE('4025',#2016,#1955,#1172,.T.);
#3625=EDGE_CURVE('3977',#1955,#1963,#1180,.T.);
#3627=EDGE_CURVE('3976',#1968,#1963,#1196,.T.);
#3652=EDGE_CURVE('3971',#1955,#1956,#1176,.T.);
#3665=EDGE_CURVE('3973',#1963,#1964,#1184,.T.);
#3688=EDGE_CURVE('3895',#1867,#1868,#1200,.T.);
#3701=EDGE_CURVE('3893',#1859,#1860,#1216,.T.);
#3738=EDGE_CURVE('4059',#2075,#2076,#1234,.T.);
#3742=EDGE_CURVE('3772',#1699,#1700,#1246,.T.);
#3744=EDGE_CURVE('4083',#1700,#2075,#1250,.T.);
#3755=EDGE_CURVE('4110',#2075,#2062,#1263,.T.);
#3757=EDGE_CURVE('4052',#2060,#2062,#1283,.T.);
#3759=EDGE_CURVE('4056',#2052,#2060,#1254,.T.);
#3761=EDGE_CURVE('4106',#2108,#2052,#1259,.T.);
#3764=EDGE_CURVE('4107',#2107,#2055,#1309,.T.);
#3775=EDGE_CURVE('4080',#2075,#2079,#1267,.T.);
#3778=EDGE_CURVE('4053',#2062,#2064,#1287,.T.);
#3791=EDGE_CURVE('3783',#1700,#1710,#1271,.T.);
#3816=EDGE_CURVE('4051',#2059,#2060,#1279,.T.);
#3829=EDGE_CURVE('4049',#2051,#2052,#1295,.T.);
#3879=EDGE_CURVE('3854',#1732,#1796,#1321,.T.);
#3881=EDGE_CURVE('3799',#1731,#1732,#1333,.T.);
#3883=EDGE_CURVE('3853',#1731,#1795,#1317,.T.);
#3894=EDGE_CURVE('3855',#1734,#1798,#1325,.T.);
#3896=EDGE_CURVE('3800',#1732,#1734,#1337,.T.);
#3908=EDGE_CURVE('3856',#1736,#1800,#1329,.T.);
#3910=EDGE_CURVE('3801',#1734,#1736,#1341,.T.);
#3923=EDGE_CURVE('3802',#1736,#1731,#1345,.T.);
#3947=EDGE_CURVE('3865',#1755,#1803,#1349,.T.);
#3949=EDGE_CURVE('3811',#1755,#1756,#1365,.T.);
#3951=EDGE_CURVE('3866',#1756,#1804,#1361,.T.);
#3962=EDGE_CURVE('3868',#1760,#1808,#1353,.T.);
#3964=EDGE_CURVE('3814',#1760,#1755,#1369,.T.);
#3976=EDGE_CURVE('3867',#1758,#1806,#1357,.T.);
#3978=EDGE_CURVE('3813',#1758,#1760,#1373,.T.);
#3991=EDGE_CURVE('3812',#1756,#1758,#1377,.T.);
#4015=EDGE_CURVE('3932',#1828,#1892,#1385,.T.);
#4017=EDGE_CURVE('3877',#1827,#1828,#1397,.T.);
#4019=EDGE_CURVE('3931',#1827,#1891,#1381,.T.);
#4030=EDGE_CURVE('3933',#1830,#1894,#1389,.T.);
#4032=EDGE_CURVE('3878',#1828,#1830,#1401,.T.);
#4044=EDGE_CURVE('3934',#1832,#1896,#1393,.T.);
#4046=EDGE_CURVE('3879',#1830,#1832,#1405,.T.);
#4059=EDGE_CURVE('3880',#1832,#1827,#1409,.T.);
#4083=EDGE_CURVE('3943',#1851,#1899,#1413,.T.);
#4085=EDGE_CURVE('3889',#1851,#1852,#1429,.T.);
#4087=EDGE_CURVE('3944',#1852,#1900,#1425,.T.);
#4098=EDGE_CURVE('3946',#1856,#1904,#1417,.T.);
#4100=EDGE_CURVE('3892',#1856,#1851,#1433,.T.);
#4112=EDGE_CURVE('3945',#1854,#1902,#1421,.T.);
#4114=EDGE_CURVE('3891',#1854,#1856,#1437,.T.);
#4127=EDGE_CURVE('3890',#1852,#1854,#1441,.T.);
#4151=EDGE_CURVE('4010',#1924,#1988,#1449,.T.);
#4153=EDGE_CURVE('3955',#1923,#1924,#1461,.T.);
#4155=EDGE_CURVE('4009',#1923,#1987,#1445,.T.);
#4166=EDGE_CURVE('4011',#1926,#1990,#1453,.T.);
#4168=EDGE_CURVE('3956',#1924,#1926,#1465,.T.);
#4180=EDGE_CURVE('4012',#1928,#1992,#1457,.T.);
#4182=EDGE_CURVE('3957',#1926,#1928,#1469,.T.);
#4195=EDGE_CURVE('3958',#1928,#1923,#1473,.T.);
#4219=EDGE_CURVE('4021',#1947,#1995,#1477,.T.);
#4221=EDGE_CURVE('3967',#1947,#1948,#1493,.T.);
#4223=EDGE_CURVE('4022',#1948,#1996,#1489,.T.);
#4234=EDGE_CURVE('4024',#1952,#2000,#1481,.T.);
#4236=EDGE_CURVE('3970',#1952,#1947,#1497,.T.);
#4248=EDGE_CURVE('4023',#1950,#1998,#1485,.T.);
#4250=EDGE_CURVE('3969',#1950,#1952,#1501,.T.);
#4263=EDGE_CURVE('3968',#1948,#1950,#1505,.T.);
#4287=EDGE_CURVE('4090',#2020,#2084,#1513,.T.);
#4289=EDGE_CURVE('4033',#2019,#2020,#1525,.T.);
#4291=EDGE_CURVE('4089',#2019,#2083,#1509,.T.);
#4302=EDGE_CURVE('4091',#2022,#2086,#1517,.T.);
#4304=EDGE_CURVE('4034',#2020,#2022,#1529,.T.);
#4316=EDGE_CURVE('4092',#2024,#2088,#1521,.T.);
#4318=EDGE_CURVE('4035',#2022,#2024,#1533,.T.);
#4331=EDGE_CURVE('4036',#2024,#2019,#1537,.T.);
#4355=EDGE_CURVE('4101',#2043,#2091,#1541,.T.);
#4357=EDGE_CURVE('4045',#2043,#2044,#1557,.T.);
#4359=EDGE_CURVE('4102',#2044,#2092,#1553,.T.);
#4370=EDGE_CURVE('4104',#2048,#2096,#1545,.T.);
#4372=EDGE_CURVE('4048',#2048,#2043,#1561,.T.);
#4384=EDGE_CURVE('4103',#2046,#2094,#1549,.T.);
#4386=EDGE_CURVE('4047',#2046,#2048,#1565,.T.);
#4399=EDGE_CURVE('4046',#2044,#2046,#1569,.T.);
#4424=EDGE_CURVE('3803',#1739,#1740,#1578,.T.);
#4437=EDGE_CURVE('3805',#1747,#1748,#1586,.T.);
#4489=ADVANCED_BREP_SHAPE_REPRESENTATION('',(#4480),#4488);
#4496=PRODUCT_DEFINITION('design','',#4495,#4492);
#4497=PRODUCT_DEFINITION_SHAPE('','SHAPE FOR 20021121-00008XXLFC.',#4496);
#4498=SHAPE_DEFINITION_REPRESENTATION(#4497,#4489);
ENDSEC;
END-ISO-10303-21;

