ISO-10303-21;
HEADER;
FILE_DESCRIPTION(('KiCad electronic assembly'),'2;1');
FILE_NAME('.step','2026-07-29T12:51:32',('Pcbnew'),('Kicad'),
  'Open CASCADE STEP processor 7.9','KiCad to STEP converter','Unknown'
  );
FILE_SCHEMA(('AUTOMOTIVE_DESIGN { 1 0 10303 214 1 1 1 1 }'));
ENDSEC;
DATA;
#1 = APPLICATION_PROTOCOL_DEFINITION('international standard',
  'automotive_design',2000,#2);
#2 = APPLICATION_CONTEXT(
  'core data for automotive mechanical design processes');
#3 = SHAPE_DEFINITION_REPRESENTATION(#4,#10);
#4 = PRODUCT_DEFINITION_SHAPE('','',#5);
#5 = PRODUCT_DEFINITION('design','',#6,#9);
#6 = PRODUCT_DEFINITION_FORMATION('','',#7);
#7 = PRODUCT('.step 1','.step 1','',(#8));
#8 = PRODUCT_CONTEXT('',#2,'mechanical');
#9 = PRODUCT_DEFINITION_CONTEXT('part definition',#2,'design');
#10 = SHAPE_REPRESENTATION('',(#11,#15,#19,#23,#27,#31,#35,#39,#43,#47,
    #51,#55,#59,#63,#67,#71,#75,#79),#83);
#11 = AXIS2_PLACEMENT_3D('',#12,#13,#14);
#12 = CARTESIAN_POINT('',(0.,0.,0.));
#13 = DIRECTION('',(0.,0.,1.));
#14 = DIRECTION('',(1.,0.,-0.));
#15 = AXIS2_PLACEMENT_3D('',#16,#17,#18);
#16 = CARTESIAN_POINT('',(114.324998,-46.900001,1.595));
#17 = DIRECTION('',(0.,0.,1.));
#18 = DIRECTION('',(-1.,1.224646799147E-16,0.));
#19 = AXIS2_PLACEMENT_3D('',#20,#21,#22);
#20 = CARTESIAN_POINT('',(109.325,-60.7,1.595));
#21 = DIRECTION('',(0.,0.,1.));
#22 = DIRECTION('',(-1.,1.224646799147E-16,0.));
#23 = AXIS2_PLACEMENT_3D('',#24,#25,#26);
#24 = CARTESIAN_POINT('',(118.074998,-46.875001,1.595));
#25 = DIRECTION('',(0.,0.,1.));
#26 = DIRECTION('',(-1.,1.224646799147E-16,0.));
#27 = AXIS2_PLACEMENT_3D('',#28,#29,#30);
#28 = CARTESIAN_POINT('',(119.5604,-67.95195,1.595));
#29 = DIRECTION('',(-0.,0.,1.));
#30 = DIRECTION('',(1.,-2.449293598295E-16,0.));
#31 = AXIS2_PLACEMENT_3D('',#32,#33,#34);
#32 = CARTESIAN_POINT('',(117.774998,-48.775001,1.595));
#33 = DIRECTION('',(0.,0.,1.));
#34 = DIRECTION('',(-1.,1.224646799147E-16,0.));
#35 = AXIS2_PLACEMENT_3D('',#36,#37,#38);
#36 = CARTESIAN_POINT('',(114.624998,-48.775001,1.595));
#37 = DIRECTION('',(0.,0.,1.));
#38 = DIRECTION('',(-1.,1.224646799147E-16,0.));
#39 = AXIS2_PLACEMENT_3D('',#40,#41,#42);
#40 = CARTESIAN_POINT('',(120.625,-54.525,1.595));
#41 = DIRECTION('',(0.,-0.,1.));
#42 = DIRECTION('',(1.110223024625E-16,1.,0.));
#43 = AXIS2_PLACEMENT_3D('',#44,#45,#46);
#44 = CARTESIAN_POINT('',(115.95,-52.675,1.595));
#45 = DIRECTION('',(0.,0.,1.));
#46 = DIRECTION('',(1.,0.,0.));
#47 = AXIS2_PLACEMENT_3D('',#48,#49,#50);
#48 = CARTESIAN_POINT('',(115.4,-56.175,1.595));
#49 = DIRECTION('',(0.,0.,1.));
#50 = DIRECTION('',(1.,0.,0.));
#51 = AXIS2_PLACEMENT_3D('',#52,#53,#54);
#52 = CARTESIAN_POINT('',(122.325,-51.225,1.595));
#53 = DIRECTION('',(0.,-0.,1.));
#54 = DIRECTION('',(1.110223024625E-16,1.,0.));
#55 = AXIS2_PLACEMENT_3D('',#56,#57,#58);
#56 = CARTESIAN_POINT('',(108.4,-58.1,1.595));
#57 = DIRECTION('',(-0.,0.,1.));
#58 = DIRECTION('',(1.110223024625E-16,-1.,0.));
#59 = AXIS2_PLACEMENT_3D('',#60,#61,#62);
#60 = CARTESIAN_POINT('',(122.325,-54.25,1.595));
#61 = DIRECTION('',(0.,-0.,1.));
#62 = DIRECTION('',(1.110223024625E-16,1.,0.));
#63 = AXIS2_PLACEMENT_3D('',#64,#65,#66);
#64 = CARTESIAN_POINT('',(115.4,-57.7,1.595));
#65 = DIRECTION('',(0.,0.,1.));
#66 = DIRECTION('',(1.,0.,0.));
#67 = AXIS2_PLACEMENT_3D('',#68,#69,#70);
#68 = CARTESIAN_POINT('',(120.625,-50.95,1.595));
#69 = DIRECTION('',(0.,-0.,1.));
#70 = DIRECTION('',(1.110223024625E-16,1.,0.));
#71 = AXIS2_PLACEMENT_3D('',#72,#73,#74);
#72 = CARTESIAN_POINT('',(115.4896,-37.47305,1.595));
#73 = DIRECTION('',(0.,0.,1.));
#74 = DIRECTION('',(-1.,1.224646799147E-16,0.));
#75 = AXIS2_PLACEMENT_3D('',#76,#77,#78);
#76 = CARTESIAN_POINT('',(131.70195,-51.1646,1.595));
#77 = DIRECTION('',(0.,-0.,1.));
#78 = DIRECTION('',(1.144237745222E-17,1.,0.));
#79 = AXIS2_PLACEMENT_3D('',#80,#81,#82);
#80 = CARTESIAN_POINT('',(0.,0.,0.));
#81 = DIRECTION('',(0.,0.,1.));
#82 = DIRECTION('',(1.,0.,-0.));
#83 = ( GEOMETRIC_REPRESENTATION_CONTEXT(3) 
GLOBAL_UNCERTAINTY_ASSIGNED_CONTEXT((#87)) GLOBAL_UNIT_ASSIGNED_CONTEXT(
(#84,#85,#86)) REPRESENTATION_CONTEXT('Context #1',
  '3D Context with UNIT and UNCERTAINTY') );
#84 = ( LENGTH_UNIT() NAMED_UNIT(*) SI_UNIT(.MILLI.,.METRE.) );
#85 = ( NAMED_UNIT(*) PLANE_ANGLE_UNIT() SI_UNIT($,.RADIAN.) );
#86 = ( NAMED_UNIT(*) SI_UNIT($,.STERADIAN.) SOLID_ANGLE_UNIT() );
#87 = UNCERTAINTY_MEASURE_WITH_UNIT(LENGTH_MEASURE(1.E-07),#84,
  'distance_accuracy_value','confusion accuracy');
#88 = PRODUCT_RELATED_PRODUCT_CATEGORY('part',$,(#7));
#89 = SHAPE_DEFINITION_REPRESENTATION(#90,#96);
#90 = PRODUCT_DEFINITION_SHAPE('','',#91);
#91 = PRODUCT_DEFINITION('design','',#92,#95);
#92 = PRODUCT_DEFINITION_FORMATION('','',#93);
#93 = PRODUCT('L_0805_2012Metric','L_0805_2012Metric','',(#94));
#94 = PRODUCT_CONTEXT('',#2,'mechanical');
#95 = PRODUCT_DEFINITION_CONTEXT('part definition',#2,'design');
#96 = SHAPE_REPRESENTATION('',(#11,#97),#101);
#97 = AXIS2_PLACEMENT_3D('',#98,#99,#100);
#98 = CARTESIAN_POINT('',(0.,0.,0.));
#99 = DIRECTION('',(0.,0.,1.));
#100 = DIRECTION('',(1.,0.,-0.));
#101 = ( GEOMETRIC_REPRESENTATION_CONTEXT(3) 
GLOBAL_UNCERTAINTY_ASSIGNED_CONTEXT((#105)) GLOBAL_UNIT_ASSIGNED_CONTEXT
((#102,#103,#104)) REPRESENTATION_CONTEXT('Context #1',
  '3D Context with UNIT and UNCERTAINTY') );
#102 = ( LENGTH_UNIT() NAMED_UNIT(*) SI_UNIT(.MILLI.,.METRE.) );
#103 = ( NAMED_UNIT(*) PLANE_ANGLE_UNIT() SI_UNIT($,.RADIAN.) );
#104 = ( NAMED_UNIT(*) SI_UNIT($,.STERADIAN.) SOLID_ANGLE_UNIT() );
#105 = UNCERTAINTY_MEASURE_WITH_UNIT(LENGTH_MEASURE(1.E-07),#102,
  'distance_accuracy_value','confusion accuracy');
#106 = CONTEXT_DEPENDENT_SHAPE_REPRESENTATION(#107,#109);
#107 = ( REPRESENTATION_RELATIONSHIP('','',#96,#10) 
REPRESENTATION_RELATIONSHIP_WITH_TRANSFORMATION(#108) 
SHAPE_REPRESENTATION_RELATIONSHIP() );
#108 = ITEM_DEFINED_TRANSFORMATION('','',#11,#15);
#109 = PRODUCT_DEFINITION_SHAPE('Placement','Placement of an item',#110
  );
#110 = NEXT_ASSEMBLY_USAGE_OCCURRENCE('2','L4','',#5,#91,$);
#111 = PRODUCT_RELATED_PRODUCT_CATEGORY('part',$,(#93));
#112 = SHAPE_DEFINITION_REPRESENTATION(#113,#119);
#113 = PRODUCT_DEFINITION_SHAPE('','',#114);
#114 = PRODUCT_DEFINITION('design','',#115,#118);
#115 = PRODUCT_DEFINITION_FORMATION('','',#116);
#116 = PRODUCT('L_0805_2012Metric','L_0805_2012Metric','',(#117));
#117 = PRODUCT_CONTEXT('',#2,'mechanical');
#118 = PRODUCT_DEFINITION_CONTEXT('part definition',#2,'design');
#119 = ADVANCED_BREP_SHAPE_REPRESENTATION('',(#11,#120),#974);
#120 = MANIFOLD_SOLID_BREP('',#121);
#121 = CLOSED_SHELL('',(#122,#198,#229,#254,#279,#303,#327,#352,#377,
    #394,#480,#512,#536,#561,#585,#610,#634,#659,#676,#762,#793,#818,
    #843,#867,#891,#916,#941,#958));
#122 = ADVANCED_FACE('',(#123),#193,.F.);
#123 = FACE_BOUND('',#124,.F.);
#124 = EDGE_LOOP('',(#125,#135,#144,#152,#161,#169,#178,#186));
#125 = ORIENTED_EDGE('',*,*,#126,.F.);
#126 = EDGE_CURVE('',#127,#129,#131,.T.);
#127 = VERTEX_POINT('',#128);
#128 = CARTESIAN_POINT('',(-1.,-0.625,4.E-02));
#129 = VERTEX_POINT('',#130);
#130 = CARTESIAN_POINT('',(-1.,-0.625,1.21));
#131 = LINE('',#132,#133);
#132 = CARTESIAN_POINT('',(-1.,-0.625,0.));
#133 = VECTOR('',#134,1.);
#134 = DIRECTION('',(0.,0.,1.));
#135 = ORIENTED_EDGE('',*,*,#136,.T.);
#136 = EDGE_CURVE('',#127,#137,#139,.T.);
#137 = VERTEX_POINT('',#138);
#138 = CARTESIAN_POINT('',(-1.,-0.585,0.));
#139 = CIRCLE('',#140,4.E-02);
#140 = AXIS2_PLACEMENT_3D('',#141,#142,#143);
#141 = CARTESIAN_POINT('',(-1.,-0.585,4.E-02));
#142 = DIRECTION('',(1.,0.,-0.));
#143 = DIRECTION('',(0.,0.,1.));
#144 = ORIENTED_EDGE('',*,*,#145,.T.);
#145 = EDGE_CURVE('',#137,#146,#148,.T.);
#146 = VERTEX_POINT('',#147);
#147 = CARTESIAN_POINT('',(-1.,0.585,0.));
#148 = LINE('',#149,#150);
#149 = CARTESIAN_POINT('',(-1.,-0.625,0.));
#150 = VECTOR('',#151,1.);
#151 = DIRECTION('',(0.,1.,0.));
#152 = ORIENTED_EDGE('',*,*,#153,.F.);
#153 = EDGE_CURVE('',#154,#146,#156,.T.);
#154 = VERTEX_POINT('',#155);
#155 = CARTESIAN_POINT('',(-1.,0.625,4.E-02));
#156 = CIRCLE('',#157,4.E-02);
#157 = AXIS2_PLACEMENT_3D('',#158,#159,#160);
#158 = CARTESIAN_POINT('',(-1.,0.585,4.E-02));
#159 = DIRECTION('',(-1.,0.,0.));
#160 = DIRECTION('',(0.,0.,1.));
#161 = ORIENTED_EDGE('',*,*,#162,.T.);
#162 = EDGE_CURVE('',#154,#163,#165,.T.);
#163 = VERTEX_POINT('',#164);
#164 = CARTESIAN_POINT('',(-1.,0.625,1.21));
#165 = LINE('',#166,#167);
#166 = CARTESIAN_POINT('',(-1.,0.625,0.));
#167 = VECTOR('',#168,1.);
#168 = DIRECTION('',(0.,0.,1.));
#169 = ORIENTED_EDGE('',*,*,#170,.T.);
#170 = EDGE_CURVE('',#163,#171,#173,.T.);
#171 = VERTEX_POINT('',#172);
#172 = CARTESIAN_POINT('',(-1.,0.585,1.25));
#173 = CIRCLE('',#174,4.E-02);
#174 = AXIS2_PLACEMENT_3D('',#175,#176,#177);
#175 = CARTESIAN_POINT('',(-1.,0.585,1.21));
#176 = DIRECTION('',(1.,0.,-0.));
#177 = DIRECTION('',(0.,0.,1.));
#178 = ORIENTED_EDGE('',*,*,#179,.F.);
#179 = EDGE_CURVE('',#180,#171,#182,.T.);
#180 = VERTEX_POINT('',#181);
#181 = CARTESIAN_POINT('',(-1.,-0.585,1.25));
#182 = LINE('',#183,#184);
#183 = CARTESIAN_POINT('',(-1.,-0.625,1.25));
#184 = VECTOR('',#185,1.);
#185 = DIRECTION('',(0.,1.,0.));
#186 = ORIENTED_EDGE('',*,*,#187,.F.);
#187 = EDGE_CURVE('',#129,#180,#188,.T.);
#188 = CIRCLE('',#189,4.E-02);
#189 = AXIS2_PLACEMENT_3D('',#190,#191,#192);
#190 = CARTESIAN_POINT('',(-1.,-0.585,1.21));
#191 = DIRECTION('',(-1.,0.,0.));
#192 = DIRECTION('',(0.,0.,1.));
#193 = PLANE('',#194);
#194 = AXIS2_PLACEMENT_3D('',#195,#196,#197);
#195 = CARTESIAN_POINT('',(-1.,-0.625,0.));
#196 = DIRECTION('',(1.,0.,0.));
#197 = DIRECTION('',(0.,0.,1.));
#198 = ADVANCED_FACE('',(#199),#224,.F.);
#199 = FACE_BOUND('',#200,.F.);
#200 = EDGE_LOOP('',(#201,#211,#217,#218));
#201 = ORIENTED_EDGE('',*,*,#202,.F.);
#202 = EDGE_CURVE('',#203,#205,#207,.T.);
#203 = VERTEX_POINT('',#204);
#204 = CARTESIAN_POINT('',(-0.6,-0.625,4.E-02));
#205 = VERTEX_POINT('',#206);
#206 = CARTESIAN_POINT('',(-0.6,-0.625,1.21));
#207 = LINE('',#208,#209);
#208 = CARTESIAN_POINT('',(-0.6,-0.625,0.));
#209 = VECTOR('',#210,1.);
#210 = DIRECTION('',(0.,0.,1.));
#211 = ORIENTED_EDGE('',*,*,#212,.F.);
#212 = EDGE_CURVE('',#127,#203,#213,.T.);
#213 = LINE('',#214,#215);
#214 = CARTESIAN_POINT('',(-1.,-0.625,4.E-02));
#215 = VECTOR('',#216,1.);
#216 = DIRECTION('',(1.,0.,0.));
#217 = ORIENTED_EDGE('',*,*,#126,.T.);
#218 = ORIENTED_EDGE('',*,*,#219,.T.);
#219 = EDGE_CURVE('',#129,#205,#220,.T.);
#220 = LINE('',#221,#222);
#221 = CARTESIAN_POINT('',(-1.,-0.625,1.21));
#222 = VECTOR('',#223,1.);
#223 = DIRECTION('',(1.,0.,0.));
#224 = PLANE('',#225);
#225 = AXIS2_PLACEMENT_3D('',#226,#227,#228);
#226 = CARTESIAN_POINT('',(-1.,-0.625,0.));
#227 = DIRECTION('',(0.,1.,0.));
#228 = DIRECTION('',(0.,-0.,1.));
#229 = ADVANCED_FACE('',(#230),#249,.T.);
#230 = FACE_BOUND('',#231,.T.);
#231 = EDGE_LOOP('',(#232,#233,#241,#248));
#232 = ORIENTED_EDGE('',*,*,#136,.T.);
#233 = ORIENTED_EDGE('',*,*,#234,.T.);
#234 = EDGE_CURVE('',#137,#235,#237,.T.);
#235 = VERTEX_POINT('',#236);
#236 = CARTESIAN_POINT('',(-0.6,-0.585,0.));
#237 = LINE('',#238,#239);
#238 = CARTESIAN_POINT('',(-1.,-0.585,0.));
#239 = VECTOR('',#240,1.);
#240 = DIRECTION('',(1.,0.,0.));
#241 = ORIENTED_EDGE('',*,*,#242,.F.);
#242 = EDGE_CURVE('',#203,#235,#243,.T.);
#243 = CIRCLE('',#244,4.E-02);
#244 = AXIS2_PLACEMENT_3D('',#245,#246,#247);
#245 = CARTESIAN_POINT('',(-0.6,-0.585,4.E-02));
#246 = DIRECTION('',(1.,0.,-0.));
#247 = DIRECTION('',(0.,0.,1.));
#248 = ORIENTED_EDGE('',*,*,#212,.F.);
#249 = CYLINDRICAL_SURFACE('',#250,4.E-02);
#250 = AXIS2_PLACEMENT_3D('',#251,#252,#253);
#251 = CARTESIAN_POINT('',(-1.,-0.585,4.E-02));
#252 = DIRECTION('',(1.,0.,0.));
#253 = DIRECTION('',(0.,-1.,0.));
#254 = ADVANCED_FACE('',(#255),#274,.T.);
#255 = FACE_BOUND('',#256,.T.);
#256 = EDGE_LOOP('',(#257,#258,#267,#273));
#257 = ORIENTED_EDGE('',*,*,#219,.T.);
#258 = ORIENTED_EDGE('',*,*,#259,.T.);
#259 = EDGE_CURVE('',#205,#260,#262,.T.);
#260 = VERTEX_POINT('',#261);
#261 = CARTESIAN_POINT('',(-0.6,-0.585,1.25));
#262 = CIRCLE('',#263,4.E-02);
#263 = AXIS2_PLACEMENT_3D('',#264,#265,#266);
#264 = CARTESIAN_POINT('',(-0.6,-0.585,1.21));
#265 = DIRECTION('',(-1.,0.,0.));
#266 = DIRECTION('',(0.,0.,1.));
#267 = ORIENTED_EDGE('',*,*,#268,.F.);
#268 = EDGE_CURVE('',#180,#260,#269,.T.);
#269 = LINE('',#270,#271);
#270 = CARTESIAN_POINT('',(-1.,-0.585,1.25));
#271 = VECTOR('',#272,1.);
#272 = DIRECTION('',(1.,0.,0.));
#273 = ORIENTED_EDGE('',*,*,#187,.F.);
#274 = CYLINDRICAL_SURFACE('',#275,4.E-02);
#275 = AXIS2_PLACEMENT_3D('',#276,#277,#278);
#276 = CARTESIAN_POINT('',(-1.,-0.585,1.21));
#277 = DIRECTION('',(1.,0.,0.));
#278 = DIRECTION('',(0.,-1.,0.));
#279 = ADVANCED_FACE('',(#280),#298,.F.);
#280 = FACE_BOUND('',#281,.F.);
#281 = EDGE_LOOP('',(#282,#283,#284,#292));
#282 = ORIENTED_EDGE('',*,*,#145,.F.);
#283 = ORIENTED_EDGE('',*,*,#234,.T.);
#284 = ORIENTED_EDGE('',*,*,#285,.T.);
#285 = EDGE_CURVE('',#235,#286,#288,.T.);
#286 = VERTEX_POINT('',#287);
#287 = CARTESIAN_POINT('',(-0.6,0.585,0.));
#288 = LINE('',#289,#290);
#289 = CARTESIAN_POINT('',(-0.6,-0.625,0.));
#290 = VECTOR('',#291,1.);
#291 = DIRECTION('',(0.,1.,0.));
#292 = ORIENTED_EDGE('',*,*,#293,.F.);
#293 = EDGE_CURVE('',#146,#286,#294,.T.);
#294 = LINE('',#295,#296);
#295 = CARTESIAN_POINT('',(-1.,0.585,0.));
#296 = VECTOR('',#297,1.);
#297 = DIRECTION('',(1.,0.,0.));
#298 = PLANE('',#299);
#299 = AXIS2_PLACEMENT_3D('',#300,#301,#302);
#300 = CARTESIAN_POINT('',(-1.,-0.625,0.));
#301 = DIRECTION('',(0.,0.,1.));
#302 = DIRECTION('',(1.,0.,-0.));
#303 = ADVANCED_FACE('',(#304),#322,.T.);
#304 = FACE_BOUND('',#305,.T.);
#305 = EDGE_LOOP('',(#306,#307,#308,#316));
#306 = ORIENTED_EDGE('',*,*,#179,.F.);
#307 = ORIENTED_EDGE('',*,*,#268,.T.);
#308 = ORIENTED_EDGE('',*,*,#309,.T.);
#309 = EDGE_CURVE('',#260,#310,#312,.T.);
#310 = VERTEX_POINT('',#311);
#311 = CARTESIAN_POINT('',(-0.6,0.585,1.25));
#312 = LINE('',#313,#314);
#313 = CARTESIAN_POINT('',(-0.6,-0.625,1.25));
#314 = VECTOR('',#315,1.);
#315 = DIRECTION('',(0.,1.,0.));
#316 = ORIENTED_EDGE('',*,*,#317,.F.);
#317 = EDGE_CURVE('',#171,#310,#318,.T.);
#318 = LINE('',#319,#320);
#319 = CARTESIAN_POINT('',(-1.,0.585,1.25));
#320 = VECTOR('',#321,1.);
#321 = DIRECTION('',(1.,0.,0.));
#322 = PLANE('',#323);
#323 = AXIS2_PLACEMENT_3D('',#324,#325,#326);
#324 = CARTESIAN_POINT('',(-1.,-0.625,1.25));
#325 = DIRECTION('',(0.,0.,1.));
#326 = DIRECTION('',(1.,0.,-0.));
#327 = ADVANCED_FACE('',(#328),#347,.T.);
#328 = FACE_BOUND('',#329,.T.);
#329 = EDGE_LOOP('',(#330,#338,#345,#346));
#330 = ORIENTED_EDGE('',*,*,#331,.T.);
#331 = EDGE_CURVE('',#154,#332,#334,.T.);
#332 = VERTEX_POINT('',#333);
#333 = CARTESIAN_POINT('',(-0.6,0.625,4.E-02));
#334 = LINE('',#335,#336);
#335 = CARTESIAN_POINT('',(-1.,0.625,4.E-02));
#336 = VECTOR('',#337,1.);
#337 = DIRECTION('',(1.,0.,0.));
#338 = ORIENTED_EDGE('',*,*,#339,.T.);
#339 = EDGE_CURVE('',#332,#286,#340,.T.);
#340 = CIRCLE('',#341,4.E-02);
#341 = AXIS2_PLACEMENT_3D('',#342,#343,#344);
#342 = CARTESIAN_POINT('',(-0.6,0.585,4.E-02));
#343 = DIRECTION('',(-1.,0.,0.));
#344 = DIRECTION('',(0.,0.,1.));
#345 = ORIENTED_EDGE('',*,*,#293,.F.);
#346 = ORIENTED_EDGE('',*,*,#153,.F.);
#347 = CYLINDRICAL_SURFACE('',#348,4.E-02);
#348 = AXIS2_PLACEMENT_3D('',#349,#350,#351);
#349 = CARTESIAN_POINT('',(-1.,0.585,4.E-02));
#350 = DIRECTION('',(1.,0.,0.));
#351 = DIRECTION('',(-0.,1.,0.));
#352 = ADVANCED_FACE('',(#353),#372,.T.);
#353 = FACE_BOUND('',#354,.T.);
#354 = EDGE_LOOP('',(#355,#356,#357,#366));
#355 = ORIENTED_EDGE('',*,*,#170,.T.);
#356 = ORIENTED_EDGE('',*,*,#317,.T.);
#357 = ORIENTED_EDGE('',*,*,#358,.F.);
#358 = EDGE_CURVE('',#359,#310,#361,.T.);
#359 = VERTEX_POINT('',#360);
#360 = CARTESIAN_POINT('',(-0.6,0.625,1.21));
#361 = CIRCLE('',#362,4.E-02);
#362 = AXIS2_PLACEMENT_3D('',#363,#364,#365);
#363 = CARTESIAN_POINT('',(-0.6,0.585,1.21));
#364 = DIRECTION('',(1.,0.,-0.));
#365 = DIRECTION('',(0.,0.,1.));
#366 = ORIENTED_EDGE('',*,*,#367,.F.);
#367 = EDGE_CURVE('',#163,#359,#368,.T.);
#368 = LINE('',#369,#370);
#369 = CARTESIAN_POINT('',(-1.,0.625,1.21));
#370 = VECTOR('',#371,1.);
#371 = DIRECTION('',(1.,0.,0.));
#372 = CYLINDRICAL_SURFACE('',#373,4.E-02);
#373 = AXIS2_PLACEMENT_3D('',#374,#375,#376);
#374 = CARTESIAN_POINT('',(-1.,0.585,1.21));
#375 = DIRECTION('',(1.,0.,0.));
#376 = DIRECTION('',(-0.,1.,0.));
#377 = ADVANCED_FACE('',(#378),#389,.T.);
#378 = FACE_BOUND('',#379,.T.);
#379 = EDGE_LOOP('',(#380,#386,#387,#388));
#380 = ORIENTED_EDGE('',*,*,#381,.F.);
#381 = EDGE_CURVE('',#332,#359,#382,.T.);
#382 = LINE('',#383,#384);
#383 = CARTESIAN_POINT('',(-0.6,0.625,0.));
#384 = VECTOR('',#385,1.);
#385 = DIRECTION('',(0.,0.,1.));
#386 = ORIENTED_EDGE('',*,*,#331,.F.);
#387 = ORIENTED_EDGE('',*,*,#162,.T.);
#388 = ORIENTED_EDGE('',*,*,#367,.T.);
#389 = PLANE('',#390);
#390 = AXIS2_PLACEMENT_3D('',#391,#392,#393);
#391 = CARTESIAN_POINT('',(-1.,0.625,0.));
#392 = DIRECTION('',(0.,1.,0.));
#393 = DIRECTION('',(0.,-0.,1.));
#394 = ADVANCED_FACE('',(#395,#405),#475,.T.);
#395 = FACE_BOUND('',#396,.T.);
#396 = EDGE_LOOP('',(#397,#398,#399,#400,#401,#402,#403,#404));
#397 = ORIENTED_EDGE('',*,*,#202,.F.);
#398 = ORIENTED_EDGE('',*,*,#242,.T.);
#399 = ORIENTED_EDGE('',*,*,#285,.T.);
#400 = ORIENTED_EDGE('',*,*,#339,.F.);
#401 = ORIENTED_EDGE('',*,*,#381,.T.);
#402 = ORIENTED_EDGE('',*,*,#358,.T.);
#403 = ORIENTED_EDGE('',*,*,#309,.F.);
#404 = ORIENTED_EDGE('',*,*,#259,.F.);
#405 = FACE_BOUND('',#406,.T.);
#406 = EDGE_LOOP('',(#407,#418,#426,#435,#443,#452,#460,#469));
#407 = ORIENTED_EDGE('',*,*,#408,.F.);
#408 = EDGE_CURVE('',#409,#411,#413,.T.);
#409 = VERTEX_POINT('',#410);
#410 = CARTESIAN_POINT('',(-0.6,-0.585,8.E-02));
#411 = VERTEX_POINT('',#412);
#412 = CARTESIAN_POINT('',(-0.6,-0.545,4.E-02));
#413 = CIRCLE('',#414,4.E-02);
#414 = AXIS2_PLACEMENT_3D('',#415,#416,#417);
#415 = CARTESIAN_POINT('',(-0.6,-0.545,8.E-02));
#416 = DIRECTION('',(1.,0.,-0.));
#417 = DIRECTION('',(0.,0.,1.));
#418 = ORIENTED_EDGE('',*,*,#419,.T.);
#419 = EDGE_CURVE('',#409,#420,#422,.T.);
#420 = VERTEX_POINT('',#421);
#421 = CARTESIAN_POINT('',(-0.6,-0.585,1.17));
#422 = LINE('',#423,#424);
#423 = CARTESIAN_POINT('',(-0.6,-0.585,4.E-02));
#424 = VECTOR('',#425,1.);
#425 = DIRECTION('',(0.,0.,1.));
#426 = ORIENTED_EDGE('',*,*,#427,.T.);
#427 = EDGE_CURVE('',#420,#428,#430,.T.);
#428 = VERTEX_POINT('',#429);
#429 = CARTESIAN_POINT('',(-0.6,-0.545,1.21));
#430 = CIRCLE('',#431,4.E-02);
#431 = AXIS2_PLACEMENT_3D('',#432,#433,#434);
#432 = CARTESIAN_POINT('',(-0.6,-0.545,1.17));
#433 = DIRECTION('',(-1.,0.,0.));
#434 = DIRECTION('',(0.,0.,1.));
#435 = ORIENTED_EDGE('',*,*,#436,.T.);
#436 = EDGE_CURVE('',#428,#437,#439,.T.);
#437 = VERTEX_POINT('',#438);
#438 = CARTESIAN_POINT('',(-0.6,0.545,1.21));
#439 = LINE('',#440,#441);
#440 = CARTESIAN_POINT('',(-0.6,-0.585,1.21));
#441 = VECTOR('',#442,1.);
#442 = DIRECTION('',(0.,1.,0.));
#443 = ORIENTED_EDGE('',*,*,#444,.F.);
#444 = EDGE_CURVE('',#445,#437,#447,.T.);
#445 = VERTEX_POINT('',#446);
#446 = CARTESIAN_POINT('',(-0.6,0.585,1.17));
#447 = CIRCLE('',#448,4.E-02);
#448 = AXIS2_PLACEMENT_3D('',#449,#450,#451);
#449 = CARTESIAN_POINT('',(-0.6,0.545,1.17));
#450 = DIRECTION('',(1.,0.,-0.));
#451 = DIRECTION('',(0.,0.,1.));
#452 = ORIENTED_EDGE('',*,*,#453,.F.);
#453 = EDGE_CURVE('',#454,#445,#456,.T.);
#454 = VERTEX_POINT('',#455);
#455 = CARTESIAN_POINT('',(-0.6,0.585,8.E-02));
#456 = LINE('',#457,#458);
#457 = CARTESIAN_POINT('',(-0.6,0.585,4.E-02));
#458 = VECTOR('',#459,1.);
#459 = DIRECTION('',(0.,0.,1.));
#460 = ORIENTED_EDGE('',*,*,#461,.T.);
#461 = EDGE_CURVE('',#454,#462,#464,.T.);
#462 = VERTEX_POINT('',#463);
#463 = CARTESIAN_POINT('',(-0.6,0.545,4.E-02));
#464 = CIRCLE('',#465,4.E-02);
#465 = AXIS2_PLACEMENT_3D('',#466,#467,#468);
#466 = CARTESIAN_POINT('',(-0.6,0.545,8.E-02));
#467 = DIRECTION('',(-1.,0.,0.));
#468 = DIRECTION('',(0.,0.,1.));
#469 = ORIENTED_EDGE('',*,*,#470,.F.);
#470 = EDGE_CURVE('',#411,#462,#471,.T.);
#471 = LINE('',#472,#473);
#472 = CARTESIAN_POINT('',(-0.6,-0.585,4.E-02));
#473 = VECTOR('',#474,1.);
#474 = DIRECTION('',(0.,1.,0.));
#475 = PLANE('',#476);
#476 = AXIS2_PLACEMENT_3D('',#477,#478,#479);
#477 = CARTESIAN_POINT('',(-0.6,-0.625,0.));
#478 = DIRECTION('',(1.,0.,0.));
#479 = DIRECTION('',(0.,0.,1.));
#480 = ADVANCED_FACE('',(#481),#507,.T.);
#481 = FACE_BOUND('',#482,.T.);
#482 = EDGE_LOOP('',(#483,#484,#492,#501));
#483 = ORIENTED_EDGE('',*,*,#408,.T.);
#484 = ORIENTED_EDGE('',*,*,#485,.T.);
#485 = EDGE_CURVE('',#411,#486,#488,.T.);
#486 = VERTEX_POINT('',#487);
#487 = CARTESIAN_POINT('',(0.6,-0.545,4.E-02));
#488 = LINE('',#489,#490);
#489 = CARTESIAN_POINT('',(-0.6,-0.545,4.E-02));
#490 = VECTOR('',#491,1.);
#491 = DIRECTION('',(1.,0.,0.));
#492 = ORIENTED_EDGE('',*,*,#493,.F.);
#493 = EDGE_CURVE('',#494,#486,#496,.T.);
#494 = VERTEX_POINT('',#495);
#495 = CARTESIAN_POINT('',(0.6,-0.585,8.E-02));
#496 = CIRCLE('',#497,4.E-02);
#497 = AXIS2_PLACEMENT_3D('',#498,#499,#500);
#498 = CARTESIAN_POINT('',(0.6,-0.545,8.E-02));
#499 = DIRECTION('',(1.,0.,-0.));
#500 = DIRECTION('',(0.,0.,1.));
#501 = ORIENTED_EDGE('',*,*,#502,.F.);
#502 = EDGE_CURVE('',#409,#494,#503,.T.);
#503 = LINE('',#504,#505);
#504 = CARTESIAN_POINT('',(-0.6,-0.585,8.E-02));
#505 = VECTOR('',#506,1.);
#506 = DIRECTION('',(1.,0.,0.));
#507 = CYLINDRICAL_SURFACE('',#508,4.E-02);
#508 = AXIS2_PLACEMENT_3D('',#509,#510,#511);
#509 = CARTESIAN_POINT('',(-0.6,-0.545,8.E-02));
#510 = DIRECTION('',(1.,0.,0.));
#511 = DIRECTION('',(0.,-1.,0.));
#512 = ADVANCED_FACE('',(#513),#531,.F.);
#513 = FACE_BOUND('',#514,.F.);
#514 = EDGE_LOOP('',(#515,#516,#517,#525));
#515 = ORIENTED_EDGE('',*,*,#470,.F.);
#516 = ORIENTED_EDGE('',*,*,#485,.T.);
#517 = ORIENTED_EDGE('',*,*,#518,.T.);
#518 = EDGE_CURVE('',#486,#519,#521,.T.);
#519 = VERTEX_POINT('',#520);
#520 = CARTESIAN_POINT('',(0.6,0.545,4.E-02));
#521 = LINE('',#522,#523);
#522 = CARTESIAN_POINT('',(0.6,-0.585,4.E-02));
#523 = VECTOR('',#524,1.);
#524 = DIRECTION('',(0.,1.,0.));
#525 = ORIENTED_EDGE('',*,*,#526,.F.);
#526 = EDGE_CURVE('',#462,#519,#527,.T.);
#527 = LINE('',#528,#529);
#528 = CARTESIAN_POINT('',(-0.6,0.545,4.E-02));
#529 = VECTOR('',#530,1.);
#530 = DIRECTION('',(1.,0.,0.));
#531 = PLANE('',#532);
#532 = AXIS2_PLACEMENT_3D('',#533,#534,#535);
#533 = CARTESIAN_POINT('',(-0.6,-0.585,4.E-02));
#534 = DIRECTION('',(0.,0.,1.));
#535 = DIRECTION('',(1.,0.,-0.));
#536 = ADVANCED_FACE('',(#537),#556,.T.);
#537 = FACE_BOUND('',#538,.T.);
#538 = EDGE_LOOP('',(#539,#547,#554,#555));
#539 = ORIENTED_EDGE('',*,*,#540,.T.);
#540 = EDGE_CURVE('',#454,#541,#543,.T.);
#541 = VERTEX_POINT('',#542);
#542 = CARTESIAN_POINT('',(0.6,0.585,8.E-02));
#543 = LINE('',#544,#545);
#544 = CARTESIAN_POINT('',(-0.6,0.585,8.E-02));
#545 = VECTOR('',#546,1.);
#546 = DIRECTION('',(1.,0.,0.));
#547 = ORIENTED_EDGE('',*,*,#548,.T.);
#548 = EDGE_CURVE('',#541,#519,#549,.T.);
#549 = CIRCLE('',#550,4.E-02);
#550 = AXIS2_PLACEMENT_3D('',#551,#552,#553);
#551 = CARTESIAN_POINT('',(0.6,0.545,8.E-02));
#552 = DIRECTION('',(-1.,0.,0.));
#553 = DIRECTION('',(0.,0.,1.));
#554 = ORIENTED_EDGE('',*,*,#526,.F.);
#555 = ORIENTED_EDGE('',*,*,#461,.F.);
#556 = CYLINDRICAL_SURFACE('',#557,4.E-02);
#557 = AXIS2_PLACEMENT_3D('',#558,#559,#560);
#558 = CARTESIAN_POINT('',(-0.6,0.545,8.E-02));
#559 = DIRECTION('',(1.,0.,0.));
#560 = DIRECTION('',(-0.,1.,0.));
#561 = ADVANCED_FACE('',(#562),#580,.T.);
#562 = FACE_BOUND('',#563,.T.);
#563 = EDGE_LOOP('',(#564,#572,#573,#574));
#564 = ORIENTED_EDGE('',*,*,#565,.F.);
#565 = EDGE_CURVE('',#541,#566,#568,.T.);
#566 = VERTEX_POINT('',#567);
#567 = CARTESIAN_POINT('',(0.6,0.585,1.17));
#568 = LINE('',#569,#570);
#569 = CARTESIAN_POINT('',(0.6,0.585,4.E-02));
#570 = VECTOR('',#571,1.);
#571 = DIRECTION('',(0.,0.,1.));
#572 = ORIENTED_EDGE('',*,*,#540,.F.);
#573 = ORIENTED_EDGE('',*,*,#453,.T.);
#574 = ORIENTED_EDGE('',*,*,#575,.T.);
#575 = EDGE_CURVE('',#445,#566,#576,.T.);
#576 = LINE('',#577,#578);
#577 = CARTESIAN_POINT('',(-0.6,0.585,1.17));
#578 = VECTOR('',#579,1.);
#579 = DIRECTION('',(1.,0.,0.));
#580 = PLANE('',#581);
#581 = AXIS2_PLACEMENT_3D('',#582,#583,#584);
#582 = CARTESIAN_POINT('',(-0.6,0.585,4.E-02));
#583 = DIRECTION('',(0.,1.,0.));
#584 = DIRECTION('',(0.,-0.,1.));
#585 = ADVANCED_FACE('',(#586),#605,.T.);
#586 = FACE_BOUND('',#587,.T.);
#587 = EDGE_LOOP('',(#588,#589,#597,#604));
#588 = ORIENTED_EDGE('',*,*,#444,.T.);
#589 = ORIENTED_EDGE('',*,*,#590,.T.);
#590 = EDGE_CURVE('',#437,#591,#593,.T.);
#591 = VERTEX_POINT('',#592);
#592 = CARTESIAN_POINT('',(0.6,0.545,1.21));
#593 = LINE('',#594,#595);
#594 = CARTESIAN_POINT('',(-0.6,0.545,1.21));
#595 = VECTOR('',#596,1.);
#596 = DIRECTION('',(1.,0.,0.));
#597 = ORIENTED_EDGE('',*,*,#598,.F.);
#598 = EDGE_CURVE('',#566,#591,#599,.T.);
#599 = CIRCLE('',#600,4.E-02);
#600 = AXIS2_PLACEMENT_3D('',#601,#602,#603);
#601 = CARTESIAN_POINT('',(0.6,0.545,1.17));
#602 = DIRECTION('',(1.,0.,-0.));
#603 = DIRECTION('',(0.,0.,1.));
#604 = ORIENTED_EDGE('',*,*,#575,.F.);
#605 = CYLINDRICAL_SURFACE('',#606,4.E-02);
#606 = AXIS2_PLACEMENT_3D('',#607,#608,#609);
#607 = CARTESIAN_POINT('',(-0.6,0.545,1.17));
#608 = DIRECTION('',(1.,0.,0.));
#609 = DIRECTION('',(-0.,1.,0.));
#610 = ADVANCED_FACE('',(#611),#629,.T.);
#611 = FACE_BOUND('',#612,.T.);
#612 = EDGE_LOOP('',(#613,#614,#622,#628));
#613 = ORIENTED_EDGE('',*,*,#436,.F.);
#614 = ORIENTED_EDGE('',*,*,#615,.T.);
#615 = EDGE_CURVE('',#428,#616,#618,.T.);
#616 = VERTEX_POINT('',#617);
#617 = CARTESIAN_POINT('',(0.6,-0.545,1.21));
#618 = LINE('',#619,#620);
#619 = CARTESIAN_POINT('',(-0.6,-0.545,1.21));
#620 = VECTOR('',#621,1.);
#621 = DIRECTION('',(1.,0.,0.));
#622 = ORIENTED_EDGE('',*,*,#623,.T.);
#623 = EDGE_CURVE('',#616,#591,#624,.T.);
#624 = LINE('',#625,#626);
#625 = CARTESIAN_POINT('',(0.6,-0.585,1.21));
#626 = VECTOR('',#627,1.);
#627 = DIRECTION('',(0.,1.,0.));
#628 = ORIENTED_EDGE('',*,*,#590,.F.);
#629 = PLANE('',#630);
#630 = AXIS2_PLACEMENT_3D('',#631,#632,#633);
#631 = CARTESIAN_POINT('',(-0.6,-0.585,1.21));
#632 = DIRECTION('',(0.,0.,1.));
#633 = DIRECTION('',(1.,0.,-0.));
#634 = ADVANCED_FACE('',(#635),#654,.T.);
#635 = FACE_BOUND('',#636,.T.);
#636 = EDGE_LOOP('',(#637,#645,#652,#653));
#637 = ORIENTED_EDGE('',*,*,#638,.T.);
#638 = EDGE_CURVE('',#420,#639,#641,.T.);
#639 = VERTEX_POINT('',#640);
#640 = CARTESIAN_POINT('',(0.6,-0.585,1.17));
#641 = LINE('',#642,#643);
#642 = CARTESIAN_POINT('',(-0.6,-0.585,1.17));
#643 = VECTOR('',#644,1.);
#644 = DIRECTION('',(1.,0.,0.));
#645 = ORIENTED_EDGE('',*,*,#646,.T.);
#646 = EDGE_CURVE('',#639,#616,#647,.T.);
#647 = CIRCLE('',#648,4.E-02);
#648 = AXIS2_PLACEMENT_3D('',#649,#650,#651);
#649 = CARTESIAN_POINT('',(0.6,-0.545,1.17));
#650 = DIRECTION('',(-1.,0.,0.));
#651 = DIRECTION('',(0.,0.,1.));
#652 = ORIENTED_EDGE('',*,*,#615,.F.);
#653 = ORIENTED_EDGE('',*,*,#427,.F.);
#654 = CYLINDRICAL_SURFACE('',#655,4.E-02);
#655 = AXIS2_PLACEMENT_3D('',#656,#657,#658);
#656 = CARTESIAN_POINT('',(-0.6,-0.545,1.17));
#657 = DIRECTION('',(1.,0.,0.));
#658 = DIRECTION('',(0.,-1.,0.));
#659 = ADVANCED_FACE('',(#660),#671,.F.);
#660 = FACE_BOUND('',#661,.F.);
#661 = EDGE_LOOP('',(#662,#668,#669,#670));
#662 = ORIENTED_EDGE('',*,*,#663,.F.);
#663 = EDGE_CURVE('',#494,#639,#664,.T.);
#664 = LINE('',#665,#666);
#665 = CARTESIAN_POINT('',(0.6,-0.585,4.E-02));
#666 = VECTOR('',#667,1.);
#667 = DIRECTION('',(0.,0.,1.));
#668 = ORIENTED_EDGE('',*,*,#502,.F.);
#669 = ORIENTED_EDGE('',*,*,#419,.T.);
#670 = ORIENTED_EDGE('',*,*,#638,.T.);
#671 = PLANE('',#672);
#672 = AXIS2_PLACEMENT_3D('',#673,#674,#675);
#673 = CARTESIAN_POINT('',(-0.6,-0.585,4.E-02));
#674 = DIRECTION('',(0.,1.,0.));
#675 = DIRECTION('',(0.,-0.,1.));
#676 = ADVANCED_FACE('',(#677,#747),#757,.F.);
#677 = FACE_BOUND('',#678,.F.);
#678 = EDGE_LOOP('',(#679,#689,#698,#706,#715,#723,#732,#740));
#679 = ORIENTED_EDGE('',*,*,#680,.F.);
#680 = EDGE_CURVE('',#681,#683,#685,.T.);
#681 = VERTEX_POINT('',#682);
#682 = CARTESIAN_POINT('',(0.6,-0.625,4.E-02));
#683 = VERTEX_POINT('',#684);
#684 = CARTESIAN_POINT('',(0.6,-0.625,1.21));
#685 = LINE('',#686,#687);
#686 = CARTESIAN_POINT('',(0.6,-0.625,0.));
#687 = VECTOR('',#688,1.);
#688 = DIRECTION('',(0.,0.,1.));
#689 = ORIENTED_EDGE('',*,*,#690,.T.);
#690 = EDGE_CURVE('',#681,#691,#693,.T.);
#691 = VERTEX_POINT('',#692);
#692 = CARTESIAN_POINT('',(0.6,-0.585,0.));
#693 = CIRCLE('',#694,4.E-02);
#694 = AXIS2_PLACEMENT_3D('',#695,#696,#697);
#695 = CARTESIAN_POINT('',(0.6,-0.585,4.E-02));
#696 = DIRECTION('',(1.,0.,-0.));
#697 = DIRECTION('',(0.,0.,1.));
#698 = ORIENTED_EDGE('',*,*,#699,.T.);
#699 = EDGE_CURVE('',#691,#700,#702,.T.);
#700 = VERTEX_POINT('',#701);
#701 = CARTESIAN_POINT('',(0.6,0.585,0.));
#702 = LINE('',#703,#704);
#703 = CARTESIAN_POINT('',(0.6,-0.625,0.));
#704 = VECTOR('',#705,1.);
#705 = DIRECTION('',(0.,1.,0.));
#706 = ORIENTED_EDGE('',*,*,#707,.F.);
#707 = EDGE_CURVE('',#708,#700,#710,.T.);
#708 = VERTEX_POINT('',#709);
#709 = CARTESIAN_POINT('',(0.6,0.625,4.E-02));
#710 = CIRCLE('',#711,4.E-02);
#711 = AXIS2_PLACEMENT_3D('',#712,#713,#714);
#712 = CARTESIAN_POINT('',(0.6,0.585,4.E-02));
#713 = DIRECTION('',(-1.,0.,0.));
#714 = DIRECTION('',(0.,0.,1.));
#715 = ORIENTED_EDGE('',*,*,#716,.T.);
#716 = EDGE_CURVE('',#708,#717,#719,.T.);
#717 = VERTEX_POINT('',#718);
#718 = CARTESIAN_POINT('',(0.6,0.625,1.21));
#719 = LINE('',#720,#721);
#720 = CARTESIAN_POINT('',(0.6,0.625,0.));
#721 = VECTOR('',#722,1.);
#722 = DIRECTION('',(0.,0.,1.));
#723 = ORIENTED_EDGE('',*,*,#724,.T.);
#724 = EDGE_CURVE('',#717,#725,#727,.T.);
#725 = VERTEX_POINT('',#726);
#726 = CARTESIAN_POINT('',(0.6,0.585,1.25));
#727 = CIRCLE('',#728,4.E-02);
#728 = AXIS2_PLACEMENT_3D('',#729,#730,#731);
#729 = CARTESIAN_POINT('',(0.6,0.585,1.21));
#730 = DIRECTION('',(1.,0.,-0.));
#731 = DIRECTION('',(0.,0.,1.));
#732 = ORIENTED_EDGE('',*,*,#733,.F.);
#733 = EDGE_CURVE('',#734,#725,#736,.T.);
#734 = VERTEX_POINT('',#735);
#735 = CARTESIAN_POINT('',(0.6,-0.585,1.25));
#736 = LINE('',#737,#738);
#737 = CARTESIAN_POINT('',(0.6,-0.625,1.25));
#738 = VECTOR('',#739,1.);
#739 = DIRECTION('',(0.,1.,0.));
#740 = ORIENTED_EDGE('',*,*,#741,.F.);
#741 = EDGE_CURVE('',#683,#734,#742,.T.);
#742 = CIRCLE('',#743,4.E-02);
#743 = AXIS2_PLACEMENT_3D('',#744,#745,#746);
#744 = CARTESIAN_POINT('',(0.6,-0.585,1.21));
#745 = DIRECTION('',(-1.,0.,0.));
#746 = DIRECTION('',(0.,0.,1.));
#747 = FACE_BOUND('',#748,.F.);
#748 = EDGE_LOOP('',(#749,#750,#751,#752,#753,#754,#755,#756));
#749 = ORIENTED_EDGE('',*,*,#493,.F.);
#750 = ORIENTED_EDGE('',*,*,#663,.T.);
#751 = ORIENTED_EDGE('',*,*,#646,.T.);
#752 = ORIENTED_EDGE('',*,*,#623,.T.);
#753 = ORIENTED_EDGE('',*,*,#598,.F.);
#754 = ORIENTED_EDGE('',*,*,#565,.F.);
#755 = ORIENTED_EDGE('',*,*,#548,.T.);
#756 = ORIENTED_EDGE('',*,*,#518,.F.);
#757 = PLANE('',#758);
#758 = AXIS2_PLACEMENT_3D('',#759,#760,#761);
#759 = CARTESIAN_POINT('',(0.6,-0.625,0.));
#760 = DIRECTION('',(1.,0.,0.));
#761 = DIRECTION('',(0.,0.,1.));
#762 = ADVANCED_FACE('',(#763),#788,.F.);
#763 = FACE_BOUND('',#764,.F.);
#764 = EDGE_LOOP('',(#765,#775,#781,#782));
#765 = ORIENTED_EDGE('',*,*,#766,.F.);
#766 = EDGE_CURVE('',#767,#769,#771,.T.);
#767 = VERTEX_POINT('',#768);
#768 = CARTESIAN_POINT('',(1.,-0.625,4.E-02));
#769 = VERTEX_POINT('',#770);
#770 = CARTESIAN_POINT('',(1.,-0.625,1.21));
#771 = LINE('',#772,#773);
#772 = CARTESIAN_POINT('',(1.,-0.625,0.));
#773 = VECTOR('',#774,1.);
#774 = DIRECTION('',(0.,0.,1.));
#775 = ORIENTED_EDGE('',*,*,#776,.F.);
#776 = EDGE_CURVE('',#681,#767,#777,.T.);
#777 = LINE('',#778,#779);
#778 = CARTESIAN_POINT('',(0.6,-0.625,4.E-02));
#779 = VECTOR('',#780,1.);
#780 = DIRECTION('',(1.,0.,0.));
#781 = ORIENTED_EDGE('',*,*,#680,.T.);
#782 = ORIENTED_EDGE('',*,*,#783,.T.);
#783 = EDGE_CURVE('',#683,#769,#784,.T.);
#784 = LINE('',#785,#786);
#785 = CARTESIAN_POINT('',(0.6,-0.625,1.21));
#786 = VECTOR('',#787,1.);
#787 = DIRECTION('',(1.,0.,0.));
#788 = PLANE('',#789);
#789 = AXIS2_PLACEMENT_3D('',#790,#791,#792);
#790 = CARTESIAN_POINT('',(0.6,-0.625,0.));
#791 = DIRECTION('',(0.,1.,0.));
#792 = DIRECTION('',(0.,-0.,1.));
#793 = ADVANCED_FACE('',(#794),#813,.T.);
#794 = FACE_BOUND('',#795,.T.);
#795 = EDGE_LOOP('',(#796,#797,#805,#812));
#796 = ORIENTED_EDGE('',*,*,#690,.T.);
#797 = ORIENTED_EDGE('',*,*,#798,.T.);
#798 = EDGE_CURVE('',#691,#799,#801,.T.);
#799 = VERTEX_POINT('',#800);
#800 = CARTESIAN_POINT('',(1.,-0.585,0.));
#801 = LINE('',#802,#803);
#802 = CARTESIAN_POINT('',(0.6,-0.585,0.));
#803 = VECTOR('',#804,1.);
#804 = DIRECTION('',(1.,0.,0.));
#805 = ORIENTED_EDGE('',*,*,#806,.F.);
#806 = EDGE_CURVE('',#767,#799,#807,.T.);
#807 = CIRCLE('',#808,4.E-02);
#808 = AXIS2_PLACEMENT_3D('',#809,#810,#811);
#809 = CARTESIAN_POINT('',(1.,-0.585,4.E-02));
#810 = DIRECTION('',(1.,0.,-0.));
#811 = DIRECTION('',(0.,0.,1.));
#812 = ORIENTED_EDGE('',*,*,#776,.F.);
#813 = CYLINDRICAL_SURFACE('',#814,4.E-02);
#814 = AXIS2_PLACEMENT_3D('',#815,#816,#817);
#815 = CARTESIAN_POINT('',(0.6,-0.585,4.E-02));
#816 = DIRECTION('',(1.,0.,0.));
#817 = DIRECTION('',(0.,-1.,0.));
#818 = ADVANCED_FACE('',(#819),#838,.T.);
#819 = FACE_BOUND('',#820,.T.);
#820 = EDGE_LOOP('',(#821,#822,#831,#837));
#821 = ORIENTED_EDGE('',*,*,#783,.T.);
#822 = ORIENTED_EDGE('',*,*,#823,.T.);
#823 = EDGE_CURVE('',#769,#824,#826,.T.);
#824 = VERTEX_POINT('',#825);
#825 = CARTESIAN_POINT('',(1.,-0.585,1.25));
#826 = CIRCLE('',#827,4.E-02);
#827 = AXIS2_PLACEMENT_3D('',#828,#829,#830);
#828 = CARTESIAN_POINT('',(1.,-0.585,1.21));
#829 = DIRECTION('',(-1.,0.,0.));
#830 = DIRECTION('',(0.,0.,1.));
#831 = ORIENTED_EDGE('',*,*,#832,.F.);
#832 = EDGE_CURVE('',#734,#824,#833,.T.);
#833 = LINE('',#834,#835);
#834 = CARTESIAN_POINT('',(0.6,-0.585,1.25));
#835 = VECTOR('',#836,1.);
#836 = DIRECTION('',(1.,0.,0.));
#837 = ORIENTED_EDGE('',*,*,#741,.F.);
#838 = CYLINDRICAL_SURFACE('',#839,4.E-02);
#839 = AXIS2_PLACEMENT_3D('',#840,#841,#842);
#840 = CARTESIAN_POINT('',(0.6,-0.585,1.21));
#841 = DIRECTION('',(1.,0.,0.));
#842 = DIRECTION('',(0.,-1.,0.));
#843 = ADVANCED_FACE('',(#844),#862,.F.);
#844 = FACE_BOUND('',#845,.F.);
#845 = EDGE_LOOP('',(#846,#847,#848,#856));
#846 = ORIENTED_EDGE('',*,*,#699,.F.);
#847 = ORIENTED_EDGE('',*,*,#798,.T.);
#848 = ORIENTED_EDGE('',*,*,#849,.T.);
#849 = EDGE_CURVE('',#799,#850,#852,.T.);
#850 = VERTEX_POINT('',#851);
#851 = CARTESIAN_POINT('',(1.,0.585,0.));
#852 = LINE('',#853,#854);
#853 = CARTESIAN_POINT('',(1.,-0.625,0.));
#854 = VECTOR('',#855,1.);
#855 = DIRECTION('',(0.,1.,0.));
#856 = ORIENTED_EDGE('',*,*,#857,.F.);
#857 = EDGE_CURVE('',#700,#850,#858,.T.);
#858 = LINE('',#859,#860);
#859 = CARTESIAN_POINT('',(0.6,0.585,0.));
#860 = VECTOR('',#861,1.);
#861 = DIRECTION('',(1.,0.,0.));
#862 = PLANE('',#863);
#863 = AXIS2_PLACEMENT_3D('',#864,#865,#866);
#864 = CARTESIAN_POINT('',(0.6,-0.625,0.));
#865 = DIRECTION('',(0.,0.,1.));
#866 = DIRECTION('',(1.,0.,-0.));
#867 = ADVANCED_FACE('',(#868),#886,.T.);
#868 = FACE_BOUND('',#869,.T.);
#869 = EDGE_LOOP('',(#870,#871,#872,#880));
#870 = ORIENTED_EDGE('',*,*,#733,.F.);
#871 = ORIENTED_EDGE('',*,*,#832,.T.);
#872 = ORIENTED_EDGE('',*,*,#873,.T.);
#873 = EDGE_CURVE('',#824,#874,#876,.T.);
#874 = VERTEX_POINT('',#875);
#875 = CARTESIAN_POINT('',(1.,0.585,1.25));
#876 = LINE('',#877,#878);
#877 = CARTESIAN_POINT('',(1.,-0.625,1.25));
#878 = VECTOR('',#879,1.);
#879 = DIRECTION('',(0.,1.,0.));
#880 = ORIENTED_EDGE('',*,*,#881,.F.);
#881 = EDGE_CURVE('',#725,#874,#882,.T.);
#882 = LINE('',#883,#884);
#883 = CARTESIAN_POINT('',(0.6,0.585,1.25));
#884 = VECTOR('',#885,1.);
#885 = DIRECTION('',(1.,0.,0.));
#886 = PLANE('',#887);
#887 = AXIS2_PLACEMENT_3D('',#888,#889,#890);
#888 = CARTESIAN_POINT('',(0.6,-0.625,1.25));
#889 = DIRECTION('',(0.,0.,1.));
#890 = DIRECTION('',(1.,0.,-0.));
#891 = ADVANCED_FACE('',(#892),#911,.T.);
#892 = FACE_BOUND('',#893,.T.);
#893 = EDGE_LOOP('',(#894,#902,#909,#910));
#894 = ORIENTED_EDGE('',*,*,#895,.T.);
#895 = EDGE_CURVE('',#708,#896,#898,.T.);
#896 = VERTEX_POINT('',#897);
#897 = CARTESIAN_POINT('',(1.,0.625,4.E-02));
#898 = LINE('',#899,#900);
#899 = CARTESIAN_POINT('',(0.6,0.625,4.E-02));
#900 = VECTOR('',#901,1.);
#901 = DIRECTION('',(1.,0.,0.));
#902 = ORIENTED_EDGE('',*,*,#903,.T.);
#903 = EDGE_CURVE('',#896,#850,#904,.T.);
#904 = CIRCLE('',#905,4.E-02);
#905 = AXIS2_PLACEMENT_3D('',#906,#907,#908);
#906 = CARTESIAN_POINT('',(1.,0.585,4.E-02));
#907 = DIRECTION('',(-1.,0.,0.));
#908 = DIRECTION('',(0.,0.,1.));
#909 = ORIENTED_EDGE('',*,*,#857,.F.);
#910 = ORIENTED_EDGE('',*,*,#707,.F.);
#911 = CYLINDRICAL_SURFACE('',#912,4.E-02);
#912 = AXIS2_PLACEMENT_3D('',#913,#914,#915);
#913 = CARTESIAN_POINT('',(0.6,0.585,4.E-02));
#914 = DIRECTION('',(1.,0.,0.));
#915 = DIRECTION('',(-0.,1.,0.));
#916 = ADVANCED_FACE('',(#917),#936,.T.);
#917 = FACE_BOUND('',#918,.T.);
#918 = EDGE_LOOP('',(#919,#920,#921,#930));
#919 = ORIENTED_EDGE('',*,*,#724,.T.);
#920 = ORIENTED_EDGE('',*,*,#881,.T.);
#921 = ORIENTED_EDGE('',*,*,#922,.F.);
#922 = EDGE_CURVE('',#923,#874,#925,.T.);
#923 = VERTEX_POINT('',#924);
#924 = CARTESIAN_POINT('',(1.,0.625,1.21));
#925 = CIRCLE('',#926,4.E-02);
#926 = AXIS2_PLACEMENT_3D('',#927,#928,#929);
#927 = CARTESIAN_POINT('',(1.,0.585,1.21));
#928 = DIRECTION('',(1.,0.,-0.));
#929 = DIRECTION('',(0.,0.,1.));
#930 = ORIENTED_EDGE('',*,*,#931,.F.);
#931 = EDGE_CURVE('',#717,#923,#932,.T.);
#932 = LINE('',#933,#934);
#933 = CARTESIAN_POINT('',(0.6,0.625,1.21));
#934 = VECTOR('',#935,1.);
#935 = DIRECTION('',(1.,0.,0.));
#936 = CYLINDRICAL_SURFACE('',#937,4.E-02);
#937 = AXIS2_PLACEMENT_3D('',#938,#939,#940);
#938 = CARTESIAN_POINT('',(0.6,0.585,1.21));
#939 = DIRECTION('',(1.,0.,0.));
#940 = DIRECTION('',(-0.,1.,0.));
#941 = ADVANCED_FACE('',(#942),#953,.T.);
#942 = FACE_BOUND('',#943,.T.);
#943 = EDGE_LOOP('',(#944,#950,#951,#952));
#944 = ORIENTED_EDGE('',*,*,#945,.F.);
#945 = EDGE_CURVE('',#896,#923,#946,.T.);
#946 = LINE('',#947,#948);
#947 = CARTESIAN_POINT('',(1.,0.625,0.));
#948 = VECTOR('',#949,1.);
#949 = DIRECTION('',(0.,0.,1.));
#950 = ORIENTED_EDGE('',*,*,#895,.F.);
#951 = ORIENTED_EDGE('',*,*,#716,.T.);
#952 = ORIENTED_EDGE('',*,*,#931,.T.);
#953 = PLANE('',#954);
#954 = AXIS2_PLACEMENT_3D('',#955,#956,#957);
#955 = CARTESIAN_POINT('',(0.6,0.625,0.));
#956 = DIRECTION('',(0.,1.,0.));
#957 = DIRECTION('',(0.,-0.,1.));
#958 = ADVANCED_FACE('',(#959),#969,.T.);
#959 = FACE_BOUND('',#960,.T.);
#960 = EDGE_LOOP('',(#961,#962,#963,#964,#965,#966,#967,#968));
#961 = ORIENTED_EDGE('',*,*,#766,.F.);
#962 = ORIENTED_EDGE('',*,*,#806,.T.);
#963 = ORIENTED_EDGE('',*,*,#849,.T.);
#964 = ORIENTED_EDGE('',*,*,#903,.F.);
#965 = ORIENTED_EDGE('',*,*,#945,.T.);
#966 = ORIENTED_EDGE('',*,*,#922,.T.);
#967 = ORIENTED_EDGE('',*,*,#873,.F.);
#968 = ORIENTED_EDGE('',*,*,#823,.F.);
#969 = PLANE('',#970);
#970 = AXIS2_PLACEMENT_3D('',#971,#972,#973);
#971 = CARTESIAN_POINT('',(1.,-0.625,0.));
#972 = DIRECTION('',(1.,0.,0.));
#973 = DIRECTION('',(0.,0.,1.));
#974 = ( GEOMETRIC_REPRESENTATION_CONTEXT(3) 
GLOBAL_UNCERTAINTY_ASSIGNED_CONTEXT((#978)) GLOBAL_UNIT_ASSIGNED_CONTEXT
((#975,#976,#977)) REPRESENTATION_CONTEXT('Context #1',
  '3D Context with UNIT and UNCERTAINTY') );
#975 = ( LENGTH_UNIT() NAMED_UNIT(*) SI_UNIT(.MILLI.,.METRE.) );
#976 = ( NAMED_UNIT(*) PLANE_ANGLE_UNIT() SI_UNIT($,.RADIAN.) );
#977 = ( NAMED_UNIT(*) SI_UNIT($,.STERADIAN.) SOLID_ANGLE_UNIT() );
#978 = UNCERTAINTY_MEASURE_WITH_UNIT(LENGTH_MEASURE(1.E-07),#975,
  'distance_accuracy_value','confusion accuracy');
#979 = CONTEXT_DEPENDENT_SHAPE_REPRESENTATION(#980,#982);
#980 = ( REPRESENTATION_RELATIONSHIP('','',#119,#96) 
REPRESENTATION_RELATIONSHIP_WITH_TRANSFORMATION(#981) 
SHAPE_REPRESENTATION_RELATIONSHIP() );
#981 = ITEM_DEFINED_TRANSFORMATION('','',#11,#97);
#982 = PRODUCT_DEFINITION_SHAPE('Placement','Placement of an item',#983
  );
#983 = NEXT_ASSEMBLY_USAGE_OCCURRENCE('1','=>[0:1:1:3]','',#91,#114,$);
#984 = PRODUCT_RELATED_PRODUCT_CATEGORY('part',$,(#116));
#985 = SHAPE_DEFINITION_REPRESENTATION(#986,#992);
#986 = PRODUCT_DEFINITION_SHAPE('','',#987);
#987 = PRODUCT_DEFINITION('design','',#988,#991);
#988 = PRODUCT_DEFINITION_FORMATION('','',#989);
#989 = PRODUCT('R_0603_1608Metric','R_0603_1608Metric','',(#990));
#990 = PRODUCT_CONTEXT('',#2,'mechanical');
#991 = PRODUCT_DEFINITION_CONTEXT('part definition',#2,'design');
#992 = SHAPE_REPRESENTATION('',(#11,#993),#997);
#993 = AXIS2_PLACEMENT_3D('',#994,#995,#996);
#994 = CARTESIAN_POINT('',(0.,0.,0.));
#995 = DIRECTION('',(0.,0.,1.));
#996 = DIRECTION('',(1.,0.,-0.));
#997 = ( GEOMETRIC_REPRESENTATION_CONTEXT(3) 
GLOBAL_UNCERTAINTY_ASSIGNED_CONTEXT((#1001)) 
GLOBAL_UNIT_ASSIGNED_CONTEXT((#998,#999,#1000)) REPRESENTATION_CONTEXT(
  'Context #1','3D Context with UNIT and UNCERTAINTY') );
#998 = ( LENGTH_UNIT() NAMED_UNIT(*) SI_UNIT(.MILLI.,.METRE.) );
#999 = ( NAMED_UNIT(*) PLANE_ANGLE_UNIT() SI_UNIT($,.RADIAN.) );
#1000 = ( NAMED_UNIT(*) SI_UNIT($,.STERADIAN.) SOLID_ANGLE_UNIT() );
#1001 = UNCERTAINTY_MEASURE_WITH_UNIT(LENGTH_MEASURE(1.E-07),#998,
  'distance_accuracy_value','confusion accuracy');
#1002 = CONTEXT_DEPENDENT_SHAPE_REPRESENTATION(#1003,#1005);
#1003 = ( REPRESENTATION_RELATIONSHIP('','',#992,#10) 
REPRESENTATION_RELATIONSHIP_WITH_TRANSFORMATION(#1004) 
SHAPE_REPRESENTATION_RELATIONSHIP() );
#1004 = ITEM_DEFINED_TRANSFORMATION('','',#11,#19);
#1005 = PRODUCT_DEFINITION_SHAPE('Placement','Placement of an item',
  #1006);
#1006 = NEXT_ASSEMBLY_USAGE_OCCURRENCE('4','R1','',#5,#987,$);
#1007 = PRODUCT_RELATED_PRODUCT_CATEGORY('part',$,(#989));
#1008 = SHAPE_DEFINITION_REPRESENTATION(#1009,#1015);
#1009 = PRODUCT_DEFINITION_SHAPE('','',#1010);
#1010 = PRODUCT_DEFINITION('design','',#1011,#1014);
#1011 = PRODUCT_DEFINITION_FORMATION('','',#1012);
#1012 = PRODUCT('R_0603_1608Metric','R_0603_1608Metric','',(#1013));
#1013 = PRODUCT_CONTEXT('',#2,'mechanical');
#1014 = PRODUCT_DEFINITION_CONTEXT('part definition',#2,'design');
#1015 = ADVANCED_BREP_SHAPE_REPRESENTATION('',(#11,#1016),#1806);
#1016 = MANIFOLD_SOLID_BREP('',#1017);
#1017 = CLOSED_SHELL('',(#1018,#1058,#1141,#1166,#1191,#1258,#1275,#1292
    ,#1341,#1358,#1375,#1424,#1441,#1510,#1541,#1565,#1634,#1658,#1675,
    #1692,#1709,#1726,#1743,#1760,#1777,#1794));
#1018 = ADVANCED_FACE('',(#1019),#1053,.F.);
#1019 = FACE_BOUND('',#1020,.F.);
#1020 = EDGE_LOOP('',(#1021,#1031,#1039,#1047));
#1021 = ORIENTED_EDGE('',*,*,#1022,.F.);
#1022 = EDGE_CURVE('',#1023,#1025,#1027,.T.);
#1023 = VERTEX_POINT('',#1024);
#1024 = CARTESIAN_POINT('',(-0.8,-0.4,4.5E-02));
#1025 = VERTEX_POINT('',#1026);
#1026 = CARTESIAN_POINT('',(-0.8,-0.4,0.405));
#1027 = LINE('',#1028,#1029);
#1028 = CARTESIAN_POINT('',(-0.8,-0.4,0.));
#1029 = VECTOR('',#1030,1.);
#1030 = DIRECTION('',(0.,0.,1.));
#1031 = ORIENTED_EDGE('',*,*,#1032,.T.);
#1032 = EDGE_CURVE('',#1023,#1033,#1035,.T.);
#1033 = VERTEX_POINT('',#1034);
#1034 = CARTESIAN_POINT('',(-0.8,0.4,4.5E-02));
#1035 = LINE('',#1036,#1037);
#1036 = CARTESIAN_POINT('',(-0.8,-0.4,4.5E-02));
#1037 = VECTOR('',#1038,1.);
#1038 = DIRECTION('',(0.,1.,0.));
#1039 = ORIENTED_EDGE('',*,*,#1040,.T.);
#1040 = EDGE_CURVE('',#1033,#1041,#1043,.T.);
#1041 = VERTEX_POINT('',#1042);
#1042 = CARTESIAN_POINT('',(-0.8,0.4,0.405));
#1043 = LINE('',#1044,#1045);
#1044 = CARTESIAN_POINT('',(-0.8,0.4,0.));
#1045 = VECTOR('',#1046,1.);
#1046 = DIRECTION('',(0.,0.,1.));
#1047 = ORIENTED_EDGE('',*,*,#1048,.F.);
#1048 = EDGE_CURVE('',#1025,#1041,#1049,.T.);
#1049 = LINE('',#1050,#1051);
#1050 = CARTESIAN_POINT('',(-0.8,-0.4,0.405));
#1051 = VECTOR('',#1052,1.);
#1052 = DIRECTION('',(0.,1.,0.));
#1053 = PLANE('',#1054);
#1054 = AXIS2_PLACEMENT_3D('',#1055,#1056,#1057);
#1055 = CARTESIAN_POINT('',(-0.8,-0.4,0.));
#1056 = DIRECTION('',(1.,0.,0.));
#1057 = DIRECTION('',(0.,0.,1.));
#1058 = ADVANCED_FACE('',(#1059),#1136,.F.);
#1059 = FACE_BOUND('',#1060,.F.);
#1060 = EDGE_LOOP('',(#1061,#1071,#1078,#1079,#1088,#1096,#1105,#1113,
    #1121,#1129));
#1061 = ORIENTED_EDGE('',*,*,#1062,.F.);
#1062 = EDGE_CURVE('',#1063,#1065,#1067,.T.);
#1063 = VERTEX_POINT('',#1064);
#1064 = CARTESIAN_POINT('',(-0.755,-0.4,-2.775557561563E-17));
#1065 = VERTEX_POINT('',#1066);
#1066 = CARTESIAN_POINT('',(-0.545,-0.4,-2.775557561563E-17));
#1067 = LINE('',#1068,#1069);
#1068 = CARTESIAN_POINT('',(-0.8,-0.4,0.));
#1069 = VECTOR('',#1070,1.);
#1070 = DIRECTION('',(1.,0.,0.));
#1071 = ORIENTED_EDGE('',*,*,#1072,.F.);
#1072 = EDGE_CURVE('',#1023,#1063,#1073,.T.);
#1073 = CIRCLE('',#1074,4.5E-02);
#1074 = AXIS2_PLACEMENT_3D('',#1075,#1076,#1077);
#1075 = CARTESIAN_POINT('',(-0.755,-0.4,4.5E-02));
#1076 = DIRECTION('',(0.,-1.,0.));
#1077 = DIRECTION('',(0.,0.,1.));
#1078 = ORIENTED_EDGE('',*,*,#1022,.T.);
#1079 = ORIENTED_EDGE('',*,*,#1080,.T.);
#1080 = EDGE_CURVE('',#1025,#1081,#1083,.T.);
#1081 = VERTEX_POINT('',#1082);
#1082 = CARTESIAN_POINT('',(-0.755,-0.4,0.45));
#1083 = CIRCLE('',#1084,4.5E-02);
#1084 = AXIS2_PLACEMENT_3D('',#1085,#1086,#1087);
#1085 = CARTESIAN_POINT('',(-0.755,-0.4,0.405));
#1086 = DIRECTION('',(0.,1.,0.));
#1087 = DIRECTION('',(0.,-0.,1.));
#1088 = ORIENTED_EDGE('',*,*,#1089,.T.);
#1089 = EDGE_CURVE('',#1081,#1090,#1092,.T.);
#1090 = VERTEX_POINT('',#1091);
#1091 = CARTESIAN_POINT('',(-0.545,-0.4,0.45));
#1092 = LINE('',#1093,#1094);
#1093 = CARTESIAN_POINT('',(-0.8,-0.4,0.45));
#1094 = VECTOR('',#1095,1.);
#1095 = DIRECTION('',(1.,0.,0.));
#1096 = ORIENTED_EDGE('',*,*,#1097,.F.);
#1097 = EDGE_CURVE('',#1098,#1090,#1100,.T.);
#1098 = VERTEX_POINT('',#1099);
#1099 = CARTESIAN_POINT('',(-0.5,-0.4,0.405));
#1100 = CIRCLE('',#1101,4.5E-02);
#1101 = AXIS2_PLACEMENT_3D('',#1102,#1103,#1104);
#1102 = CARTESIAN_POINT('',(-0.545,-0.4,0.405));
#1103 = DIRECTION('',(0.,-1.,0.));
#1104 = DIRECTION('',(0.,0.,1.));
#1105 = ORIENTED_EDGE('',*,*,#1106,.F.);
#1106 = EDGE_CURVE('',#1107,#1098,#1109,.T.);
#1107 = VERTEX_POINT('',#1108);
#1108 = CARTESIAN_POINT('',(-0.755,-0.4,0.405));
#1109 = LINE('',#1110,#1111);
#1110 = CARTESIAN_POINT('',(-0.755,-0.4,0.405));
#1111 = VECTOR('',#1112,1.);
#1112 = DIRECTION('',(1.,0.,0.));
#1113 = ORIENTED_EDGE('',*,*,#1114,.F.);
#1114 = EDGE_CURVE('',#1115,#1107,#1117,.T.);
#1115 = VERTEX_POINT('',#1116);
#1116 = CARTESIAN_POINT('',(-0.755,-0.4,4.5E-02));
#1117 = LINE('',#1118,#1119);
#1118 = CARTESIAN_POINT('',(-0.755,-0.4,4.5E-02));
#1119 = VECTOR('',#1120,1.);
#1120 = DIRECTION('',(0.,0.,1.));
#1121 = ORIENTED_EDGE('',*,*,#1122,.T.);
#1122 = EDGE_CURVE('',#1115,#1123,#1125,.T.);
#1123 = VERTEX_POINT('',#1124);
#1124 = CARTESIAN_POINT('',(-0.5,-0.4,4.5E-02));
#1125 = LINE('',#1126,#1127);
#1126 = CARTESIAN_POINT('',(-0.755,-0.4,4.5E-02));
#1127 = VECTOR('',#1128,1.);
#1128 = DIRECTION('',(1.,0.,0.));
#1129 = ORIENTED_EDGE('',*,*,#1130,.T.);
#1130 = EDGE_CURVE('',#1123,#1065,#1131,.T.);
#1131 = CIRCLE('',#1132,4.5E-02);
#1132 = AXIS2_PLACEMENT_3D('',#1133,#1134,#1135);
#1133 = CARTESIAN_POINT('',(-0.545,-0.4,4.5E-02));
#1134 = DIRECTION('',(0.,1.,0.));
#1135 = DIRECTION('',(0.,-0.,1.));
#1136 = PLANE('',#1137);
#1137 = AXIS2_PLACEMENT_3D('',#1138,#1139,#1140);
#1138 = CARTESIAN_POINT('',(-0.8,-0.4,0.));
#1139 = DIRECTION('',(0.,1.,0.));
#1140 = DIRECTION('',(0.,-0.,1.));
#1141 = ADVANCED_FACE('',(#1142),#1161,.T.);
#1142 = FACE_BOUND('',#1143,.T.);
#1143 = EDGE_LOOP('',(#1144,#1145,#1154,#1160));
#1144 = ORIENTED_EDGE('',*,*,#1032,.T.);
#1145 = ORIENTED_EDGE('',*,*,#1146,.T.);
#1146 = EDGE_CURVE('',#1033,#1147,#1149,.T.);
#1147 = VERTEX_POINT('',#1148);
#1148 = CARTESIAN_POINT('',(-0.755,0.4,-2.775557561563E-17));
#1149 = CIRCLE('',#1150,4.5E-02);
#1150 = AXIS2_PLACEMENT_3D('',#1151,#1152,#1153);
#1151 = CARTESIAN_POINT('',(-0.755,0.4,4.5E-02));
#1152 = DIRECTION('',(0.,-1.,0.));
#1153 = DIRECTION('',(0.,0.,1.));
#1154 = ORIENTED_EDGE('',*,*,#1155,.F.);
#1155 = EDGE_CURVE('',#1063,#1147,#1156,.T.);
#1156 = LINE('',#1157,#1158);
#1157 = CARTESIAN_POINT('',(-0.755,-0.4,-2.775557561563E-17));
#1158 = VECTOR('',#1159,1.);
#1159 = DIRECTION('',(0.,1.,0.));
#1160 = ORIENTED_EDGE('',*,*,#1072,.F.);
#1161 = CYLINDRICAL_SURFACE('',#1162,4.5E-02);
#1162 = AXIS2_PLACEMENT_3D('',#1163,#1164,#1165);
#1163 = CARTESIAN_POINT('',(-0.755,-0.4,4.5E-02));
#1164 = DIRECTION('',(0.,1.,0.));
#1165 = DIRECTION('',(-1.,0.,0.));
#1166 = ADVANCED_FACE('',(#1167),#1186,.T.);
#1167 = FACE_BOUND('',#1168,.T.);
#1168 = EDGE_LOOP('',(#1169,#1170,#1178,#1185));
#1169 = ORIENTED_EDGE('',*,*,#1080,.T.);
#1170 = ORIENTED_EDGE('',*,*,#1171,.T.);
#1171 = EDGE_CURVE('',#1081,#1172,#1174,.T.);
#1172 = VERTEX_POINT('',#1173);
#1173 = CARTESIAN_POINT('',(-0.755,0.4,0.45));
#1174 = LINE('',#1175,#1176);
#1175 = CARTESIAN_POINT('',(-0.755,-0.4,0.45));
#1176 = VECTOR('',#1177,1.);
#1177 = DIRECTION('',(0.,1.,0.));
#1178 = ORIENTED_EDGE('',*,*,#1179,.F.);
#1179 = EDGE_CURVE('',#1041,#1172,#1180,.T.);
#1180 = CIRCLE('',#1181,4.5E-02);
#1181 = AXIS2_PLACEMENT_3D('',#1182,#1183,#1184);
#1182 = CARTESIAN_POINT('',(-0.755,0.4,0.405));
#1183 = DIRECTION('',(0.,1.,0.));
#1184 = DIRECTION('',(0.,-0.,1.));
#1185 = ORIENTED_EDGE('',*,*,#1048,.F.);
#1186 = CYLINDRICAL_SURFACE('',#1187,4.5E-02);
#1187 = AXIS2_PLACEMENT_3D('',#1188,#1189,#1190);
#1188 = CARTESIAN_POINT('',(-0.755,-0.4,0.405));
#1189 = DIRECTION('',(0.,1.,0.));
#1190 = DIRECTION('',(-1.,0.,0.));
#1191 = ADVANCED_FACE('',(#1192),#1253,.T.);
#1192 = FACE_BOUND('',#1193,.T.);
#1193 = EDGE_LOOP('',(#1194,#1202,#1203,#1204,#1205,#1213,#1222,#1230,
    #1238,#1246));
#1194 = ORIENTED_EDGE('',*,*,#1195,.F.);
#1195 = EDGE_CURVE('',#1147,#1196,#1198,.T.);
#1196 = VERTEX_POINT('',#1197);
#1197 = CARTESIAN_POINT('',(-0.545,0.4,-2.775557561563E-17));
#1198 = LINE('',#1199,#1200);
#1199 = CARTESIAN_POINT('',(-0.8,0.4,0.));
#1200 = VECTOR('',#1201,1.);
#1201 = DIRECTION('',(1.,0.,0.));
#1202 = ORIENTED_EDGE('',*,*,#1146,.F.);
#1203 = ORIENTED_EDGE('',*,*,#1040,.T.);
#1204 = ORIENTED_EDGE('',*,*,#1179,.T.);
#1205 = ORIENTED_EDGE('',*,*,#1206,.T.);
#1206 = EDGE_CURVE('',#1172,#1207,#1209,.T.);
#1207 = VERTEX_POINT('',#1208);
#1208 = CARTESIAN_POINT('',(-0.545,0.4,0.45));
#1209 = LINE('',#1210,#1211);
#1210 = CARTESIAN_POINT('',(-0.8,0.4,0.45));
#1211 = VECTOR('',#1212,1.);
#1212 = DIRECTION('',(1.,0.,0.));
#1213 = ORIENTED_EDGE('',*,*,#1214,.F.);
#1214 = EDGE_CURVE('',#1215,#1207,#1217,.T.);
#1215 = VERTEX_POINT('',#1216);
#1216 = CARTESIAN_POINT('',(-0.5,0.4,0.405));
#1217 = CIRCLE('',#1218,4.5E-02);
#1218 = AXIS2_PLACEMENT_3D('',#1219,#1220,#1221);
#1219 = CARTESIAN_POINT('',(-0.545,0.4,0.405));
#1220 = DIRECTION('',(0.,-1.,0.));
#1221 = DIRECTION('',(0.,0.,1.));
#1222 = ORIENTED_EDGE('',*,*,#1223,.F.);
#1223 = EDGE_CURVE('',#1224,#1215,#1226,.T.);
#1224 = VERTEX_POINT('',#1225);
#1225 = CARTESIAN_POINT('',(-0.755,0.4,0.405));
#1226 = LINE('',#1227,#1228);
#1227 = CARTESIAN_POINT('',(-0.755,0.4,0.405));
#1228 = VECTOR('',#1229,1.);
#1229 = DIRECTION('',(1.,0.,0.));
#1230 = ORIENTED_EDGE('',*,*,#1231,.F.);
#1231 = EDGE_CURVE('',#1232,#1224,#1234,.T.);
#1232 = VERTEX_POINT('',#1233);
#1233 = CARTESIAN_POINT('',(-0.755,0.4,4.5E-02));
#1234 = LINE('',#1235,#1236);
#1235 = CARTESIAN_POINT('',(-0.755,0.4,4.5E-02));
#1236 = VECTOR('',#1237,1.);
#1237 = DIRECTION('',(0.,0.,1.));
#1238 = ORIENTED_EDGE('',*,*,#1239,.T.);
#1239 = EDGE_CURVE('',#1232,#1240,#1242,.T.);
#1240 = VERTEX_POINT('',#1241);
#1241 = CARTESIAN_POINT('',(-0.5,0.4,4.5E-02));
#1242 = LINE('',#1243,#1244);
#1243 = CARTESIAN_POINT('',(-0.755,0.4,4.5E-02));
#1244 = VECTOR('',#1245,1.);
#1245 = DIRECTION('',(1.,0.,0.));
#1246 = ORIENTED_EDGE('',*,*,#1247,.T.);
#1247 = EDGE_CURVE('',#1240,#1196,#1248,.T.);
#1248 = CIRCLE('',#1249,4.5E-02);
#1249 = AXIS2_PLACEMENT_3D('',#1250,#1251,#1252);
#1250 = CARTESIAN_POINT('',(-0.545,0.4,4.5E-02));
#1251 = DIRECTION('',(0.,1.,0.));
#1252 = DIRECTION('',(0.,-0.,1.));
#1253 = PLANE('',#1254);
#1254 = AXIS2_PLACEMENT_3D('',#1255,#1256,#1257);
#1255 = CARTESIAN_POINT('',(-0.8,0.4,0.));
#1256 = DIRECTION('',(0.,1.,0.));
#1257 = DIRECTION('',(0.,-0.,1.));
#1258 = ADVANCED_FACE('',(#1259),#1270,.F.);
#1259 = FACE_BOUND('',#1260,.F.);
#1260 = EDGE_LOOP('',(#1261,#1262,#1263,#1264));
#1261 = ORIENTED_EDGE('',*,*,#1195,.F.);
#1262 = ORIENTED_EDGE('',*,*,#1155,.F.);
#1263 = ORIENTED_EDGE('',*,*,#1062,.T.);
#1264 = ORIENTED_EDGE('',*,*,#1265,.T.);
#1265 = EDGE_CURVE('',#1065,#1196,#1266,.T.);
#1266 = LINE('',#1267,#1268);
#1267 = CARTESIAN_POINT('',(-0.545,-0.4,-2.775557561563E-17));
#1268 = VECTOR('',#1269,1.);
#1269 = DIRECTION('',(0.,1.,0.));
#1270 = PLANE('',#1271);
#1271 = AXIS2_PLACEMENT_3D('',#1272,#1273,#1274);
#1272 = CARTESIAN_POINT('',(-0.8,-0.4,0.));
#1273 = DIRECTION('',(0.,0.,1.));
#1274 = DIRECTION('',(1.,0.,-0.));
#1275 = ADVANCED_FACE('',(#1276),#1287,.T.);
#1276 = FACE_BOUND('',#1277,.T.);
#1277 = EDGE_LOOP('',(#1278,#1279,#1280,#1281));
#1278 = ORIENTED_EDGE('',*,*,#1130,.T.);
#1279 = ORIENTED_EDGE('',*,*,#1265,.T.);
#1280 = ORIENTED_EDGE('',*,*,#1247,.F.);
#1281 = ORIENTED_EDGE('',*,*,#1282,.F.);
#1282 = EDGE_CURVE('',#1123,#1240,#1283,.T.);
#1283 = LINE('',#1284,#1285);
#1284 = CARTESIAN_POINT('',(-0.5,-0.4,4.5E-02));
#1285 = VECTOR('',#1286,1.);
#1286 = DIRECTION('',(0.,1.,0.));
#1287 = CYLINDRICAL_SURFACE('',#1288,4.5E-02);
#1288 = AXIS2_PLACEMENT_3D('',#1289,#1290,#1291);
#1289 = CARTESIAN_POINT('',(-0.545,-0.4,4.5E-02));
#1290 = DIRECTION('',(0.,1.,0.));
#1291 = DIRECTION('',(1.,0.,0.));
#1292 = ADVANCED_FACE('',(#1293),#1336,.F.);
#1293 = FACE_BOUND('',#1294,.F.);
#1294 = EDGE_LOOP('',(#1295,#1296,#1297,#1298,#1306,#1314,#1322,#1330));
#1295 = ORIENTED_EDGE('',*,*,#1122,.F.);
#1296 = ORIENTED_EDGE('',*,*,#1114,.T.);
#1297 = ORIENTED_EDGE('',*,*,#1106,.T.);
#1298 = ORIENTED_EDGE('',*,*,#1299,.T.);
#1299 = EDGE_CURVE('',#1098,#1300,#1302,.T.);
#1300 = VERTEX_POINT('',#1301);
#1301 = CARTESIAN_POINT('',(0.5,-0.4,0.405));
#1302 = LINE('',#1303,#1304);
#1303 = CARTESIAN_POINT('',(-0.5,-0.4,0.405));
#1304 = VECTOR('',#1305,1.);
#1305 = DIRECTION('',(1.,0.,0.));
#1306 = ORIENTED_EDGE('',*,*,#1307,.T.);
#1307 = EDGE_CURVE('',#1300,#1308,#1310,.T.);
#1308 = VERTEX_POINT('',#1309);
#1309 = CARTESIAN_POINT('',(0.755,-0.4,0.405));
#1310 = LINE('',#1311,#1312);
#1311 = CARTESIAN_POINT('',(-0.755,-0.4,0.405));
#1312 = VECTOR('',#1313,1.);
#1313 = DIRECTION('',(1.,0.,0.));
#1314 = ORIENTED_EDGE('',*,*,#1315,.F.);
#1315 = EDGE_CURVE('',#1316,#1308,#1318,.T.);
#1316 = VERTEX_POINT('',#1317);
#1317 = CARTESIAN_POINT('',(0.755,-0.4,4.5E-02));
#1318 = LINE('',#1319,#1320);
#1319 = CARTESIAN_POINT('',(0.755,-0.4,4.5E-02));
#1320 = VECTOR('',#1321,1.);
#1321 = DIRECTION('',(0.,0.,1.));
#1322 = ORIENTED_EDGE('',*,*,#1323,.F.);
#1323 = EDGE_CURVE('',#1324,#1316,#1326,.T.);
#1324 = VERTEX_POINT('',#1325);
#1325 = CARTESIAN_POINT('',(0.5,-0.4,4.5E-02));
#1326 = LINE('',#1327,#1328);
#1327 = CARTESIAN_POINT('',(-0.755,-0.4,4.5E-02));
#1328 = VECTOR('',#1329,1.);
#1329 = DIRECTION('',(1.,0.,0.));
#1330 = ORIENTED_EDGE('',*,*,#1331,.F.);
#1331 = EDGE_CURVE('',#1123,#1324,#1332,.T.);
#1332 = LINE('',#1333,#1334);
#1333 = CARTESIAN_POINT('',(-0.755,-0.4,4.5E-02));
#1334 = VECTOR('',#1335,1.);
#1335 = DIRECTION('',(1.,0.,0.));
#1336 = PLANE('',#1337);
#1337 = AXIS2_PLACEMENT_3D('',#1338,#1339,#1340);
#1338 = CARTESIAN_POINT('',(-0.755,-0.4,4.5E-02));
#1339 = DIRECTION('',(0.,1.,0.));
#1340 = DIRECTION('',(0.,-0.,1.));
#1341 = ADVANCED_FACE('',(#1342),#1353,.T.);
#1342 = FACE_BOUND('',#1343,.T.);
#1343 = EDGE_LOOP('',(#1344,#1345,#1346,#1347));
#1344 = ORIENTED_EDGE('',*,*,#1206,.F.);
#1345 = ORIENTED_EDGE('',*,*,#1171,.F.);
#1346 = ORIENTED_EDGE('',*,*,#1089,.T.);
#1347 = ORIENTED_EDGE('',*,*,#1348,.T.);
#1348 = EDGE_CURVE('',#1090,#1207,#1349,.T.);
#1349 = LINE('',#1350,#1351);
#1350 = CARTESIAN_POINT('',(-0.545,-0.4,0.45));
#1351 = VECTOR('',#1352,1.);
#1352 = DIRECTION('',(0.,1.,0.));
#1353 = PLANE('',#1354);
#1354 = AXIS2_PLACEMENT_3D('',#1355,#1356,#1357);
#1355 = CARTESIAN_POINT('',(-0.8,-0.4,0.45));
#1356 = DIRECTION('',(0.,0.,1.));
#1357 = DIRECTION('',(1.,0.,-0.));
#1358 = ADVANCED_FACE('',(#1359),#1370,.T.);
#1359 = FACE_BOUND('',#1360,.T.);
#1360 = EDGE_LOOP('',(#1361,#1367,#1368,#1369));
#1361 = ORIENTED_EDGE('',*,*,#1362,.T.);
#1362 = EDGE_CURVE('',#1098,#1215,#1363,.T.);
#1363 = LINE('',#1364,#1365);
#1364 = CARTESIAN_POINT('',(-0.5,-0.4,0.405));
#1365 = VECTOR('',#1366,1.);
#1366 = DIRECTION('',(0.,1.,0.));
#1367 = ORIENTED_EDGE('',*,*,#1214,.T.);
#1368 = ORIENTED_EDGE('',*,*,#1348,.F.);
#1369 = ORIENTED_EDGE('',*,*,#1097,.F.);
#1370 = CYLINDRICAL_SURFACE('',#1371,4.5E-02);
#1371 = AXIS2_PLACEMENT_3D('',#1372,#1373,#1374);
#1372 = CARTESIAN_POINT('',(-0.545,-0.4,0.405));
#1373 = DIRECTION('',(0.,1.,0.));
#1374 = DIRECTION('',(1.,0.,0.));
#1375 = ADVANCED_FACE('',(#1376),#1419,.T.);
#1376 = FACE_BOUND('',#1377,.T.);
#1377 = EDGE_LOOP('',(#1378,#1379,#1380,#1381,#1389,#1397,#1405,#1413));
#1378 = ORIENTED_EDGE('',*,*,#1239,.F.);
#1379 = ORIENTED_EDGE('',*,*,#1231,.T.);
#1380 = ORIENTED_EDGE('',*,*,#1223,.T.);
#1381 = ORIENTED_EDGE('',*,*,#1382,.T.);
#1382 = EDGE_CURVE('',#1215,#1383,#1385,.T.);
#1383 = VERTEX_POINT('',#1384);
#1384 = CARTESIAN_POINT('',(0.5,0.4,0.405));
#1385 = LINE('',#1386,#1387);
#1386 = CARTESIAN_POINT('',(-0.5,0.4,0.405));
#1387 = VECTOR('',#1388,1.);
#1388 = DIRECTION('',(1.,0.,0.));
#1389 = ORIENTED_EDGE('',*,*,#1390,.T.);
#1390 = EDGE_CURVE('',#1383,#1391,#1393,.T.);
#1391 = VERTEX_POINT('',#1392);
#1392 = CARTESIAN_POINT('',(0.755,0.4,0.405));
#1393 = LINE('',#1394,#1395);
#1394 = CARTESIAN_POINT('',(-0.755,0.4,0.405));
#1395 = VECTOR('',#1396,1.);
#1396 = DIRECTION('',(1.,0.,0.));
#1397 = ORIENTED_EDGE('',*,*,#1398,.F.);
#1398 = EDGE_CURVE('',#1399,#1391,#1401,.T.);
#1399 = VERTEX_POINT('',#1400);
#1400 = CARTESIAN_POINT('',(0.755,0.4,4.5E-02));
#1401 = LINE('',#1402,#1403);
#1402 = CARTESIAN_POINT('',(0.755,0.4,4.5E-02));
#1403 = VECTOR('',#1404,1.);
#1404 = DIRECTION('',(0.,0.,1.));
#1405 = ORIENTED_EDGE('',*,*,#1406,.F.);
#1406 = EDGE_CURVE('',#1407,#1399,#1409,.T.);
#1407 = VERTEX_POINT('',#1408);
#1408 = CARTESIAN_POINT('',(0.5,0.4,4.5E-02));
#1409 = LINE('',#1410,#1411);
#1410 = CARTESIAN_POINT('',(-0.755,0.4,4.5E-02));
#1411 = VECTOR('',#1412,1.);
#1412 = DIRECTION('',(1.,0.,0.));
#1413 = ORIENTED_EDGE('',*,*,#1414,.F.);
#1414 = EDGE_CURVE('',#1240,#1407,#1415,.T.);
#1415 = LINE('',#1416,#1417);
#1416 = CARTESIAN_POINT('',(-0.755,0.4,4.5E-02));
#1417 = VECTOR('',#1418,1.);
#1418 = DIRECTION('',(1.,0.,0.));
#1419 = PLANE('',#1420);
#1420 = AXIS2_PLACEMENT_3D('',#1421,#1422,#1423);
#1421 = CARTESIAN_POINT('',(-0.755,0.4,4.5E-02));
#1422 = DIRECTION('',(0.,1.,0.));
#1423 = DIRECTION('',(0.,-0.,1.));
#1424 = ADVANCED_FACE('',(#1425),#1436,.F.);
#1425 = FACE_BOUND('',#1426,.F.);
#1426 = EDGE_LOOP('',(#1427,#1428,#1429,#1435));
#1427 = ORIENTED_EDGE('',*,*,#1282,.F.);
#1428 = ORIENTED_EDGE('',*,*,#1331,.T.);
#1429 = ORIENTED_EDGE('',*,*,#1430,.T.);
#1430 = EDGE_CURVE('',#1324,#1407,#1431,.T.);
#1431 = LINE('',#1432,#1433);
#1432 = CARTESIAN_POINT('',(0.5,-0.4,4.5E-02));
#1433 = VECTOR('',#1434,1.);
#1434 = DIRECTION('',(0.,1.,0.));
#1435 = ORIENTED_EDGE('',*,*,#1414,.F.);
#1436 = PLANE('',#1437);
#1437 = AXIS2_PLACEMENT_3D('',#1438,#1439,#1440);
#1438 = CARTESIAN_POINT('',(-0.755,-0.4,4.5E-02));
#1439 = DIRECTION('',(0.,0.,1.));
#1440 = DIRECTION('',(1.,0.,-0.));
#1441 = ADVANCED_FACE('',(#1442),#1505,.F.);
#1442 = FACE_BOUND('',#1443,.F.);
#1443 = EDGE_LOOP('',(#1444,#1454,#1461,#1462,#1463,#1464,#1473,#1481,
    #1490,#1498));
#1444 = ORIENTED_EDGE('',*,*,#1445,.F.);
#1445 = EDGE_CURVE('',#1446,#1448,#1450,.T.);
#1446 = VERTEX_POINT('',#1447);
#1447 = CARTESIAN_POINT('',(0.545,-0.4,-2.775557561563E-17));
#1448 = VERTEX_POINT('',#1449);
#1449 = CARTESIAN_POINT('',(0.755,-0.4,-2.775557561563E-17));
#1450 = LINE('',#1451,#1452);
#1451 = CARTESIAN_POINT('',(0.5,-0.4,0.));
#1452 = VECTOR('',#1453,1.);
#1453 = DIRECTION('',(1.,0.,0.));
#1454 = ORIENTED_EDGE('',*,*,#1455,.F.);
#1455 = EDGE_CURVE('',#1324,#1446,#1456,.T.);
#1456 = CIRCLE('',#1457,4.5E-02);
#1457 = AXIS2_PLACEMENT_3D('',#1458,#1459,#1460);
#1458 = CARTESIAN_POINT('',(0.545,-0.4,4.5E-02));
#1459 = DIRECTION('',(0.,-1.,0.));
#1460 = DIRECTION('',(0.,0.,1.));
#1461 = ORIENTED_EDGE('',*,*,#1323,.T.);
#1462 = ORIENTED_EDGE('',*,*,#1315,.T.);
#1463 = ORIENTED_EDGE('',*,*,#1307,.F.);
#1464 = ORIENTED_EDGE('',*,*,#1465,.T.);
#1465 = EDGE_CURVE('',#1300,#1466,#1468,.T.);
#1466 = VERTEX_POINT('',#1467);
#1467 = CARTESIAN_POINT('',(0.545,-0.4,0.45));
#1468 = CIRCLE('',#1469,4.5E-02);
#1469 = AXIS2_PLACEMENT_3D('',#1470,#1471,#1472);
#1470 = CARTESIAN_POINT('',(0.545,-0.4,0.405));
#1471 = DIRECTION('',(0.,1.,0.));
#1472 = DIRECTION('',(0.,-0.,1.));
#1473 = ORIENTED_EDGE('',*,*,#1474,.T.);
#1474 = EDGE_CURVE('',#1466,#1475,#1477,.T.);
#1475 = VERTEX_POINT('',#1476);
#1476 = CARTESIAN_POINT('',(0.755,-0.4,0.45));
#1477 = LINE('',#1478,#1479);
#1478 = CARTESIAN_POINT('',(0.5,-0.4,0.45));
#1479 = VECTOR('',#1480,1.);
#1480 = DIRECTION('',(1.,0.,0.));
#1481 = ORIENTED_EDGE('',*,*,#1482,.F.);
#1482 = EDGE_CURVE('',#1483,#1475,#1485,.T.);
#1483 = VERTEX_POINT('',#1484);
#1484 = CARTESIAN_POINT('',(0.8,-0.4,0.405));
#1485 = CIRCLE('',#1486,4.5E-02);
#1486 = AXIS2_PLACEMENT_3D('',#1487,#1488,#1489);
#1487 = CARTESIAN_POINT('',(0.755,-0.4,0.405));
#1488 = DIRECTION('',(0.,-1.,0.));
#1489 = DIRECTION('',(0.,0.,1.));
#1490 = ORIENTED_EDGE('',*,*,#1491,.F.);
#1491 = EDGE_CURVE('',#1492,#1483,#1494,.T.);
#1492 = VERTEX_POINT('',#1493);
#1493 = CARTESIAN_POINT('',(0.8,-0.4,4.5E-02));
#1494 = LINE('',#1495,#1496);
#1495 = CARTESIAN_POINT('',(0.8,-0.4,0.));
#1496 = VECTOR('',#1497,1.);
#1497 = DIRECTION('',(0.,0.,1.));
#1498 = ORIENTED_EDGE('',*,*,#1499,.T.);
#1499 = EDGE_CURVE('',#1492,#1448,#1500,.T.);
#1500 = CIRCLE('',#1501,4.5E-02);
#1501 = AXIS2_PLACEMENT_3D('',#1502,#1503,#1504);
#1502 = CARTESIAN_POINT('',(0.755,-0.4,4.5E-02));
#1503 = DIRECTION('',(0.,1.,0.));
#1504 = DIRECTION('',(0.,-0.,1.));
#1505 = PLANE('',#1506);
#1506 = AXIS2_PLACEMENT_3D('',#1507,#1508,#1509);
#1507 = CARTESIAN_POINT('',(0.5,-0.4,0.));
#1508 = DIRECTION('',(0.,1.,0.));
#1509 = DIRECTION('',(0.,-0.,1.));
#1510 = ADVANCED_FACE('',(#1511),#1536,.F.);
#1511 = FACE_BOUND('',#1512,.F.);
#1512 = EDGE_LOOP('',(#1513,#1514,#1522,#1530));
#1513 = ORIENTED_EDGE('',*,*,#1299,.F.);
#1514 = ORIENTED_EDGE('',*,*,#1515,.T.);
#1515 = EDGE_CURVE('',#1098,#1516,#1518,.T.);
#1516 = VERTEX_POINT('',#1517);
#1517 = CARTESIAN_POINT('',(-0.5,-0.4,0.45));
#1518 = LINE('',#1519,#1520);
#1519 = CARTESIAN_POINT('',(-0.5,-0.4,0.405));
#1520 = VECTOR('',#1521,1.);
#1521 = DIRECTION('',(0.,0.,1.));
#1522 = ORIENTED_EDGE('',*,*,#1523,.T.);
#1523 = EDGE_CURVE('',#1516,#1524,#1526,.T.);
#1524 = VERTEX_POINT('',#1525);
#1525 = CARTESIAN_POINT('',(0.5,-0.4,0.45));
#1526 = LINE('',#1527,#1528);
#1527 = CARTESIAN_POINT('',(-0.5,-0.4,0.45));
#1528 = VECTOR('',#1529,1.);
#1529 = DIRECTION('',(1.,0.,0.));
#1530 = ORIENTED_EDGE('',*,*,#1531,.F.);
#1531 = EDGE_CURVE('',#1300,#1524,#1532,.T.);
#1532 = LINE('',#1533,#1534);
#1533 = CARTESIAN_POINT('',(0.5,-0.4,0.405));
#1534 = VECTOR('',#1535,1.);
#1535 = DIRECTION('',(0.,0.,1.));
#1536 = PLANE('',#1537);
#1537 = AXIS2_PLACEMENT_3D('',#1538,#1539,#1540);
#1538 = CARTESIAN_POINT('',(-0.5,-0.4,0.405));
#1539 = DIRECTION('',(0.,1.,0.));
#1540 = DIRECTION('',(0.,-0.,1.));
#1541 = ADVANCED_FACE('',(#1542),#1560,.F.);
#1542 = FACE_BOUND('',#1543,.F.);
#1543 = EDGE_LOOP('',(#1544,#1545,#1546,#1554));
#1544 = ORIENTED_EDGE('',*,*,#1515,.F.);
#1545 = ORIENTED_EDGE('',*,*,#1362,.T.);
#1546 = ORIENTED_EDGE('',*,*,#1547,.T.);
#1547 = EDGE_CURVE('',#1215,#1548,#1550,.T.);
#1548 = VERTEX_POINT('',#1549);
#1549 = CARTESIAN_POINT('',(-0.5,0.4,0.45));
#1550 = LINE('',#1551,#1552);
#1551 = CARTESIAN_POINT('',(-0.5,0.4,0.405));
#1552 = VECTOR('',#1553,1.);
#1553 = DIRECTION('',(0.,0.,1.));
#1554 = ORIENTED_EDGE('',*,*,#1555,.F.);
#1555 = EDGE_CURVE('',#1516,#1548,#1556,.T.);
#1556 = LINE('',#1557,#1558);
#1557 = CARTESIAN_POINT('',(-0.5,-0.4,0.45));
#1558 = VECTOR('',#1559,1.);
#1559 = DIRECTION('',(0.,1.,0.));
#1560 = PLANE('',#1561);
#1561 = AXIS2_PLACEMENT_3D('',#1562,#1563,#1564);
#1562 = CARTESIAN_POINT('',(-0.5,-0.4,0.405));
#1563 = DIRECTION('',(1.,0.,0.));
#1564 = DIRECTION('',(0.,0.,1.));
#1565 = ADVANCED_FACE('',(#1566),#1629,.T.);
#1566 = FACE_BOUND('',#1567,.T.);
#1567 = EDGE_LOOP('',(#1568,#1578,#1585,#1586,#1587,#1588,#1597,#1605,
    #1614,#1622));
#1568 = ORIENTED_EDGE('',*,*,#1569,.F.);
#1569 = EDGE_CURVE('',#1570,#1572,#1574,.T.);
#1570 = VERTEX_POINT('',#1571);
#1571 = CARTESIAN_POINT('',(0.545,0.4,-2.775557561563E-17));
#1572 = VERTEX_POINT('',#1573);
#1573 = CARTESIAN_POINT('',(0.755,0.4,-2.775557561563E-17));
#1574 = LINE('',#1575,#1576);
#1575 = CARTESIAN_POINT('',(0.5,0.4,0.));
#1576 = VECTOR('',#1577,1.);
#1577 = DIRECTION('',(1.,0.,0.));
#1578 = ORIENTED_EDGE('',*,*,#1579,.F.);
#1579 = EDGE_CURVE('',#1407,#1570,#1580,.T.);
#1580 = CIRCLE('',#1581,4.5E-02);
#1581 = AXIS2_PLACEMENT_3D('',#1582,#1583,#1584);
#1582 = CARTESIAN_POINT('',(0.545,0.4,4.5E-02));
#1583 = DIRECTION('',(0.,-1.,0.));
#1584 = DIRECTION('',(0.,0.,1.));
#1585 = ORIENTED_EDGE('',*,*,#1406,.T.);
#1586 = ORIENTED_EDGE('',*,*,#1398,.T.);
#1587 = ORIENTED_EDGE('',*,*,#1390,.F.);
#1588 = ORIENTED_EDGE('',*,*,#1589,.T.);
#1589 = EDGE_CURVE('',#1383,#1590,#1592,.T.);
#1590 = VERTEX_POINT('',#1591);
#1591 = CARTESIAN_POINT('',(0.545,0.4,0.45));
#1592 = CIRCLE('',#1593,4.5E-02);
#1593 = AXIS2_PLACEMENT_3D('',#1594,#1595,#1596);
#1594 = CARTESIAN_POINT('',(0.545,0.4,0.405));
#1595 = DIRECTION('',(0.,1.,0.));
#1596 = DIRECTION('',(0.,-0.,1.));
#1597 = ORIENTED_EDGE('',*,*,#1598,.T.);
#1598 = EDGE_CURVE('',#1590,#1599,#1601,.T.);
#1599 = VERTEX_POINT('',#1600);
#1600 = CARTESIAN_POINT('',(0.755,0.4,0.45));
#1601 = LINE('',#1602,#1603);
#1602 = CARTESIAN_POINT('',(0.5,0.4,0.45));
#1603 = VECTOR('',#1604,1.);
#1604 = DIRECTION('',(1.,0.,0.));
#1605 = ORIENTED_EDGE('',*,*,#1606,.F.);
#1606 = EDGE_CURVE('',#1607,#1599,#1609,.T.);
#1607 = VERTEX_POINT('',#1608);
#1608 = CARTESIAN_POINT('',(0.8,0.4,0.405));
#1609 = CIRCLE('',#1610,4.5E-02);
#1610 = AXIS2_PLACEMENT_3D('',#1611,#1612,#1613);
#1611 = CARTESIAN_POINT('',(0.755,0.4,0.405));
#1612 = DIRECTION('',(0.,-1.,0.));
#1613 = DIRECTION('',(0.,0.,1.));
#1614 = ORIENTED_EDGE('',*,*,#1615,.F.);
#1615 = EDGE_CURVE('',#1616,#1607,#1618,.T.);
#1616 = VERTEX_POINT('',#1617);
#1617 = CARTESIAN_POINT('',(0.8,0.4,4.5E-02));
#1618 = LINE('',#1619,#1620);
#1619 = CARTESIAN_POINT('',(0.8,0.4,0.));
#1620 = VECTOR('',#1621,1.);
#1621 = DIRECTION('',(0.,0.,1.));
#1622 = ORIENTED_EDGE('',*,*,#1623,.T.);
#1623 = EDGE_CURVE('',#1616,#1572,#1624,.T.);
#1624 = CIRCLE('',#1625,4.5E-02);
#1625 = AXIS2_PLACEMENT_3D('',#1626,#1627,#1628);
#1626 = CARTESIAN_POINT('',(0.755,0.4,4.5E-02));
#1627 = DIRECTION('',(0.,1.,0.));
#1628 = DIRECTION('',(0.,-0.,1.));
#1629 = PLANE('',#1630);
#1630 = AXIS2_PLACEMENT_3D('',#1631,#1632,#1633);
#1631 = CARTESIAN_POINT('',(0.5,0.4,0.));
#1632 = DIRECTION('',(0.,1.,0.));
#1633 = DIRECTION('',(0.,-0.,1.));
#1634 = ADVANCED_FACE('',(#1635),#1653,.T.);
#1635 = FACE_BOUND('',#1636,.T.);
#1636 = EDGE_LOOP('',(#1637,#1638,#1639,#1647));
#1637 = ORIENTED_EDGE('',*,*,#1382,.F.);
#1638 = ORIENTED_EDGE('',*,*,#1547,.T.);
#1639 = ORIENTED_EDGE('',*,*,#1640,.T.);
#1640 = EDGE_CURVE('',#1548,#1641,#1643,.T.);
#1641 = VERTEX_POINT('',#1642);
#1642 = CARTESIAN_POINT('',(0.5,0.4,0.45));
#1643 = LINE('',#1644,#1645);
#1644 = CARTESIAN_POINT('',(-0.5,0.4,0.45));
#1645 = VECTOR('',#1646,1.);
#1646 = DIRECTION('',(1.,0.,0.));
#1647 = ORIENTED_EDGE('',*,*,#1648,.F.);
#1648 = EDGE_CURVE('',#1383,#1641,#1649,.T.);
#1649 = LINE('',#1650,#1651);
#1650 = CARTESIAN_POINT('',(0.5,0.4,0.405));
#1651 = VECTOR('',#1652,1.);
#1652 = DIRECTION('',(0.,0.,1.));
#1653 = PLANE('',#1654);
#1654 = AXIS2_PLACEMENT_3D('',#1655,#1656,#1657);
#1655 = CARTESIAN_POINT('',(-0.5,0.4,0.405));
#1656 = DIRECTION('',(0.,1.,0.));
#1657 = DIRECTION('',(0.,-0.,1.));
#1658 = ADVANCED_FACE('',(#1659),#1670,.T.);
#1659 = FACE_BOUND('',#1660,.T.);
#1660 = EDGE_LOOP('',(#1661,#1662,#1663,#1669));
#1661 = ORIENTED_EDGE('',*,*,#1430,.T.);
#1662 = ORIENTED_EDGE('',*,*,#1579,.T.);
#1663 = ORIENTED_EDGE('',*,*,#1664,.F.);
#1664 = EDGE_CURVE('',#1446,#1570,#1665,.T.);
#1665 = LINE('',#1666,#1667);
#1666 = CARTESIAN_POINT('',(0.545,-0.4,-2.775557561563E-17));
#1667 = VECTOR('',#1668,1.);
#1668 = DIRECTION('',(0.,1.,0.));
#1669 = ORIENTED_EDGE('',*,*,#1455,.F.);
#1670 = CYLINDRICAL_SURFACE('',#1671,4.5E-02);
#1671 = AXIS2_PLACEMENT_3D('',#1672,#1673,#1674);
#1672 = CARTESIAN_POINT('',(0.545,-0.4,4.5E-02));
#1673 = DIRECTION('',(0.,1.,0.));
#1674 = DIRECTION('',(-1.,0.,0.));
#1675 = ADVANCED_FACE('',(#1676),#1687,.F.);
#1676 = FACE_BOUND('',#1677,.F.);
#1677 = EDGE_LOOP('',(#1678,#1679,#1680,#1681));
#1678 = ORIENTED_EDGE('',*,*,#1569,.F.);
#1679 = ORIENTED_EDGE('',*,*,#1664,.F.);
#1680 = ORIENTED_EDGE('',*,*,#1445,.T.);
#1681 = ORIENTED_EDGE('',*,*,#1682,.T.);
#1682 = EDGE_CURVE('',#1448,#1572,#1683,.T.);
#1683 = LINE('',#1684,#1685);
#1684 = CARTESIAN_POINT('',(0.755,-0.4,-2.775557561563E-17));
#1685 = VECTOR('',#1686,1.);
#1686 = DIRECTION('',(0.,1.,0.));
#1687 = PLANE('',#1688);
#1688 = AXIS2_PLACEMENT_3D('',#1689,#1690,#1691);
#1689 = CARTESIAN_POINT('',(0.5,-0.4,0.));
#1690 = DIRECTION('',(0.,0.,1.));
#1691 = DIRECTION('',(1.,0.,-0.));
#1692 = ADVANCED_FACE('',(#1693),#1704,.T.);
#1693 = FACE_BOUND('',#1694,.T.);
#1694 = EDGE_LOOP('',(#1695,#1696,#1697,#1698));
#1695 = ORIENTED_EDGE('',*,*,#1499,.T.);
#1696 = ORIENTED_EDGE('',*,*,#1682,.T.);
#1697 = ORIENTED_EDGE('',*,*,#1623,.F.);
#1698 = ORIENTED_EDGE('',*,*,#1699,.F.);
#1699 = EDGE_CURVE('',#1492,#1616,#1700,.T.);
#1700 = LINE('',#1701,#1702);
#1701 = CARTESIAN_POINT('',(0.8,-0.4,4.5E-02));
#1702 = VECTOR('',#1703,1.);
#1703 = DIRECTION('',(0.,1.,0.));
#1704 = CYLINDRICAL_SURFACE('',#1705,4.5E-02);
#1705 = AXIS2_PLACEMENT_3D('',#1706,#1707,#1708);
#1706 = CARTESIAN_POINT('',(0.755,-0.4,4.5E-02));
#1707 = DIRECTION('',(0.,1.,0.));
#1708 = DIRECTION('',(1.,0.,0.));
#1709 = ADVANCED_FACE('',(#1710),#1721,.T.);
#1710 = FACE_BOUND('',#1711,.T.);
#1711 = EDGE_LOOP('',(#1712,#1713,#1714,#1715));
#1712 = ORIENTED_EDGE('',*,*,#1491,.F.);
#1713 = ORIENTED_EDGE('',*,*,#1699,.T.);
#1714 = ORIENTED_EDGE('',*,*,#1615,.T.);
#1715 = ORIENTED_EDGE('',*,*,#1716,.F.);
#1716 = EDGE_CURVE('',#1483,#1607,#1717,.T.);
#1717 = LINE('',#1718,#1719);
#1718 = CARTESIAN_POINT('',(0.8,-0.4,0.405));
#1719 = VECTOR('',#1720,1.);
#1720 = DIRECTION('',(0.,1.,0.));
#1721 = PLANE('',#1722);
#1722 = AXIS2_PLACEMENT_3D('',#1723,#1724,#1725);
#1723 = CARTESIAN_POINT('',(0.8,-0.4,0.));
#1724 = DIRECTION('',(1.,0.,0.));
#1725 = DIRECTION('',(0.,0.,1.));
#1726 = ADVANCED_FACE('',(#1727),#1738,.T.);
#1727 = FACE_BOUND('',#1728,.T.);
#1728 = EDGE_LOOP('',(#1729,#1730,#1731,#1737));
#1729 = ORIENTED_EDGE('',*,*,#1716,.T.);
#1730 = ORIENTED_EDGE('',*,*,#1606,.T.);
#1731 = ORIENTED_EDGE('',*,*,#1732,.F.);
#1732 = EDGE_CURVE('',#1475,#1599,#1733,.T.);
#1733 = LINE('',#1734,#1735);
#1734 = CARTESIAN_POINT('',(0.755,-0.4,0.45));
#1735 = VECTOR('',#1736,1.);
#1736 = DIRECTION('',(0.,1.,0.));
#1737 = ORIENTED_EDGE('',*,*,#1482,.F.);
#1738 = CYLINDRICAL_SURFACE('',#1739,4.5E-02);
#1739 = AXIS2_PLACEMENT_3D('',#1740,#1741,#1742);
#1740 = CARTESIAN_POINT('',(0.755,-0.4,0.405));
#1741 = DIRECTION('',(0.,1.,0.));
#1742 = DIRECTION('',(1.,0.,0.));
#1743 = ADVANCED_FACE('',(#1744),#1755,.T.);
#1744 = FACE_BOUND('',#1745,.T.);
#1745 = EDGE_LOOP('',(#1746,#1747,#1753,#1754));
#1746 = ORIENTED_EDGE('',*,*,#1598,.F.);
#1747 = ORIENTED_EDGE('',*,*,#1748,.F.);
#1748 = EDGE_CURVE('',#1466,#1590,#1749,.T.);
#1749 = LINE('',#1750,#1751);
#1750 = CARTESIAN_POINT('',(0.545,-0.4,0.45));
#1751 = VECTOR('',#1752,1.);
#1752 = DIRECTION('',(0.,1.,0.));
#1753 = ORIENTED_EDGE('',*,*,#1474,.T.);
#1754 = ORIENTED_EDGE('',*,*,#1732,.T.);
#1755 = PLANE('',#1756);
#1756 = AXIS2_PLACEMENT_3D('',#1757,#1758,#1759);
#1757 = CARTESIAN_POINT('',(0.5,-0.4,0.45));
#1758 = DIRECTION('',(0.,0.,1.));
#1759 = DIRECTION('',(1.,0.,-0.));
#1760 = ADVANCED_FACE('',(#1761),#1772,.T.);
#1761 = FACE_BOUND('',#1762,.T.);
#1762 = EDGE_LOOP('',(#1763,#1764,#1765,#1766));
#1763 = ORIENTED_EDGE('',*,*,#1465,.T.);
#1764 = ORIENTED_EDGE('',*,*,#1748,.T.);
#1765 = ORIENTED_EDGE('',*,*,#1589,.F.);
#1766 = ORIENTED_EDGE('',*,*,#1767,.F.);
#1767 = EDGE_CURVE('',#1300,#1383,#1768,.T.);
#1768 = LINE('',#1769,#1770);
#1769 = CARTESIAN_POINT('',(0.5,-0.4,0.405));
#1770 = VECTOR('',#1771,1.);
#1771 = DIRECTION('',(0.,1.,0.));
#1772 = CYLINDRICAL_SURFACE('',#1773,4.5E-02);
#1773 = AXIS2_PLACEMENT_3D('',#1774,#1775,#1776);
#1774 = CARTESIAN_POINT('',(0.545,-0.4,0.405));
#1775 = DIRECTION('',(0.,1.,0.));
#1776 = DIRECTION('',(-1.,0.,0.));
#1777 = ADVANCED_FACE('',(#1778),#1789,.T.);
#1778 = FACE_BOUND('',#1779,.T.);
#1779 = EDGE_LOOP('',(#1780,#1781,#1782,#1783));
#1780 = ORIENTED_EDGE('',*,*,#1531,.F.);
#1781 = ORIENTED_EDGE('',*,*,#1767,.T.);
#1782 = ORIENTED_EDGE('',*,*,#1648,.T.);
#1783 = ORIENTED_EDGE('',*,*,#1784,.F.);
#1784 = EDGE_CURVE('',#1524,#1641,#1785,.T.);
#1785 = LINE('',#1786,#1787);
#1786 = CARTESIAN_POINT('',(0.5,-0.4,0.45));
#1787 = VECTOR('',#1788,1.);
#1788 = DIRECTION('',(0.,1.,0.));
#1789 = PLANE('',#1790);
#1790 = AXIS2_PLACEMENT_3D('',#1791,#1792,#1793);
#1791 = CARTESIAN_POINT('',(0.5,-0.4,0.405));
#1792 = DIRECTION('',(1.,0.,0.));
#1793 = DIRECTION('',(0.,0.,1.));
#1794 = ADVANCED_FACE('',(#1795),#1801,.T.);
#1795 = FACE_BOUND('',#1796,.T.);
#1796 = EDGE_LOOP('',(#1797,#1798,#1799,#1800));
#1797 = ORIENTED_EDGE('',*,*,#1555,.F.);
#1798 = ORIENTED_EDGE('',*,*,#1523,.T.);
#1799 = ORIENTED_EDGE('',*,*,#1784,.T.);
#1800 = ORIENTED_EDGE('',*,*,#1640,.F.);
#1801 = PLANE('',#1802);
#1802 = AXIS2_PLACEMENT_3D('',#1803,#1804,#1805);
#1803 = CARTESIAN_POINT('',(-0.5,-0.4,0.45));
#1804 = DIRECTION('',(0.,0.,1.));
#1805 = DIRECTION('',(1.,0.,-0.));
#1806 = ( GEOMETRIC_REPRESENTATION_CONTEXT(3) 
GLOBAL_UNCERTAINTY_ASSIGNED_CONTEXT((#1810)) 
GLOBAL_UNIT_ASSIGNED_CONTEXT((#1807,#1808,#1809)) REPRESENTATION_CONTEXT
('Context #1','3D Context with UNIT and UNCERTAINTY') );
#1807 = ( LENGTH_UNIT() NAMED_UNIT(*) SI_UNIT(.MILLI.,.METRE.) );
#1808 = ( NAMED_UNIT(*) PLANE_ANGLE_UNIT() SI_UNIT($,.RADIAN.) );
#1809 = ( NAMED_UNIT(*) SI_UNIT($,.STERADIAN.) SOLID_ANGLE_UNIT() );
#1810 = UNCERTAINTY_MEASURE_WITH_UNIT(LENGTH_MEASURE(1.E-07),#1807,
  'distance_accuracy_value','confusion accuracy');
#1811 = CONTEXT_DEPENDENT_SHAPE_REPRESENTATION(#1812,#1814);
#1812 = ( REPRESENTATION_RELATIONSHIP('','',#1015,#992) 
REPRESENTATION_RELATIONSHIP_WITH_TRANSFORMATION(#1813) 
SHAPE_REPRESENTATION_RELATIONSHIP() );
#1813 = ITEM_DEFINED_TRANSFORMATION('','',#11,#993);
#1814 = PRODUCT_DEFINITION_SHAPE('Placement','Placement of an item',
  #1815);
#1815 = NEXT_ASSEMBLY_USAGE_OCCURRENCE('3','=>[0:1:1:5]','',#987,#1010,$
  );
#1816 = PRODUCT_RELATED_PRODUCT_CATEGORY('part',$,(#1012));
#1817 = CONTEXT_DEPENDENT_SHAPE_REPRESENTATION(#1818,#1820);
#1818 = ( REPRESENTATION_RELATIONSHIP('','',#96,#10) 
REPRESENTATION_RELATIONSHIP_WITH_TRANSFORMATION(#1819) 
SHAPE_REPRESENTATION_RELATIONSHIP() );
#1819 = ITEM_DEFINED_TRANSFORMATION('','',#11,#23);
#1820 = PRODUCT_DEFINITION_SHAPE('Placement','Placement of an item',
  #1821);
#1821 = NEXT_ASSEMBLY_USAGE_OCCURRENCE('5','L3','',#5,#91,$);
#1822 = SHAPE_DEFINITION_REPRESENTATION(#1823,#1829);
#1823 = PRODUCT_DEFINITION_SHAPE('','',#1824);
#1824 = PRODUCT_DEFINITION('design','',#1825,#1828);
#1825 = PRODUCT_DEFINITION_FORMATION('','',#1826);
#1826 = PRODUCT('5037630491','5037630491','',(#1827));
#1827 = PRODUCT_CONTEXT('',#2,'mechanical');
#1828 = PRODUCT_DEFINITION_CONTEXT('part definition',#2,'design');
#1829 = SHAPE_REPRESENTATION('',(#11,#1830),#1834);
#1830 = AXIS2_PLACEMENT_3D('',#1831,#1832,#1833);
#1831 = CARTESIAN_POINT('',(0.,0.,0.));
#1832 = DIRECTION('',(0.,0.,1.));
#1833 = DIRECTION('',(1.,0.,-0.));
#1834 = ( GEOMETRIC_REPRESENTATION_CONTEXT(3) 
GLOBAL_UNCERTAINTY_ASSIGNED_CONTEXT((#1838)) 
GLOBAL_UNIT_ASSIGNED_CONTEXT((#1835,#1836,#1837)) REPRESENTATION_CONTEXT
('Context #1','3D Context with UNIT and UNCERTAINTY') );
#1835 = ( LENGTH_UNIT() NAMED_UNIT(*) SI_UNIT(.MILLI.,.METRE.) );
#1836 = ( NAMED_UNIT(*) PLANE_ANGLE_UNIT() SI_UNIT($,.RADIAN.) );
#1837 = ( NAMED_UNIT(*) SI_UNIT($,.STERADIAN.) SOLID_ANGLE_UNIT() );
#1838 = UNCERTAINTY_MEASURE_WITH_UNIT(LENGTH_MEASURE(1.E-07),#1835,
  'distance_accuracy_value','confusion accuracy');
#1839 = CONTEXT_DEPENDENT_SHAPE_REPRESENTATION(#1840,#1842);
#1840 = ( REPRESENTATION_RELATIONSHIP('','',#1829,#10) 
REPRESENTATION_RELATIONSHIP_WITH_TRANSFORMATION(#1841) 
SHAPE_REPRESENTATION_RELATIONSHIP() );
#1841 = ITEM_DEFINED_TRANSFORMATION('','',#11,#27);
#1842 = PRODUCT_DEFINITION_SHAPE('Placement','Placement of an item',
  #1843);
#1843 = NEXT_ASSEMBLY_USAGE_OCCURRENCE('7','J1','',#5,#1824,$);
#1844 = PRODUCT_RELATED_PRODUCT_CATEGORY('part',$,(#1826));
#1845 = SHAPE_DEFINITION_REPRESENTATION(#1846,#1852);
#1846 = PRODUCT_DEFINITION_SHAPE('','',#1847);
#1847 = PRODUCT_DEFINITION('design','',#1848,#1851);
#1848 = PRODUCT_DEFINITION_FORMATION('','',#1849);
#1849 = PRODUCT('5037630491wbm000_01','5037630491wbm000_01','',(#1850));
#1850 = PRODUCT_CONTEXT('',#2,'mechanical');
#1851 = PRODUCT_DEFINITION_CONTEXT('part definition',#2,'design');
#1852 = ADVANCED_BREP_SHAPE_REPRESENTATION('',(#11,#1853),#8372);
#1853 = MANIFOLD_SOLID_BREP('',#1854);
#1854 = CLOSED_SHELL('',(#1855,#2031,#2071,#2175,#2238,#2260,#2300,#2331
    ,#2395,#2451,#2507,#2538,#2586,#2608,#2664,#2720,#2774,#2828,#2868,
    #3082,#3214,#3318,#3358,#3380,#3402,#3481,#3514,#3611,#3635,#3801,
    #3818,#3835,#3852,#3869,#3881,#3898,#3915,#3939,#3956,#3973,#3991,
    #4012,#4030,#4047,#4064,#4083,#4105,#4122,#4139,#4151,#4190,#4229,
    #4251,#4263,#4280,#4320,#4344,#4368,#4385,#4399,#4430,#4471,#4512,
    #4529,#4546,#4563,#4575,#4599,#4616,#4628,#4652,#4669,#4681,#4714,
    #4745,#4762,#4788,#4800,#4812,#4845,#4867,#4879,#4910,#5040,#5170,
    #5203,#5266,#5299,#5339,#5370,#5401,#5457,#5481,#5505,#5559,#5583,
    #5616,#5638,#5658,#5683,#5707,#5731,#5755,#5773,#5794,#5815,#5827,
    #5844,#5860,#5886,#5903,#5924,#5936,#5948,#5979,#6010,#6133,#6256,
    #6307,#6324,#6357,#6390,#6462,#6486,#6510,#6550,#6581,#6612,#6636,
    #6681,#6714,#6736,#6756,#6781,#6805,#6829,#6853,#6871,#6892,#6909,
    #6925,#6941,#6963,#6984,#7001,#7017,#7048,#7072,#7089,#7100,#7139,
    #7178,#7200,#7212,#7229,#7269,#7293,#7317,#7334,#7348,#7379,#7420,
    #7461,#7478,#7495,#7512,#7524,#7563,#7602,#7624,#7636,#7653,#7693,
    #7717,#7741,#7758,#7772,#7803,#7844,#7885,#7902,#7919,#7936,#7948,
    #7987,#8026,#8048,#8060,#8077,#8117,#8141,#8165,#8182,#8196,#8227,
    #8268,#8309,#8326,#8343,#8360));
#1855 = ADVANCED_FACE('',(#1856,#1890,#1924,#1958,#1992),#2026,.F.);
#1856 = FACE_BOUND('',#1857,.T.);
#1857 = EDGE_LOOP('',(#1858,#1868,#1876,#1884));
#1858 = ORIENTED_EDGE('',*,*,#1859,.F.);
#1859 = EDGE_CURVE('',#1860,#1862,#1864,.T.);
#1860 = VERTEX_POINT('',#1861);
#1861 = CARTESIAN_POINT('',(-2.12,3.35,0.16));
#1862 = VERTEX_POINT('',#1863);
#1863 = CARTESIAN_POINT('',(-1.88,3.35,0.16));
#1864 = LINE('',#1865,#1866);
#1865 = CARTESIAN_POINT('',(-2.12,3.35,0.16));
#1866 = VECTOR('',#1867,1.);
#1867 = DIRECTION('',(1.,0.,0.));
#1868 = ORIENTED_EDGE('',*,*,#1869,.T.);
#1869 = EDGE_CURVE('',#1860,#1870,#1872,.T.);
#1870 = VERTEX_POINT('',#1871);
#1871 = CARTESIAN_POINT('',(-2.12,5.06,0.16));
#1872 = LINE('',#1873,#1874);
#1873 = CARTESIAN_POINT('',(-2.12,3.35,0.16));
#1874 = VECTOR('',#1875,1.);
#1875 = DIRECTION('',(0.,1.,0.));
#1876 = ORIENTED_EDGE('',*,*,#1877,.T.);
#1877 = EDGE_CURVE('',#1870,#1878,#1880,.T.);
#1878 = VERTEX_POINT('',#1879);
#1879 = CARTESIAN_POINT('',(-1.88,5.06,0.16));
#1880 = LINE('',#1881,#1882);
#1881 = CARTESIAN_POINT('',(-2.12,5.06,0.16));
#1882 = VECTOR('',#1883,1.);
#1883 = DIRECTION('',(1.,0.,0.));
#1884 = ORIENTED_EDGE('',*,*,#1885,.F.);
#1885 = EDGE_CURVE('',#1862,#1878,#1886,.T.);
#1886 = LINE('',#1887,#1888);
#1887 = CARTESIAN_POINT('',(-1.88,3.35,0.16));
#1888 = VECTOR('',#1889,1.);
#1889 = DIRECTION('',(0.,1.,0.));
#1890 = FACE_BOUND('',#1891,.T.);
#1891 = EDGE_LOOP('',(#1892,#1902,#1910,#1918));
#1892 = ORIENTED_EDGE('',*,*,#1893,.F.);
#1893 = EDGE_CURVE('',#1894,#1896,#1898,.T.);
#1894 = VERTEX_POINT('',#1895);
#1895 = CARTESIAN_POINT('',(-0.12,3.35,0.16));
#1896 = VERTEX_POINT('',#1897);
#1897 = CARTESIAN_POINT('',(0.12,3.35,0.16));
#1898 = LINE('',#1899,#1900);
#1899 = CARTESIAN_POINT('',(-0.12,3.35,0.16));
#1900 = VECTOR('',#1901,1.);
#1901 = DIRECTION('',(1.,0.,0.));
#1902 = ORIENTED_EDGE('',*,*,#1903,.T.);
#1903 = EDGE_CURVE('',#1894,#1904,#1906,.T.);
#1904 = VERTEX_POINT('',#1905);
#1905 = CARTESIAN_POINT('',(-0.12,5.06,0.16));
#1906 = LINE('',#1907,#1908);
#1907 = CARTESIAN_POINT('',(-0.12,3.35,0.16));
#1908 = VECTOR('',#1909,1.);
#1909 = DIRECTION('',(0.,1.,0.));
#1910 = ORIENTED_EDGE('',*,*,#1911,.T.);
#1911 = EDGE_CURVE('',#1904,#1912,#1914,.T.);
#1912 = VERTEX_POINT('',#1913);
#1913 = CARTESIAN_POINT('',(0.12,5.06,0.16));
#1914 = LINE('',#1915,#1916);
#1915 = CARTESIAN_POINT('',(-0.12,5.06,0.16));
#1916 = VECTOR('',#1917,1.);
#1917 = DIRECTION('',(1.,0.,0.));
#1918 = ORIENTED_EDGE('',*,*,#1919,.F.);
#1919 = EDGE_CURVE('',#1896,#1912,#1920,.T.);
#1920 = LINE('',#1921,#1922);
#1921 = CARTESIAN_POINT('',(0.12,3.35,0.16));
#1922 = VECTOR('',#1923,1.);
#1923 = DIRECTION('',(0.,1.,0.));
#1924 = FACE_BOUND('',#1925,.T.);
#1925 = EDGE_LOOP('',(#1926,#1936,#1944,#1952));
#1926 = ORIENTED_EDGE('',*,*,#1927,.F.);
#1927 = EDGE_CURVE('',#1928,#1930,#1932,.T.);
#1928 = VERTEX_POINT('',#1929);
#1929 = CARTESIAN_POINT('',(0.7,3.1,0.16));
#1930 = VERTEX_POINT('',#1931);
#1931 = CARTESIAN_POINT('',(-3.7,3.1,0.16));
#1932 = LINE('',#1933,#1934);
#1933 = CARTESIAN_POINT('',(-4.18,3.1,0.16));
#1934 = VECTOR('',#1935,1.);
#1935 = DIRECTION('',(-1.,4.854636593219E-16,-1.848071884918E-17));
#1936 = ORIENTED_EDGE('',*,*,#1937,.T.);
#1937 = EDGE_CURVE('',#1928,#1938,#1940,.T.);
#1938 = VERTEX_POINT('',#1939);
#1939 = CARTESIAN_POINT('',(0.7,5.15,0.16));
#1940 = LINE('',#1941,#1942);
#1941 = CARTESIAN_POINT('',(0.7,5.15,0.16));
#1942 = VECTOR('',#1943,1.);
#1943 = DIRECTION('',(0.,1.,0.));
#1944 = ORIENTED_EDGE('',*,*,#1945,.T.);
#1945 = EDGE_CURVE('',#1938,#1946,#1948,.T.);
#1946 = VERTEX_POINT('',#1947);
#1947 = CARTESIAN_POINT('',(-3.7,5.15,0.16));
#1948 = LINE('',#1949,#1950);
#1949 = CARTESIAN_POINT('',(-3.7,5.15,0.16));
#1950 = VECTOR('',#1951,1.);
#1951 = DIRECTION('',(-1.,0.,-1.848071884918E-17));
#1952 = ORIENTED_EDGE('',*,*,#1953,.F.);
#1953 = EDGE_CURVE('',#1930,#1946,#1954,.T.);
#1954 = LINE('',#1955,#1956);
#1955 = CARTESIAN_POINT('',(-3.7,5.15,0.16));
#1956 = VECTOR('',#1957,1.);
#1957 = DIRECTION('',(0.,1.,0.));
#1958 = FACE_BOUND('',#1959,.T.);
#1959 = EDGE_LOOP('',(#1960,#1970,#1978,#1986));
#1960 = ORIENTED_EDGE('',*,*,#1961,.F.);
#1961 = EDGE_CURVE('',#1962,#1964,#1966,.T.);
#1962 = VERTEX_POINT('',#1963);
#1963 = CARTESIAN_POINT('',(-1.12,3.35,0.16));
#1964 = VERTEX_POINT('',#1965);
#1965 = CARTESIAN_POINT('',(-0.88,3.35,0.16));
#1966 = LINE('',#1967,#1968);
#1967 = CARTESIAN_POINT('',(-1.12,3.35,0.16));
#1968 = VECTOR('',#1969,1.);
#1969 = DIRECTION('',(1.,0.,0.));
#1970 = ORIENTED_EDGE('',*,*,#1971,.T.);
#1971 = EDGE_CURVE('',#1962,#1972,#1974,.T.);
#1972 = VERTEX_POINT('',#1973);
#1973 = CARTESIAN_POINT('',(-1.12,5.06,0.16));
#1974 = LINE('',#1975,#1976);
#1975 = CARTESIAN_POINT('',(-1.12,3.35,0.16));
#1976 = VECTOR('',#1977,1.);
#1977 = DIRECTION('',(0.,1.,0.));
#1978 = ORIENTED_EDGE('',*,*,#1979,.T.);
#1979 = EDGE_CURVE('',#1972,#1980,#1982,.T.);
#1980 = VERTEX_POINT('',#1981);
#1981 = CARTESIAN_POINT('',(-0.88,5.06,0.16));
#1982 = LINE('',#1983,#1984);
#1983 = CARTESIAN_POINT('',(-1.12,5.06,0.16));
#1984 = VECTOR('',#1985,1.);
#1985 = DIRECTION('',(1.,0.,0.));
#1986 = ORIENTED_EDGE('',*,*,#1987,.F.);
#1987 = EDGE_CURVE('',#1964,#1980,#1988,.T.);
#1988 = LINE('',#1989,#1990);
#1989 = CARTESIAN_POINT('',(-0.88,3.35,0.16));
#1990 = VECTOR('',#1991,1.);
#1991 = DIRECTION('',(0.,1.,0.));
#1992 = FACE_BOUND('',#1993,.T.);
#1993 = EDGE_LOOP('',(#1994,#2004,#2012,#2020));
#1994 = ORIENTED_EDGE('',*,*,#1995,.F.);
#1995 = EDGE_CURVE('',#1996,#1998,#2000,.T.);
#1996 = VERTEX_POINT('',#1997);
#1997 = CARTESIAN_POINT('',(-3.12,3.35,0.16));
#1998 = VERTEX_POINT('',#1999);
#1999 = CARTESIAN_POINT('',(-2.88,3.35,0.16));
#2000 = LINE('',#2001,#2002);
#2001 = CARTESIAN_POINT('',(-3.12,3.35,0.16));
#2002 = VECTOR('',#2003,1.);
#2003 = DIRECTION('',(1.,0.,0.));
#2004 = ORIENTED_EDGE('',*,*,#2005,.T.);
#2005 = EDGE_CURVE('',#1996,#2006,#2008,.T.);
#2006 = VERTEX_POINT('',#2007);
#2007 = CARTESIAN_POINT('',(-3.12,5.06,0.16));
#2008 = LINE('',#2009,#2010);
#2009 = CARTESIAN_POINT('',(-3.12,3.35,0.16));
#2010 = VECTOR('',#2011,1.);
#2011 = DIRECTION('',(0.,1.,0.));
#2012 = ORIENTED_EDGE('',*,*,#2013,.T.);
#2013 = EDGE_CURVE('',#2006,#2014,#2016,.T.);
#2014 = VERTEX_POINT('',#2015);
#2015 = CARTESIAN_POINT('',(-2.88,5.06,0.16));
#2016 = LINE('',#2017,#2018);
#2017 = CARTESIAN_POINT('',(-3.12,5.06,0.16));
#2018 = VECTOR('',#2019,1.);
#2019 = DIRECTION('',(1.,0.,0.));
#2020 = ORIENTED_EDGE('',*,*,#2021,.F.);
#2021 = EDGE_CURVE('',#1998,#2014,#2022,.T.);
#2022 = LINE('',#2023,#2024);
#2023 = CARTESIAN_POINT('',(-2.88,3.35,0.16));
#2024 = VECTOR('',#2025,1.);
#2025 = DIRECTION('',(0.,1.,0.));
#2026 = PLANE('',#2027);
#2027 = AXIS2_PLACEMENT_3D('',#2028,#2029,#2030);
#2028 = CARTESIAN_POINT('',(-3.7,5.15,0.16));
#2029 = DIRECTION('',(1.848071884918E-17,0.,-1.));
#2030 = DIRECTION('',(-1.,0.,-1.848071884918E-17));
#2031 = ADVANCED_FACE('',(#2032),#2066,.T.);
#2032 = FACE_BOUND('',#2033,.T.);
#2033 = EDGE_LOOP('',(#2034,#2044,#2052,#2060));
#2034 = ORIENTED_EDGE('',*,*,#2035,.F.);
#2035 = EDGE_CURVE('',#2036,#2038,#2040,.T.);
#2036 = VERTEX_POINT('',#2037);
#2037 = CARTESIAN_POINT('',(-5.,4.62,0.26));
#2038 = VERTEX_POINT('',#2039);
#2039 = CARTESIAN_POINT('',(-5.01,4.62,0.26));
#2040 = LINE('',#2041,#2042);
#2041 = CARTESIAN_POINT('',(-4.84,4.62,0.26));
#2042 = VECTOR('',#2043,1.);
#2043 = DIRECTION('',(-1.,0.,0.));
#2044 = ORIENTED_EDGE('',*,*,#2045,.T.);
#2045 = EDGE_CURVE('',#2036,#2046,#2048,.T.);
#2046 = VERTEX_POINT('',#2047);
#2047 = CARTESIAN_POINT('',(-5.,5.5,0.26));
#2048 = LINE('',#2049,#2050);
#2049 = CARTESIAN_POINT('',(-5.,4.2,0.26));
#2050 = VECTOR('',#2051,1.);
#2051 = DIRECTION('',(1.360567432139E-15,1.,4.251773225433E-17));
#2052 = ORIENTED_EDGE('',*,*,#2053,.F.);
#2053 = EDGE_CURVE('',#2054,#2046,#2056,.T.);
#2054 = VERTEX_POINT('',#2055);
#2055 = CARTESIAN_POINT('',(-5.01,5.5,0.26));
#2056 = LINE('',#2057,#2058);
#2057 = CARTESIAN_POINT('',(-4.84,5.5,0.26));
#2058 = VECTOR('',#2059,1.);
#2059 = DIRECTION('',(1.,0.,0.));
#2060 = ORIENTED_EDGE('',*,*,#2061,.F.);
#2061 = EDGE_CURVE('',#2038,#2054,#2062,.T.);
#2062 = LINE('',#2063,#2064);
#2063 = CARTESIAN_POINT('',(-5.01,4.62,0.26));
#2064 = VECTOR('',#2065,1.);
#2065 = DIRECTION('',(0.,1.,-5.216444414789E-15));
#2066 = PLANE('',#2067);
#2067 = AXIS2_PLACEMENT_3D('',#2068,#2069,#2070);
#2068 = CARTESIAN_POINT('',(-4.84,4.62,0.26));
#2069 = DIRECTION('',(0.,5.216444414789E-15,1.));
#2070 = DIRECTION('',(0.,-1.,5.216444414789E-15));
#2071 = ADVANCED_FACE('',(#2072),#2170,.F.);
#2072 = FACE_BOUND('',#2073,.T.);
#2073 = EDGE_LOOP('',(#2074,#2084,#2092,#2100,#2108,#2116,#2124,#2132,
    #2140,#2148,#2156,#2164));
#2074 = ORIENTED_EDGE('',*,*,#2075,.F.);
#2075 = EDGE_CURVE('',#2076,#2078,#2080,.T.);
#2076 = VERTEX_POINT('',#2077);
#2077 = CARTESIAN_POINT('',(-4.85,5.5,1.));
#2078 = VERTEX_POINT('',#2079);
#2079 = CARTESIAN_POINT('',(-4.85,4.2,1.));
#2080 = LINE('',#2081,#2082);
#2081 = CARTESIAN_POINT('',(-4.85,5.15,1.));
#2082 = VECTOR('',#2083,1.);
#2083 = DIRECTION('',(0.,-1.,0.));
#2084 = ORIENTED_EDGE('',*,*,#2085,.F.);
#2085 = EDGE_CURVE('',#2086,#2076,#2088,.T.);
#2086 = VERTEX_POINT('',#2087);
#2087 = CARTESIAN_POINT('',(-3.625,5.5,1.));
#2088 = LINE('',#2089,#2090);
#2089 = CARTESIAN_POINT('',(-3.625,5.5,1.));
#2090 = VECTOR('',#2091,1.);
#2091 = DIRECTION('',(-1.,0.,-2.035325377951E-15));
#2092 = ORIENTED_EDGE('',*,*,#2093,.T.);
#2093 = EDGE_CURVE('',#2086,#2094,#2096,.T.);
#2094 = VERTEX_POINT('',#2095);
#2095 = CARTESIAN_POINT('',(-3.525,5.15,1.));
#2096 = LINE('',#2097,#2098);
#2097 = CARTESIAN_POINT('',(-3.557075471698,5.262264150943,1.));
#2098 = VECTOR('',#2099,1.);
#2099 = DIRECTION('',(0.274721127897,-0.961523947641,5.619872522528E-17)
  );
#2100 = ORIENTED_EDGE('',*,*,#2101,.T.);
#2101 = EDGE_CURVE('',#2094,#2102,#2104,.T.);
#2102 = VERTEX_POINT('',#2103);
#2103 = CARTESIAN_POINT('',(-3.95,5.15,1.));
#2104 = LINE('',#2105,#2106);
#2105 = CARTESIAN_POINT('',(-3.625,5.15,1.));
#2106 = VECTOR('',#2107,1.);
#2107 = DIRECTION('',(-1.,0.,-2.035325377951E-15));
#2108 = ORIENTED_EDGE('',*,*,#2109,.F.);
#2109 = EDGE_CURVE('',#2110,#2102,#2112,.T.);
#2110 = VERTEX_POINT('',#2111);
#2111 = CARTESIAN_POINT('',(-3.95,2.05,1.));
#2112 = LINE('',#2113,#2114);
#2113 = CARTESIAN_POINT('',(-3.95,5.15,1.));
#2114 = VECTOR('',#2115,1.);
#2115 = DIRECTION('',(0.,1.,0.));
#2116 = ORIENTED_EDGE('',*,*,#2117,.T.);
#2117 = EDGE_CURVE('',#2110,#2118,#2120,.T.);
#2118 = VERTEX_POINT('',#2119);
#2119 = CARTESIAN_POINT('',(-4.25,2.05,1.));
#2120 = LINE('',#2121,#2122);
#2121 = CARTESIAN_POINT('',(-3.95,2.05,1.));
#2122 = VECTOR('',#2123,1.);
#2123 = DIRECTION('',(-1.,0.,-2.045664476388E-16));
#2124 = ORIENTED_EDGE('',*,*,#2125,.F.);
#2125 = EDGE_CURVE('',#2126,#2118,#2128,.T.);
#2126 = VERTEX_POINT('',#2127);
#2127 = CARTESIAN_POINT('',(-4.25,4.1,1.));
#2128 = LINE('',#2129,#2130);
#2129 = CARTESIAN_POINT('',(-4.25,4.1,1.));
#2130 = VECTOR('',#2131,1.);
#2131 = DIRECTION('',(0.,-1.,0.));
#2132 = ORIENTED_EDGE('',*,*,#2133,.F.);
#2133 = EDGE_CURVE('',#2134,#2126,#2136,.T.);
#2134 = VERTEX_POINT('',#2135);
#2135 = CARTESIAN_POINT('',(-5.01,4.1,1.));
#2136 = LINE('',#2137,#2138);
#2137 = CARTESIAN_POINT('',(-5.01,4.1,1.));
#2138 = VECTOR('',#2139,1.);
#2139 = DIRECTION('',(1.,0.,0.));
#2140 = ORIENTED_EDGE('',*,*,#2141,.T.);
#2141 = EDGE_CURVE('',#2134,#2142,#2144,.T.);
#2142 = VERTEX_POINT('',#2143);
#2143 = CARTESIAN_POINT('',(-5.01,5.5,1.));
#2144 = LINE('',#2145,#2146);
#2145 = CARTESIAN_POINT('',(-5.01,5.15,1.));
#2146 = VECTOR('',#2147,1.);
#2147 = DIRECTION('',(0.,1.,0.));
#2148 = ORIENTED_EDGE('',*,*,#2149,.F.);
#2149 = EDGE_CURVE('',#2150,#2142,#2152,.T.);
#2150 = VERTEX_POINT('',#2151);
#2151 = CARTESIAN_POINT('',(-5.,5.5,1.));
#2152 = LINE('',#2153,#2154);
#2153 = CARTESIAN_POINT('',(-3.625,5.5,1.));
#2154 = VECTOR('',#2155,1.);
#2155 = DIRECTION('',(-1.,0.,-2.035325377951E-15));
#2156 = ORIENTED_EDGE('',*,*,#2157,.F.);
#2157 = EDGE_CURVE('',#2158,#2150,#2160,.T.);
#2158 = VERTEX_POINT('',#2159);
#2159 = CARTESIAN_POINT('',(-5.,4.2,1.));
#2160 = LINE('',#2161,#2162);
#2161 = CARTESIAN_POINT('',(-5.,5.15,1.));
#2162 = VECTOR('',#2163,1.);
#2163 = DIRECTION('',(0.,1.,0.));
#2164 = ORIENTED_EDGE('',*,*,#2165,.F.);
#2165 = EDGE_CURVE('',#2078,#2158,#2166,.T.);
#2166 = LINE('',#2167,#2168);
#2167 = CARTESIAN_POINT('',(-3.95,4.2,1.));
#2168 = VECTOR('',#2169,1.);
#2169 = DIRECTION('',(-1.,0.,-2.045664476388E-16));
#2170 = PLANE('',#2171);
#2171 = AXIS2_PLACEMENT_3D('',#2172,#2173,#2174);
#2172 = CARTESIAN_POINT('',(-3.95,5.15,1.));
#2173 = DIRECTION('',(-2.045664476388E-16,0.,1.));
#2174 = DIRECTION('',(1.,0.,2.045664476388E-16));
#2175 = ADVANCED_FACE('',(#2176),#2233,.T.);
#2176 = FACE_BOUND('',#2177,.T.);
#2177 = EDGE_LOOP('',(#2178,#2179,#2187,#2195,#2203,#2211,#2219,#2227));
#2178 = ORIENTED_EDGE('',*,*,#2085,.T.);
#2179 = ORIENTED_EDGE('',*,*,#2180,.T.);
#2180 = EDGE_CURVE('',#2076,#2181,#2183,.T.);
#2181 = VERTEX_POINT('',#2182);
#2182 = CARTESIAN_POINT('',(-4.85,5.5,0.26));
#2183 = LINE('',#2184,#2185);
#2184 = CARTESIAN_POINT('',(-4.85,5.5,-1.237266008601E-14));
#2185 = VECTOR('',#2186,1.);
#2186 = DIRECTION('',(2.55106393526E-15,0.,-1.));
#2187 = ORIENTED_EDGE('',*,*,#2188,.T.);
#2188 = EDGE_CURVE('',#2181,#2189,#2191,.T.);
#2189 = VERTEX_POINT('',#2190);
#2190 = CARTESIAN_POINT('',(-4.84,5.5,0.26));
#2191 = LINE('',#2192,#2193);
#2192 = CARTESIAN_POINT('',(-4.84,5.5,0.26));
#2193 = VECTOR('',#2194,1.);
#2194 = DIRECTION('',(1.,0.,0.));
#2195 = ORIENTED_EDGE('',*,*,#2196,.T.);
#2196 = EDGE_CURVE('',#2189,#2197,#2199,.T.);
#2197 = VERTEX_POINT('',#2198);
#2198 = CARTESIAN_POINT('',(-4.84,5.5,0.16));
#2199 = LINE('',#2200,#2201);
#2200 = CARTESIAN_POINT('',(-4.84,5.5,0.16));
#2201 = VECTOR('',#2202,1.);
#2202 = DIRECTION('',(0.,0.,-1.));
#2203 = ORIENTED_EDGE('',*,*,#2204,.T.);
#2204 = EDGE_CURVE('',#2197,#2205,#2207,.T.);
#2205 = VERTEX_POINT('',#2206);
#2206 = CARTESIAN_POINT('',(-4.28,5.5,0.16));
#2207 = LINE('',#2208,#2209);
#2208 = CARTESIAN_POINT('',(-4.74,5.5,0.16));
#2209 = VECTOR('',#2210,1.);
#2210 = DIRECTION('',(1.,0.,0.));
#2211 = ORIENTED_EDGE('',*,*,#2212,.T.);
#2212 = EDGE_CURVE('',#2205,#2213,#2215,.T.);
#2213 = VERTEX_POINT('',#2214);
#2214 = CARTESIAN_POINT('',(-4.28,5.5,0.34));
#2215 = LINE('',#2216,#2217);
#2216 = CARTESIAN_POINT('',(-4.28,5.5,0.34));
#2217 = VECTOR('',#2218,1.);
#2218 = DIRECTION('',(0.,0.,1.));
#2219 = ORIENTED_EDGE('',*,*,#2220,.T.);
#2220 = EDGE_CURVE('',#2213,#2221,#2223,.T.);
#2221 = VERTEX_POINT('',#2222);
#2222 = CARTESIAN_POINT('',(-3.625,5.5,0.34));
#2223 = LINE('',#2224,#2225);
#2224 = CARTESIAN_POINT('',(-5.01,5.5,0.34));
#2225 = VECTOR('',#2226,1.);
#2226 = DIRECTION('',(1.,0.,1.722198396728E-15));
#2227 = ORIENTED_EDGE('',*,*,#2228,.F.);
#2228 = EDGE_CURVE('',#2086,#2221,#2229,.T.);
#2229 = LINE('',#2230,#2231);
#2230 = CARTESIAN_POINT('',(-3.625,5.5,0.34));
#2231 = VECTOR('',#2232,1.);
#2232 = DIRECTION('',(0.,0.,-1.));
#2233 = PLANE('',#2234);
#2234 = AXIS2_PLACEMENT_3D('',#2235,#2236,#2237);
#2235 = CARTESIAN_POINT('',(0.,5.5,0.));
#2236 = DIRECTION('',(0.,-1.,0.));
#2237 = DIRECTION('',(0.,0.,-1.));
#2238 = ADVANCED_FACE('',(#2239),#2255,.T.);
#2239 = FACE_BOUND('',#2240,.T.);
#2240 = EDGE_LOOP('',(#2241,#2242,#2248,#2249));
#2241 = ORIENTED_EDGE('',*,*,#2053,.T.);
#2242 = ORIENTED_EDGE('',*,*,#2243,.T.);
#2243 = EDGE_CURVE('',#2046,#2150,#2244,.T.);
#2244 = LINE('',#2245,#2246);
#2245 = CARTESIAN_POINT('',(-5.,5.5,-6.37765983815E-15));
#2246 = VECTOR('',#2247,1.);
#2247 = DIRECTION('',(-1.27553196763E-15,0.,1.));
#2248 = ORIENTED_EDGE('',*,*,#2149,.T.);
#2249 = ORIENTED_EDGE('',*,*,#2250,.T.);
#2250 = EDGE_CURVE('',#2142,#2054,#2251,.T.);
#2251 = LINE('',#2252,#2253);
#2252 = CARTESIAN_POINT('',(-5.01,5.5,1.));
#2253 = VECTOR('',#2254,1.);
#2254 = DIRECTION('',(0.,0.,-1.));
#2255 = PLANE('',#2256);
#2256 = AXIS2_PLACEMENT_3D('',#2257,#2258,#2259);
#2257 = CARTESIAN_POINT('',(0.,5.5,0.));
#2258 = DIRECTION('',(0.,-1.,0.));
#2259 = DIRECTION('',(0.,0.,-1.));
#2260 = ADVANCED_FACE('',(#2261),#2295,.F.);
#2261 = FACE_BOUND('',#2262,.T.);
#2262 = EDGE_LOOP('',(#2263,#2273,#2281,#2289));
#2263 = ORIENTED_EDGE('',*,*,#2264,.F.);
#2264 = EDGE_CURVE('',#2265,#2267,#2269,.T.);
#2265 = VERTEX_POINT('',#2266);
#2266 = CARTESIAN_POINT('',(2.,4.62,0.26));
#2267 = VERTEX_POINT('',#2268);
#2268 = CARTESIAN_POINT('',(2.,5.5,0.26));
#2269 = LINE('',#2270,#2271);
#2270 = CARTESIAN_POINT('',(2.,4.2,0.26));
#2271 = VECTOR('',#2272,1.);
#2272 = DIRECTION('',(1.190496503121E-15,1.,4.251773225433E-17));
#2273 = ORIENTED_EDGE('',*,*,#2274,.T.);
#2274 = EDGE_CURVE('',#2265,#2275,#2277,.T.);
#2275 = VERTEX_POINT('',#2276);
#2276 = CARTESIAN_POINT('',(2.01,4.62,0.26));
#2277 = LINE('',#2278,#2279);
#2278 = CARTESIAN_POINT('',(1.84,4.62,0.26));
#2279 = VECTOR('',#2280,1.);
#2280 = DIRECTION('',(1.,0.,0.));
#2281 = ORIENTED_EDGE('',*,*,#2282,.T.);
#2282 = EDGE_CURVE('',#2275,#2283,#2285,.T.);
#2283 = VERTEX_POINT('',#2284);
#2284 = CARTESIAN_POINT('',(2.01,5.5,0.26));
#2285 = LINE('',#2286,#2287);
#2286 = CARTESIAN_POINT('',(2.01,4.62,0.26));
#2287 = VECTOR('',#2288,1.);
#2288 = DIRECTION('',(0.,1.,-5.216444414789E-15));
#2289 = ORIENTED_EDGE('',*,*,#2290,.T.);
#2290 = EDGE_CURVE('',#2283,#2267,#2291,.T.);
#2291 = LINE('',#2292,#2293);
#2292 = CARTESIAN_POINT('',(1.84,5.5,0.26));
#2293 = VECTOR('',#2294,1.);
#2294 = DIRECTION('',(-1.,0.,0.));
#2295 = PLANE('',#2296);
#2296 = AXIS2_PLACEMENT_3D('',#2297,#2298,#2299);
#2297 = CARTESIAN_POINT('',(1.84,4.62,0.26));
#2298 = DIRECTION('',(0.,-5.216444414789E-15,-1.));
#2299 = DIRECTION('',(0.,1.,-5.216444414789E-15));
#2300 = ADVANCED_FACE('',(#2301),#2326,.T.);
#2301 = FACE_BOUND('',#2302,.T.);
#2302 = EDGE_LOOP('',(#2303,#2311,#2312,#2320));
#2303 = ORIENTED_EDGE('',*,*,#2304,.F.);
#2304 = EDGE_CURVE('',#2267,#2305,#2307,.T.);
#2305 = VERTEX_POINT('',#2306);
#2306 = CARTESIAN_POINT('',(2.,5.5,1.));
#2307 = LINE('',#2308,#2309);
#2308 = CARTESIAN_POINT('',(2.,5.5,-3.82659590289E-15));
#2309 = VECTOR('',#2310,1.);
#2310 = DIRECTION('',(1.913297951445E-15,0.,1.));
#2311 = ORIENTED_EDGE('',*,*,#2290,.F.);
#2312 = ORIENTED_EDGE('',*,*,#2313,.T.);
#2313 = EDGE_CURVE('',#2283,#2314,#2316,.T.);
#2314 = VERTEX_POINT('',#2315);
#2315 = CARTESIAN_POINT('',(2.01,5.5,1.));
#2316 = LINE('',#2317,#2318);
#2317 = CARTESIAN_POINT('',(2.01,5.5,0.34));
#2318 = VECTOR('',#2319,1.);
#2319 = DIRECTION('',(0.,0.,1.));
#2320 = ORIENTED_EDGE('',*,*,#2321,.T.);
#2321 = EDGE_CURVE('',#2314,#2305,#2322,.T.);
#2322 = LINE('',#2323,#2324);
#2323 = CARTESIAN_POINT('',(2.01,5.5,1.));
#2324 = VECTOR('',#2325,1.);
#2325 = DIRECTION('',(-1.,0.,2.035325377951E-15));
#2326 = PLANE('',#2327);
#2327 = AXIS2_PLACEMENT_3D('',#2328,#2329,#2330);
#2328 = CARTESIAN_POINT('',(0.,5.5,0.));
#2329 = DIRECTION('',(0.,-1.,0.));
#2330 = DIRECTION('',(0.,0.,-1.));
#2331 = ADVANCED_FACE('',(#2332),#2390,.F.);
#2332 = FACE_BOUND('',#2333,.T.);
#2333 = EDGE_LOOP('',(#2334,#2344,#2352,#2360,#2368,#2376,#2384));
#2334 = ORIENTED_EDGE('',*,*,#2335,.T.);
#2335 = EDGE_CURVE('',#2336,#2338,#2340,.T.);
#2336 = VERTEX_POINT('',#2337);
#2337 = CARTESIAN_POINT('',(1.28,3.3,0.34));
#2338 = VERTEX_POINT('',#2339);
#2339 = CARTESIAN_POINT('',(1.28,5.5,0.34));
#2340 = LINE('',#2341,#2342);
#2341 = CARTESIAN_POINT('',(1.28,5.15,0.34));
#2342 = VECTOR('',#2343,1.);
#2343 = DIRECTION('',(0.,1.,0.));
#2344 = ORIENTED_EDGE('',*,*,#2345,.F.);
#2345 = EDGE_CURVE('',#2346,#2338,#2348,.T.);
#2346 = VERTEX_POINT('',#2347);
#2347 = CARTESIAN_POINT('',(0.625,5.5,0.34));
#2348 = LINE('',#2349,#2350);
#2349 = CARTESIAN_POINT('',(0.625,5.5,0.34));
#2350 = VECTOR('',#2351,1.);
#2351 = DIRECTION('',(1.,0.,-1.722198396728E-15));
#2352 = ORIENTED_EDGE('',*,*,#2353,.T.);
#2353 = EDGE_CURVE('',#2346,#2354,#2356,.T.);
#2354 = VERTEX_POINT('',#2355);
#2355 = CARTESIAN_POINT('',(0.525,5.15,0.34));
#2356 = LINE('',#2357,#2358);
#2357 = CARTESIAN_POINT('',(0.53820754717,5.196226415094,0.34));
#2358 = VECTOR('',#2359,1.);
#2359 = DIRECTION('',(-0.274721127897,-0.961523947641,
    -3.594780527341E-16));
#2360 = ORIENTED_EDGE('',*,*,#2361,.T.);
#2361 = EDGE_CURVE('',#2354,#2362,#2364,.T.);
#2362 = VERTEX_POINT('',#2363);
#2363 = CARTESIAN_POINT('',(0.7,5.15,0.34));
#2364 = LINE('',#2365,#2366);
#2365 = CARTESIAN_POINT('',(0.625,5.15,0.34));
#2366 = VECTOR('',#2367,1.);
#2367 = DIRECTION('',(1.,0.,-1.722198396728E-15));
#2368 = ORIENTED_EDGE('',*,*,#2369,.F.);
#2369 = EDGE_CURVE('',#2370,#2362,#2372,.T.);
#2370 = VERTEX_POINT('',#2371);
#2371 = CARTESIAN_POINT('',(0.7,3.1,0.34));
#2372 = LINE('',#2373,#2374);
#2373 = CARTESIAN_POINT('',(0.7,5.15,0.34));
#2374 = VECTOR('',#2375,1.);
#2375 = DIRECTION('',(0.,1.,0.));
#2376 = ORIENTED_EDGE('',*,*,#2377,.F.);
#2377 = EDGE_CURVE('',#2378,#2370,#2380,.T.);
#2378 = VERTEX_POINT('',#2379);
#2379 = CARTESIAN_POINT('',(1.18,3.1,0.34));
#2380 = LINE('',#2381,#2382);
#2381 = CARTESIAN_POINT('',(0.7,3.1,0.34));
#2382 = VECTOR('',#2383,1.);
#2383 = DIRECTION('',(-1.,2.710505431214E-15,-1.869314090492E-16));
#2384 = ORIENTED_EDGE('',*,*,#2385,.F.);
#2385 = EDGE_CURVE('',#2336,#2378,#2386,.T.);
#2386 = LINE('',#2387,#2388);
#2387 = CARTESIAN_POINT('',(1.18,3.1,0.34));
#2388 = VECTOR('',#2389,1.);
#2389 = DIRECTION('',(-0.4472135955,-0.894427191,-8.359826755278E-17));
#2390 = PLANE('',#2391);
#2391 = AXIS2_PLACEMENT_3D('',#2392,#2393,#2394);
#2392 = CARTESIAN_POINT('',(0.7,5.15,0.34));
#2393 = DIRECTION('',(1.308519863345E-15,0.,-1.));
#2394 = DIRECTION('',(-1.,0.,-1.308519863345E-15));
#2395 = ADVANCED_FACE('',(#2396),#2446,.F.);
#2396 = FACE_BOUND('',#2397,.T.);
#2397 = EDGE_LOOP('',(#2398,#2408,#2416,#2424,#2432,#2440));
#2398 = ORIENTED_EDGE('',*,*,#2399,.F.);
#2399 = EDGE_CURVE('',#2400,#2402,#2404,.T.);
#2400 = VERTEX_POINT('',#2401);
#2401 = CARTESIAN_POINT('',(1.84,5.5,0.16));
#2402 = VERTEX_POINT('',#2403);
#2403 = CARTESIAN_POINT('',(1.84,4.52,0.16));
#2404 = LINE('',#2405,#2406);
#2405 = CARTESIAN_POINT('',(1.84,5.15,0.16));
#2406 = VECTOR('',#2407,1.);
#2407 = DIRECTION('',(0.,-1.,6.453584360033E-15));
#2408 = ORIENTED_EDGE('',*,*,#2409,.T.);
#2409 = EDGE_CURVE('',#2400,#2410,#2412,.T.);
#2410 = VERTEX_POINT('',#2411);
#2411 = CARTESIAN_POINT('',(1.28,5.5,0.16));
#2412 = LINE('',#2413,#2414);
#2413 = CARTESIAN_POINT('',(1.28,5.5,0.16));
#2414 = VECTOR('',#2415,1.);
#2415 = DIRECTION('',(-1.,0.,0.));
#2416 = ORIENTED_EDGE('',*,*,#2417,.F.);
#2417 = EDGE_CURVE('',#2418,#2410,#2420,.T.);
#2418 = VERTEX_POINT('',#2419);
#2419 = CARTESIAN_POINT('',(1.28,3.3,0.16));
#2420 = LINE('',#2421,#2422);
#2421 = CARTESIAN_POINT('',(1.28,5.15,0.16));
#2422 = VECTOR('',#2423,1.);
#2423 = DIRECTION('',(0.,1.,0.));
#2424 = ORIENTED_EDGE('',*,*,#2425,.F.);
#2425 = EDGE_CURVE('',#2426,#2418,#2428,.T.);
#2426 = VERTEX_POINT('',#2427);
#2427 = CARTESIAN_POINT('',(1.74,3.3,0.16));
#2428 = LINE('',#2429,#2430);
#2429 = CARTESIAN_POINT('',(1.28,3.3,0.16));
#2430 = VECTOR('',#2431,1.);
#2431 = DIRECTION('',(-1.,1.885568995627E-15,-1.848071884918E-17));
#2432 = ORIENTED_EDGE('',*,*,#2433,.F.);
#2433 = EDGE_CURVE('',#2434,#2426,#2436,.T.);
#2434 = VERTEX_POINT('',#2435);
#2435 = CARTESIAN_POINT('',(1.74,4.52,0.16));
#2436 = LINE('',#2437,#2438);
#2437 = CARTESIAN_POINT('',(1.74,3.3,0.16));
#2438 = VECTOR('',#2439,1.);
#2439 = DIRECTION('',(-2.132856732758E-15,-1.,-3.94167256237E-32));
#2440 = ORIENTED_EDGE('',*,*,#2441,.F.);
#2441 = EDGE_CURVE('',#2402,#2434,#2442,.T.);
#2442 = LINE('',#2443,#2444);
#2443 = CARTESIAN_POINT('',(1.74,4.52,0.16));
#2444 = VECTOR('',#2445,1.);
#2445 = DIRECTION('',(-1.,1.314184451498E-15,-1.848071884918E-17));
#2446 = PLANE('',#2447);
#2447 = AXIS2_PLACEMENT_3D('',#2448,#2449,#2450);
#2448 = CARTESIAN_POINT('',(1.28,5.15,0.16));
#2449 = DIRECTION('',(1.113906341595E-15,0.,-1.));
#2450 = DIRECTION('',(-1.,0.,-1.113906341595E-15));
#2451 = ADVANCED_FACE('',(#2452),#2502,.F.);
#2452 = FACE_BOUND('',#2453,.T.);
#2453 = EDGE_LOOP('',(#2454,#2455,#2456,#2464,#2472,#2480,#2488,#2496));
#2454 = ORIENTED_EDGE('',*,*,#2313,.F.);
#2455 = ORIENTED_EDGE('',*,*,#2282,.F.);
#2456 = ORIENTED_EDGE('',*,*,#2457,.F.);
#2457 = EDGE_CURVE('',#2458,#2275,#2460,.T.);
#2458 = VERTEX_POINT('',#2459);
#2459 = CARTESIAN_POINT('',(2.01,4.52,0.16));
#2460 = LINE('',#2461,#2462);
#2461 = CARTESIAN_POINT('',(2.01,4.52,0.16));
#2462 = VECTOR('',#2463,1.);
#2463 = DIRECTION('',(0.,0.707106781187,0.707106781187));
#2464 = ORIENTED_EDGE('',*,*,#2465,.F.);
#2465 = EDGE_CURVE('',#2466,#2458,#2468,.T.);
#2466 = VERTEX_POINT('',#2467);
#2467 = CARTESIAN_POINT('',(2.01,2.05,0.16));
#2468 = LINE('',#2469,#2470);
#2469 = CARTESIAN_POINT('',(2.01,5.15,0.16));
#2470 = VECTOR('',#2471,1.);
#2471 = DIRECTION('',(0.,1.,0.));
#2472 = ORIENTED_EDGE('',*,*,#2473,.T.);
#2473 = EDGE_CURVE('',#2466,#2474,#2476,.T.);
#2474 = VERTEX_POINT('',#2475);
#2475 = CARTESIAN_POINT('',(2.01,2.05,1.17));
#2476 = LINE('',#2477,#2478);
#2477 = CARTESIAN_POINT('',(2.01,2.05,0.16));
#2478 = VECTOR('',#2479,1.);
#2479 = DIRECTION('',(-3.097720492816E-15,0.,1.));
#2480 = ORIENTED_EDGE('',*,*,#2481,.F.);
#2481 = EDGE_CURVE('',#2482,#2474,#2484,.T.);
#2482 = VERTEX_POINT('',#2483);
#2483 = CARTESIAN_POINT('',(2.01,4.1,1.17));
#2484 = LINE('',#2485,#2486);
#2485 = CARTESIAN_POINT('',(2.01,4.1,1.17));
#2486 = VECTOR('',#2487,1.);
#2487 = DIRECTION('',(0.,-1.,0.));
#2488 = ORIENTED_EDGE('',*,*,#2489,.F.);
#2489 = EDGE_CURVE('',#2490,#2482,#2492,.T.);
#2490 = VERTEX_POINT('',#2491);
#2491 = CARTESIAN_POINT('',(2.01,4.1,1.));
#2492 = LINE('',#2493,#2494);
#2493 = CARTESIAN_POINT('',(2.01,4.1,1.));
#2494 = VECTOR('',#2495,1.);
#2495 = DIRECTION('',(-2.55106393526E-15,0.,1.));
#2496 = ORIENTED_EDGE('',*,*,#2497,.T.);
#2497 = EDGE_CURVE('',#2490,#2314,#2498,.T.);
#2498 = LINE('',#2499,#2500);
#2499 = CARTESIAN_POINT('',(2.01,5.15,1.));
#2500 = VECTOR('',#2501,1.);
#2501 = DIRECTION('',(0.,1.,0.));
#2502 = PLANE('',#2503);
#2503 = AXIS2_PLACEMENT_3D('',#2504,#2505,#2506);
#2504 = CARTESIAN_POINT('',(2.01,5.15,0.16));
#2505 = DIRECTION('',(1.,0.,3.097720492816E-15));
#2506 = DIRECTION('',(3.097720492816E-15,0.,-1.));
#2507 = ADVANCED_FACE('',(#2508),#2533,.F.);
#2508 = FACE_BOUND('',#2509,.T.);
#2509 = EDGE_LOOP('',(#2510,#2520,#2526,#2527));
#2510 = ORIENTED_EDGE('',*,*,#2511,.F.);
#2511 = EDGE_CURVE('',#2512,#2514,#2516,.T.);
#2512 = VERTEX_POINT('',#2513);
#2513 = CARTESIAN_POINT('',(-4.28,3.3,0.34));
#2514 = VERTEX_POINT('',#2515);
#2515 = CARTESIAN_POINT('',(-4.28,3.3,0.16));
#2516 = LINE('',#2517,#2518);
#2517 = CARTESIAN_POINT('',(-4.28,3.3,3.722));
#2518 = VECTOR('',#2519,1.);
#2519 = DIRECTION('',(1.76356603377E-16,0.,-1.));
#2520 = ORIENTED_EDGE('',*,*,#2521,.T.);
#2521 = EDGE_CURVE('',#2512,#2213,#2522,.T.);
#2522 = LINE('',#2523,#2524);
#2523 = CARTESIAN_POINT('',(-4.28,5.15,0.34));
#2524 = VECTOR('',#2525,1.);
#2525 = DIRECTION('',(0.,1.,0.));
#2526 = ORIENTED_EDGE('',*,*,#2212,.F.);
#2527 = ORIENTED_EDGE('',*,*,#2528,.F.);
#2528 = EDGE_CURVE('',#2514,#2205,#2529,.T.);
#2529 = LINE('',#2530,#2531);
#2530 = CARTESIAN_POINT('',(-4.28,5.15,0.16));
#2531 = VECTOR('',#2532,1.);
#2532 = DIRECTION('',(0.,1.,0.));
#2533 = PLANE('',#2534);
#2534 = AXIS2_PLACEMENT_3D('',#2535,#2536,#2537);
#2535 = CARTESIAN_POINT('',(-4.28,5.15,0.16));
#2536 = DIRECTION('',(1.,0.,0.));
#2537 = DIRECTION('',(0.,0.,-1.));
#2538 = ADVANCED_FACE('',(#2539),#2581,.F.);
#2539 = FACE_BOUND('',#2540,.T.);
#2540 = EDGE_LOOP('',(#2541,#2542,#2543,#2551,#2559,#2567,#2575));
#2541 = ORIENTED_EDGE('',*,*,#2220,.F.);
#2542 = ORIENTED_EDGE('',*,*,#2521,.F.);
#2543 = ORIENTED_EDGE('',*,*,#2544,.F.);
#2544 = EDGE_CURVE('',#2545,#2512,#2547,.T.);
#2545 = VERTEX_POINT('',#2546);
#2546 = CARTESIAN_POINT('',(-4.18,3.1,0.34));
#2547 = LINE('',#2548,#2549);
#2548 = CARTESIAN_POINT('',(-4.28,3.3,0.34));
#2549 = VECTOR('',#2550,1.);
#2550 = DIRECTION('',(-0.4472135955,0.894427191,-8.359826755278E-17));
#2551 = ORIENTED_EDGE('',*,*,#2552,.F.);
#2552 = EDGE_CURVE('',#2553,#2545,#2555,.T.);
#2553 = VERTEX_POINT('',#2554);
#2554 = CARTESIAN_POINT('',(-3.7,3.1,0.34));
#2555 = LINE('',#2556,#2557);
#2556 = CARTESIAN_POINT('',(-4.18,3.1,0.34));
#2557 = VECTOR('',#2558,1.);
#2558 = DIRECTION('',(-1.,9.035018104046E-16,-1.869314090492E-16));
#2559 = ORIENTED_EDGE('',*,*,#2560,.T.);
#2560 = EDGE_CURVE('',#2553,#2561,#2563,.T.);
#2561 = VERTEX_POINT('',#2562);
#2562 = CARTESIAN_POINT('',(-3.7,5.15,0.34));
#2563 = LINE('',#2564,#2565);
#2564 = CARTESIAN_POINT('',(-3.7,5.15,0.34));
#2565 = VECTOR('',#2566,1.);
#2566 = DIRECTION('',(0.,1.,0.));
#2567 = ORIENTED_EDGE('',*,*,#2568,.T.);
#2568 = EDGE_CURVE('',#2561,#2569,#2571,.T.);
#2569 = VERTEX_POINT('',#2570);
#2570 = CARTESIAN_POINT('',(-3.525,5.15,0.34));
#2571 = LINE('',#2572,#2573);
#2572 = CARTESIAN_POINT('',(-5.01,5.15,0.34));
#2573 = VECTOR('',#2574,1.);
#2574 = DIRECTION('',(1.,0.,1.722198396728E-15));
#2575 = ORIENTED_EDGE('',*,*,#2576,.T.);
#2576 = EDGE_CURVE('',#2569,#2221,#2577,.T.);
#2577 = LINE('',#2578,#2579);
#2578 = CARTESIAN_POINT('',(-3.581981132075,5.349433962264,0.34));
#2579 = VECTOR('',#2580,1.);
#2580 = DIRECTION('',(-0.274721127897,0.961523947641,-5.135400753345E-17
    ));
#2581 = PLANE('',#2582);
#2582 = AXIS2_PLACEMENT_3D('',#2583,#2584,#2585);
#2583 = CARTESIAN_POINT('',(-4.28,5.15,0.34));
#2584 = DIRECTION('',(1.869314090492E-16,0.,-1.));
#2585 = DIRECTION('',(-1.,0.,-1.869314090492E-16));
#2586 = ADVANCED_FACE('',(#2587),#2603,.F.);
#2587 = FACE_BOUND('',#2588,.T.);
#2588 = EDGE_LOOP('',(#2589,#2595,#2596,#2602));
#2589 = ORIENTED_EDGE('',*,*,#2590,.F.);
#2590 = EDGE_CURVE('',#2370,#1928,#2591,.T.);
#2591 = LINE('',#2592,#2593);
#2592 = CARTESIAN_POINT('',(0.7,3.1,3.722));
#2593 = VECTOR('',#2594,1.);
#2594 = DIRECTION('',(1.76356603377E-16,0.,-1.));
#2595 = ORIENTED_EDGE('',*,*,#2369,.T.);
#2596 = ORIENTED_EDGE('',*,*,#2597,.T.);
#2597 = EDGE_CURVE('',#2362,#1938,#2598,.T.);
#2598 = LINE('',#2599,#2600);
#2599 = CARTESIAN_POINT('',(0.7,5.15,0.16));
#2600 = VECTOR('',#2601,1.);
#2601 = DIRECTION('',(0.,0.,-1.));
#2602 = ORIENTED_EDGE('',*,*,#1937,.F.);
#2603 = PLANE('',#2604);
#2604 = AXIS2_PLACEMENT_3D('',#2605,#2606,#2607);
#2605 = CARTESIAN_POINT('',(0.7,5.15,0.16));
#2606 = DIRECTION('',(1.,0.,0.));
#2607 = DIRECTION('',(0.,0.,-1.));
#2608 = ADVANCED_FACE('',(#2609),#2659,.T.);
#2609 = FACE_BOUND('',#2610,.T.);
#2610 = EDGE_LOOP('',(#2611,#2621,#2629,#2637,#2645,#2653));
#2611 = ORIENTED_EDGE('',*,*,#2612,.F.);
#2612 = EDGE_CURVE('',#2613,#2615,#2617,.T.);
#2613 = VERTEX_POINT('',#2614);
#2614 = CARTESIAN_POINT('',(-5.4,4.52,0.16));
#2615 = VERTEX_POINT('',#2616);
#2616 = CARTESIAN_POINT('',(-5.4,4.52,-4.E-02));
#2617 = LINE('',#2618,#2619);
#2618 = CARTESIAN_POINT('',(-5.4,4.52,1.94));
#2619 = VECTOR('',#2620,1.);
#2620 = DIRECTION('',(1.76356603377E-16,0.,-1.));
#2621 = ORIENTED_EDGE('',*,*,#2622,.T.);
#2622 = EDGE_CURVE('',#2613,#2623,#2625,.T.);
#2623 = VERTEX_POINT('',#2624);
#2624 = CARTESIAN_POINT('',(-5.4,2.05,0.16));
#2625 = LINE('',#2626,#2627);
#2626 = CARTESIAN_POINT('',(-5.4,2.05,0.16));
#2627 = VECTOR('',#2628,1.);
#2628 = DIRECTION('',(0.,-1.,0.));
#2629 = ORIENTED_EDGE('',*,*,#2630,.F.);
#2630 = EDGE_CURVE('',#2631,#2623,#2633,.T.);
#2631 = VERTEX_POINT('',#2632);
#2632 = CARTESIAN_POINT('',(-5.4,2.05,1.42));
#2633 = LINE('',#2634,#2635);
#2634 = CARTESIAN_POINT('',(-5.4,2.05,1.42));
#2635 = VECTOR('',#2636,1.);
#2636 = DIRECTION('',(0.,0.,-1.));
#2637 = ORIENTED_EDGE('',*,*,#2638,.F.);
#2638 = EDGE_CURVE('',#2639,#2631,#2641,.T.);
#2639 = VERTEX_POINT('',#2640);
#2640 = CARTESIAN_POINT('',(-5.4,6.9,1.42));
#2641 = LINE('',#2642,#2643);
#2642 = CARTESIAN_POINT('',(-5.4,6.9,1.42));
#2643 = VECTOR('',#2644,1.);
#2644 = DIRECTION('',(0.,-1.,0.));
#2645 = ORIENTED_EDGE('',*,*,#2646,.T.);
#2646 = EDGE_CURVE('',#2639,#2647,#2649,.T.);
#2647 = VERTEX_POINT('',#2648);
#2648 = CARTESIAN_POINT('',(-5.4,6.9,-4.E-02));
#2649 = LINE('',#2650,#2651);
#2650 = CARTESIAN_POINT('',(-5.4,6.9,1.42));
#2651 = VECTOR('',#2652,1.);
#2652 = DIRECTION('',(0.,0.,-1.));
#2653 = ORIENTED_EDGE('',*,*,#2654,.T.);
#2654 = EDGE_CURVE('',#2647,#2615,#2655,.T.);
#2655 = LINE('',#2656,#2657);
#2656 = CARTESIAN_POINT('',(-5.4,6.9,-4.E-02));
#2657 = VECTOR('',#2658,1.);
#2658 = DIRECTION('',(0.,-1.,0.));
#2659 = PLANE('',#2660);
#2660 = AXIS2_PLACEMENT_3D('',#2661,#2662,#2663);
#2661 = CARTESIAN_POINT('',(-5.4,6.9,1.42));
#2662 = DIRECTION('',(-1.,0.,0.));
#2663 = DIRECTION('',(0.,0.,1.));
#2664 = ADVANCED_FACE('',(#2665),#2715,.T.);
#2665 = FACE_BOUND('',#2666,.T.);
#2666 = EDGE_LOOP('',(#2667,#2677,#2685,#2693,#2701,#2709));
#2667 = ORIENTED_EDGE('',*,*,#2668,.F.);
#2668 = EDGE_CURVE('',#2669,#2671,#2673,.T.);
#2669 = VERTEX_POINT('',#2670);
#2670 = CARTESIAN_POINT('',(2.4,2.05,0.16));
#2671 = VERTEX_POINT('',#2672);
#2672 = CARTESIAN_POINT('',(2.4,2.05,1.42));
#2673 = LINE('',#2674,#2675);
#2674 = CARTESIAN_POINT('',(2.4,2.05,-4.E-02));
#2675 = VECTOR('',#2676,1.);
#2676 = DIRECTION('',(0.,0.,1.));
#2677 = ORIENTED_EDGE('',*,*,#2678,.T.);
#2678 = EDGE_CURVE('',#2669,#2679,#2681,.T.);
#2679 = VERTEX_POINT('',#2680);
#2680 = CARTESIAN_POINT('',(2.4,4.52,0.16));
#2681 = LINE('',#2682,#2683);
#2682 = CARTESIAN_POINT('',(2.4,4.52,0.16));
#2683 = VECTOR('',#2684,1.);
#2684 = DIRECTION('',(1.404634393503E-15,1.,2.595865331223E-32));
#2685 = ORIENTED_EDGE('',*,*,#2686,.T.);
#2686 = EDGE_CURVE('',#2679,#2687,#2689,.T.);
#2687 = VERTEX_POINT('',#2688);
#2688 = CARTESIAN_POINT('',(2.4,4.52,-4.E-02));
#2689 = LINE('',#2690,#2691);
#2690 = CARTESIAN_POINT('',(2.4,4.52,1.94));
#2691 = VECTOR('',#2692,1.);
#2692 = DIRECTION('',(1.76356603377E-16,0.,-1.));
#2693 = ORIENTED_EDGE('',*,*,#2694,.F.);
#2694 = EDGE_CURVE('',#2695,#2687,#2697,.T.);
#2695 = VERTEX_POINT('',#2696);
#2696 = CARTESIAN_POINT('',(2.4,6.9,-4.E-02));
#2697 = LINE('',#2698,#2699);
#2698 = CARTESIAN_POINT('',(2.4,6.9,-4.E-02));
#2699 = VECTOR('',#2700,1.);
#2700 = DIRECTION('',(0.,-1.,0.));
#2701 = ORIENTED_EDGE('',*,*,#2702,.T.);
#2702 = EDGE_CURVE('',#2695,#2703,#2705,.T.);
#2703 = VERTEX_POINT('',#2704);
#2704 = CARTESIAN_POINT('',(2.4,6.9,1.42));
#2705 = LINE('',#2706,#2707);
#2706 = CARTESIAN_POINT('',(2.4,6.9,-4.E-02));
#2707 = VECTOR('',#2708,1.);
#2708 = DIRECTION('',(0.,0.,1.));
#2709 = ORIENTED_EDGE('',*,*,#2710,.T.);
#2710 = EDGE_CURVE('',#2703,#2671,#2711,.T.);
#2711 = LINE('',#2712,#2713);
#2712 = CARTESIAN_POINT('',(2.4,6.9,1.42));
#2713 = VECTOR('',#2714,1.);
#2714 = DIRECTION('',(0.,-1.,0.));
#2715 = PLANE('',#2716);
#2716 = AXIS2_PLACEMENT_3D('',#2717,#2718,#2719);
#2717 = CARTESIAN_POINT('',(2.4,6.9,-4.E-02));
#2718 = DIRECTION('',(1.,0.,0.));
#2719 = DIRECTION('',(0.,0.,-1.));
#2720 = ADVANCED_FACE('',(#2721),#2769,.T.);
#2721 = FACE_BOUND('',#2722,.T.);
#2722 = EDGE_LOOP('',(#2723,#2733,#2741,#2747,#2748,#2756,#2762,#2763));
#2723 = ORIENTED_EDGE('',*,*,#2724,.F.);
#2724 = EDGE_CURVE('',#2725,#2727,#2729,.T.);
#2725 = VERTEX_POINT('',#2726);
#2726 = CARTESIAN_POINT('',(-5.01,2.05,1.17));
#2727 = VERTEX_POINT('',#2728);
#2728 = CARTESIAN_POINT('',(-5.01,2.05,0.16));
#2729 = LINE('',#2730,#2731);
#2730 = CARTESIAN_POINT('',(-5.01,2.05,1.));
#2731 = VECTOR('',#2732,1.);
#2732 = DIRECTION('',(0.,0.,-1.));
#2733 = ORIENTED_EDGE('',*,*,#2734,.F.);
#2734 = EDGE_CURVE('',#2735,#2725,#2737,.T.);
#2735 = VERTEX_POINT('',#2736);
#2736 = CARTESIAN_POINT('',(-4.25,2.05,1.17));
#2737 = LINE('',#2738,#2739);
#2738 = CARTESIAN_POINT('',(-4.25,2.05,1.17));
#2739 = VECTOR('',#2740,1.);
#2740 = DIRECTION('',(-1.,0.,1.141265444722E-15));
#2741 = ORIENTED_EDGE('',*,*,#2742,.F.);
#2742 = EDGE_CURVE('',#2118,#2735,#2743,.T.);
#2743 = LINE('',#2744,#2745);
#2744 = CARTESIAN_POINT('',(-4.25,2.05,1.));
#2745 = VECTOR('',#2746,1.);
#2746 = DIRECTION('',(5.10212787052E-15,0.,1.));
#2747 = ORIENTED_EDGE('',*,*,#2117,.F.);
#2748 = ORIENTED_EDGE('',*,*,#2749,.F.);
#2749 = EDGE_CURVE('',#2750,#2110,#2752,.T.);
#2750 = VERTEX_POINT('',#2751);
#2751 = CARTESIAN_POINT('',(-3.95,2.05,1.42));
#2752 = LINE('',#2753,#2754);
#2753 = CARTESIAN_POINT('',(-3.95,2.05,1.17));
#2754 = VECTOR('',#2755,1.);
#2755 = DIRECTION('',(0.,0.,-1.));
#2756 = ORIENTED_EDGE('',*,*,#2757,.T.);
#2757 = EDGE_CURVE('',#2750,#2631,#2758,.T.);
#2758 = LINE('',#2759,#2760);
#2759 = CARTESIAN_POINT('',(2.4,2.05,1.42));
#2760 = VECTOR('',#2761,1.);
#2761 = DIRECTION('',(-1.,0.,2.780005570476E-17));
#2762 = ORIENTED_EDGE('',*,*,#2630,.T.);
#2763 = ORIENTED_EDGE('',*,*,#2764,.T.);
#2764 = EDGE_CURVE('',#2623,#2727,#2765,.T.);
#2765 = LINE('',#2766,#2767);
#2766 = CARTESIAN_POINT('',(2.4,2.05,0.16));
#2767 = VECTOR('',#2768,1.);
#2768 = DIRECTION('',(1.,-1.11200222819E-16,1.848071884918E-17));
#2769 = PLANE('',#2770);
#2770 = AXIS2_PLACEMENT_3D('',#2771,#2772,#2773);
#2771 = CARTESIAN_POINT('',(0.,2.05,0.));
#2772 = DIRECTION('',(0.,-1.,0.));
#2773 = DIRECTION('',(0.,0.,-1.));
#2774 = ADVANCED_FACE('',(#2775),#2823,.T.);
#2775 = FACE_BOUND('',#2776,.T.);
#2776 = EDGE_LOOP('',(#2777,#2787,#2793,#2794,#2800,#2801,#2809,#2817));
#2777 = ORIENTED_EDGE('',*,*,#2778,.F.);
#2778 = EDGE_CURVE('',#2779,#2781,#2783,.T.);
#2779 = VERTEX_POINT('',#2780);
#2780 = CARTESIAN_POINT('',(1.25,2.05,1.17));
#2781 = VERTEX_POINT('',#2782);
#2782 = CARTESIAN_POINT('',(1.25,2.05,1.));
#2783 = LINE('',#2784,#2785);
#2784 = CARTESIAN_POINT('',(1.25,2.05,1.17));
#2785 = VECTOR('',#2786,1.);
#2786 = DIRECTION('',(5.10212787052E-15,0.,-1.));
#2787 = ORIENTED_EDGE('',*,*,#2788,.F.);
#2788 = EDGE_CURVE('',#2474,#2779,#2789,.T.);
#2789 = LINE('',#2790,#2791);
#2790 = CARTESIAN_POINT('',(2.01,2.05,1.17));
#2791 = VECTOR('',#2792,1.);
#2792 = DIRECTION('',(-1.,0.,-1.141265444722E-15));
#2793 = ORIENTED_EDGE('',*,*,#2473,.F.);
#2794 = ORIENTED_EDGE('',*,*,#2795,.T.);
#2795 = EDGE_CURVE('',#2466,#2669,#2796,.T.);
#2796 = LINE('',#2797,#2798);
#2797 = CARTESIAN_POINT('',(2.4,2.05,0.16));
#2798 = VECTOR('',#2799,1.);
#2799 = DIRECTION('',(1.,-1.11200222819E-16,1.848071884918E-17));
#2800 = ORIENTED_EDGE('',*,*,#2668,.T.);
#2801 = ORIENTED_EDGE('',*,*,#2802,.T.);
#2802 = EDGE_CURVE('',#2671,#2803,#2805,.T.);
#2803 = VERTEX_POINT('',#2804);
#2804 = CARTESIAN_POINT('',(0.95,2.05,1.42));
#2805 = LINE('',#2806,#2807);
#2806 = CARTESIAN_POINT('',(2.4,2.05,1.42));
#2807 = VECTOR('',#2808,1.);
#2808 = DIRECTION('',(-1.,0.,2.780005570476E-17));
#2809 = ORIENTED_EDGE('',*,*,#2810,.F.);
#2810 = EDGE_CURVE('',#2811,#2803,#2813,.T.);
#2811 = VERTEX_POINT('',#2812);
#2812 = CARTESIAN_POINT('',(0.95,2.05,1.));
#2813 = LINE('',#2814,#2815);
#2814 = CARTESIAN_POINT('',(0.95,2.05,1.));
#2815 = VECTOR('',#2816,1.);
#2816 = DIRECTION('',(0.,0.,1.));
#2817 = ORIENTED_EDGE('',*,*,#2818,.F.);
#2818 = EDGE_CURVE('',#2781,#2811,#2819,.T.);
#2819 = LINE('',#2820,#2821);
#2820 = CARTESIAN_POINT('',(2.01,2.05,1.));
#2821 = VECTOR('',#2822,1.);
#2822 = DIRECTION('',(-1.,0.,-8.182657905551E-16));
#2823 = PLANE('',#2824);
#2824 = AXIS2_PLACEMENT_3D('',#2825,#2826,#2827);
#2825 = CARTESIAN_POINT('',(0.,2.05,0.));
#2826 = DIRECTION('',(0.,-1.,0.));
#2827 = DIRECTION('',(0.,0.,-1.));
#2828 = ADVANCED_FACE('',(#2829),#2863,.F.);
#2829 = FACE_BOUND('',#2830,.T.);
#2830 = EDGE_LOOP('',(#2831,#2832,#2833,#2841,#2849,#2857));
#2831 = ORIENTED_EDGE('',*,*,#2528,.T.);
#2832 = ORIENTED_EDGE('',*,*,#2204,.F.);
#2833 = ORIENTED_EDGE('',*,*,#2834,.T.);
#2834 = EDGE_CURVE('',#2197,#2835,#2837,.T.);
#2835 = VERTEX_POINT('',#2836);
#2836 = CARTESIAN_POINT('',(-4.84,4.52,0.16));
#2837 = LINE('',#2838,#2839);
#2838 = CARTESIAN_POINT('',(-4.84,5.15,0.16));
#2839 = VECTOR('',#2840,1.);
#2840 = DIRECTION('',(0.,-1.,6.453584360033E-15));
#2841 = ORIENTED_EDGE('',*,*,#2842,.F.);
#2842 = EDGE_CURVE('',#2843,#2835,#2845,.T.);
#2843 = VERTEX_POINT('',#2844);
#2844 = CARTESIAN_POINT('',(-4.74,4.52,0.16));
#2845 = LINE('',#2846,#2847);
#2846 = CARTESIAN_POINT('',(-5.4,4.52,0.16));
#2847 = VECTOR('',#2848,1.);
#2848 = DIRECTION('',(-1.,-2.628368902995E-15,-1.848071884918E-17));
#2849 = ORIENTED_EDGE('',*,*,#2850,.F.);
#2850 = EDGE_CURVE('',#2851,#2843,#2853,.T.);
#2851 = VERTEX_POINT('',#2852);
#2852 = CARTESIAN_POINT('',(-4.74,3.3,0.16));
#2853 = LINE('',#2854,#2855);
#2854 = CARTESIAN_POINT('',(-4.74,4.52,0.16));
#2855 = VECTOR('',#2856,1.);
#2856 = DIRECTION('',(0.,1.,0.));
#2857 = ORIENTED_EDGE('',*,*,#2858,.F.);
#2858 = EDGE_CURVE('',#2514,#2851,#2859,.T.);
#2859 = LINE('',#2860,#2861);
#2860 = CARTESIAN_POINT('',(-4.74,3.3,0.16));
#2861 = VECTOR('',#2862,1.);
#2862 = DIRECTION('',(-1.,3.771137991254E-15,-1.848071884918E-17));
#2863 = PLANE('',#2864);
#2864 = AXIS2_PLACEMENT_3D('',#2865,#2866,#2867);
#2865 = CARTESIAN_POINT('',(-5.01,5.15,0.16));
#2866 = DIRECTION('',(2.970416910919E-16,0.,-1.));
#2867 = DIRECTION('',(-1.,0.,-2.970416910919E-16));
#2868 = ADVANCED_FACE('',(#2869),#3077,.T.);
#2869 = FACE_BOUND('',#2870,.T.);
#2870 = EDGE_LOOP('',(#2871,#2881,#2889,#2897,#2905,#2913,#2921,#2929,
    #2937,#2945,#2953,#2961,#2969,#2977,#2983,#2984,#2992,#3000,#3008,
    #3016,#3024,#3032,#3040,#3048,#3054,#3055,#3063,#3071));
#2871 = ORIENTED_EDGE('',*,*,#2872,.F.);
#2872 = EDGE_CURVE('',#2873,#2875,#2877,.T.);
#2873 = VERTEX_POINT('',#2874);
#2874 = CARTESIAN_POINT('',(-2.875,6.9,-4.E-02));
#2875 = VERTEX_POINT('',#2876);
#2876 = CARTESIAN_POINT('',(-2.875,6.58,-4.E-02));
#2877 = LINE('',#2878,#2879);
#2878 = CARTESIAN_POINT('',(-2.875,6.9,-4.E-02));
#2879 = VECTOR('',#2880,1.);
#2880 = DIRECTION('',(0.,-1.,0.));
#2881 = ORIENTED_EDGE('',*,*,#2882,.T.);
#2882 = EDGE_CURVE('',#2873,#2883,#2885,.T.);
#2883 = VERTEX_POINT('',#2884);
#2884 = CARTESIAN_POINT('',(-2.125,6.9,-4.E-02));
#2885 = LINE('',#2886,#2887);
#2886 = CARTESIAN_POINT('',(-5.4,6.9,-4.E-02));
#2887 = VECTOR('',#2888,1.);
#2888 = DIRECTION('',(1.,0.,1.76356603377E-16));
#2889 = ORIENTED_EDGE('',*,*,#2890,.T.);
#2890 = EDGE_CURVE('',#2883,#2891,#2893,.T.);
#2891 = VERTEX_POINT('',#2892);
#2892 = CARTESIAN_POINT('',(-2.125,6.58,-4.E-02));
#2893 = LINE('',#2894,#2895);
#2894 = CARTESIAN_POINT('',(-2.125,6.9,-4.E-02));
#2895 = VECTOR('',#2896,1.);
#2896 = DIRECTION('',(0.,-1.,0.));
#2897 = ORIENTED_EDGE('',*,*,#2898,.T.);
#2898 = EDGE_CURVE('',#2891,#2899,#2901,.T.);
#2899 = VERTEX_POINT('',#2900);
#2900 = CARTESIAN_POINT('',(-1.875,6.58,-4.E-02));
#2901 = LINE('',#2902,#2903);
#2902 = CARTESIAN_POINT('',(-5.4,6.58,-4.E-02));
#2903 = VECTOR('',#2904,1.);
#2904 = DIRECTION('',(1.,-1.76356603377E-16,1.76356603377E-16));
#2905 = ORIENTED_EDGE('',*,*,#2906,.F.);
#2906 = EDGE_CURVE('',#2907,#2899,#2909,.T.);
#2907 = VERTEX_POINT('',#2908);
#2908 = CARTESIAN_POINT('',(-1.875,6.9,-4.E-02));
#2909 = LINE('',#2910,#2911);
#2910 = CARTESIAN_POINT('',(-1.875,6.9,-4.E-02));
#2911 = VECTOR('',#2912,1.);
#2912 = DIRECTION('',(0.,-1.,0.));
#2913 = ORIENTED_EDGE('',*,*,#2914,.T.);
#2914 = EDGE_CURVE('',#2907,#2915,#2917,.T.);
#2915 = VERTEX_POINT('',#2916);
#2916 = CARTESIAN_POINT('',(-1.125,6.9,-4.E-02));
#2917 = LINE('',#2918,#2919);
#2918 = CARTESIAN_POINT('',(-5.4,6.9,-4.E-02));
#2919 = VECTOR('',#2920,1.);
#2920 = DIRECTION('',(1.,0.,1.76356603377E-16));
#2921 = ORIENTED_EDGE('',*,*,#2922,.T.);
#2922 = EDGE_CURVE('',#2915,#2923,#2925,.T.);
#2923 = VERTEX_POINT('',#2924);
#2924 = CARTESIAN_POINT('',(-1.125,6.58,-4.E-02));
#2925 = LINE('',#2926,#2927);
#2926 = CARTESIAN_POINT('',(-1.125,6.9,-4.E-02));
#2927 = VECTOR('',#2928,1.);
#2928 = DIRECTION('',(0.,-1.,0.));
#2929 = ORIENTED_EDGE('',*,*,#2930,.T.);
#2930 = EDGE_CURVE('',#2923,#2931,#2933,.T.);
#2931 = VERTEX_POINT('',#2932);
#2932 = CARTESIAN_POINT('',(-0.875,6.58,-4.E-02));
#2933 = LINE('',#2934,#2935);
#2934 = CARTESIAN_POINT('',(-5.4,6.58,-4.E-02));
#2935 = VECTOR('',#2936,1.);
#2936 = DIRECTION('',(1.,-1.76356603377E-16,1.76356603377E-16));
#2937 = ORIENTED_EDGE('',*,*,#2938,.F.);
#2938 = EDGE_CURVE('',#2939,#2931,#2941,.T.);
#2939 = VERTEX_POINT('',#2940);
#2940 = CARTESIAN_POINT('',(-0.875,6.9,-4.E-02));
#2941 = LINE('',#2942,#2943);
#2942 = CARTESIAN_POINT('',(-0.875,6.9,-4.E-02));
#2943 = VECTOR('',#2944,1.);
#2944 = DIRECTION('',(0.,-1.,0.));
#2945 = ORIENTED_EDGE('',*,*,#2946,.T.);
#2946 = EDGE_CURVE('',#2939,#2947,#2949,.T.);
#2947 = VERTEX_POINT('',#2948);
#2948 = CARTESIAN_POINT('',(-0.125,6.9,-4.E-02));
#2949 = LINE('',#2950,#2951);
#2950 = CARTESIAN_POINT('',(-5.4,6.9,-4.E-02));
#2951 = VECTOR('',#2952,1.);
#2952 = DIRECTION('',(1.,0.,1.76356603377E-16));
#2953 = ORIENTED_EDGE('',*,*,#2954,.T.);
#2954 = EDGE_CURVE('',#2947,#2955,#2957,.T.);
#2955 = VERTEX_POINT('',#2956);
#2956 = CARTESIAN_POINT('',(-0.125,6.58,-4.E-02));
#2957 = LINE('',#2958,#2959);
#2958 = CARTESIAN_POINT('',(-0.125,6.9,-4.E-02));
#2959 = VECTOR('',#2960,1.);
#2960 = DIRECTION('',(0.,-1.,0.));
#2961 = ORIENTED_EDGE('',*,*,#2962,.T.);
#2962 = EDGE_CURVE('',#2955,#2963,#2965,.T.);
#2963 = VERTEX_POINT('',#2964);
#2964 = CARTESIAN_POINT('',(0.125,6.58,-4.E-02));
#2965 = LINE('',#2966,#2967);
#2966 = CARTESIAN_POINT('',(-5.4,6.58,-4.E-02));
#2967 = VECTOR('',#2968,1.);
#2968 = DIRECTION('',(1.,-1.76356603377E-16,1.76356603377E-16));
#2969 = ORIENTED_EDGE('',*,*,#2970,.F.);
#2970 = EDGE_CURVE('',#2971,#2963,#2973,.T.);
#2971 = VERTEX_POINT('',#2972);
#2972 = CARTESIAN_POINT('',(0.125,6.9,-4.E-02));
#2973 = LINE('',#2974,#2975);
#2974 = CARTESIAN_POINT('',(0.125,6.9,-4.E-02));
#2975 = VECTOR('',#2976,1.);
#2976 = DIRECTION('',(0.,-1.,0.));
#2977 = ORIENTED_EDGE('',*,*,#2978,.T.);
#2978 = EDGE_CURVE('',#2971,#2695,#2979,.T.);
#2979 = LINE('',#2980,#2981);
#2980 = CARTESIAN_POINT('',(-5.4,6.9,-4.E-02));
#2981 = VECTOR('',#2982,1.);
#2982 = DIRECTION('',(1.,0.,1.76356603377E-16));
#2983 = ORIENTED_EDGE('',*,*,#2694,.T.);
#2984 = ORIENTED_EDGE('',*,*,#2985,.F.);
#2985 = EDGE_CURVE('',#2986,#2687,#2988,.T.);
#2986 = VERTEX_POINT('',#2987);
#2987 = CARTESIAN_POINT('',(1.74,4.52,-4.E-02));
#2988 = LINE('',#2989,#2990);
#2989 = CARTESIAN_POINT('',(1.74,4.52,-4.E-02));
#2990 = VECTOR('',#2991,1.);
#2991 = DIRECTION('',(1.,-1.314184451498E-15,1.848071884918E-16));
#2992 = ORIENTED_EDGE('',*,*,#2993,.F.);
#2993 = EDGE_CURVE('',#2994,#2986,#2996,.T.);
#2994 = VERTEX_POINT('',#2995);
#2995 = CARTESIAN_POINT('',(1.74,3.3,-3.999999999999E-02));
#2996 = LINE('',#2997,#2998);
#2997 = CARTESIAN_POINT('',(1.74,3.3,-4.E-02));
#2998 = VECTOR('',#2999,1.);
#2999 = DIRECTION('',(2.132856732758E-15,1.,0.));
#3000 = ORIENTED_EDGE('',*,*,#3001,.F.);
#3001 = EDGE_CURVE('',#3002,#2994,#3004,.T.);
#3002 = VERTEX_POINT('',#3003);
#3003 = CARTESIAN_POINT('',(1.28,3.3,-4.E-02));
#3004 = LINE('',#3005,#3006);
#3005 = CARTESIAN_POINT('',(1.28,3.3,-4.E-02));
#3006 = VECTOR('',#3007,1.);
#3007 = DIRECTION('',(1.,-1.885568995627E-15,1.252135661159E-15));
#3008 = ORIENTED_EDGE('',*,*,#3009,.F.);
#3009 = EDGE_CURVE('',#3010,#3002,#3012,.T.);
#3010 = VERTEX_POINT('',#3011);
#3011 = CARTESIAN_POINT('',(1.18,3.1,-4.E-02));
#3012 = LINE('',#3013,#3014);
#3013 = CARTESIAN_POINT('',(1.18,3.1,-4.E-02));
#3014 = VECTOR('',#3015,1.);
#3015 = DIRECTION('',(0.4472135955,0.894427191,4.848699518061E-16));
#3016 = ORIENTED_EDGE('',*,*,#3017,.F.);
#3017 = EDGE_CURVE('',#3018,#3010,#3020,.T.);
#3018 = VERTEX_POINT('',#3019);
#3019 = CARTESIAN_POINT('',(-4.18,3.1,-4.E-02));
#3020 = LINE('',#3021,#3022);
#3021 = CARTESIAN_POINT('',(-4.18,3.1,-4.E-02));
#3022 = VECTOR('',#3023,1.);
#3023 = DIRECTION('',(1.,-4.854636593219E-16,1.158033104007E-15));
#3024 = ORIENTED_EDGE('',*,*,#3025,.F.);
#3025 = EDGE_CURVE('',#3026,#3018,#3028,.T.);
#3026 = VERTEX_POINT('',#3027);
#3027 = CARTESIAN_POINT('',(-4.28,3.3,-4.E-02));
#3028 = LINE('',#3029,#3030);
#3029 = CARTESIAN_POINT('',(-4.28,3.3,-4.E-02));
#3030 = VECTOR('',#3031,1.);
#3031 = DIRECTION('',(0.4472135955,-0.894427191,9.697399036122E-16));
#3032 = ORIENTED_EDGE('',*,*,#3033,.F.);
#3033 = EDGE_CURVE('',#3034,#3026,#3036,.T.);
#3034 = VERTEX_POINT('',#3035);
#3035 = CARTESIAN_POINT('',(-4.74,3.3,-4.E-02));
#3036 = LINE('',#3037,#3038);
#3037 = CARTESIAN_POINT('',(-4.74,3.3,-4.E-02));
#3038 = VECTOR('',#3039,1.);
#3039 = DIRECTION('',(1.,-3.771137991254E-15,8.691294589218E-16));
#3040 = ORIENTED_EDGE('',*,*,#3041,.F.);
#3041 = EDGE_CURVE('',#3042,#3034,#3044,.T.);
#3042 = VERTEX_POINT('',#3043);
#3043 = CARTESIAN_POINT('',(-4.74,4.52,-4.E-02));
#3044 = LINE('',#3045,#3046);
#3045 = CARTESIAN_POINT('',(-4.74,4.52,-4.E-02));
#3046 = VECTOR('',#3047,1.);
#3047 = DIRECTION('',(0.,-1.,0.));
#3048 = ORIENTED_EDGE('',*,*,#3049,.F.);
#3049 = EDGE_CURVE('',#2615,#3042,#3050,.T.);
#3050 = LINE('',#3051,#3052);
#3051 = CARTESIAN_POINT('',(-5.4,4.52,-4.E-02));
#3052 = VECTOR('',#3053,1.);
#3053 = DIRECTION('',(1.,2.628368902995E-15,1.950742545192E-16));
#3054 = ORIENTED_EDGE('',*,*,#2654,.F.);
#3055 = ORIENTED_EDGE('',*,*,#3056,.T.);
#3056 = EDGE_CURVE('',#2647,#3057,#3059,.T.);
#3057 = VERTEX_POINT('',#3058);
#3058 = CARTESIAN_POINT('',(-3.125,6.9,-4.E-02));
#3059 = LINE('',#3060,#3061);
#3060 = CARTESIAN_POINT('',(-5.4,6.9,-4.E-02));
#3061 = VECTOR('',#3062,1.);
#3062 = DIRECTION('',(1.,0.,1.76356603377E-16));
#3063 = ORIENTED_EDGE('',*,*,#3064,.T.);
#3064 = EDGE_CURVE('',#3057,#3065,#3067,.T.);
#3065 = VERTEX_POINT('',#3066);
#3066 = CARTESIAN_POINT('',(-3.125,6.58,-4.E-02));
#3067 = LINE('',#3068,#3069);
#3068 = CARTESIAN_POINT('',(-3.125,6.9,-4.E-02));
#3069 = VECTOR('',#3070,1.);
#3070 = DIRECTION('',(0.,-1.,0.));
#3071 = ORIENTED_EDGE('',*,*,#3072,.T.);
#3072 = EDGE_CURVE('',#3065,#2875,#3073,.T.);
#3073 = LINE('',#3074,#3075);
#3074 = CARTESIAN_POINT('',(-5.4,6.58,-4.E-02));
#3075 = VECTOR('',#3076,1.);
#3076 = DIRECTION('',(1.,-1.76356603377E-16,1.76356603377E-16));
#3077 = PLANE('',#3078);
#3078 = AXIS2_PLACEMENT_3D('',#3079,#3080,#3081);
#3079 = CARTESIAN_POINT('',(-5.4,6.9,-4.E-02));
#3080 = DIRECTION('',(1.76356603377E-16,0.,-1.));
#3081 = DIRECTION('',(-1.,0.,-1.76356603377E-16));
#3082 = ADVANCED_FACE('',(#3083,#3109,#3143),#3209,.T.);
#3083 = FACE_BOUND('',#3084,.T.);
#3084 = EDGE_LOOP('',(#3085,#3095,#3103));
#3085 = ORIENTED_EDGE('',*,*,#3086,.F.);
#3086 = EDGE_CURVE('',#3087,#3089,#3091,.T.);
#3087 = VERTEX_POINT('',#3088);
#3088 = CARTESIAN_POINT('',(-3.3,3.85,1.42));
#3089 = VERTEX_POINT('',#3090);
#3090 = CARTESIAN_POINT('',(-3.1,3.45,1.42));
#3091 = LINE('',#3092,#3093);
#3092 = CARTESIAN_POINT('',(-3.3,3.85,1.42));
#3093 = VECTOR('',#3094,1.);
#3094 = DIRECTION('',(0.4472135955,-0.894427191,4.848699518061E-16));
#3095 = ORIENTED_EDGE('',*,*,#3096,.F.);
#3096 = EDGE_CURVE('',#3097,#3087,#3099,.T.);
#3097 = VERTEX_POINT('',#3098);
#3098 = CARTESIAN_POINT('',(-2.9,3.85,1.42));
#3099 = LINE('',#3100,#3101);
#3100 = CARTESIAN_POINT('',(-2.9,3.85,1.42));
#3101 = VECTOR('',#3102,1.);
#3102 = DIRECTION('',(-1.,1.084202172486E-15,-5.421010862428E-16));
#3103 = ORIENTED_EDGE('',*,*,#3104,.F.);
#3104 = EDGE_CURVE('',#3089,#3097,#3105,.T.);
#3105 = LINE('',#3106,#3107);
#3106 = CARTESIAN_POINT('',(-3.1,3.45,1.42));
#3107 = VECTOR('',#3108,1.);
#3108 = DIRECTION('',(0.4472135955,0.894427191,0.));
#3109 = FACE_BOUND('',#3110,.T.);
#3110 = EDGE_LOOP('',(#3111,#3121,#3129,#3137));
#3111 = ORIENTED_EDGE('',*,*,#3112,.F.);
#3112 = EDGE_CURVE('',#3113,#3115,#3117,.T.);
#3113 = VERTEX_POINT('',#3114);
#3114 = CARTESIAN_POINT('',(-1.8,4.55,1.42));
#3115 = VERTEX_POINT('',#3116);
#3116 = CARTESIAN_POINT('',(-1.8,3.65,1.42));
#3117 = LINE('',#3118,#3119);
#3118 = CARTESIAN_POINT('',(-1.8,4.55,1.42));
#3119 = VECTOR('',#3120,1.);
#3120 = DIRECTION('',(-4.818676322158E-16,-1.,0.));
#3121 = ORIENTED_EDGE('',*,*,#3122,.F.);
#3122 = EDGE_CURVE('',#3123,#3113,#3125,.T.);
#3123 = VERTEX_POINT('',#3124);
#3124 = CARTESIAN_POINT('',(-1.2,4.55,1.42));
#3125 = LINE('',#3126,#3127);
#3126 = CARTESIAN_POINT('',(-1.2,4.55,1.42));
#3127 = VECTOR('',#3128,1.);
#3128 = DIRECTION('',(-1.,2.891205793295E-15,-7.228014483237E-16));
#3129 = ORIENTED_EDGE('',*,*,#3130,.F.);
#3130 = EDGE_CURVE('',#3131,#3123,#3133,.T.);
#3131 = VERTEX_POINT('',#3132);
#3132 = CARTESIAN_POINT('',(-1.2,3.65,1.42));
#3133 = LINE('',#3134,#3135);
#3134 = CARTESIAN_POINT('',(-1.2,3.65,1.42));
#3135 = VECTOR('',#3136,1.);
#3136 = DIRECTION('',(9.637352644316E-16,1.,0.));
#3137 = ORIENTED_EDGE('',*,*,#3138,.F.);
#3138 = EDGE_CURVE('',#3115,#3131,#3139,.T.);
#3139 = LINE('',#3140,#3141);
#3140 = CARTESIAN_POINT('',(-1.8,3.65,1.42));
#3141 = VECTOR('',#3142,1.);
#3142 = DIRECTION('',(1.,-1.445602896647E-15,7.228014483237E-16));
#3143 = FACE_BOUND('',#3144,.T.);
#3144 = EDGE_LOOP('',(#3145,#3153,#3161,#3169,#3177,#3185,#3193,#3199,
    #3200,#3201,#3207,#3208));
#3145 = ORIENTED_EDGE('',*,*,#3146,.F.);
#3146 = EDGE_CURVE('',#3147,#2750,#3149,.T.);
#3147 = VERTEX_POINT('',#3148);
#3148 = CARTESIAN_POINT('',(-3.95,4.1,1.42));
#3149 = LINE('',#3150,#3151);
#3150 = CARTESIAN_POINT('',(-3.95,4.1,1.42));
#3151 = VECTOR('',#3152,1.);
#3152 = DIRECTION('',(0.,-1.,0.));
#3153 = ORIENTED_EDGE('',*,*,#3154,.F.);
#3154 = EDGE_CURVE('',#3155,#3147,#3157,.T.);
#3155 = VERTEX_POINT('',#3156);
#3156 = CARTESIAN_POINT('',(-3.45,4.1,1.42));
#3157 = LINE('',#3158,#3159);
#3158 = CARTESIAN_POINT('',(-3.45,4.1,1.42));
#3159 = VECTOR('',#3160,1.);
#3160 = DIRECTION('',(-1.,0.,-3.035766082959E-15));
#3161 = ORIENTED_EDGE('',*,*,#3162,.F.);
#3162 = EDGE_CURVE('',#3163,#3155,#3165,.T.);
#3163 = VERTEX_POINT('',#3164);
#3164 = CARTESIAN_POINT('',(-3.45,3.1,1.42));
#3165 = LINE('',#3166,#3167);
#3166 = CARTESIAN_POINT('',(-3.45,3.1,1.42));
#3167 = VECTOR('',#3168,1.);
#3168 = DIRECTION('',(4.336808689942E-16,1.,0.));
#3169 = ORIENTED_EDGE('',*,*,#3170,.F.);
#3170 = EDGE_CURVE('',#3171,#3163,#3173,.T.);
#3171 = VERTEX_POINT('',#3172);
#3172 = CARTESIAN_POINT('',(0.45,3.1,1.42));
#3173 = LINE('',#3174,#3175);
#3174 = CARTESIAN_POINT('',(0.45,3.1,1.42));
#3175 = VECTOR('',#3176,1.);
#3176 = DIRECTION('',(-1.,4.448008912761E-16,-1.1676023396E-15));
#3177 = ORIENTED_EDGE('',*,*,#3178,.F.);
#3178 = EDGE_CURVE('',#3179,#3171,#3181,.T.);
#3179 = VERTEX_POINT('',#3180);
#3180 = CARTESIAN_POINT('',(0.45,4.1,1.42));
#3181 = LINE('',#3182,#3183);
#3182 = CARTESIAN_POINT('',(0.45,4.1,1.42));
#3183 = VECTOR('',#3184,1.);
#3184 = DIRECTION('',(-1.192622389734E-15,-1.,0.));
#3185 = ORIENTED_EDGE('',*,*,#3186,.F.);
#3186 = EDGE_CURVE('',#3187,#3179,#3189,.T.);
#3187 = VERTEX_POINT('',#3188);
#3188 = CARTESIAN_POINT('',(0.95,4.1,1.42));
#3189 = LINE('',#3190,#3191);
#3190 = CARTESIAN_POINT('',(0.95,4.1,1.42));
#3191 = VECTOR('',#3192,1.);
#3192 = DIRECTION('',(-1.,0.,-1.301042606983E-15));
#3193 = ORIENTED_EDGE('',*,*,#3194,.F.);
#3194 = EDGE_CURVE('',#2803,#3187,#3195,.T.);
#3195 = LINE('',#3196,#3197);
#3196 = CARTESIAN_POINT('',(0.95,2.05,1.42));
#3197 = VECTOR('',#3198,1.);
#3198 = DIRECTION('',(9.519823953531E-16,1.,0.));
#3199 = ORIENTED_EDGE('',*,*,#2802,.F.);
#3200 = ORIENTED_EDGE('',*,*,#2710,.F.);
#3201 = ORIENTED_EDGE('',*,*,#3202,.T.);
#3202 = EDGE_CURVE('',#2703,#2639,#3203,.T.);
#3203 = LINE('',#3204,#3205);
#3204 = CARTESIAN_POINT('',(2.4,6.9,1.42));
#3205 = VECTOR('',#3206,1.);
#3206 = DIRECTION('',(-1.,0.,2.780005570476E-17));
#3207 = ORIENTED_EDGE('',*,*,#2638,.T.);
#3208 = ORIENTED_EDGE('',*,*,#2757,.F.);
#3209 = PLANE('',#3210);
#3210 = AXIS2_PLACEMENT_3D('',#3211,#3212,#3213);
#3211 = CARTESIAN_POINT('',(2.4,6.9,1.42));
#3212 = DIRECTION('',(2.780005570476E-17,0.,1.));
#3213 = DIRECTION('',(1.,0.,-2.780005570476E-17));
#3214 = ADVANCED_FACE('',(#3215),#3313,.F.);
#3215 = FACE_BOUND('',#3216,.T.);
#3216 = EDGE_LOOP('',(#3217,#3218,#3226,#3234,#3240,#3241,#3242,#3243,
    #3244,#3245,#3253,#3261,#3267,#3268,#3276,#3284,#3290,#3291,#3299,
    #3307));
#3217 = ORIENTED_EDGE('',*,*,#2882,.F.);
#3218 = ORIENTED_EDGE('',*,*,#3219,.T.);
#3219 = EDGE_CURVE('',#2873,#3220,#3222,.T.);
#3220 = VERTEX_POINT('',#3221);
#3221 = CARTESIAN_POINT('',(-2.875,6.9,0.23));
#3222 = LINE('',#3223,#3224);
#3223 = CARTESIAN_POINT('',(-2.875,6.9,0.));
#3224 = VECTOR('',#3225,1.);
#3225 = DIRECTION('',(0.,0.,1.));
#3226 = ORIENTED_EDGE('',*,*,#3227,.F.);
#3227 = EDGE_CURVE('',#3228,#3220,#3230,.T.);
#3228 = VERTEX_POINT('',#3229);
#3229 = CARTESIAN_POINT('',(-3.125,6.9,0.23));
#3230 = LINE('',#3231,#3232);
#3231 = CARTESIAN_POINT('',(0.,6.9,0.23));
#3232 = VECTOR('',#3233,1.);
#3233 = DIRECTION('',(1.,0.,0.));
#3234 = ORIENTED_EDGE('',*,*,#3235,.F.);
#3235 = EDGE_CURVE('',#3057,#3228,#3236,.T.);
#3236 = LINE('',#3237,#3238);
#3237 = CARTESIAN_POINT('',(-3.125,6.9,0.));
#3238 = VECTOR('',#3239,1.);
#3239 = DIRECTION('',(0.,0.,1.));
#3240 = ORIENTED_EDGE('',*,*,#3056,.F.);
#3241 = ORIENTED_EDGE('',*,*,#2646,.F.);
#3242 = ORIENTED_EDGE('',*,*,#3202,.F.);
#3243 = ORIENTED_EDGE('',*,*,#2702,.F.);
#3244 = ORIENTED_EDGE('',*,*,#2978,.F.);
#3245 = ORIENTED_EDGE('',*,*,#3246,.T.);
#3246 = EDGE_CURVE('',#2971,#3247,#3249,.T.);
#3247 = VERTEX_POINT('',#3248);
#3248 = CARTESIAN_POINT('',(0.125,6.9,0.23));
#3249 = LINE('',#3250,#3251);
#3250 = CARTESIAN_POINT('',(0.125,6.9,0.));
#3251 = VECTOR('',#3252,1.);
#3252 = DIRECTION('',(0.,0.,1.));
#3253 = ORIENTED_EDGE('',*,*,#3254,.F.);
#3254 = EDGE_CURVE('',#3255,#3247,#3257,.T.);
#3255 = VERTEX_POINT('',#3256);
#3256 = CARTESIAN_POINT('',(-0.125,6.9,0.23));
#3257 = LINE('',#3258,#3259);
#3258 = CARTESIAN_POINT('',(0.,6.9,0.23));
#3259 = VECTOR('',#3260,1.);
#3260 = DIRECTION('',(1.,0.,0.));
#3261 = ORIENTED_EDGE('',*,*,#3262,.F.);
#3262 = EDGE_CURVE('',#2947,#3255,#3263,.T.);
#3263 = LINE('',#3264,#3265);
#3264 = CARTESIAN_POINT('',(-0.125,6.9,0.));
#3265 = VECTOR('',#3266,1.);
#3266 = DIRECTION('',(0.,0.,1.));
#3267 = ORIENTED_EDGE('',*,*,#2946,.F.);
#3268 = ORIENTED_EDGE('',*,*,#3269,.T.);
#3269 = EDGE_CURVE('',#2939,#3270,#3272,.T.);
#3270 = VERTEX_POINT('',#3271);
#3271 = CARTESIAN_POINT('',(-0.875,6.9,0.23));
#3272 = LINE('',#3273,#3274);
#3273 = CARTESIAN_POINT('',(-0.875,6.9,0.));
#3274 = VECTOR('',#3275,1.);
#3275 = DIRECTION('',(0.,0.,1.));
#3276 = ORIENTED_EDGE('',*,*,#3277,.F.);
#3277 = EDGE_CURVE('',#3278,#3270,#3280,.T.);
#3278 = VERTEX_POINT('',#3279);
#3279 = CARTESIAN_POINT('',(-1.125,6.9,0.23));
#3280 = LINE('',#3281,#3282);
#3281 = CARTESIAN_POINT('',(0.,6.9,0.23));
#3282 = VECTOR('',#3283,1.);
#3283 = DIRECTION('',(1.,0.,0.));
#3284 = ORIENTED_EDGE('',*,*,#3285,.F.);
#3285 = EDGE_CURVE('',#2915,#3278,#3286,.T.);
#3286 = LINE('',#3287,#3288);
#3287 = CARTESIAN_POINT('',(-1.125,6.9,0.));
#3288 = VECTOR('',#3289,1.);
#3289 = DIRECTION('',(0.,0.,1.));
#3290 = ORIENTED_EDGE('',*,*,#2914,.F.);
#3291 = ORIENTED_EDGE('',*,*,#3292,.T.);
#3292 = EDGE_CURVE('',#2907,#3293,#3295,.T.);
#3293 = VERTEX_POINT('',#3294);
#3294 = CARTESIAN_POINT('',(-1.875,6.9,0.23));
#3295 = LINE('',#3296,#3297);
#3296 = CARTESIAN_POINT('',(-1.875,6.9,0.));
#3297 = VECTOR('',#3298,1.);
#3298 = DIRECTION('',(0.,0.,1.));
#3299 = ORIENTED_EDGE('',*,*,#3300,.F.);
#3300 = EDGE_CURVE('',#3301,#3293,#3303,.T.);
#3301 = VERTEX_POINT('',#3302);
#3302 = CARTESIAN_POINT('',(-2.125,6.9,0.23));
#3303 = LINE('',#3304,#3305);
#3304 = CARTESIAN_POINT('',(0.,6.9,0.23));
#3305 = VECTOR('',#3306,1.);
#3306 = DIRECTION('',(1.,0.,0.));
#3307 = ORIENTED_EDGE('',*,*,#3308,.F.);
#3308 = EDGE_CURVE('',#2883,#3301,#3309,.T.);
#3309 = LINE('',#3310,#3311);
#3310 = CARTESIAN_POINT('',(-2.125,6.9,0.));
#3311 = VECTOR('',#3312,1.);
#3312 = DIRECTION('',(0.,0.,1.));
#3313 = PLANE('',#3314);
#3314 = AXIS2_PLACEMENT_3D('',#3315,#3316,#3317);
#3315 = CARTESIAN_POINT('',(0.,6.9,0.));
#3316 = DIRECTION('',(0.,-1.,0.));
#3317 = DIRECTION('',(0.,0.,-1.));
#3318 = ADVANCED_FACE('',(#3319),#3353,.F.);
#3319 = FACE_BOUND('',#3320,.T.);
#3320 = EDGE_LOOP('',(#3321,#3329,#3335,#3336,#3337,#3338,#3346,#3352));
#3321 = ORIENTED_EDGE('',*,*,#3322,.T.);
#3322 = EDGE_CURVE('',#2727,#3323,#3325,.T.);
#3323 = VERTEX_POINT('',#3324);
#3324 = CARTESIAN_POINT('',(-5.01,4.52,0.16));
#3325 = LINE('',#3326,#3327);
#3326 = CARTESIAN_POINT('',(-5.01,5.15,0.16));
#3327 = VECTOR('',#3328,1.);
#3328 = DIRECTION('',(0.,1.,0.));
#3329 = ORIENTED_EDGE('',*,*,#3330,.T.);
#3330 = EDGE_CURVE('',#3323,#2038,#3331,.T.);
#3331 = LINE('',#3332,#3333);
#3332 = CARTESIAN_POINT('',(-5.01,4.52,0.16));
#3333 = VECTOR('',#3334,1.);
#3334 = DIRECTION('',(0.,0.707106781187,0.707106781187));
#3335 = ORIENTED_EDGE('',*,*,#2061,.T.);
#3336 = ORIENTED_EDGE('',*,*,#2250,.F.);
#3337 = ORIENTED_EDGE('',*,*,#2141,.F.);
#3338 = ORIENTED_EDGE('',*,*,#3339,.F.);
#3339 = EDGE_CURVE('',#3340,#2134,#3342,.T.);
#3340 = VERTEX_POINT('',#3341);
#3341 = CARTESIAN_POINT('',(-5.01,4.1,1.17));
#3342 = LINE('',#3343,#3344);
#3343 = CARTESIAN_POINT('',(-5.01,4.1,1.17));
#3344 = VECTOR('',#3345,1.);
#3345 = DIRECTION('',(0.,0.,-1.));
#3346 = ORIENTED_EDGE('',*,*,#3347,.T.);
#3347 = EDGE_CURVE('',#3340,#2725,#3348,.T.);
#3348 = LINE('',#3349,#3350);
#3349 = CARTESIAN_POINT('',(-5.01,4.1,1.17));
#3350 = VECTOR('',#3351,1.);
#3351 = DIRECTION('',(0.,-1.,0.));
#3352 = ORIENTED_EDGE('',*,*,#2724,.T.);
#3353 = PLANE('',#3354);
#3354 = AXIS2_PLACEMENT_3D('',#3355,#3356,#3357);
#3355 = CARTESIAN_POINT('',(-5.01,5.15,1.));
#3356 = DIRECTION('',(-1.,0.,0.));
#3357 = DIRECTION('',(0.,0.,1.));
#3358 = ADVANCED_FACE('',(#3359),#3375,.F.);
#3359 = FACE_BOUND('',#3360,.T.);
#3360 = EDGE_LOOP('',(#3361,#3362,#3368,#3369));
#3361 = ORIENTED_EDGE('',*,*,#2560,.F.);
#3362 = ORIENTED_EDGE('',*,*,#3363,.T.);
#3363 = EDGE_CURVE('',#2553,#1930,#3364,.T.);
#3364 = LINE('',#3365,#3366);
#3365 = CARTESIAN_POINT('',(-3.7,3.1,3.722));
#3366 = VECTOR('',#3367,1.);
#3367 = DIRECTION('',(1.76356603377E-16,0.,-1.));
#3368 = ORIENTED_EDGE('',*,*,#1953,.T.);
#3369 = ORIENTED_EDGE('',*,*,#3370,.T.);
#3370 = EDGE_CURVE('',#1946,#2561,#3371,.T.);
#3371 = LINE('',#3372,#3373);
#3372 = CARTESIAN_POINT('',(-3.7,5.15,0.34));
#3373 = VECTOR('',#3374,1.);
#3374 = DIRECTION('',(0.,0.,1.));
#3375 = PLANE('',#3376);
#3376 = AXIS2_PLACEMENT_3D('',#3377,#3378,#3379);
#3377 = CARTESIAN_POINT('',(-3.7,5.15,0.34));
#3378 = DIRECTION('',(-1.,0.,0.));
#3379 = DIRECTION('',(0.,0.,1.));
#3380 = ADVANCED_FACE('',(#3381),#3397,.F.);
#3381 = FACE_BOUND('',#3382,.T.);
#3382 = EDGE_LOOP('',(#3383,#3384,#3390,#3391));
#3383 = ORIENTED_EDGE('',*,*,#2335,.F.);
#3384 = ORIENTED_EDGE('',*,*,#3385,.T.);
#3385 = EDGE_CURVE('',#2336,#2418,#3386,.T.);
#3386 = LINE('',#3387,#3388);
#3387 = CARTESIAN_POINT('',(1.28,3.3,3.722));
#3388 = VECTOR('',#3389,1.);
#3389 = DIRECTION('',(1.76356603377E-16,0.,-1.));
#3390 = ORIENTED_EDGE('',*,*,#2417,.T.);
#3391 = ORIENTED_EDGE('',*,*,#3392,.T.);
#3392 = EDGE_CURVE('',#2410,#2338,#3393,.T.);
#3393 = LINE('',#3394,#3395);
#3394 = CARTESIAN_POINT('',(1.28,5.5,0.34));
#3395 = VECTOR('',#3396,1.);
#3396 = DIRECTION('',(0.,0.,1.));
#3397 = PLANE('',#3398);
#3398 = AXIS2_PLACEMENT_3D('',#3399,#3400,#3401);
#3399 = CARTESIAN_POINT('',(1.28,5.15,0.34));
#3400 = DIRECTION('',(-1.,0.,0.));
#3401 = DIRECTION('',(0.,0.,1.));
#3402 = ADVANCED_FACE('',(#3403),#3476,.F.);
#3403 = FACE_BOUND('',#3404,.T.);
#3404 = EDGE_LOOP('',(#3405,#3415,#3421,#3422,#3423,#3431,#3437,#3438,
    #3446,#3454,#3462,#3470));
#3405 = ORIENTED_EDGE('',*,*,#3406,.T.);
#3406 = EDGE_CURVE('',#3407,#3409,#3411,.T.);
#3407 = VERTEX_POINT('',#3408);
#3408 = CARTESIAN_POINT('',(1.85,4.2,1.));
#3409 = VERTEX_POINT('',#3410);
#3410 = CARTESIAN_POINT('',(2.,4.2,1.));
#3411 = LINE('',#3412,#3413);
#3412 = CARTESIAN_POINT('',(2.01,4.2,1.));
#3413 = VECTOR('',#3414,1.);
#3414 = DIRECTION('',(1.,0.,8.182657905551E-16));
#3415 = ORIENTED_EDGE('',*,*,#3416,.T.);
#3416 = EDGE_CURVE('',#3409,#2305,#3417,.T.);
#3417 = LINE('',#3418,#3419);
#3418 = CARTESIAN_POINT('',(2.,5.15,1.));
#3419 = VECTOR('',#3420,1.);
#3420 = DIRECTION('',(0.,1.,0.));
#3421 = ORIENTED_EDGE('',*,*,#2321,.F.);
#3422 = ORIENTED_EDGE('',*,*,#2497,.F.);
#3423 = ORIENTED_EDGE('',*,*,#3424,.F.);
#3424 = EDGE_CURVE('',#3425,#2490,#3427,.T.);
#3425 = VERTEX_POINT('',#3426);
#3426 = CARTESIAN_POINT('',(1.25,4.1,1.));
#3427 = LINE('',#3428,#3429);
#3428 = CARTESIAN_POINT('',(1.25,4.1,1.));
#3429 = VECTOR('',#3430,1.);
#3430 = DIRECTION('',(1.,0.,0.));
#3431 = ORIENTED_EDGE('',*,*,#3432,.T.);
#3432 = EDGE_CURVE('',#3425,#2781,#3433,.T.);
#3433 = LINE('',#3434,#3435);
#3434 = CARTESIAN_POINT('',(1.25,4.1,1.));
#3435 = VECTOR('',#3436,1.);
#3436 = DIRECTION('',(0.,-1.,0.));
#3437 = ORIENTED_EDGE('',*,*,#2818,.T.);
#3438 = ORIENTED_EDGE('',*,*,#3439,.T.);
#3439 = EDGE_CURVE('',#2811,#3440,#3442,.T.);
#3440 = VERTEX_POINT('',#3441);
#3441 = CARTESIAN_POINT('',(0.95,5.15,1.));
#3442 = LINE('',#3443,#3444);
#3443 = CARTESIAN_POINT('',(0.95,5.15,1.));
#3444 = VECTOR('',#3445,1.);
#3445 = DIRECTION('',(0.,1.,0.));
#3446 = ORIENTED_EDGE('',*,*,#3447,.T.);
#3447 = EDGE_CURVE('',#3440,#3448,#3450,.T.);
#3448 = VERTEX_POINT('',#3449);
#3449 = CARTESIAN_POINT('',(0.525,5.15,1.));
#3450 = LINE('',#3451,#3452);
#3451 = CARTESIAN_POINT('',(2.01,5.15,1.));
#3452 = VECTOR('',#3453,1.);
#3453 = DIRECTION('',(-1.,0.,2.035325377951E-15));
#3454 = ORIENTED_EDGE('',*,*,#3455,.T.);
#3455 = EDGE_CURVE('',#3448,#3456,#3458,.T.);
#3456 = VERTEX_POINT('',#3457);
#3457 = CARTESIAN_POINT('',(0.625,5.5,1.));
#3458 = LINE('',#3459,#3460);
#3459 = CARTESIAN_POINT('',(0.637075471698,5.542264150943,1.));
#3460 = VECTOR('',#3461,1.);
#3461 = DIRECTION('',(0.274721127897,0.961523947641,2.247949009011E-16)
  );
#3462 = ORIENTED_EDGE('',*,*,#3463,.F.);
#3463 = EDGE_CURVE('',#3464,#3456,#3466,.T.);
#3464 = VERTEX_POINT('',#3465);
#3465 = CARTESIAN_POINT('',(1.85,5.5,1.));
#3466 = LINE('',#3467,#3468);
#3467 = CARTESIAN_POINT('',(2.01,5.5,1.));
#3468 = VECTOR('',#3469,1.);
#3469 = DIRECTION('',(-1.,0.,2.035325377951E-15));
#3470 = ORIENTED_EDGE('',*,*,#3471,.T.);
#3471 = EDGE_CURVE('',#3464,#3407,#3472,.T.);
#3472 = LINE('',#3473,#3474);
#3473 = CARTESIAN_POINT('',(1.85,5.15,1.));
#3474 = VECTOR('',#3475,1.);
#3475 = DIRECTION('',(0.,-1.,0.));
#3476 = PLANE('',#3477);
#3477 = AXIS2_PLACEMENT_3D('',#3478,#3479,#3480);
#3478 = CARTESIAN_POINT('',(2.01,5.15,1.));
#3479 = DIRECTION('',(-8.182657905551E-16,0.,1.));
#3480 = DIRECTION('',(1.,0.,8.182657905551E-16));
#3481 = ADVANCED_FACE('',(#3482),#3509,.F.);
#3482 = FACE_BOUND('',#3483,.T.);
#3483 = EDGE_LOOP('',(#3484,#3492,#3493,#3494,#3495,#3503));
#3484 = ORIENTED_EDGE('',*,*,#3485,.T.);
#3485 = EDGE_CURVE('',#3486,#3440,#3488,.T.);
#3486 = VERTEX_POINT('',#3487);
#3487 = CARTESIAN_POINT('',(0.95,5.15,1.17));
#3488 = LINE('',#3489,#3490);
#3489 = CARTESIAN_POINT('',(0.95,5.15,1.));
#3490 = VECTOR('',#3491,1.);
#3491 = DIRECTION('',(0.,0.,-1.));
#3492 = ORIENTED_EDGE('',*,*,#3439,.F.);
#3493 = ORIENTED_EDGE('',*,*,#2810,.T.);
#3494 = ORIENTED_EDGE('',*,*,#3194,.T.);
#3495 = ORIENTED_EDGE('',*,*,#3496,.F.);
#3496 = EDGE_CURVE('',#3497,#3187,#3499,.T.);
#3497 = VERTEX_POINT('',#3498);
#3498 = CARTESIAN_POINT('',(0.95,4.1,1.17));
#3499 = LINE('',#3500,#3501);
#3500 = CARTESIAN_POINT('',(0.95,4.1,-2.738));
#3501 = VECTOR('',#3502,1.);
#3502 = DIRECTION('',(0.,0.,1.));
#3503 = ORIENTED_EDGE('',*,*,#3504,.T.);
#3504 = EDGE_CURVE('',#3497,#3486,#3505,.T.);
#3505 = LINE('',#3506,#3507);
#3506 = CARTESIAN_POINT('',(0.95,5.15,1.17));
#3507 = VECTOR('',#3508,1.);
#3508 = DIRECTION('',(0.,1.,0.));
#3509 = PLANE('',#3510);
#3510 = AXIS2_PLACEMENT_3D('',#3511,#3512,#3513);
#3511 = CARTESIAN_POINT('',(0.95,5.15,1.));
#3512 = DIRECTION('',(1.,0.,0.));
#3513 = DIRECTION('',(0.,0.,-1.));
#3514 = ADVANCED_FACE('',(#3515,#3549),#3606,.F.);
#3515 = FACE_BOUND('',#3516,.T.);
#3516 = EDGE_LOOP('',(#3517,#3527,#3535,#3543));
#3517 = ORIENTED_EDGE('',*,*,#3518,.F.);
#3518 = EDGE_CURVE('',#3519,#3521,#3523,.T.);
#3519 = VERTEX_POINT('',#3520);
#3520 = CARTESIAN_POINT('',(-1.8,4.55,1.17));
#3521 = VERTEX_POINT('',#3522);
#3522 = CARTESIAN_POINT('',(-1.2,4.55,1.17));
#3523 = LINE('',#3524,#3525);
#3524 = CARTESIAN_POINT('',(-1.2,4.55,1.17));
#3525 = VECTOR('',#3526,1.);
#3526 = DIRECTION('',(1.,-2.891205793295E-15,3.982783490763E-16));
#3527 = ORIENTED_EDGE('',*,*,#3528,.F.);
#3528 = EDGE_CURVE('',#3529,#3519,#3531,.T.);
#3529 = VERTEX_POINT('',#3530);
#3530 = CARTESIAN_POINT('',(-1.8,3.65,1.17));
#3531 = LINE('',#3532,#3533);
#3532 = CARTESIAN_POINT('',(-1.8,4.55,1.17));
#3533 = VECTOR('',#3534,1.);
#3534 = DIRECTION('',(4.818676322158E-16,1.,1.919174450322E-31));
#3535 = ORIENTED_EDGE('',*,*,#3536,.F.);
#3536 = EDGE_CURVE('',#3537,#3529,#3539,.T.);
#3537 = VERTEX_POINT('',#3538);
#3538 = CARTESIAN_POINT('',(-1.2,3.65,1.17));
#3539 = LINE('',#3540,#3541);
#3540 = CARTESIAN_POINT('',(-1.8,3.65,1.17));
#3541 = VECTOR('',#3542,1.);
#3542 = DIRECTION('',(-1.,1.445602896647E-15,-3.982783490763E-16));
#3543 = ORIENTED_EDGE('',*,*,#3544,.F.);
#3544 = EDGE_CURVE('',#3521,#3537,#3545,.T.);
#3545 = LINE('',#3546,#3547);
#3546 = CARTESIAN_POINT('',(-1.2,3.65,1.17));
#3547 = VECTOR('',#3548,1.);
#3548 = DIRECTION('',(-9.637352644316E-16,-1.,-3.838348900644E-31));
#3549 = FACE_BOUND('',#3550,.T.);
#3550 = EDGE_LOOP('',(#3551,#3552,#3560,#3568,#3576,#3584,#3592,#3600));
#3551 = ORIENTED_EDGE('',*,*,#3504,.F.);
#3552 = ORIENTED_EDGE('',*,*,#3553,.T.);
#3553 = EDGE_CURVE('',#3497,#3554,#3556,.T.);
#3554 = VERTEX_POINT('',#3555);
#3555 = CARTESIAN_POINT('',(0.45,4.1,1.17));
#3556 = LINE('',#3557,#3558);
#3557 = CARTESIAN_POINT('',(0.95,4.1,1.17));
#3558 = VECTOR('',#3559,1.);
#3559 = DIRECTION('',(-1.,0.,-3.982783490763E-16));
#3560 = ORIENTED_EDGE('',*,*,#3561,.T.);
#3561 = EDGE_CURVE('',#3554,#3562,#3564,.T.);
#3562 = VERTEX_POINT('',#3563);
#3563 = CARTESIAN_POINT('',(0.45,3.1,1.17));
#3564 = LINE('',#3565,#3566);
#3565 = CARTESIAN_POINT('',(0.45,5.15,1.17));
#3566 = VECTOR('',#3567,1.);
#3567 = DIRECTION('',(-1.192622389734E-15,-1.,-4.749956764547E-31));
#3568 = ORIENTED_EDGE('',*,*,#3569,.T.);
#3569 = EDGE_CURVE('',#3562,#3570,#3572,.T.);
#3570 = VERTEX_POINT('',#3571);
#3571 = CARTESIAN_POINT('',(-3.45,3.1,1.17));
#3572 = LINE('',#3573,#3574);
#3573 = CARTESIAN_POINT('',(0.95,3.1,1.17));
#3574 = VECTOR('',#3575,1.);
#3575 = DIRECTION('',(-1.,4.448008912761E-16,-3.982783490763E-16));
#3576 = ORIENTED_EDGE('',*,*,#3577,.T.);
#3577 = EDGE_CURVE('',#3570,#3578,#3580,.T.);
#3578 = VERTEX_POINT('',#3579);
#3579 = CARTESIAN_POINT('',(-3.45,4.1,1.17));
#3580 = LINE('',#3581,#3582);
#3581 = CARTESIAN_POINT('',(-3.45,5.15,1.17));
#3582 = VECTOR('',#3583,1.);
#3583 = DIRECTION('',(4.336808689942E-16,1.,1.72725700529E-31));
#3584 = ORIENTED_EDGE('',*,*,#3585,.T.);
#3585 = EDGE_CURVE('',#3578,#3586,#3588,.T.);
#3586 = VERTEX_POINT('',#3587);
#3587 = CARTESIAN_POINT('',(-3.95,4.1,1.17));
#3588 = LINE('',#3589,#3590);
#3589 = CARTESIAN_POINT('',(0.95,4.1,1.17));
#3590 = VECTOR('',#3591,1.);
#3591 = DIRECTION('',(-1.,0.,-3.982783490763E-16));
#3592 = ORIENTED_EDGE('',*,*,#3593,.T.);
#3593 = EDGE_CURVE('',#3586,#3594,#3596,.T.);
#3594 = VERTEX_POINT('',#3595);
#3595 = CARTESIAN_POINT('',(-3.95,5.15,1.17));
#3596 = LINE('',#3597,#3598);
#3597 = CARTESIAN_POINT('',(-3.95,5.15,1.17));
#3598 = VECTOR('',#3599,1.);
#3599 = DIRECTION('',(0.,1.,0.));
#3600 = ORIENTED_EDGE('',*,*,#3601,.T.);
#3601 = EDGE_CURVE('',#3594,#3486,#3602,.T.);
#3602 = LINE('',#3603,#3604);
#3603 = CARTESIAN_POINT('',(0.95,5.15,1.17));
#3604 = VECTOR('',#3605,1.);
#3605 = DIRECTION('',(1.,0.,3.982783490763E-16));
#3606 = PLANE('',#3607);
#3607 = AXIS2_PLACEMENT_3D('',#3608,#3609,#3610);
#3608 = CARTESIAN_POINT('',(0.95,5.15,1.17));
#3609 = DIRECTION('',(-3.982783490763E-16,0.,1.));
#3610 = DIRECTION('',(1.,0.,3.982783490763E-16));
#3611 = ADVANCED_FACE('',(#3612),#3630,.F.);
#3612 = FACE_BOUND('',#3613,.T.);
#3613 = EDGE_LOOP('',(#3614,#3615,#3621,#3622,#3628,#3629));
#3614 = ORIENTED_EDGE('',*,*,#2109,.T.);
#3615 = ORIENTED_EDGE('',*,*,#3616,.T.);
#3616 = EDGE_CURVE('',#2102,#3594,#3617,.T.);
#3617 = LINE('',#3618,#3619);
#3618 = CARTESIAN_POINT('',(-3.95,5.15,1.17));
#3619 = VECTOR('',#3620,1.);
#3620 = DIRECTION('',(0.,0.,1.));
#3621 = ORIENTED_EDGE('',*,*,#3593,.F.);
#3622 = ORIENTED_EDGE('',*,*,#3623,.T.);
#3623 = EDGE_CURVE('',#3586,#3147,#3624,.T.);
#3624 = LINE('',#3625,#3626);
#3625 = CARTESIAN_POINT('',(-3.95,4.1,-2.738));
#3626 = VECTOR('',#3627,1.);
#3627 = DIRECTION('',(0.,0.,1.));
#3628 = ORIENTED_EDGE('',*,*,#3146,.T.);
#3629 = ORIENTED_EDGE('',*,*,#2749,.T.);
#3630 = PLANE('',#3631);
#3631 = AXIS2_PLACEMENT_3D('',#3632,#3633,#3634);
#3632 = CARTESIAN_POINT('',(-3.95,5.15,1.17));
#3633 = DIRECTION('',(-1.,0.,0.));
#3634 = DIRECTION('',(0.,0.,1.));
#3635 = ADVANCED_FACE('',(#3636,#3670,#3704,#3738,#3762),#3796,.T.);
#3636 = FACE_BOUND('',#3637,.T.);
#3637 = EDGE_LOOP('',(#3638,#3648,#3656,#3664));
#3638 = ORIENTED_EDGE('',*,*,#3639,.F.);
#3639 = EDGE_CURVE('',#3640,#3642,#3644,.T.);
#3640 = VERTEX_POINT('',#3641);
#3641 = CARTESIAN_POINT('',(-2.875,5.15,0.3));
#3642 = VERTEX_POINT('',#3643);
#3643 = CARTESIAN_POINT('',(-2.875,5.15,0.68));
#3644 = LINE('',#3645,#3646);
#3645 = CARTESIAN_POINT('',(-2.875,5.15,0.));
#3646 = VECTOR('',#3647,1.);
#3647 = DIRECTION('',(0.,0.,1.));
#3648 = ORIENTED_EDGE('',*,*,#3649,.T.);
#3649 = EDGE_CURVE('',#3640,#3650,#3652,.T.);
#3650 = VERTEX_POINT('',#3651);
#3651 = CARTESIAN_POINT('',(-3.125,5.15,0.3));
#3652 = LINE('',#3653,#3654);
#3653 = CARTESIAN_POINT('',(0.,5.15,0.3));
#3654 = VECTOR('',#3655,1.);
#3655 = DIRECTION('',(-1.,0.,0.));
#3656 = ORIENTED_EDGE('',*,*,#3657,.T.);
#3657 = EDGE_CURVE('',#3650,#3658,#3660,.T.);
#3658 = VERTEX_POINT('',#3659);
#3659 = CARTESIAN_POINT('',(-3.125,5.15,0.68));
#3660 = LINE('',#3661,#3662);
#3661 = CARTESIAN_POINT('',(-3.125,5.15,0.));
#3662 = VECTOR('',#3663,1.);
#3663 = DIRECTION('',(0.,0.,1.));
#3664 = ORIENTED_EDGE('',*,*,#3665,.T.);
#3665 = EDGE_CURVE('',#3658,#3642,#3666,.T.);
#3666 = LINE('',#3667,#3668);
#3667 = CARTESIAN_POINT('',(0.,5.15,0.68));
#3668 = VECTOR('',#3669,1.);
#3669 = DIRECTION('',(1.,0.,0.));
#3670 = FACE_BOUND('',#3671,.T.);
#3671 = EDGE_LOOP('',(#3672,#3682,#3690,#3698));
#3672 = ORIENTED_EDGE('',*,*,#3673,.F.);
#3673 = EDGE_CURVE('',#3674,#3676,#3678,.T.);
#3674 = VERTEX_POINT('',#3675);
#3675 = CARTESIAN_POINT('',(-1.875,5.15,0.3));
#3676 = VERTEX_POINT('',#3677);
#3677 = CARTESIAN_POINT('',(-1.875,5.15,0.68));
#3678 = LINE('',#3679,#3680);
#3679 = CARTESIAN_POINT('',(-1.875,5.15,0.));
#3680 = VECTOR('',#3681,1.);
#3681 = DIRECTION('',(0.,0.,1.));
#3682 = ORIENTED_EDGE('',*,*,#3683,.T.);
#3683 = EDGE_CURVE('',#3674,#3684,#3686,.T.);
#3684 = VERTEX_POINT('',#3685);
#3685 = CARTESIAN_POINT('',(-2.125,5.15,0.3));
#3686 = LINE('',#3687,#3688);
#3687 = CARTESIAN_POINT('',(0.,5.15,0.3));
#3688 = VECTOR('',#3689,1.);
#3689 = DIRECTION('',(-1.,0.,0.));
#3690 = ORIENTED_EDGE('',*,*,#3691,.T.);
#3691 = EDGE_CURVE('',#3684,#3692,#3694,.T.);
#3692 = VERTEX_POINT('',#3693);
#3693 = CARTESIAN_POINT('',(-2.125,5.15,0.68));
#3694 = LINE('',#3695,#3696);
#3695 = CARTESIAN_POINT('',(-2.125,5.15,0.));
#3696 = VECTOR('',#3697,1.);
#3697 = DIRECTION('',(0.,0.,1.));
#3698 = ORIENTED_EDGE('',*,*,#3699,.T.);
#3699 = EDGE_CURVE('',#3692,#3676,#3700,.T.);
#3700 = LINE('',#3701,#3702);
#3701 = CARTESIAN_POINT('',(0.,5.15,0.68));
#3702 = VECTOR('',#3703,1.);
#3703 = DIRECTION('',(1.,0.,0.));
#3704 = FACE_BOUND('',#3705,.T.);
#3705 = EDGE_LOOP('',(#3706,#3716,#3724,#3732));
#3706 = ORIENTED_EDGE('',*,*,#3707,.F.);
#3707 = EDGE_CURVE('',#3708,#3710,#3712,.T.);
#3708 = VERTEX_POINT('',#3709);
#3709 = CARTESIAN_POINT('',(-0.875,5.15,0.3));
#3710 = VERTEX_POINT('',#3711);
#3711 = CARTESIAN_POINT('',(-0.875,5.15,0.68));
#3712 = LINE('',#3713,#3714);
#3713 = CARTESIAN_POINT('',(-0.875,5.15,0.));
#3714 = VECTOR('',#3715,1.);
#3715 = DIRECTION('',(0.,0.,1.));
#3716 = ORIENTED_EDGE('',*,*,#3717,.T.);
#3717 = EDGE_CURVE('',#3708,#3718,#3720,.T.);
#3718 = VERTEX_POINT('',#3719);
#3719 = CARTESIAN_POINT('',(-1.125,5.15,0.3));
#3720 = LINE('',#3721,#3722);
#3721 = CARTESIAN_POINT('',(0.,5.15,0.3));
#3722 = VECTOR('',#3723,1.);
#3723 = DIRECTION('',(-1.,0.,0.));
#3724 = ORIENTED_EDGE('',*,*,#3725,.T.);
#3725 = EDGE_CURVE('',#3718,#3726,#3728,.T.);
#3726 = VERTEX_POINT('',#3727);
#3727 = CARTESIAN_POINT('',(-1.125,5.15,0.68));
#3728 = LINE('',#3729,#3730);
#3729 = CARTESIAN_POINT('',(-1.125,5.15,0.));
#3730 = VECTOR('',#3731,1.);
#3731 = DIRECTION('',(0.,0.,1.));
#3732 = ORIENTED_EDGE('',*,*,#3733,.T.);
#3733 = EDGE_CURVE('',#3726,#3710,#3734,.T.);
#3734 = LINE('',#3735,#3736);
#3735 = CARTESIAN_POINT('',(0.,5.15,0.68));
#3736 = VECTOR('',#3737,1.);
#3737 = DIRECTION('',(1.,0.,0.));
#3738 = FACE_BOUND('',#3739,.T.);
#3739 = EDGE_LOOP('',(#3740,#3741,#3747,#3748,#3749,#3750,#3751,#3752,
    #3758,#3759,#3760,#3761));
#3740 = ORIENTED_EDGE('',*,*,#2101,.F.);
#3741 = ORIENTED_EDGE('',*,*,#3742,.T.);
#3742 = EDGE_CURVE('',#2094,#2569,#3743,.T.);
#3743 = LINE('',#3744,#3745);
#3744 = CARTESIAN_POINT('',(-3.525,5.15,0.34));
#3745 = VECTOR('',#3746,1.);
#3746 = DIRECTION('',(0.,0.,-1.));
#3747 = ORIENTED_EDGE('',*,*,#2568,.F.);
#3748 = ORIENTED_EDGE('',*,*,#3370,.F.);
#3749 = ORIENTED_EDGE('',*,*,#1945,.F.);
#3750 = ORIENTED_EDGE('',*,*,#2597,.F.);
#3751 = ORIENTED_EDGE('',*,*,#2361,.F.);
#3752 = ORIENTED_EDGE('',*,*,#3753,.T.);
#3753 = EDGE_CURVE('',#2354,#3448,#3754,.T.);
#3754 = LINE('',#3755,#3756);
#3755 = CARTESIAN_POINT('',(0.525,5.15,1.));
#3756 = VECTOR('',#3757,1.);
#3757 = DIRECTION('',(0.,0.,1.));
#3758 = ORIENTED_EDGE('',*,*,#3447,.F.);
#3759 = ORIENTED_EDGE('',*,*,#3485,.F.);
#3760 = ORIENTED_EDGE('',*,*,#3601,.F.);
#3761 = ORIENTED_EDGE('',*,*,#3616,.F.);
#3762 = FACE_BOUND('',#3763,.T.);
#3763 = EDGE_LOOP('',(#3764,#3774,#3782,#3790));
#3764 = ORIENTED_EDGE('',*,*,#3765,.F.);
#3765 = EDGE_CURVE('',#3766,#3768,#3770,.T.);
#3766 = VERTEX_POINT('',#3767);
#3767 = CARTESIAN_POINT('',(0.125,5.15,0.3));
#3768 = VERTEX_POINT('',#3769);
#3769 = CARTESIAN_POINT('',(0.125,5.15,0.68));
#3770 = LINE('',#3771,#3772);
#3771 = CARTESIAN_POINT('',(0.125,5.15,0.));
#3772 = VECTOR('',#3773,1.);
#3773 = DIRECTION('',(0.,0.,1.));
#3774 = ORIENTED_EDGE('',*,*,#3775,.T.);
#3775 = EDGE_CURVE('',#3766,#3776,#3778,.T.);
#3776 = VERTEX_POINT('',#3777);
#3777 = CARTESIAN_POINT('',(-0.125,5.15,0.3));
#3778 = LINE('',#3779,#3780);
#3779 = CARTESIAN_POINT('',(0.,5.15,0.3));
#3780 = VECTOR('',#3781,1.);
#3781 = DIRECTION('',(-1.,0.,0.));
#3782 = ORIENTED_EDGE('',*,*,#3783,.T.);
#3783 = EDGE_CURVE('',#3776,#3784,#3786,.T.);
#3784 = VERTEX_POINT('',#3785);
#3785 = CARTESIAN_POINT('',(-0.125,5.15,0.68));
#3786 = LINE('',#3787,#3788);
#3787 = CARTESIAN_POINT('',(-0.125,5.15,0.));
#3788 = VECTOR('',#3789,1.);
#3789 = DIRECTION('',(0.,0.,1.));
#3790 = ORIENTED_EDGE('',*,*,#3791,.T.);
#3791 = EDGE_CURVE('',#3784,#3768,#3792,.T.);
#3792 = LINE('',#3793,#3794);
#3793 = CARTESIAN_POINT('',(0.,5.15,0.68));
#3794 = VECTOR('',#3795,1.);
#3795 = DIRECTION('',(1.,0.,0.));
#3796 = PLANE('',#3797);
#3797 = AXIS2_PLACEMENT_3D('',#3798,#3799,#3800);
#3798 = CARTESIAN_POINT('',(0.,5.15,0.));
#3799 = DIRECTION('',(0.,-1.,0.));
#3800 = DIRECTION('',(0.,0.,-1.));
#3801 = ADVANCED_FACE('',(#3802),#3813,.F.);
#3802 = FACE_BOUND('',#3803,.T.);
#3803 = EDGE_LOOP('',(#3804,#3805,#3806,#3812));
#3804 = ORIENTED_EDGE('',*,*,#3496,.T.);
#3805 = ORIENTED_EDGE('',*,*,#3186,.T.);
#3806 = ORIENTED_EDGE('',*,*,#3807,.T.);
#3807 = EDGE_CURVE('',#3179,#3554,#3808,.T.);
#3808 = LINE('',#3809,#3810);
#3809 = CARTESIAN_POINT('',(0.45,4.1,-2.738));
#3810 = VECTOR('',#3811,1.);
#3811 = DIRECTION('',(0.,0.,-1.));
#3812 = ORIENTED_EDGE('',*,*,#3553,.F.);
#3813 = PLANE('',#3814);
#3814 = AXIS2_PLACEMENT_3D('',#3815,#3816,#3817);
#3815 = CARTESIAN_POINT('',(0.95,4.1,-2.738));
#3816 = DIRECTION('',(0.,1.,0.));
#3817 = DIRECTION('',(0.,-0.,1.));
#3818 = ADVANCED_FACE('',(#3819),#3830,.F.);
#3819 = FACE_BOUND('',#3820,.T.);
#3820 = EDGE_LOOP('',(#3821,#3822,#3823,#3829));
#3821 = ORIENTED_EDGE('',*,*,#3807,.F.);
#3822 = ORIENTED_EDGE('',*,*,#3178,.T.);
#3823 = ORIENTED_EDGE('',*,*,#3824,.T.);
#3824 = EDGE_CURVE('',#3171,#3562,#3825,.T.);
#3825 = LINE('',#3826,#3827);
#3826 = CARTESIAN_POINT('',(0.45,3.1,-2.738));
#3827 = VECTOR('',#3828,1.);
#3828 = DIRECTION('',(0.,0.,-1.));
#3829 = ORIENTED_EDGE('',*,*,#3561,.F.);
#3830 = PLANE('',#3831);
#3831 = AXIS2_PLACEMENT_3D('',#3832,#3833,#3834);
#3832 = CARTESIAN_POINT('',(0.45,4.1,-2.738));
#3833 = DIRECTION('',(-1.,1.192622389734E-15,0.));
#3834 = DIRECTION('',(-1.192622389734E-15,-1.,0.));
#3835 = ADVANCED_FACE('',(#3836),#3847,.F.);
#3836 = FACE_BOUND('',#3837,.T.);
#3837 = EDGE_LOOP('',(#3838,#3839,#3840,#3846));
#3838 = ORIENTED_EDGE('',*,*,#3824,.F.);
#3839 = ORIENTED_EDGE('',*,*,#3170,.T.);
#3840 = ORIENTED_EDGE('',*,*,#3841,.T.);
#3841 = EDGE_CURVE('',#3163,#3570,#3842,.T.);
#3842 = LINE('',#3843,#3844);
#3843 = CARTESIAN_POINT('',(-3.45,3.1,-2.738));
#3844 = VECTOR('',#3845,1.);
#3845 = DIRECTION('',(0.,0.,-1.));
#3846 = ORIENTED_EDGE('',*,*,#3569,.F.);
#3847 = PLANE('',#3848);
#3848 = AXIS2_PLACEMENT_3D('',#3849,#3850,#3851);
#3849 = CARTESIAN_POINT('',(0.45,3.1,-2.738));
#3850 = DIRECTION('',(4.448008912761E-16,1.,0.));
#3851 = DIRECTION('',(-1.,4.448008912761E-16,0.));
#3852 = ADVANCED_FACE('',(#3853),#3864,.F.);
#3853 = FACE_BOUND('',#3854,.T.);
#3854 = EDGE_LOOP('',(#3855,#3856,#3857,#3863));
#3855 = ORIENTED_EDGE('',*,*,#3841,.F.);
#3856 = ORIENTED_EDGE('',*,*,#3162,.T.);
#3857 = ORIENTED_EDGE('',*,*,#3858,.T.);
#3858 = EDGE_CURVE('',#3155,#3578,#3859,.T.);
#3859 = LINE('',#3860,#3861);
#3860 = CARTESIAN_POINT('',(-3.45,4.1,-2.738));
#3861 = VECTOR('',#3862,1.);
#3862 = DIRECTION('',(0.,0.,-1.));
#3863 = ORIENTED_EDGE('',*,*,#3577,.F.);
#3864 = PLANE('',#3865);
#3865 = AXIS2_PLACEMENT_3D('',#3866,#3867,#3868);
#3866 = CARTESIAN_POINT('',(-3.45,3.1,-2.738));
#3867 = DIRECTION('',(1.,-4.336808689942E-16,0.));
#3868 = DIRECTION('',(4.336808689942E-16,1.,0.));
#3869 = ADVANCED_FACE('',(#3870),#3876,.F.);
#3870 = FACE_BOUND('',#3871,.T.);
#3871 = EDGE_LOOP('',(#3872,#3873,#3874,#3875));
#3872 = ORIENTED_EDGE('',*,*,#3858,.F.);
#3873 = ORIENTED_EDGE('',*,*,#3154,.T.);
#3874 = ORIENTED_EDGE('',*,*,#3623,.F.);
#3875 = ORIENTED_EDGE('',*,*,#3585,.F.);
#3876 = PLANE('',#3877);
#3877 = AXIS2_PLACEMENT_3D('',#3878,#3879,#3880);
#3878 = CARTESIAN_POINT('',(-3.45,4.1,-2.738));
#3879 = DIRECTION('',(0.,1.,0.));
#3880 = DIRECTION('',(0.,-0.,1.));
#3881 = ADVANCED_FACE('',(#3882),#3893,.T.);
#3882 = FACE_BOUND('',#3883,.T.);
#3883 = EDGE_LOOP('',(#3884,#3885,#3891,#3892));
#3884 = ORIENTED_EDGE('',*,*,#2465,.T.);
#3885 = ORIENTED_EDGE('',*,*,#3886,.T.);
#3886 = EDGE_CURVE('',#2458,#2679,#3887,.T.);
#3887 = LINE('',#3888,#3889);
#3888 = CARTESIAN_POINT('',(1.74,4.52,0.16));
#3889 = VECTOR('',#3890,1.);
#3890 = DIRECTION('',(1.,-1.314184451498E-15,1.848071884918E-17));
#3891 = ORIENTED_EDGE('',*,*,#2678,.F.);
#3892 = ORIENTED_EDGE('',*,*,#2795,.F.);
#3893 = PLANE('',#3894);
#3894 = AXIS2_PLACEMENT_3D('',#3895,#3896,#3897);
#3895 = CARTESIAN_POINT('',(-3.7,5.15,0.16));
#3896 = DIRECTION('',(1.848071884918E-17,0.,-1.));
#3897 = DIRECTION('',(-1.,0.,-1.848071884918E-17));
#3898 = ADVANCED_FACE('',(#3899),#3910,.T.);
#3899 = FACE_BOUND('',#3900,.T.);
#3900 = EDGE_LOOP('',(#3901,#3902,#3903,#3909));
#3901 = ORIENTED_EDGE('',*,*,#2764,.F.);
#3902 = ORIENTED_EDGE('',*,*,#2622,.F.);
#3903 = ORIENTED_EDGE('',*,*,#3904,.T.);
#3904 = EDGE_CURVE('',#2613,#3323,#3905,.T.);
#3905 = LINE('',#3906,#3907);
#3906 = CARTESIAN_POINT('',(-5.4,4.52,0.16));
#3907 = VECTOR('',#3908,1.);
#3908 = DIRECTION('',(1.,2.628368902995E-15,1.848071884918E-17));
#3909 = ORIENTED_EDGE('',*,*,#3322,.F.);
#3910 = PLANE('',#3911);
#3911 = AXIS2_PLACEMENT_3D('',#3912,#3913,#3914);
#3912 = CARTESIAN_POINT('',(-3.7,5.15,0.16));
#3913 = DIRECTION('',(1.848071884918E-17,0.,-1.));
#3914 = DIRECTION('',(-1.,0.,-1.848071884918E-17));
#3915 = ADVANCED_FACE('',(#3916),#3934,.F.);
#3916 = FACE_BOUND('',#3917,.T.);
#3917 = EDGE_LOOP('',(#3918,#3919,#3925,#3926,#3927,#3928));
#3918 = ORIENTED_EDGE('',*,*,#2842,.T.);
#3919 = ORIENTED_EDGE('',*,*,#3920,.T.);
#3920 = EDGE_CURVE('',#2835,#3323,#3921,.T.);
#3921 = LINE('',#3922,#3923);
#3922 = CARTESIAN_POINT('',(-4.84,4.52,0.16));
#3923 = VECTOR('',#3924,1.);
#3924 = DIRECTION('',(-1.,0.,0.));
#3925 = ORIENTED_EDGE('',*,*,#3904,.F.);
#3926 = ORIENTED_EDGE('',*,*,#2612,.T.);
#3927 = ORIENTED_EDGE('',*,*,#3049,.T.);
#3928 = ORIENTED_EDGE('',*,*,#3929,.T.);
#3929 = EDGE_CURVE('',#3042,#2843,#3930,.T.);
#3930 = LINE('',#3931,#3932);
#3931 = CARTESIAN_POINT('',(-4.74,4.52,1.94));
#3932 = VECTOR('',#3933,1.);
#3933 = DIRECTION('',(-1.76356603377E-16,0.,1.));
#3934 = PLANE('',#3935);
#3935 = AXIS2_PLACEMENT_3D('',#3936,#3937,#3938);
#3936 = CARTESIAN_POINT('',(-5.4,4.52,1.94));
#3937 = DIRECTION('',(-2.628368902995E-15,1.,-4.635302121541E-31));
#3938 = DIRECTION('',(-1.,-2.628368902995E-15,1.218328395228E-49));
#3939 = ADVANCED_FACE('',(#3940),#3951,.F.);
#3940 = FACE_BOUND('',#3941,.T.);
#3941 = EDGE_LOOP('',(#3942,#3943,#3944,#3945));
#3942 = ORIENTED_EDGE('',*,*,#2850,.T.);
#3943 = ORIENTED_EDGE('',*,*,#3929,.F.);
#3944 = ORIENTED_EDGE('',*,*,#3041,.T.);
#3945 = ORIENTED_EDGE('',*,*,#3946,.T.);
#3946 = EDGE_CURVE('',#3034,#2851,#3947,.T.);
#3947 = LINE('',#3948,#3949);
#3948 = CARTESIAN_POINT('',(-4.74,3.3,1.94));
#3949 = VECTOR('',#3950,1.);
#3950 = DIRECTION('',(-1.76356603377E-16,0.,1.));
#3951 = PLANE('',#3952);
#3952 = AXIS2_PLACEMENT_3D('',#3953,#3954,#3955);
#3953 = CARTESIAN_POINT('',(-4.74,4.52,1.94));
#3954 = DIRECTION('',(1.,0.,1.76356603377E-16));
#3955 = DIRECTION('',(1.76356603377E-16,0.,-1.));
#3956 = ADVANCED_FACE('',(#3957),#3968,.F.);
#3957 = FACE_BOUND('',#3958,.T.);
#3958 = EDGE_LOOP('',(#3959,#3960,#3961,#3962));
#3959 = ORIENTED_EDGE('',*,*,#2858,.T.);
#3960 = ORIENTED_EDGE('',*,*,#3946,.F.);
#3961 = ORIENTED_EDGE('',*,*,#3033,.T.);
#3962 = ORIENTED_EDGE('',*,*,#3963,.T.);
#3963 = EDGE_CURVE('',#3026,#2514,#3964,.T.);
#3964 = LINE('',#3965,#3966);
#3965 = CARTESIAN_POINT('',(-4.28,3.3,1.94));
#3966 = VECTOR('',#3967,1.);
#3967 = DIRECTION('',(-1.76356603377E-16,0.,1.));
#3968 = PLANE('',#3969);
#3969 = AXIS2_PLACEMENT_3D('',#3970,#3971,#3972);
#3970 = CARTESIAN_POINT('',(-4.74,3.3,1.94));
#3971 = DIRECTION('',(3.771137991254E-15,1.,6.650650870037E-31));
#3972 = DIRECTION('',(-1.,3.771137991254E-15,-1.003220886701E-49));
#3973 = ADVANCED_FACE('',(#3974),#3986,.F.);
#3974 = FACE_BOUND('',#3975,.T.);
#3975 = EDGE_LOOP('',(#3976,#3982,#3983,#3984,#3985));
#3976 = ORIENTED_EDGE('',*,*,#3977,.T.);
#3977 = EDGE_CURVE('',#3018,#2545,#3978,.T.);
#3978 = LINE('',#3979,#3980);
#3979 = CARTESIAN_POINT('',(-4.18,3.1,1.94));
#3980 = VECTOR('',#3981,1.);
#3981 = DIRECTION('',(-1.76356603377E-16,0.,1.));
#3982 = ORIENTED_EDGE('',*,*,#2544,.T.);
#3983 = ORIENTED_EDGE('',*,*,#2511,.T.);
#3984 = ORIENTED_EDGE('',*,*,#3963,.F.);
#3985 = ORIENTED_EDGE('',*,*,#3025,.T.);
#3986 = PLANE('',#3987);
#3987 = AXIS2_PLACEMENT_3D('',#3988,#3989,#3990);
#3988 = CARTESIAN_POINT('',(-4.28,3.3,1.94));
#3989 = DIRECTION('',(0.894427191,0.4472135955,1.577381413728E-16));
#3990 = DIRECTION('',(-0.4472135955,0.894427191,-1.232595164408E-32));
#3991 = ADVANCED_FACE('',(#3992),#4007,.F.);
#3992 = FACE_BOUND('',#3993,.T.);
#3993 = EDGE_LOOP('',(#3994,#4000,#4001,#4002,#4003,#4004,#4005,#4006));
#3994 = ORIENTED_EDGE('',*,*,#3995,.T.);
#3995 = EDGE_CURVE('',#3010,#2378,#3996,.T.);
#3996 = LINE('',#3997,#3998);
#3997 = CARTESIAN_POINT('',(1.18,3.1,1.94));
#3998 = VECTOR('',#3999,1.);
#3999 = DIRECTION('',(-1.76356603377E-16,0.,1.));
#4000 = ORIENTED_EDGE('',*,*,#2377,.T.);
#4001 = ORIENTED_EDGE('',*,*,#2590,.T.);
#4002 = ORIENTED_EDGE('',*,*,#1927,.T.);
#4003 = ORIENTED_EDGE('',*,*,#3363,.F.);
#4004 = ORIENTED_EDGE('',*,*,#2552,.T.);
#4005 = ORIENTED_EDGE('',*,*,#3977,.F.);
#4006 = ORIENTED_EDGE('',*,*,#3017,.T.);
#4007 = PLANE('',#4008);
#4008 = AXIS2_PLACEMENT_3D('',#4009,#4010,#4011);
#4009 = CARTESIAN_POINT('',(-4.18,3.1,1.94));
#4010 = DIRECTION('',(4.854636593219E-16,1.,8.5614722021E-32));
#4011 = DIRECTION('',(-1.,4.854636593219E-16,1.49626210479E-50));
#4012 = ADVANCED_FACE('',(#4013),#4025,.F.);
#4013 = FACE_BOUND('',#4014,.T.);
#4014 = EDGE_LOOP('',(#4015,#4021,#4022,#4023,#4024));
#4015 = ORIENTED_EDGE('',*,*,#4016,.T.);
#4016 = EDGE_CURVE('',#3002,#2418,#4017,.T.);
#4017 = LINE('',#4018,#4019);
#4018 = CARTESIAN_POINT('',(1.28,3.3,1.94));
#4019 = VECTOR('',#4020,1.);
#4020 = DIRECTION('',(-1.76356603377E-16,0.,1.));
#4021 = ORIENTED_EDGE('',*,*,#3385,.F.);
#4022 = ORIENTED_EDGE('',*,*,#2385,.T.);
#4023 = ORIENTED_EDGE('',*,*,#3995,.F.);
#4024 = ORIENTED_EDGE('',*,*,#3009,.T.);
#4025 = PLANE('',#4026);
#4026 = AXIS2_PLACEMENT_3D('',#4027,#4028,#4029);
#4027 = CARTESIAN_POINT('',(1.18,3.1,1.94));
#4028 = DIRECTION('',(-0.894427191,0.4472135955,-1.577381413728E-16));
#4029 = DIRECTION('',(-0.4472135955,-0.894427191,0.));
#4030 = ADVANCED_FACE('',(#4031),#4042,.F.);
#4031 = FACE_BOUND('',#4032,.T.);
#4032 = EDGE_LOOP('',(#4033,#4034,#4035,#4036));
#4033 = ORIENTED_EDGE('',*,*,#2425,.T.);
#4034 = ORIENTED_EDGE('',*,*,#4016,.F.);
#4035 = ORIENTED_EDGE('',*,*,#3001,.T.);
#4036 = ORIENTED_EDGE('',*,*,#4037,.T.);
#4037 = EDGE_CURVE('',#2994,#2426,#4038,.T.);
#4038 = LINE('',#4039,#4040);
#4039 = CARTESIAN_POINT('',(1.74,3.3,1.94));
#4040 = VECTOR('',#4041,1.);
#4041 = DIRECTION('',(-1.76356603377E-16,0.,1.));
#4042 = PLANE('',#4043);
#4043 = AXIS2_PLACEMENT_3D('',#4044,#4045,#4046);
#4044 = CARTESIAN_POINT('',(1.28,3.3,1.94));
#4045 = DIRECTION('',(1.885568995627E-15,1.,3.325325435018E-31));
#4046 = DIRECTION('',(-1.,1.885568995627E-15,-2.508052216091E-50));
#4047 = ADVANCED_FACE('',(#4048),#4059,.F.);
#4048 = FACE_BOUND('',#4049,.T.);
#4049 = EDGE_LOOP('',(#4050,#4051,#4052,#4053));
#4050 = ORIENTED_EDGE('',*,*,#2433,.T.);
#4051 = ORIENTED_EDGE('',*,*,#4037,.F.);
#4052 = ORIENTED_EDGE('',*,*,#2993,.T.);
#4053 = ORIENTED_EDGE('',*,*,#4054,.T.);
#4054 = EDGE_CURVE('',#2986,#2434,#4055,.T.);
#4055 = LINE('',#4056,#4057);
#4056 = CARTESIAN_POINT('',(1.74,4.52,1.94));
#4057 = VECTOR('',#4058,1.);
#4058 = DIRECTION('',(-1.76356603377E-16,0.,1.));
#4059 = PLANE('',#4060);
#4060 = AXIS2_PLACEMENT_3D('',#4061,#4062,#4063);
#4061 = CARTESIAN_POINT('',(1.74,3.3,1.94));
#4062 = DIRECTION('',(-1.,2.132856732758E-15,-1.76356603377E-16));
#4063 = DIRECTION('',(-2.132856732758E-15,-1.,-2.507622460026E-36));
#4064 = ADVANCED_FACE('',(#4065),#4078,.F.);
#4065 = FACE_BOUND('',#4066,.T.);
#4066 = EDGE_LOOP('',(#4067,#4068,#4074,#4075,#4076,#4077));
#4067 = ORIENTED_EDGE('',*,*,#3886,.F.);
#4068 = ORIENTED_EDGE('',*,*,#4069,.T.);
#4069 = EDGE_CURVE('',#2458,#2402,#4070,.T.);
#4070 = LINE('',#4071,#4072);
#4071 = CARTESIAN_POINT('',(1.74,4.52,0.16));
#4072 = VECTOR('',#4073,1.);
#4073 = DIRECTION('',(-1.,1.314184451498E-15,-1.848071884918E-17));
#4074 = ORIENTED_EDGE('',*,*,#2441,.T.);
#4075 = ORIENTED_EDGE('',*,*,#4054,.F.);
#4076 = ORIENTED_EDGE('',*,*,#2985,.T.);
#4077 = ORIENTED_EDGE('',*,*,#2686,.F.);
#4078 = PLANE('',#4079);
#4079 = AXIS2_PLACEMENT_3D('',#4080,#4081,#4082);
#4080 = CARTESIAN_POINT('',(1.74,4.52,1.94));
#4081 = DIRECTION('',(1.314184451498E-15,1.,2.31765106077E-31));
#4082 = DIRECTION('',(-1.,1.314184451498E-15,3.045820988069E-50));
#4083 = ADVANCED_FACE('',(#4084),#4100,.F.);
#4084 = FACE_BOUND('',#4085,.T.);
#4085 = EDGE_LOOP('',(#4086,#4087,#4093,#4094));
#4086 = ORIENTED_EDGE('',*,*,#3528,.T.);
#4087 = ORIENTED_EDGE('',*,*,#4088,.F.);
#4088 = EDGE_CURVE('',#3113,#3519,#4089,.T.);
#4089 = LINE('',#4090,#4091);
#4090 = CARTESIAN_POINT('',(-1.8,4.55,-1.055));
#4091 = VECTOR('',#4092,1.);
#4092 = DIRECTION('',(0.,0.,-1.));
#4093 = ORIENTED_EDGE('',*,*,#3112,.T.);
#4094 = ORIENTED_EDGE('',*,*,#4095,.T.);
#4095 = EDGE_CURVE('',#3115,#3529,#4096,.T.);
#4096 = LINE('',#4097,#4098);
#4097 = CARTESIAN_POINT('',(-1.8,3.65,-1.055));
#4098 = VECTOR('',#4099,1.);
#4099 = DIRECTION('',(0.,0.,-1.));
#4100 = PLANE('',#4101);
#4101 = AXIS2_PLACEMENT_3D('',#4102,#4103,#4104);
#4102 = CARTESIAN_POINT('',(-1.8,4.55,-1.055));
#4103 = DIRECTION('',(-1.,4.818676322158E-16,0.));
#4104 = DIRECTION('',(-4.818676322158E-16,-1.,0.));
#4105 = ADVANCED_FACE('',(#4106),#4117,.F.);
#4106 = FACE_BOUND('',#4107,.T.);
#4107 = EDGE_LOOP('',(#4108,#4109,#4110,#4111));
#4108 = ORIENTED_EDGE('',*,*,#3536,.T.);
#4109 = ORIENTED_EDGE('',*,*,#4095,.F.);
#4110 = ORIENTED_EDGE('',*,*,#3138,.T.);
#4111 = ORIENTED_EDGE('',*,*,#4112,.T.);
#4112 = EDGE_CURVE('',#3131,#3537,#4113,.T.);
#4113 = LINE('',#4114,#4115);
#4114 = CARTESIAN_POINT('',(-1.2,3.65,-1.055));
#4115 = VECTOR('',#4116,1.);
#4116 = DIRECTION('',(0.,0.,-1.));
#4117 = PLANE('',#4118);
#4118 = AXIS2_PLACEMENT_3D('',#4119,#4120,#4121);
#4119 = CARTESIAN_POINT('',(-1.8,3.65,-1.055));
#4120 = DIRECTION('',(-1.445602896647E-15,-1.,0.));
#4121 = DIRECTION('',(1.,-1.445602896647E-15,0.));
#4122 = ADVANCED_FACE('',(#4123),#4134,.F.);
#4123 = FACE_BOUND('',#4124,.T.);
#4124 = EDGE_LOOP('',(#4125,#4126,#4127,#4128));
#4125 = ORIENTED_EDGE('',*,*,#3544,.T.);
#4126 = ORIENTED_EDGE('',*,*,#4112,.F.);
#4127 = ORIENTED_EDGE('',*,*,#3130,.T.);
#4128 = ORIENTED_EDGE('',*,*,#4129,.T.);
#4129 = EDGE_CURVE('',#3123,#3521,#4130,.T.);
#4130 = LINE('',#4131,#4132);
#4131 = CARTESIAN_POINT('',(-1.2,4.55,-1.055));
#4132 = VECTOR('',#4133,1.);
#4133 = DIRECTION('',(0.,0.,-1.));
#4134 = PLANE('',#4135);
#4135 = AXIS2_PLACEMENT_3D('',#4136,#4137,#4138);
#4136 = CARTESIAN_POINT('',(-1.2,3.65,-1.055));
#4137 = DIRECTION('',(1.,-9.637352644316E-16,0.));
#4138 = DIRECTION('',(9.637352644316E-16,1.,0.));
#4139 = ADVANCED_FACE('',(#4140),#4146,.F.);
#4140 = FACE_BOUND('',#4141,.T.);
#4141 = EDGE_LOOP('',(#4142,#4143,#4144,#4145));
#4142 = ORIENTED_EDGE('',*,*,#3518,.T.);
#4143 = ORIENTED_EDGE('',*,*,#4129,.F.);
#4144 = ORIENTED_EDGE('',*,*,#3122,.T.);
#4145 = ORIENTED_EDGE('',*,*,#4088,.T.);
#4146 = PLANE('',#4147);
#4147 = AXIS2_PLACEMENT_3D('',#4148,#4149,#4150);
#4148 = CARTESIAN_POINT('',(-1.2,4.55,-1.055));
#4149 = DIRECTION('',(2.891205793295E-15,1.,0.));
#4150 = DIRECTION('',(-1.,2.891205793295E-15,0.));
#4151 = ADVANCED_FACE('',(#4152),#4185,.F.);
#4152 = FACE_BOUND('',#4153,.T.);
#4153 = EDGE_LOOP('',(#4154,#4162,#4163,#4171,#4179));
#4154 = ORIENTED_EDGE('',*,*,#4155,.T.);
#4155 = EDGE_CURVE('',#4156,#1904,#4158,.T.);
#4156 = VERTEX_POINT('',#4157);
#4157 = CARTESIAN_POINT('',(-0.12,5.06,0.3));
#4158 = LINE('',#4159,#4160);
#4159 = CARTESIAN_POINT('',(-0.12,5.06,0.3));
#4160 = VECTOR('',#4161,1.);
#4161 = DIRECTION('',(9.680376540049E-17,0.,-1.));
#4162 = ORIENTED_EDGE('',*,*,#1903,.F.);
#4163 = ORIENTED_EDGE('',*,*,#4164,.F.);
#4164 = EDGE_CURVE('',#4165,#1894,#4167,.T.);
#4165 = VERTEX_POINT('',#4166);
#4166 = CARTESIAN_POINT('',(-0.12,3.35,0.3));
#4167 = LINE('',#4168,#4169);
#4168 = CARTESIAN_POINT('',(-0.12,3.35,0.3));
#4169 = VECTOR('',#4170,1.);
#4170 = DIRECTION('',(9.680376540049E-17,0.,-1.));
#4171 = ORIENTED_EDGE('',*,*,#4172,.T.);
#4172 = EDGE_CURVE('',#4165,#4173,#4175,.T.);
#4173 = VERTEX_POINT('',#4174);
#4174 = CARTESIAN_POINT('',(-0.12,3.5,0.3));
#4175 = LINE('',#4176,#4177);
#4176 = CARTESIAN_POINT('',(-0.12,3.35,0.3));
#4177 = VECTOR('',#4178,1.);
#4178 = DIRECTION('',(0.,1.,0.));
#4179 = ORIENTED_EDGE('',*,*,#4180,.T.);
#4180 = EDGE_CURVE('',#4173,#4156,#4181,.T.);
#4181 = LINE('',#4182,#4183);
#4182 = CARTESIAN_POINT('',(-0.12,3.35,0.3));
#4183 = VECTOR('',#4184,1.);
#4184 = DIRECTION('',(0.,1.,0.));
#4185 = PLANE('',#4186);
#4186 = AXIS2_PLACEMENT_3D('',#4187,#4188,#4189);
#4187 = CARTESIAN_POINT('',(-0.12,3.35,0.3));
#4188 = DIRECTION('',(1.,0.,9.680376540049E-17));
#4189 = DIRECTION('',(9.680376540049E-17,0.,-1.));
#4190 = ADVANCED_FACE('',(#4191),#4224,.F.);
#4191 = FACE_BOUND('',#4192,.T.);
#4192 = EDGE_LOOP('',(#4193,#4201,#4209,#4217,#4223));
#4193 = ORIENTED_EDGE('',*,*,#4194,.T.);
#4194 = EDGE_CURVE('',#1912,#4195,#4197,.T.);
#4195 = VERTEX_POINT('',#4196);
#4196 = CARTESIAN_POINT('',(0.12,5.06,0.3));
#4197 = LINE('',#4198,#4199);
#4198 = CARTESIAN_POINT('',(0.12,5.06,0.16));
#4199 = VECTOR('',#4200,1.);
#4200 = DIRECTION('',(-9.680376540049E-17,0.,1.));
#4201 = ORIENTED_EDGE('',*,*,#4202,.F.);
#4202 = EDGE_CURVE('',#4203,#4195,#4205,.T.);
#4203 = VERTEX_POINT('',#4204);
#4204 = CARTESIAN_POINT('',(0.12,3.5,0.3));
#4205 = LINE('',#4206,#4207);
#4206 = CARTESIAN_POINT('',(0.12,3.35,0.3));
#4207 = VECTOR('',#4208,1.);
#4208 = DIRECTION('',(0.,1.,0.));
#4209 = ORIENTED_EDGE('',*,*,#4210,.F.);
#4210 = EDGE_CURVE('',#4211,#4203,#4213,.T.);
#4211 = VERTEX_POINT('',#4212);
#4212 = CARTESIAN_POINT('',(0.12,3.35,0.3));
#4213 = LINE('',#4214,#4215);
#4214 = CARTESIAN_POINT('',(0.12,3.35,0.3));
#4215 = VECTOR('',#4216,1.);
#4216 = DIRECTION('',(0.,1.,0.));
#4217 = ORIENTED_EDGE('',*,*,#4218,.F.);
#4218 = EDGE_CURVE('',#1896,#4211,#4219,.T.);
#4219 = LINE('',#4220,#4221);
#4220 = CARTESIAN_POINT('',(0.12,3.35,0.16));
#4221 = VECTOR('',#4222,1.);
#4222 = DIRECTION('',(-9.680376540049E-17,0.,1.));
#4223 = ORIENTED_EDGE('',*,*,#1919,.T.);
#4224 = PLANE('',#4225);
#4225 = AXIS2_PLACEMENT_3D('',#4226,#4227,#4228);
#4226 = CARTESIAN_POINT('',(0.12,3.35,0.16));
#4227 = DIRECTION('',(-1.,0.,-9.680376540049E-17));
#4228 = DIRECTION('',(-9.680376540049E-17,0.,1.));
#4229 = ADVANCED_FACE('',(#4230),#4246,.F.);
#4230 = FACE_BOUND('',#4231,.T.);
#4231 = EDGE_LOOP('',(#4232,#4233,#4239,#4240));
#4232 = ORIENTED_EDGE('',*,*,#4210,.T.);
#4233 = ORIENTED_EDGE('',*,*,#4234,.T.);
#4234 = EDGE_CURVE('',#4203,#4173,#4235,.T.);
#4235 = LINE('',#4236,#4237);
#4236 = CARTESIAN_POINT('',(0.125,3.5,0.3));
#4237 = VECTOR('',#4238,1.);
#4238 = DIRECTION('',(-1.,0.,0.));
#4239 = ORIENTED_EDGE('',*,*,#4172,.F.);
#4240 = ORIENTED_EDGE('',*,*,#4241,.F.);
#4241 = EDGE_CURVE('',#4211,#4165,#4242,.T.);
#4242 = LINE('',#4243,#4244);
#4243 = CARTESIAN_POINT('',(0.12,3.35,0.3));
#4244 = VECTOR('',#4245,1.);
#4245 = DIRECTION('',(-1.,0.,-1.355252715607E-15));
#4246 = PLANE('',#4247);
#4247 = AXIS2_PLACEMENT_3D('',#4248,#4249,#4250);
#4248 = CARTESIAN_POINT('',(0.12,3.35,0.3));
#4249 = DIRECTION('',(1.355252715607E-15,0.,-1.));
#4250 = DIRECTION('',(-1.,0.,-1.355252715607E-15));
#4251 = ADVANCED_FACE('',(#4252),#4258,.T.);
#4252 = FACE_BOUND('',#4253,.T.);
#4253 = EDGE_LOOP('',(#4254,#4255,#4256,#4257));
#4254 = ORIENTED_EDGE('',*,*,#4164,.T.);
#4255 = ORIENTED_EDGE('',*,*,#1893,.T.);
#4256 = ORIENTED_EDGE('',*,*,#4218,.T.);
#4257 = ORIENTED_EDGE('',*,*,#4241,.T.);
#4258 = PLANE('',#4259);
#4259 = AXIS2_PLACEMENT_3D('',#4260,#4261,#4262);
#4260 = CARTESIAN_POINT('',(0.,3.35,0.));
#4261 = DIRECTION('',(0.,-1.,0.));
#4262 = DIRECTION('',(0.,0.,-1.));
#4263 = ADVANCED_FACE('',(#4264),#4275,.F.);
#4264 = FACE_BOUND('',#4265,.T.);
#4265 = EDGE_LOOP('',(#4266,#4267,#4273,#4274));
#4266 = ORIENTED_EDGE('',*,*,#4155,.F.);
#4267 = ORIENTED_EDGE('',*,*,#4268,.F.);
#4268 = EDGE_CURVE('',#4195,#4156,#4269,.T.);
#4269 = LINE('',#4270,#4271);
#4270 = CARTESIAN_POINT('',(0.12,5.06,0.3));
#4271 = VECTOR('',#4272,1.);
#4272 = DIRECTION('',(-1.,0.,-1.355252715607E-15));
#4273 = ORIENTED_EDGE('',*,*,#4194,.F.);
#4274 = ORIENTED_EDGE('',*,*,#1911,.F.);
#4275 = PLANE('',#4276);
#4276 = AXIS2_PLACEMENT_3D('',#4277,#4278,#4279);
#4277 = CARTESIAN_POINT('',(0.,5.06,0.));
#4278 = DIRECTION('',(0.,-1.,0.));
#4279 = DIRECTION('',(0.,0.,-1.));
#4280 = ADVANCED_FACE('',(#4281),#4315,.F.);
#4281 = FACE_BOUND('',#4282,.T.);
#4282 = EDGE_LOOP('',(#4283,#4284,#4292,#4298,#4299,#4300,#4301,#4309));
#4283 = ORIENTED_EDGE('',*,*,#3775,.F.);
#4284 = ORIENTED_EDGE('',*,*,#4285,.F.);
#4285 = EDGE_CURVE('',#4286,#3766,#4288,.T.);
#4286 = VERTEX_POINT('',#4287);
#4287 = CARTESIAN_POINT('',(0.125,3.5,0.3));
#4288 = LINE('',#4289,#4290);
#4289 = CARTESIAN_POINT('',(0.125,3.5,0.3));
#4290 = VECTOR('',#4291,1.);
#4291 = DIRECTION('',(0.,1.,0.));
#4292 = ORIENTED_EDGE('',*,*,#4293,.T.);
#4293 = EDGE_CURVE('',#4286,#4203,#4294,.T.);
#4294 = LINE('',#4295,#4296);
#4295 = CARTESIAN_POINT('',(0.125,3.5,0.3));
#4296 = VECTOR('',#4297,1.);
#4297 = DIRECTION('',(-1.,0.,0.));
#4298 = ORIENTED_EDGE('',*,*,#4202,.T.);
#4299 = ORIENTED_EDGE('',*,*,#4268,.T.);
#4300 = ORIENTED_EDGE('',*,*,#4180,.F.);
#4301 = ORIENTED_EDGE('',*,*,#4302,.T.);
#4302 = EDGE_CURVE('',#4173,#4303,#4305,.T.);
#4303 = VERTEX_POINT('',#4304);
#4304 = CARTESIAN_POINT('',(-0.125,3.5,0.3));
#4305 = LINE('',#4306,#4307);
#4306 = CARTESIAN_POINT('',(0.125,3.5,0.3));
#4307 = VECTOR('',#4308,1.);
#4308 = DIRECTION('',(-1.,0.,0.));
#4309 = ORIENTED_EDGE('',*,*,#4310,.T.);
#4310 = EDGE_CURVE('',#4303,#3776,#4311,.T.);
#4311 = LINE('',#4312,#4313);
#4312 = CARTESIAN_POINT('',(-0.125,3.5,0.3));
#4313 = VECTOR('',#4314,1.);
#4314 = DIRECTION('',(0.,1.,0.));
#4315 = PLANE('',#4316);
#4316 = AXIS2_PLACEMENT_3D('',#4317,#4318,#4319);
#4317 = CARTESIAN_POINT('',(0.125,3.5,0.3));
#4318 = DIRECTION('',(0.,0.,1.));
#4319 = DIRECTION('',(1.,0.,-0.));
#4320 = ADVANCED_FACE('',(#4321),#4339,.F.);
#4321 = FACE_BOUND('',#4322,.T.);
#4322 = EDGE_LOOP('',(#4323,#4324,#4325,#4333));
#4323 = ORIENTED_EDGE('',*,*,#3783,.F.);
#4324 = ORIENTED_EDGE('',*,*,#4310,.F.);
#4325 = ORIENTED_EDGE('',*,*,#4326,.F.);
#4326 = EDGE_CURVE('',#4327,#4303,#4329,.T.);
#4327 = VERTEX_POINT('',#4328);
#4328 = CARTESIAN_POINT('',(-0.125,3.5,0.68));
#4329 = LINE('',#4330,#4331);
#4330 = CARTESIAN_POINT('',(-0.125,3.5,0.68));
#4331 = VECTOR('',#4332,1.);
#4332 = DIRECTION('',(0.,0.,-1.));
#4333 = ORIENTED_EDGE('',*,*,#4334,.F.);
#4334 = EDGE_CURVE('',#3784,#4327,#4335,.T.);
#4335 = LINE('',#4336,#4337);
#4336 = CARTESIAN_POINT('',(-0.125,6.86,0.68));
#4337 = VECTOR('',#4338,1.);
#4338 = DIRECTION('',(0.,-1.,-2.581433744013E-16));
#4339 = PLANE('',#4340);
#4340 = AXIS2_PLACEMENT_3D('',#4341,#4342,#4343);
#4341 = CARTESIAN_POINT('',(-0.125,0.,0.));
#4342 = DIRECTION('',(1.,0.,0.));
#4343 = DIRECTION('',(0.,0.,-1.));
#4344 = ADVANCED_FACE('',(#4345),#4363,.T.);
#4345 = FACE_BOUND('',#4346,.T.);
#4346 = EDGE_LOOP('',(#4347,#4348,#4349,#4357));
#4347 = ORIENTED_EDGE('',*,*,#4285,.T.);
#4348 = ORIENTED_EDGE('',*,*,#3765,.T.);
#4349 = ORIENTED_EDGE('',*,*,#4350,.T.);
#4350 = EDGE_CURVE('',#3768,#4351,#4353,.T.);
#4351 = VERTEX_POINT('',#4352);
#4352 = CARTESIAN_POINT('',(0.125,3.5,0.68));
#4353 = LINE('',#4354,#4355);
#4354 = CARTESIAN_POINT('',(0.125,6.86,0.68));
#4355 = VECTOR('',#4356,1.);
#4356 = DIRECTION('',(0.,-1.,-2.581433744013E-16));
#4357 = ORIENTED_EDGE('',*,*,#4358,.T.);
#4358 = EDGE_CURVE('',#4351,#4286,#4359,.T.);
#4359 = LINE('',#4360,#4361);
#4360 = CARTESIAN_POINT('',(0.125,3.5,0.68));
#4361 = VECTOR('',#4362,1.);
#4362 = DIRECTION('',(0.,0.,-1.));
#4363 = PLANE('',#4364);
#4364 = AXIS2_PLACEMENT_3D('',#4365,#4366,#4367);
#4365 = CARTESIAN_POINT('',(0.125,0.,0.));
#4366 = DIRECTION('',(1.,0.,0.));
#4367 = DIRECTION('',(0.,0.,-1.));
#4368 = ADVANCED_FACE('',(#4369),#4380,.F.);
#4369 = FACE_BOUND('',#4370,.T.);
#4370 = EDGE_LOOP('',(#4371,#4372,#4373,#4379));
#4371 = ORIENTED_EDGE('',*,*,#3791,.F.);
#4372 = ORIENTED_EDGE('',*,*,#4334,.T.);
#4373 = ORIENTED_EDGE('',*,*,#4374,.F.);
#4374 = EDGE_CURVE('',#4351,#4327,#4375,.T.);
#4375 = LINE('',#4376,#4377);
#4376 = CARTESIAN_POINT('',(0.125,3.5,0.68));
#4377 = VECTOR('',#4378,1.);
#4378 = DIRECTION('',(-1.,0.,0.));
#4379 = ORIENTED_EDGE('',*,*,#4350,.F.);
#4380 = PLANE('',#4381);
#4381 = AXIS2_PLACEMENT_3D('',#4382,#4383,#4384);
#4382 = CARTESIAN_POINT('',(0.125,6.86,0.68));
#4383 = DIRECTION('',(0.,2.581433744013E-16,-1.));
#4384 = DIRECTION('',(0.,1.,2.581433744013E-16));
#4385 = ADVANCED_FACE('',(#4386),#4394,.F.);
#4386 = FACE_BOUND('',#4387,.T.);
#4387 = EDGE_LOOP('',(#4388,#4389,#4390,#4391,#4392,#4393));
#4388 = ORIENTED_EDGE('',*,*,#4326,.T.);
#4389 = ORIENTED_EDGE('',*,*,#4302,.F.);
#4390 = ORIENTED_EDGE('',*,*,#4234,.F.);
#4391 = ORIENTED_EDGE('',*,*,#4293,.F.);
#4392 = ORIENTED_EDGE('',*,*,#4358,.F.);
#4393 = ORIENTED_EDGE('',*,*,#4374,.T.);
#4394 = PLANE('',#4395);
#4395 = AXIS2_PLACEMENT_3D('',#4396,#4397,#4398);
#4396 = CARTESIAN_POINT('',(0.125,3.5,0.68));
#4397 = DIRECTION('',(0.,1.,0.));
#4398 = DIRECTION('',(0.,-0.,1.));
#4399 = ADVANCED_FACE('',(#4400),#4425,.F.);
#4400 = FACE_BOUND('',#4401,.T.);
#4401 = EDGE_LOOP('',(#4402,#4410,#4411,#4419));
#4402 = ORIENTED_EDGE('',*,*,#4403,.T.);
#4403 = EDGE_CURVE('',#4404,#3255,#4406,.T.);
#4404 = VERTEX_POINT('',#4405);
#4405 = CARTESIAN_POINT('',(-0.125,7.24,0.23));
#4406 = LINE('',#4407,#4408);
#4407 = CARTESIAN_POINT('',(-0.125,7.24,0.23));
#4408 = VECTOR('',#4409,1.);
#4409 = DIRECTION('',(0.,-1.,1.640569076787E-15));
#4410 = ORIENTED_EDGE('',*,*,#3254,.T.);
#4411 = ORIENTED_EDGE('',*,*,#4412,.F.);
#4412 = EDGE_CURVE('',#4413,#3247,#4415,.T.);
#4413 = VERTEX_POINT('',#4414);
#4414 = CARTESIAN_POINT('',(0.125,7.24,0.23));
#4415 = LINE('',#4416,#4417);
#4416 = CARTESIAN_POINT('',(0.125,7.24,0.23));
#4417 = VECTOR('',#4418,1.);
#4418 = DIRECTION('',(0.,-1.,1.640569076787E-15));
#4419 = ORIENTED_EDGE('',*,*,#4420,.T.);
#4420 = EDGE_CURVE('',#4413,#4404,#4421,.T.);
#4421 = LINE('',#4422,#4423);
#4422 = CARTESIAN_POINT('',(0.125,7.24,0.23));
#4423 = VECTOR('',#4424,1.);
#4424 = DIRECTION('',(-1.,0.,0.));
#4425 = PLANE('',#4426);
#4426 = AXIS2_PLACEMENT_3D('',#4427,#4428,#4429);
#4427 = CARTESIAN_POINT('',(0.125,7.24,0.23));
#4428 = DIRECTION('',(0.,-1.640569076787E-15,-1.));
#4429 = DIRECTION('',(0.,1.,-1.640569076787E-15));
#4430 = ADVANCED_FACE('',(#4431),#4466,.T.);
#4431 = FACE_BOUND('',#4432,.T.);
#4432 = EDGE_LOOP('',(#4433,#4434,#4435,#4443,#4451,#4459,#4465));
#4433 = ORIENTED_EDGE('',*,*,#3246,.F.);
#4434 = ORIENTED_EDGE('',*,*,#2970,.T.);
#4435 = ORIENTED_EDGE('',*,*,#4436,.T.);
#4436 = EDGE_CURVE('',#2963,#4437,#4439,.T.);
#4437 = VERTEX_POINT('',#4438);
#4438 = CARTESIAN_POINT('',(0.125,6.62,-8.E-02));
#4439 = LINE('',#4440,#4441);
#4440 = CARTESIAN_POINT('',(0.125,6.54,1.998401444325E-15));
#4441 = VECTOR('',#4442,1.);
#4442 = DIRECTION('',(0.,0.707106781187,-0.707106781187));
#4443 = ORIENTED_EDGE('',*,*,#4444,.T.);
#4444 = EDGE_CURVE('',#4437,#4445,#4447,.T.);
#4445 = VERTEX_POINT('',#4446);
#4446 = CARTESIAN_POINT('',(0.125,7.16,-8.E-02));
#4447 = LINE('',#4448,#4449);
#4448 = CARTESIAN_POINT('',(0.125,6.62,-8.E-02));
#4449 = VECTOR('',#4450,1.);
#4450 = DIRECTION('',(0.,1.,2.007781800899E-16));
#4451 = ORIENTED_EDGE('',*,*,#4452,.T.);
#4452 = EDGE_CURVE('',#4445,#4453,#4455,.T.);
#4453 = VERTEX_POINT('',#4454);
#4454 = CARTESIAN_POINT('',(0.125,7.24,2.209061926439E-15));
#4455 = LINE('',#4456,#4457);
#4456 = CARTESIAN_POINT('',(0.125,7.16,-8.E-02));
#4457 = VECTOR('',#4458,1.);
#4458 = DIRECTION('',(0.,0.707106781187,0.707106781187));
#4459 = ORIENTED_EDGE('',*,*,#4460,.T.);
#4460 = EDGE_CURVE('',#4453,#4413,#4461,.T.);
#4461 = LINE('',#4462,#4463);
#4462 = CARTESIAN_POINT('',(0.125,7.24,2.109423746788E-15));
#4463 = VECTOR('',#4464,1.);
#4464 = DIRECTION('',(0.,0.,1.));
#4465 = ORIENTED_EDGE('',*,*,#4412,.T.);
#4466 = PLANE('',#4467);
#4467 = AXIS2_PLACEMENT_3D('',#4468,#4469,#4470);
#4468 = CARTESIAN_POINT('',(0.125,0.,0.));
#4469 = DIRECTION('',(1.,0.,0.));
#4470 = DIRECTION('',(0.,0.,-1.));
#4471 = ADVANCED_FACE('',(#4472),#4507,.F.);
#4472 = FACE_BOUND('',#4473,.T.);
#4473 = EDGE_LOOP('',(#4474,#4475,#4476,#4477,#4485,#4493,#4501));
#4474 = ORIENTED_EDGE('',*,*,#2954,.F.);
#4475 = ORIENTED_EDGE('',*,*,#3262,.T.);
#4476 = ORIENTED_EDGE('',*,*,#4403,.F.);
#4477 = ORIENTED_EDGE('',*,*,#4478,.F.);
#4478 = EDGE_CURVE('',#4479,#4404,#4481,.T.);
#4479 = VERTEX_POINT('',#4480);
#4480 = CARTESIAN_POINT('',(-0.125,7.24,2.209061926439E-15));
#4481 = LINE('',#4482,#4483);
#4482 = CARTESIAN_POINT('',(-0.125,7.24,2.109423746788E-15));
#4483 = VECTOR('',#4484,1.);
#4484 = DIRECTION('',(0.,0.,1.));
#4485 = ORIENTED_EDGE('',*,*,#4486,.F.);
#4486 = EDGE_CURVE('',#4487,#4479,#4489,.T.);
#4487 = VERTEX_POINT('',#4488);
#4488 = CARTESIAN_POINT('',(-0.125,7.16,-8.E-02));
#4489 = LINE('',#4490,#4491);
#4490 = CARTESIAN_POINT('',(-0.125,7.16,-8.E-02));
#4491 = VECTOR('',#4492,1.);
#4492 = DIRECTION('',(0.,0.707106781187,0.707106781187));
#4493 = ORIENTED_EDGE('',*,*,#4494,.F.);
#4494 = EDGE_CURVE('',#4495,#4487,#4497,.T.);
#4495 = VERTEX_POINT('',#4496);
#4496 = CARTESIAN_POINT('',(-0.125,6.62,-8.E-02));
#4497 = LINE('',#4498,#4499);
#4498 = CARTESIAN_POINT('',(-0.125,6.62,-8.E-02));
#4499 = VECTOR('',#4500,1.);
#4500 = DIRECTION('',(0.,1.,2.007781800899E-16));
#4501 = ORIENTED_EDGE('',*,*,#4502,.F.);
#4502 = EDGE_CURVE('',#2955,#4495,#4503,.T.);
#4503 = LINE('',#4504,#4505);
#4504 = CARTESIAN_POINT('',(-0.125,6.54,1.998401444325E-15));
#4505 = VECTOR('',#4506,1.);
#4506 = DIRECTION('',(0.,0.707106781187,-0.707106781187));
#4507 = PLANE('',#4508);
#4508 = AXIS2_PLACEMENT_3D('',#4509,#4510,#4511);
#4509 = CARTESIAN_POINT('',(-0.125,0.,0.));
#4510 = DIRECTION('',(1.,0.,0.));
#4511 = DIRECTION('',(0.,0.,-1.));
#4512 = ADVANCED_FACE('',(#4513),#4524,.F.);
#4513 = FACE_BOUND('',#4514,.T.);
#4514 = EDGE_LOOP('',(#4515,#4516,#4517,#4523));
#4515 = ORIENTED_EDGE('',*,*,#2962,.F.);
#4516 = ORIENTED_EDGE('',*,*,#4502,.T.);
#4517 = ORIENTED_EDGE('',*,*,#4518,.F.);
#4518 = EDGE_CURVE('',#4437,#4495,#4519,.T.);
#4519 = LINE('',#4520,#4521);
#4520 = CARTESIAN_POINT('',(0.125,6.62,-8.E-02));
#4521 = VECTOR('',#4522,1.);
#4522 = DIRECTION('',(-1.,0.,0.));
#4523 = ORIENTED_EDGE('',*,*,#4436,.F.);
#4524 = PLANE('',#4525);
#4525 = AXIS2_PLACEMENT_3D('',#4526,#4527,#4528);
#4526 = CARTESIAN_POINT('',(0.125,6.54,1.998401444325E-15));
#4527 = DIRECTION('',(0.,0.707106781187,0.707106781187));
#4528 = DIRECTION('',(0.,-0.707106781187,0.707106781187));
#4529 = ADVANCED_FACE('',(#4530),#4541,.F.);
#4530 = FACE_BOUND('',#4531,.T.);
#4531 = EDGE_LOOP('',(#4532,#4533,#4539,#4540));
#4532 = ORIENTED_EDGE('',*,*,#4494,.T.);
#4533 = ORIENTED_EDGE('',*,*,#4534,.F.);
#4534 = EDGE_CURVE('',#4445,#4487,#4535,.T.);
#4535 = LINE('',#4536,#4537);
#4536 = CARTESIAN_POINT('',(0.125,7.16,-8.E-02));
#4537 = VECTOR('',#4538,1.);
#4538 = DIRECTION('',(-1.,0.,0.));
#4539 = ORIENTED_EDGE('',*,*,#4444,.F.);
#4540 = ORIENTED_EDGE('',*,*,#4518,.T.);
#4541 = PLANE('',#4542);
#4542 = AXIS2_PLACEMENT_3D('',#4543,#4544,#4545);
#4543 = CARTESIAN_POINT('',(0.125,6.62,-8.E-02));
#4544 = DIRECTION('',(0.,-2.007781800899E-16,1.));
#4545 = DIRECTION('',(0.,-1.,-2.007781800899E-16));
#4546 = ADVANCED_FACE('',(#4547),#4558,.F.);
#4547 = FACE_BOUND('',#4548,.T.);
#4548 = EDGE_LOOP('',(#4549,#4550,#4556,#4557));
#4549 = ORIENTED_EDGE('',*,*,#4486,.T.);
#4550 = ORIENTED_EDGE('',*,*,#4551,.F.);
#4551 = EDGE_CURVE('',#4453,#4479,#4552,.T.);
#4552 = LINE('',#4553,#4554);
#4553 = CARTESIAN_POINT('',(0.125,7.24,2.209061926439E-15));
#4554 = VECTOR('',#4555,1.);
#4555 = DIRECTION('',(-1.,0.,0.));
#4556 = ORIENTED_EDGE('',*,*,#4452,.F.);
#4557 = ORIENTED_EDGE('',*,*,#4534,.T.);
#4558 = PLANE('',#4559);
#4559 = AXIS2_PLACEMENT_3D('',#4560,#4561,#4562);
#4560 = CARTESIAN_POINT('',(0.125,7.16,-8.E-02));
#4561 = DIRECTION('',(0.,-0.707106781187,0.707106781187));
#4562 = DIRECTION('',(0.,-0.707106781187,-0.707106781187));
#4563 = ADVANCED_FACE('',(#4564),#4570,.F.);
#4564 = FACE_BOUND('',#4565,.T.);
#4565 = EDGE_LOOP('',(#4566,#4567,#4568,#4569));
#4566 = ORIENTED_EDGE('',*,*,#4478,.T.);
#4567 = ORIENTED_EDGE('',*,*,#4420,.F.);
#4568 = ORIENTED_EDGE('',*,*,#4460,.F.);
#4569 = ORIENTED_EDGE('',*,*,#4551,.T.);
#4570 = PLANE('',#4571);
#4571 = AXIS2_PLACEMENT_3D('',#4572,#4573,#4574);
#4572 = CARTESIAN_POINT('',(0.125,7.24,2.109423746788E-15));
#4573 = DIRECTION('',(0.,-1.,0.));
#4574 = DIRECTION('',(0.,0.,-1.));
#4575 = ADVANCED_FACE('',(#4576),#4594,.F.);
#4576 = FACE_BOUND('',#4577,.T.);
#4577 = EDGE_LOOP('',(#4578,#4579,#4580,#4588));
#4578 = ORIENTED_EDGE('',*,*,#2778,.T.);
#4579 = ORIENTED_EDGE('',*,*,#3432,.F.);
#4580 = ORIENTED_EDGE('',*,*,#4581,.T.);
#4581 = EDGE_CURVE('',#3425,#4582,#4584,.T.);
#4582 = VERTEX_POINT('',#4583);
#4583 = CARTESIAN_POINT('',(1.25,4.1,1.17));
#4584 = LINE('',#4585,#4586);
#4585 = CARTESIAN_POINT('',(1.25,4.1,1.17));
#4586 = VECTOR('',#4587,1.);
#4587 = DIRECTION('',(-5.10212787052E-15,0.,1.));
#4588 = ORIENTED_EDGE('',*,*,#4589,.F.);
#4589 = EDGE_CURVE('',#2779,#4582,#4590,.T.);
#4590 = LINE('',#4591,#4592);
#4591 = CARTESIAN_POINT('',(1.25,4.1,1.17));
#4592 = VECTOR('',#4593,1.);
#4593 = DIRECTION('',(0.,1.,0.));
#4594 = PLANE('',#4595);
#4595 = AXIS2_PLACEMENT_3D('',#4596,#4597,#4598);
#4596 = CARTESIAN_POINT('',(1.25,4.1,1.17));
#4597 = DIRECTION('',(-1.,0.,-5.10212787052E-15));
#4598 = DIRECTION('',(-5.10212787052E-15,0.,1.));
#4599 = ADVANCED_FACE('',(#4600),#4611,.F.);
#4600 = FACE_BOUND('',#4601,.T.);
#4601 = EDGE_LOOP('',(#4602,#4603,#4604,#4610));
#4602 = ORIENTED_EDGE('',*,*,#2788,.T.);
#4603 = ORIENTED_EDGE('',*,*,#4589,.T.);
#4604 = ORIENTED_EDGE('',*,*,#4605,.T.);
#4605 = EDGE_CURVE('',#4582,#2482,#4606,.T.);
#4606 = LINE('',#4607,#4608);
#4607 = CARTESIAN_POINT('',(2.01,4.1,1.17));
#4608 = VECTOR('',#4609,1.);
#4609 = DIRECTION('',(1.,0.,1.141265444722E-15));
#4610 = ORIENTED_EDGE('',*,*,#2481,.T.);
#4611 = PLANE('',#4612);
#4612 = AXIS2_PLACEMENT_3D('',#4613,#4614,#4615);
#4613 = CARTESIAN_POINT('',(2.01,4.1,1.17));
#4614 = DIRECTION('',(-1.141265444722E-15,0.,1.));
#4615 = DIRECTION('',(1.,0.,1.141265444722E-15));
#4616 = ADVANCED_FACE('',(#4617),#4623,.T.);
#4617 = FACE_BOUND('',#4618,.T.);
#4618 = EDGE_LOOP('',(#4619,#4620,#4621,#4622));
#4619 = ORIENTED_EDGE('',*,*,#4581,.F.);
#4620 = ORIENTED_EDGE('',*,*,#3424,.T.);
#4621 = ORIENTED_EDGE('',*,*,#2489,.T.);
#4622 = ORIENTED_EDGE('',*,*,#4605,.F.);
#4623 = PLANE('',#4624);
#4624 = AXIS2_PLACEMENT_3D('',#4625,#4626,#4627);
#4625 = CARTESIAN_POINT('',(0.,4.1,0.));
#4626 = DIRECTION('',(0.,-1.,0.));
#4627 = DIRECTION('',(0.,0.,-1.));
#4628 = ADVANCED_FACE('',(#4629),#4647,.F.);
#4629 = FACE_BOUND('',#4630,.T.);
#4630 = EDGE_LOOP('',(#4631,#4632,#4640,#4646));
#4631 = ORIENTED_EDGE('',*,*,#2742,.T.);
#4632 = ORIENTED_EDGE('',*,*,#4633,.T.);
#4633 = EDGE_CURVE('',#2735,#4634,#4636,.T.);
#4634 = VERTEX_POINT('',#4635);
#4635 = CARTESIAN_POINT('',(-4.25,4.1,1.17));
#4636 = LINE('',#4637,#4638);
#4637 = CARTESIAN_POINT('',(-4.25,4.1,1.17));
#4638 = VECTOR('',#4639,1.);
#4639 = DIRECTION('',(0.,1.,0.));
#4640 = ORIENTED_EDGE('',*,*,#4641,.T.);
#4641 = EDGE_CURVE('',#4634,#2126,#4642,.T.);
#4642 = LINE('',#4643,#4644);
#4643 = CARTESIAN_POINT('',(-4.25,4.1,1.));
#4644 = VECTOR('',#4645,1.);
#4645 = DIRECTION('',(-5.10212787052E-15,0.,-1.));
#4646 = ORIENTED_EDGE('',*,*,#2125,.T.);
#4647 = PLANE('',#4648);
#4648 = AXIS2_PLACEMENT_3D('',#4649,#4650,#4651);
#4649 = CARTESIAN_POINT('',(-4.25,4.1,1.));
#4650 = DIRECTION('',(1.,0.,-5.10212787052E-15));
#4651 = DIRECTION('',(-5.10212787052E-15,0.,-1.));
#4652 = ADVANCED_FACE('',(#4653),#4664,.F.);
#4653 = FACE_BOUND('',#4654,.T.);
#4654 = EDGE_LOOP('',(#4655,#4656,#4657,#4663));
#4655 = ORIENTED_EDGE('',*,*,#2734,.T.);
#4656 = ORIENTED_EDGE('',*,*,#3347,.F.);
#4657 = ORIENTED_EDGE('',*,*,#4658,.T.);
#4658 = EDGE_CURVE('',#3340,#4634,#4659,.T.);
#4659 = LINE('',#4660,#4661);
#4660 = CARTESIAN_POINT('',(-4.25,4.1,1.17));
#4661 = VECTOR('',#4662,1.);
#4662 = DIRECTION('',(1.,0.,-1.141265444722E-15));
#4663 = ORIENTED_EDGE('',*,*,#4633,.F.);
#4664 = PLANE('',#4665);
#4665 = AXIS2_PLACEMENT_3D('',#4666,#4667,#4668);
#4666 = CARTESIAN_POINT('',(-4.25,4.1,1.17));
#4667 = DIRECTION('',(1.141265444722E-15,0.,1.));
#4668 = DIRECTION('',(1.,0.,-1.141265444722E-15));
#4669 = ADVANCED_FACE('',(#4670),#4676,.T.);
#4670 = FACE_BOUND('',#4671,.T.);
#4671 = EDGE_LOOP('',(#4672,#4673,#4674,#4675));
#4672 = ORIENTED_EDGE('',*,*,#3339,.T.);
#4673 = ORIENTED_EDGE('',*,*,#2133,.T.);
#4674 = ORIENTED_EDGE('',*,*,#4641,.F.);
#4675 = ORIENTED_EDGE('',*,*,#4658,.F.);
#4676 = PLANE('',#4677);
#4677 = AXIS2_PLACEMENT_3D('',#4678,#4679,#4680);
#4678 = CARTESIAN_POINT('',(0.,4.1,0.));
#4679 = DIRECTION('',(0.,-1.,0.));
#4680 = DIRECTION('',(0.,0.,-1.));
#4681 = ADVANCED_FACE('',(#4682),#4709,.F.);
#4682 = FACE_BOUND('',#4683,.T.);
#4683 = EDGE_LOOP('',(#4684,#4685,#4686,#4694,#4702,#4708));
#4684 = ORIENTED_EDGE('',*,*,#2457,.T.);
#4685 = ORIENTED_EDGE('',*,*,#2274,.F.);
#4686 = ORIENTED_EDGE('',*,*,#4687,.F.);
#4687 = EDGE_CURVE('',#4688,#2265,#4690,.T.);
#4688 = VERTEX_POINT('',#4689);
#4689 = CARTESIAN_POINT('',(1.85,4.62,0.26));
#4690 = LINE('',#4691,#4692);
#4691 = CARTESIAN_POINT('',(1.84,4.62,0.26));
#4692 = VECTOR('',#4693,1.);
#4693 = DIRECTION('',(1.,0.,0.));
#4694 = ORIENTED_EDGE('',*,*,#4695,.F.);
#4695 = EDGE_CURVE('',#4696,#4688,#4698,.T.);
#4696 = VERTEX_POINT('',#4697);
#4697 = CARTESIAN_POINT('',(1.84,4.62,0.26));
#4698 = LINE('',#4699,#4700);
#4699 = CARTESIAN_POINT('',(1.84,4.62,0.26));
#4700 = VECTOR('',#4701,1.);
#4701 = DIRECTION('',(1.,0.,0.));
#4702 = ORIENTED_EDGE('',*,*,#4703,.F.);
#4703 = EDGE_CURVE('',#2402,#4696,#4704,.T.);
#4704 = LINE('',#4705,#4706);
#4705 = CARTESIAN_POINT('',(1.84,4.52,0.16));
#4706 = VECTOR('',#4707,1.);
#4707 = DIRECTION('',(0.,0.707106781187,0.707106781187));
#4708 = ORIENTED_EDGE('',*,*,#4069,.F.);
#4709 = PLANE('',#4710);
#4710 = AXIS2_PLACEMENT_3D('',#4711,#4712,#4713);
#4711 = CARTESIAN_POINT('',(1.84,4.52,0.16));
#4712 = DIRECTION('',(0.,0.707106781187,-0.707106781187));
#4713 = DIRECTION('',(0.,0.707106781187,0.707106781187));
#4714 = ADVANCED_FACE('',(#4715),#4740,.F.);
#4715 = FACE_BOUND('',#4716,.T.);
#4716 = EDGE_LOOP('',(#4717,#4718,#4726,#4734));
#4717 = ORIENTED_EDGE('',*,*,#4695,.T.);
#4718 = ORIENTED_EDGE('',*,*,#4719,.T.);
#4719 = EDGE_CURVE('',#4688,#4720,#4722,.T.);
#4720 = VERTEX_POINT('',#4721);
#4721 = CARTESIAN_POINT('',(1.85,5.5,0.26));
#4722 = LINE('',#4723,#4724);
#4723 = CARTESIAN_POINT('',(1.85,4.2,0.26));
#4724 = VECTOR('',#4725,1.);
#4725 = DIRECTION('',(8.13490900223E-32,1.,4.251773225433E-17));
#4726 = ORIENTED_EDGE('',*,*,#4727,.T.);
#4727 = EDGE_CURVE('',#4720,#4728,#4730,.T.);
#4728 = VERTEX_POINT('',#4729);
#4729 = CARTESIAN_POINT('',(1.84,5.5,0.26));
#4730 = LINE('',#4731,#4732);
#4731 = CARTESIAN_POINT('',(1.84,5.5,0.26));
#4732 = VECTOR('',#4733,1.);
#4733 = DIRECTION('',(-1.,0.,0.));
#4734 = ORIENTED_EDGE('',*,*,#4735,.F.);
#4735 = EDGE_CURVE('',#4696,#4728,#4736,.T.);
#4736 = LINE('',#4737,#4738);
#4737 = CARTESIAN_POINT('',(1.84,4.62,0.26));
#4738 = VECTOR('',#4739,1.);
#4739 = DIRECTION('',(0.,1.,-5.216444414789E-15));
#4740 = PLANE('',#4741);
#4741 = AXIS2_PLACEMENT_3D('',#4742,#4743,#4744);
#4742 = CARTESIAN_POINT('',(1.84,4.62,0.26));
#4743 = DIRECTION('',(0.,-5.216444414789E-15,-1.));
#4744 = DIRECTION('',(0.,1.,-5.216444414789E-15));
#4745 = ADVANCED_FACE('',(#4746),#4757,.T.);
#4746 = FACE_BOUND('',#4747,.T.);
#4747 = EDGE_LOOP('',(#4748,#4749,#4750,#4756));
#4748 = ORIENTED_EDGE('',*,*,#4703,.T.);
#4749 = ORIENTED_EDGE('',*,*,#4735,.T.);
#4750 = ORIENTED_EDGE('',*,*,#4751,.T.);
#4751 = EDGE_CURVE('',#4728,#2400,#4752,.T.);
#4752 = LINE('',#4753,#4754);
#4753 = CARTESIAN_POINT('',(1.84,5.5,0.16));
#4754 = VECTOR('',#4755,1.);
#4755 = DIRECTION('',(0.,0.,-1.));
#4756 = ORIENTED_EDGE('',*,*,#2399,.T.);
#4757 = PLANE('',#4758);
#4758 = AXIS2_PLACEMENT_3D('',#4759,#4760,#4761);
#4759 = CARTESIAN_POINT('',(1.84,0.,0.));
#4760 = DIRECTION('',(-1.,0.,0.));
#4761 = DIRECTION('',(0.,0.,1.));
#4762 = ADVANCED_FACE('',(#4763),#4783,.T.);
#4763 = FACE_BOUND('',#4764,.T.);
#4764 = EDGE_LOOP('',(#4765,#4771,#4772,#4778,#4779,#4780,#4781,#4782));
#4765 = ORIENTED_EDGE('',*,*,#4766,.F.);
#4766 = EDGE_CURVE('',#3464,#4720,#4767,.T.);
#4767 = LINE('',#4768,#4769);
#4768 = CARTESIAN_POINT('',(1.85,5.5,-3.539601210173E-15));
#4769 = VECTOR('',#4770,1.);
#4770 = DIRECTION('',(-1.913297951445E-15,0.,-1.));
#4771 = ORIENTED_EDGE('',*,*,#3463,.T.);
#4772 = ORIENTED_EDGE('',*,*,#4773,.F.);
#4773 = EDGE_CURVE('',#2346,#3456,#4774,.T.);
#4774 = LINE('',#4775,#4776);
#4775 = CARTESIAN_POINT('',(0.625,5.5,1.));
#4776 = VECTOR('',#4777,1.);
#4777 = DIRECTION('',(0.,0.,1.));
#4778 = ORIENTED_EDGE('',*,*,#2345,.T.);
#4779 = ORIENTED_EDGE('',*,*,#3392,.F.);
#4780 = ORIENTED_EDGE('',*,*,#2409,.F.);
#4781 = ORIENTED_EDGE('',*,*,#4751,.F.);
#4782 = ORIENTED_EDGE('',*,*,#4727,.F.);
#4783 = PLANE('',#4784);
#4784 = AXIS2_PLACEMENT_3D('',#4785,#4786,#4787);
#4785 = CARTESIAN_POINT('',(0.,5.5,0.));
#4786 = DIRECTION('',(0.,-1.,0.));
#4787 = DIRECTION('',(0.,0.,-1.));
#4788 = ADVANCED_FACE('',(#4789),#4795,.T.);
#4789 = FACE_BOUND('',#4790,.T.);
#4790 = EDGE_LOOP('',(#4791,#4792,#4793,#4794));
#4791 = ORIENTED_EDGE('',*,*,#2576,.F.);
#4792 = ORIENTED_EDGE('',*,*,#3742,.F.);
#4793 = ORIENTED_EDGE('',*,*,#2093,.F.);
#4794 = ORIENTED_EDGE('',*,*,#2228,.T.);
#4795 = PLANE('',#4796);
#4796 = AXIS2_PLACEMENT_3D('',#4797,#4798,#4799);
#4797 = CARTESIAN_POINT('',(-3.625,5.5,0.34));
#4798 = DIRECTION('',(-0.961523947641,-0.274721127897,0.));
#4799 = DIRECTION('',(-0.,0.,-1.));
#4800 = ADVANCED_FACE('',(#4801),#4807,.T.);
#4801 = FACE_BOUND('',#4802,.T.);
#4802 = EDGE_LOOP('',(#4803,#4804,#4805,#4806));
#4803 = ORIENTED_EDGE('',*,*,#3455,.F.);
#4804 = ORIENTED_EDGE('',*,*,#3753,.F.);
#4805 = ORIENTED_EDGE('',*,*,#2353,.F.);
#4806 = ORIENTED_EDGE('',*,*,#4773,.T.);
#4807 = PLANE('',#4808);
#4808 = AXIS2_PLACEMENT_3D('',#4809,#4810,#4811);
#4809 = CARTESIAN_POINT('',(0.625,5.5,1.));
#4810 = DIRECTION('',(0.961523947641,-0.274721127897,0.));
#4811 = DIRECTION('',(0.,0.,1.));
#4812 = ADVANCED_FACE('',(#4813),#4840,.T.);
#4813 = FACE_BOUND('',#4814,.T.);
#4814 = EDGE_LOOP('',(#4815,#4816,#4817,#4825,#4833,#4839));
#4815 = ORIENTED_EDGE('',*,*,#3330,.F.);
#4816 = ORIENTED_EDGE('',*,*,#3920,.F.);
#4817 = ORIENTED_EDGE('',*,*,#4818,.T.);
#4818 = EDGE_CURVE('',#2835,#4819,#4821,.T.);
#4819 = VERTEX_POINT('',#4820);
#4820 = CARTESIAN_POINT('',(-4.84,4.62,0.26));
#4821 = LINE('',#4822,#4823);
#4822 = CARTESIAN_POINT('',(-4.84,4.52,0.16));
#4823 = VECTOR('',#4824,1.);
#4824 = DIRECTION('',(0.,0.707106781187,0.707106781187));
#4825 = ORIENTED_EDGE('',*,*,#4826,.T.);
#4826 = EDGE_CURVE('',#4819,#4827,#4829,.T.);
#4827 = VERTEX_POINT('',#4828);
#4828 = CARTESIAN_POINT('',(-4.85,4.62,0.26));
#4829 = LINE('',#4830,#4831);
#4830 = CARTESIAN_POINT('',(-4.84,4.62,0.26));
#4831 = VECTOR('',#4832,1.);
#4832 = DIRECTION('',(-1.,0.,0.));
#4833 = ORIENTED_EDGE('',*,*,#4834,.T.);
#4834 = EDGE_CURVE('',#4827,#2036,#4835,.T.);
#4835 = LINE('',#4836,#4837);
#4836 = CARTESIAN_POINT('',(-4.84,4.62,0.26));
#4837 = VECTOR('',#4838,1.);
#4838 = DIRECTION('',(-1.,0.,0.));
#4839 = ORIENTED_EDGE('',*,*,#2035,.T.);
#4840 = PLANE('',#4841);
#4841 = AXIS2_PLACEMENT_3D('',#4842,#4843,#4844);
#4842 = CARTESIAN_POINT('',(-4.84,4.52,0.16));
#4843 = DIRECTION('',(0.,-0.707106781187,0.707106781187));
#4844 = DIRECTION('',(0.,-0.707106781187,-0.707106781187));
#4845 = ADVANCED_FACE('',(#4846),#4862,.T.);
#4846 = FACE_BOUND('',#4847,.T.);
#4847 = EDGE_LOOP('',(#4848,#4854,#4855,#4861));
#4848 = ORIENTED_EDGE('',*,*,#4849,.F.);
#4849 = EDGE_CURVE('',#4827,#2181,#4850,.T.);
#4850 = LINE('',#4851,#4852);
#4851 = CARTESIAN_POINT('',(-4.85,4.2,0.26));
#4852 = VECTOR('',#4853,1.);
#4853 = DIRECTION('',(-1.084654533631E-31,1.,4.251773225433E-17));
#4854 = ORIENTED_EDGE('',*,*,#4826,.F.);
#4855 = ORIENTED_EDGE('',*,*,#4856,.T.);
#4856 = EDGE_CURVE('',#4819,#2189,#4857,.T.);
#4857 = LINE('',#4858,#4859);
#4858 = CARTESIAN_POINT('',(-4.84,4.62,0.26));
#4859 = VECTOR('',#4860,1.);
#4860 = DIRECTION('',(0.,1.,-5.216444414789E-15));
#4861 = ORIENTED_EDGE('',*,*,#2188,.F.);
#4862 = PLANE('',#4863);
#4863 = AXIS2_PLACEMENT_3D('',#4864,#4865,#4866);
#4864 = CARTESIAN_POINT('',(-4.84,4.62,0.26));
#4865 = DIRECTION('',(0.,5.216444414789E-15,1.));
#4866 = DIRECTION('',(0.,-1.,5.216444414789E-15));
#4867 = ADVANCED_FACE('',(#4868),#4874,.F.);
#4868 = FACE_BOUND('',#4869,.T.);
#4869 = EDGE_LOOP('',(#4870,#4871,#4872,#4873));
#4870 = ORIENTED_EDGE('',*,*,#4818,.F.);
#4871 = ORIENTED_EDGE('',*,*,#2834,.F.);
#4872 = ORIENTED_EDGE('',*,*,#2196,.F.);
#4873 = ORIENTED_EDGE('',*,*,#4856,.F.);
#4874 = PLANE('',#4875);
#4875 = AXIS2_PLACEMENT_3D('',#4876,#4877,#4878);
#4876 = CARTESIAN_POINT('',(-4.84,0.,0.));
#4877 = DIRECTION('',(-1.,0.,0.));
#4878 = DIRECTION('',(0.,0.,1.));
#4879 = ADVANCED_FACE('',(#4880),#4905,.T.);
#4880 = FACE_BOUND('',#4881,.T.);
#4881 = EDGE_LOOP('',(#4882,#4883,#4891,#4899));
#4882 = ORIENTED_EDGE('',*,*,#3406,.F.);
#4883 = ORIENTED_EDGE('',*,*,#4884,.T.);
#4884 = EDGE_CURVE('',#3407,#4885,#4887,.T.);
#4885 = VERTEX_POINT('',#4886);
#4886 = CARTESIAN_POINT('',(1.85,4.2,0.85));
#4887 = LINE('',#4888,#4889);
#4888 = CARTESIAN_POINT('',(1.85,4.2,1.18));
#4889 = VECTOR('',#4890,1.);
#4890 = DIRECTION('',(-1.913297951445E-15,0.,-1.));
#4891 = ORIENTED_EDGE('',*,*,#4892,.F.);
#4892 = EDGE_CURVE('',#4893,#4885,#4895,.T.);
#4893 = VERTEX_POINT('',#4894);
#4894 = CARTESIAN_POINT('',(2.,4.2,0.85));
#4895 = LINE('',#4896,#4897);
#4896 = CARTESIAN_POINT('',(-4.633,4.2,0.85));
#4897 = VECTOR('',#4898,1.);
#4898 = DIRECTION('',(-1.,0.,0.));
#4899 = ORIENTED_EDGE('',*,*,#4900,.F.);
#4900 = EDGE_CURVE('',#3409,#4893,#4901,.T.);
#4901 = LINE('',#4902,#4903);
#4902 = CARTESIAN_POINT('',(2.,4.2,1.18));
#4903 = VECTOR('',#4904,1.);
#4904 = DIRECTION('',(3.299745742347E-15,0.,-1.));
#4905 = PLANE('',#4906);
#4906 = AXIS2_PLACEMENT_3D('',#4907,#4908,#4909);
#4907 = CARTESIAN_POINT('',(0.515,4.2,1.18));
#4908 = DIRECTION('',(0.,-1.,0.));
#4909 = DIRECTION('',(0.,0.,-1.));
#4910 = ADVANCED_FACE('',(#4911),#5035,.T.);
#4911 = FACE_BOUND('',#4912,.T.);
#4912 = EDGE_LOOP('',(#4913,#4914,#4915,#4923,#4931,#4939,#4947,#4955,
    #4963,#4971,#4979,#4987,#4995,#5003,#5011,#5019,#5027,#5033,#5034));
#4913 = ORIENTED_EDGE('',*,*,#3416,.F.);
#4914 = ORIENTED_EDGE('',*,*,#4900,.T.);
#4915 = ORIENTED_EDGE('',*,*,#4916,.F.);
#4916 = EDGE_CURVE('',#4917,#4893,#4919,.T.);
#4917 = VERTEX_POINT('',#4918);
#4918 = CARTESIAN_POINT('',(2.,4.05,0.85));
#4919 = LINE('',#4920,#4921);
#4920 = CARTESIAN_POINT('',(2.,4.05,0.85));
#4921 = VECTOR('',#4922,1.);
#4922 = DIRECTION('',(0.,1.,0.));
#4923 = ORIENTED_EDGE('',*,*,#4924,.F.);
#4924 = EDGE_CURVE('',#4925,#4917,#4927,.T.);
#4925 = VERTEX_POINT('',#4926);
#4926 = CARTESIAN_POINT('',(2.,4.05,0.93));
#4927 = LINE('',#4928,#4929);
#4928 = CARTESIAN_POINT('',(2.,4.05,1.13));
#4929 = VECTOR('',#4930,1.);
#4930 = DIRECTION('',(-3.097720492816E-15,0.,-1.));
#4931 = ORIENTED_EDGE('',*,*,#4932,.T.);
#4932 = EDGE_CURVE('',#4925,#4933,#4935,.T.);
#4933 = VERTEX_POINT('',#4934);
#4934 = CARTESIAN_POINT('',(2.,3.04,0.93));
#4935 = LINE('',#4936,#4937);
#4936 = CARTESIAN_POINT('',(2.,3.42,0.93));
#4937 = VECTOR('',#4938,1.);
#4938 = DIRECTION('',(0.,-1.,0.));
#4939 = ORIENTED_EDGE('',*,*,#4940,.F.);
#4940 = EDGE_CURVE('',#4941,#4933,#4943,.T.);
#4941 = VERTEX_POINT('',#4942);
#4942 = CARTESIAN_POINT('',(2.,3.04,0.33));
#4943 = LINE('',#4944,#4945);
#4944 = CARTESIAN_POINT('',(2.,3.04,0.33));
#4945 = VECTOR('',#4946,1.);
#4946 = DIRECTION('',(-1.626303258728E-15,0.,1.));
#4947 = ORIENTED_EDGE('',*,*,#4948,.F.);
#4948 = EDGE_CURVE('',#4949,#4941,#4951,.T.);
#4949 = VERTEX_POINT('',#4950);
#4950 = CARTESIAN_POINT('',(2.,2.5,0.33));
#4951 = LINE('',#4952,#4953);
#4952 = CARTESIAN_POINT('',(2.,2.5,0.33));
#4953 = VECTOR('',#4954,1.);
#4954 = DIRECTION('',(1.606225440719E-15,1.,0.));
#4955 = ORIENTED_EDGE('',*,*,#4956,.F.);
#4956 = EDGE_CURVE('',#4957,#4949,#4959,.T.);
#4957 = VERTEX_POINT('',#4958);
#4958 = CARTESIAN_POINT('',(2.,2.5,0.93));
#4959 = LINE('',#4960,#4961);
#4960 = CARTESIAN_POINT('',(2.,2.5,1.13));
#4961 = VECTOR('',#4962,1.);
#4962 = DIRECTION('',(1.084202172486E-15,0.,-1.));
#4963 = ORIENTED_EDGE('',*,*,#4964,.T.);
#4964 = EDGE_CURVE('',#4957,#4965,#4967,.T.);
#4965 = VERTEX_POINT('',#4966);
#4966 = CARTESIAN_POINT('',(2.,2.2,0.93));
#4967 = LINE('',#4968,#4969);
#4968 = CARTESIAN_POINT('',(2.,3.42,0.93));
#4969 = VECTOR('',#4970,1.);
#4970 = DIRECTION('',(0.,-1.,0.));
#4971 = ORIENTED_EDGE('',*,*,#4972,.F.);
#4972 = EDGE_CURVE('',#4973,#4965,#4975,.T.);
#4973 = VERTEX_POINT('',#4974);
#4974 = CARTESIAN_POINT('',(2.,2.2,0.25));
#4975 = LINE('',#4976,#4977);
#4976 = CARTESIAN_POINT('',(2.,2.2,0.25));
#4977 = VECTOR('',#4978,1.);
#4978 = DIRECTION('',(1.913297951445E-15,0.,1.));
#4979 = ORIENTED_EDGE('',*,*,#4980,.F.);
#4980 = EDGE_CURVE('',#4981,#4973,#4983,.T.);
#4981 = VERTEX_POINT('',#4982);
#4982 = CARTESIAN_POINT('',(2.,3.25,0.25));
#4983 = LINE('',#4984,#4985);
#4984 = CARTESIAN_POINT('',(2.,3.42,0.25));
#4985 = VECTOR('',#4986,1.);
#4986 = DIRECTION('',(0.,-1.,0.));
#4987 = ORIENTED_EDGE('',*,*,#4988,.F.);
#4988 = EDGE_CURVE('',#4989,#4981,#4991,.T.);
#4989 = VERTEX_POINT('',#4990);
#4990 = CARTESIAN_POINT('',(2.,3.25,0.3));
#4991 = LINE('',#4992,#4993);
#4992 = CARTESIAN_POINT('',(2.,3.25,0.3));
#4993 = VECTOR('',#4994,1.);
#4994 = DIRECTION('',(-3.469446951953E-15,0.,-1.));
#4995 = ORIENTED_EDGE('',*,*,#4996,.F.);
#4996 = EDGE_CURVE('',#4997,#4989,#4999,.T.);
#4997 = VERTEX_POINT('',#4998);
#4998 = CARTESIAN_POINT('',(2.,3.42,0.3));
#4999 = LINE('',#5000,#5001);
#5000 = CARTESIAN_POINT('',(2.,3.42,0.3));
#5001 = VECTOR('',#5002,1.);
#5002 = DIRECTION('',(0.,-1.,9.566489757225E-16));
#5003 = ORIENTED_EDGE('',*,*,#5004,.F.);
#5004 = EDGE_CURVE('',#5005,#4997,#5007,.T.);
#5005 = VERTEX_POINT('',#5006);
#5006 = CARTESIAN_POINT('',(2.,3.42,0.17));
#5007 = LINE('',#5008,#5009);
#5008 = CARTESIAN_POINT('',(2.,3.42,0.93));
#5009 = VECTOR('',#5010,1.);
#5010 = DIRECTION('',(-2.282530889443E-15,0.,1.));
#5011 = ORIENTED_EDGE('',*,*,#5012,.T.);
#5012 = EDGE_CURVE('',#5005,#5013,#5015,.T.);
#5013 = VERTEX_POINT('',#5014);
#5014 = CARTESIAN_POINT('',(2.,4.42,0.17));
#5015 = LINE('',#5016,#5017);
#5016 = CARTESIAN_POINT('',(2.,4.42,0.17));
#5017 = VECTOR('',#5018,1.);
#5018 = DIRECTION('',(0.,1.,0.));
#5019 = ORIENTED_EDGE('',*,*,#5020,.T.);
#5020 = EDGE_CURVE('',#5013,#5021,#5023,.T.);
#5021 = VERTEX_POINT('',#5022);
#5022 = CARTESIAN_POINT('',(2.,4.42,0.26));
#5023 = LINE('',#5024,#5025);
#5024 = CARTESIAN_POINT('',(2.,4.42,0.93));
#5025 = VECTOR('',#5026,1.);
#5026 = DIRECTION('',(-2.282530889443E-15,0.,1.));
#5027 = ORIENTED_EDGE('',*,*,#5028,.T.);
#5028 = EDGE_CURVE('',#5021,#2265,#5029,.T.);
#5029 = LINE('',#5030,#5031);
#5030 = CARTESIAN_POINT('',(2.,4.2,0.26));
#5031 = VECTOR('',#5032,1.);
#5032 = DIRECTION('',(1.190496503121E-15,1.,4.251773225433E-17));
#5033 = ORIENTED_EDGE('',*,*,#2264,.T.);
#5034 = ORIENTED_EDGE('',*,*,#2304,.T.);
#5035 = PLANE('',#5036);
#5036 = AXIS2_PLACEMENT_3D('',#5037,#5038,#5039);
#5037 = CARTESIAN_POINT('',(2.,3.42,0.25));
#5038 = DIRECTION('',(1.,0.,-1.913297951445E-15));
#5039 = DIRECTION('',(-1.913297951445E-15,0.,-1.));
#5040 = ADVANCED_FACE('',(#5041),#5165,.T.);
#5041 = FACE_BOUND('',#5042,.T.);
#5042 = EDGE_LOOP('',(#5043,#5044,#5045,#5046,#5054,#5062,#5070,#5078,
    #5086,#5094,#5102,#5110,#5118,#5126,#5134,#5142,#5150,#5158,#5164));
#5043 = ORIENTED_EDGE('',*,*,#3471,.F.);
#5044 = ORIENTED_EDGE('',*,*,#4766,.T.);
#5045 = ORIENTED_EDGE('',*,*,#4719,.F.);
#5046 = ORIENTED_EDGE('',*,*,#5047,.F.);
#5047 = EDGE_CURVE('',#5048,#4688,#5050,.T.);
#5048 = VERTEX_POINT('',#5049);
#5049 = CARTESIAN_POINT('',(1.85,4.42,0.26));
#5050 = LINE('',#5051,#5052);
#5051 = CARTESIAN_POINT('',(1.85,4.2,0.26));
#5052 = VECTOR('',#5053,1.);
#5053 = DIRECTION('',(8.13490900223E-32,1.,4.251773225433E-17));
#5054 = ORIENTED_EDGE('',*,*,#5055,.T.);
#5055 = EDGE_CURVE('',#5048,#5056,#5058,.T.);
#5056 = VERTEX_POINT('',#5057);
#5057 = CARTESIAN_POINT('',(1.85,4.42,0.17));
#5058 = LINE('',#5059,#5060);
#5059 = CARTESIAN_POINT('',(1.85,4.42,0.17));
#5060 = VECTOR('',#5061,1.);
#5061 = DIRECTION('',(1.997214528263E-15,0.,-1.));
#5062 = ORIENTED_EDGE('',*,*,#5063,.F.);
#5063 = EDGE_CURVE('',#5064,#5056,#5066,.T.);
#5064 = VERTEX_POINT('',#5065);
#5065 = CARTESIAN_POINT('',(1.85,3.42,0.17));
#5066 = LINE('',#5067,#5068);
#5067 = CARTESIAN_POINT('',(1.85,4.42,0.17));
#5068 = VECTOR('',#5069,1.);
#5069 = DIRECTION('',(0.,1.,0.));
#5070 = ORIENTED_EDGE('',*,*,#5071,.T.);
#5071 = EDGE_CURVE('',#5064,#5072,#5074,.T.);
#5072 = VERTEX_POINT('',#5073);
#5073 = CARTESIAN_POINT('',(1.85,3.42,0.3));
#5074 = LINE('',#5075,#5076);
#5075 = CARTESIAN_POINT('',(1.85,3.42,0.17));
#5076 = VECTOR('',#5077,1.);
#5077 = DIRECTION('',(-1.997214528263E-15,0.,1.));
#5078 = ORIENTED_EDGE('',*,*,#5079,.F.);
#5079 = EDGE_CURVE('',#5080,#5072,#5082,.T.);
#5080 = VERTEX_POINT('',#5081);
#5081 = CARTESIAN_POINT('',(1.85,3.25,0.3));
#5082 = LINE('',#5083,#5084);
#5083 = CARTESIAN_POINT('',(1.85,3.42,0.3));
#5084 = VECTOR('',#5085,1.);
#5085 = DIRECTION('',(-1.830354525502E-30,1.,-9.566489757225E-16));
#5086 = ORIENTED_EDGE('',*,*,#5087,.F.);
#5087 = EDGE_CURVE('',#5088,#5080,#5090,.T.);
#5088 = VERTEX_POINT('',#5089);
#5089 = CARTESIAN_POINT('',(1.85,3.25,0.25));
#5090 = LINE('',#5091,#5092);
#5091 = CARTESIAN_POINT('',(1.85,3.25,0.93));
#5092 = VECTOR('',#5093,1.);
#5093 = DIRECTION('',(1.913297951445E-15,0.,1.));
#5094 = ORIENTED_EDGE('',*,*,#5095,.T.);
#5095 = EDGE_CURVE('',#5088,#5096,#5098,.T.);
#5096 = VERTEX_POINT('',#5097);
#5097 = CARTESIAN_POINT('',(1.85,2.2,0.25));
#5098 = LINE('',#5099,#5100);
#5099 = CARTESIAN_POINT('',(1.85,3.42,0.25));
#5100 = VECTOR('',#5101,1.);
#5101 = DIRECTION('',(0.,-1.,0.));
#5102 = ORIENTED_EDGE('',*,*,#5103,.F.);
#5103 = EDGE_CURVE('',#5104,#5096,#5106,.T.);
#5104 = VERTEX_POINT('',#5105);
#5105 = CARTESIAN_POINT('',(1.85,2.2,0.93));
#5106 = LINE('',#5107,#5108);
#5107 = CARTESIAN_POINT('',(1.85,2.2,0.93));
#5108 = VECTOR('',#5109,1.);
#5109 = DIRECTION('',(-1.913297951445E-15,0.,-1.));
#5110 = ORIENTED_EDGE('',*,*,#5111,.F.);
#5111 = EDGE_CURVE('',#5112,#5104,#5114,.T.);
#5112 = VERTEX_POINT('',#5113);
#5113 = CARTESIAN_POINT('',(1.85,2.5,0.93));
#5114 = LINE('',#5115,#5116);
#5115 = CARTESIAN_POINT('',(1.85,3.42,0.93));
#5116 = VECTOR('',#5117,1.);
#5117 = DIRECTION('',(0.,-1.,0.));
#5118 = ORIENTED_EDGE('',*,*,#5119,.F.);
#5119 = EDGE_CURVE('',#5120,#5112,#5122,.T.);
#5120 = VERTEX_POINT('',#5121);
#5121 = CARTESIAN_POINT('',(1.85,2.5,0.33));
#5122 = LINE('',#5123,#5124);
#5123 = CARTESIAN_POINT('',(1.85,2.5,0.93));
#5124 = VECTOR('',#5125,1.);
#5125 = DIRECTION('',(1.913297951445E-15,0.,1.));
#5126 = ORIENTED_EDGE('',*,*,#5127,.F.);
#5127 = EDGE_CURVE('',#5128,#5120,#5130,.T.);
#5128 = VERTEX_POINT('',#5129);
#5129 = CARTESIAN_POINT('',(1.85,3.04,0.33));
#5130 = LINE('',#5131,#5132);
#5131 = CARTESIAN_POINT('',(1.85,3.42,0.33));
#5132 = VECTOR('',#5133,1.);
#5133 = DIRECTION('',(0.,-1.,0.));
#5134 = ORIENTED_EDGE('',*,*,#5135,.F.);
#5135 = EDGE_CURVE('',#5136,#5128,#5138,.T.);
#5136 = VERTEX_POINT('',#5137);
#5137 = CARTESIAN_POINT('',(1.85,3.04,0.93));
#5138 = LINE('',#5139,#5140);
#5139 = CARTESIAN_POINT('',(1.85,3.04,0.93));
#5140 = VECTOR('',#5141,1.);
#5141 = DIRECTION('',(-1.913297951445E-15,0.,-1.));
#5142 = ORIENTED_EDGE('',*,*,#5143,.F.);
#5143 = EDGE_CURVE('',#5144,#5136,#5146,.T.);
#5144 = VERTEX_POINT('',#5145);
#5145 = CARTESIAN_POINT('',(1.85,4.05,0.93));
#5146 = LINE('',#5147,#5148);
#5147 = CARTESIAN_POINT('',(1.85,3.42,0.93));
#5148 = VECTOR('',#5149,1.);
#5149 = DIRECTION('',(0.,-1.,0.));
#5150 = ORIENTED_EDGE('',*,*,#5151,.F.);
#5151 = EDGE_CURVE('',#5152,#5144,#5154,.T.);
#5152 = VERTEX_POINT('',#5153);
#5153 = CARTESIAN_POINT('',(1.85,4.05,0.85));
#5154 = LINE('',#5155,#5156);
#5155 = CARTESIAN_POINT('',(1.85,4.05,0.93));
#5156 = VECTOR('',#5157,1.);
#5157 = DIRECTION('',(1.913297951445E-15,0.,1.));
#5158 = ORIENTED_EDGE('',*,*,#5159,.F.);
#5159 = EDGE_CURVE('',#4885,#5152,#5160,.T.);
#5160 = LINE('',#5161,#5162);
#5161 = CARTESIAN_POINT('',(1.85,3.42,0.85));
#5162 = VECTOR('',#5163,1.);
#5163 = DIRECTION('',(0.,-1.,0.));
#5164 = ORIENTED_EDGE('',*,*,#4884,.F.);
#5165 = PLANE('',#5166);
#5166 = AXIS2_PLACEMENT_3D('',#5167,#5168,#5169);
#5167 = CARTESIAN_POINT('',(1.85,3.42,0.93));
#5168 = DIRECTION('',(-1.,0.,1.913297951445E-15));
#5169 = DIRECTION('',(1.913297951445E-15,0.,1.));
#5170 = ADVANCED_FACE('',(#5171),#5198,.T.);
#5171 = FACE_BOUND('',#5172,.T.);
#5172 = EDGE_LOOP('',(#5173,#5182,#5190,#5197));
#5173 = ORIENTED_EDGE('',*,*,#5174,.F.);
#5174 = EDGE_CURVE('',#5175,#4957,#5177,.T.);
#5175 = VERTEX_POINT('',#5176);
#5176 = CARTESIAN_POINT('',(1.8,2.5,1.13));
#5177 = CIRCLE('',#5178,0.2);
#5178 = AXIS2_PLACEMENT_3D('',#5179,#5180,#5181);
#5179 = CARTESIAN_POINT('',(1.8,2.5,0.93));
#5180 = DIRECTION('',(0.,1.,0.));
#5181 = DIRECTION('',(0.,0.,-1.));
#5182 = ORIENTED_EDGE('',*,*,#5183,.T.);
#5183 = EDGE_CURVE('',#5175,#5184,#5186,.T.);
#5184 = VERTEX_POINT('',#5185);
#5185 = CARTESIAN_POINT('',(1.8,2.2,1.13));
#5186 = LINE('',#5187,#5188);
#5187 = CARTESIAN_POINT('',(1.8,3.42,1.13));
#5188 = VECTOR('',#5189,1.);
#5189 = DIRECTION('',(0.,-1.,0.));
#5190 = ORIENTED_EDGE('',*,*,#5191,.F.);
#5191 = EDGE_CURVE('',#4965,#5184,#5192,.T.);
#5192 = CIRCLE('',#5193,0.2);
#5193 = AXIS2_PLACEMENT_3D('',#5194,#5195,#5196);
#5194 = CARTESIAN_POINT('',(1.8,2.2,0.93));
#5195 = DIRECTION('',(0.,-1.,0.));
#5196 = DIRECTION('',(0.,0.,-1.));
#5197 = ORIENTED_EDGE('',*,*,#4964,.F.);
#5198 = CYLINDRICAL_SURFACE('',#5199,0.2);
#5199 = AXIS2_PLACEMENT_3D('',#5200,#5201,#5202);
#5200 = CARTESIAN_POINT('',(1.8,3.42,0.93));
#5201 = DIRECTION('',(0.,-1.,0.));
#5202 = DIRECTION('',(0.,0.,-1.));
#5203 = ADVANCED_FACE('',(#5204),#5261,.T.);
#5204 = FACE_BOUND('',#5205,.T.);
#5205 = EDGE_LOOP('',(#5206,#5216,#5224,#5232,#5240,#5248,#5254,#5255));
#5206 = ORIENTED_EDGE('',*,*,#5207,.F.);
#5207 = EDGE_CURVE('',#5208,#5210,#5212,.T.);
#5208 = VERTEX_POINT('',#5209);
#5209 = CARTESIAN_POINT('',(1.75,3.04,1.13));
#5210 = VERTEX_POINT('',#5211);
#5211 = CARTESIAN_POINT('',(1.75,2.5,1.13));
#5212 = LINE('',#5213,#5214);
#5213 = CARTESIAN_POINT('',(1.75,3.04,1.13));
#5214 = VECTOR('',#5215,1.);
#5215 = DIRECTION('',(0.,-1.,0.));
#5216 = ORIENTED_EDGE('',*,*,#5217,.T.);
#5217 = EDGE_CURVE('',#5208,#5218,#5220,.T.);
#5218 = VERTEX_POINT('',#5219);
#5219 = CARTESIAN_POINT('',(1.8,3.04,1.13));
#5220 = LINE('',#5221,#5222);
#5221 = CARTESIAN_POINT('',(1.75,3.04,1.13));
#5222 = VECTOR('',#5223,1.);
#5223 = DIRECTION('',(1.,0.,0.));
#5224 = ORIENTED_EDGE('',*,*,#5225,.F.);
#5225 = EDGE_CURVE('',#5226,#5218,#5228,.T.);
#5226 = VERTEX_POINT('',#5227);
#5227 = CARTESIAN_POINT('',(1.8,4.05,1.13));
#5228 = LINE('',#5229,#5230);
#5229 = CARTESIAN_POINT('',(1.8,3.42,1.13));
#5230 = VECTOR('',#5231,1.);
#5231 = DIRECTION('',(0.,-1.,0.));
#5232 = ORIENTED_EDGE('',*,*,#5233,.F.);
#5233 = EDGE_CURVE('',#5234,#5226,#5236,.T.);
#5234 = VERTEX_POINT('',#5235);
#5235 = CARTESIAN_POINT('',(1.33,4.05,1.13));
#5236 = LINE('',#5237,#5238);
#5237 = CARTESIAN_POINT('',(-4.633,4.05,1.13));
#5238 = VECTOR('',#5239,1.);
#5239 = DIRECTION('',(1.,0.,0.));
#5240 = ORIENTED_EDGE('',*,*,#5241,.T.);
#5241 = EDGE_CURVE('',#5234,#5242,#5244,.T.);
#5242 = VERTEX_POINT('',#5243);
#5243 = CARTESIAN_POINT('',(1.33,2.2,1.13));
#5244 = LINE('',#5245,#5246);
#5245 = CARTESIAN_POINT('',(1.33,3.42,1.13));
#5246 = VECTOR('',#5247,1.);
#5247 = DIRECTION('',(0.,-1.,0.));
#5248 = ORIENTED_EDGE('',*,*,#5249,.F.);
#5249 = EDGE_CURVE('',#5184,#5242,#5250,.T.);
#5250 = LINE('',#5251,#5252);
#5251 = CARTESIAN_POINT('',(1.8,2.2,1.13));
#5252 = VECTOR('',#5253,1.);
#5253 = DIRECTION('',(-1.,0.,-9.227252531792E-16));
#5254 = ORIENTED_EDGE('',*,*,#5183,.F.);
#5255 = ORIENTED_EDGE('',*,*,#5256,.F.);
#5256 = EDGE_CURVE('',#5210,#5175,#5257,.T.);
#5257 = LINE('',#5258,#5259);
#5258 = CARTESIAN_POINT('',(1.75,2.5,1.13));
#5259 = VECTOR('',#5260,1.);
#5260 = DIRECTION('',(1.,0.,0.));
#5261 = PLANE('',#5262);
#5262 = AXIS2_PLACEMENT_3D('',#5263,#5264,#5265);
#5263 = CARTESIAN_POINT('',(1.8,3.42,1.13));
#5264 = DIRECTION('',(-9.227252531792E-16,0.,1.));
#5265 = DIRECTION('',(1.,0.,9.227252531792E-16));
#5266 = ADVANCED_FACE('',(#5267),#5294,.F.);
#5267 = FACE_BOUND('',#5268,.F.);
#5268 = EDGE_LOOP('',(#5269,#5279,#5286,#5287));
#5269 = ORIENTED_EDGE('',*,*,#5270,.T.);
#5270 = EDGE_CURVE('',#5271,#5273,#5275,.T.);
#5271 = VERTEX_POINT('',#5272);
#5272 = CARTESIAN_POINT('',(1.8,2.5,0.98));
#5273 = VERTEX_POINT('',#5274);
#5274 = CARTESIAN_POINT('',(1.8,2.2,0.98));
#5275 = LINE('',#5276,#5277);
#5276 = CARTESIAN_POINT('',(1.8,3.42,0.98));
#5277 = VECTOR('',#5278,1.);
#5278 = DIRECTION('',(0.,-1.,0.));
#5279 = ORIENTED_EDGE('',*,*,#5280,.T.);
#5280 = EDGE_CURVE('',#5273,#5104,#5281,.T.);
#5281 = CIRCLE('',#5282,5.E-02);
#5282 = AXIS2_PLACEMENT_3D('',#5283,#5284,#5285);
#5283 = CARTESIAN_POINT('',(1.8,2.2,0.93));
#5284 = DIRECTION('',(-0.,1.,0.));
#5285 = DIRECTION('',(1.,0.,0.));
#5286 = ORIENTED_EDGE('',*,*,#5111,.F.);
#5287 = ORIENTED_EDGE('',*,*,#5288,.T.);
#5288 = EDGE_CURVE('',#5112,#5271,#5289,.T.);
#5289 = CIRCLE('',#5290,5.E-02);
#5290 = AXIS2_PLACEMENT_3D('',#5291,#5292,#5293);
#5291 = CARTESIAN_POINT('',(1.8,2.5,0.93));
#5292 = DIRECTION('',(0.,-1.,0.));
#5293 = DIRECTION('',(0.,0.,-1.));
#5294 = CYLINDRICAL_SURFACE('',#5295,5.E-02);
#5295 = AXIS2_PLACEMENT_3D('',#5296,#5297,#5298);
#5296 = CARTESIAN_POINT('',(1.8,3.42,0.93));
#5297 = DIRECTION('',(0.,-1.,0.));
#5298 = DIRECTION('',(0.,0.,-1.));
#5299 = ADVANCED_FACE('',(#5300),#5334,.T.);
#5300 = FACE_BOUND('',#5301,.T.);
#5301 = EDGE_LOOP('',(#5302,#5312,#5320,#5328));
#5302 = ORIENTED_EDGE('',*,*,#5303,.F.);
#5303 = EDGE_CURVE('',#5304,#5306,#5308,.T.);
#5304 = VERTEX_POINT('',#5305);
#5305 = CARTESIAN_POINT('',(1.33,3.25,0.2));
#5306 = VERTEX_POINT('',#5307);
#5307 = CARTESIAN_POINT('',(1.33,2.2,0.2));
#5308 = LINE('',#5309,#5310);
#5309 = CARTESIAN_POINT('',(1.33,3.42,0.2));
#5310 = VECTOR('',#5311,1.);
#5311 = DIRECTION('',(0.,-1.,0.));
#5312 = ORIENTED_EDGE('',*,*,#5313,.T.);
#5313 = EDGE_CURVE('',#5304,#5314,#5316,.T.);
#5314 = VERTEX_POINT('',#5315);
#5315 = CARTESIAN_POINT('',(1.33,3.25,5.E-02));
#5316 = LINE('',#5317,#5318);
#5317 = CARTESIAN_POINT('',(1.33,3.25,0.3));
#5318 = VECTOR('',#5319,1.);
#5319 = DIRECTION('',(-1.445602896647E-15,0.,-1.));
#5320 = ORIENTED_EDGE('',*,*,#5321,.T.);
#5321 = EDGE_CURVE('',#5314,#5322,#5324,.T.);
#5322 = VERTEX_POINT('',#5323);
#5323 = CARTESIAN_POINT('',(1.33,2.2,5.E-02));
#5324 = LINE('',#5325,#5326);
#5325 = CARTESIAN_POINT('',(1.33,3.42,5.E-02));
#5326 = VECTOR('',#5327,1.);
#5327 = DIRECTION('',(0.,-1.,0.));
#5328 = ORIENTED_EDGE('',*,*,#5329,.F.);
#5329 = EDGE_CURVE('',#5306,#5322,#5330,.T.);
#5330 = LINE('',#5331,#5332);
#5331 = CARTESIAN_POINT('',(1.33,2.2,0.2));
#5332 = VECTOR('',#5333,1.);
#5333 = DIRECTION('',(-1.445602896647E-15,0.,-1.));
#5334 = PLANE('',#5335);
#5335 = AXIS2_PLACEMENT_3D('',#5336,#5337,#5338);
#5336 = CARTESIAN_POINT('',(1.33,3.42,0.2));
#5337 = DIRECTION('',(-1.,0.,1.445602896647E-15));
#5338 = DIRECTION('',(1.445602896647E-15,0.,1.));
#5339 = ADVANCED_FACE('',(#5340),#5365,.T.);
#5340 = FACE_BOUND('',#5341,.T.);
#5341 = EDGE_LOOP('',(#5342,#5343,#5351,#5359));
#5342 = ORIENTED_EDGE('',*,*,#5321,.F.);
#5343 = ORIENTED_EDGE('',*,*,#5344,.T.);
#5344 = EDGE_CURVE('',#5314,#5345,#5347,.T.);
#5345 = VERTEX_POINT('',#5346);
#5346 = CARTESIAN_POINT('',(1.8,3.25,5.E-02));
#5347 = LINE('',#5348,#5349);
#5348 = CARTESIAN_POINT('',(-4.633,3.25,5.E-02));
#5349 = VECTOR('',#5350,1.);
#5350 = DIRECTION('',(1.,0.,0.));
#5351 = ORIENTED_EDGE('',*,*,#5352,.T.);
#5352 = EDGE_CURVE('',#5345,#5353,#5355,.T.);
#5353 = VERTEX_POINT('',#5354);
#5354 = CARTESIAN_POINT('',(1.8,2.2,5.000000000001E-02));
#5355 = LINE('',#5356,#5357);
#5356 = CARTESIAN_POINT('',(1.8,3.42,5.000000000001E-02));
#5357 = VECTOR('',#5358,1.);
#5358 = DIRECTION('',(0.,-1.,0.));
#5359 = ORIENTED_EDGE('',*,*,#5360,.F.);
#5360 = EDGE_CURVE('',#5322,#5353,#5361,.T.);
#5361 = LINE('',#5362,#5363);
#5362 = CARTESIAN_POINT('',(1.33,2.2,5.E-02));
#5363 = VECTOR('',#5364,1.);
#5364 = DIRECTION('',(1.,0.,1.182241730636E-15));
#5365 = PLANE('',#5366);
#5366 = AXIS2_PLACEMENT_3D('',#5367,#5368,#5369);
#5367 = CARTESIAN_POINT('',(1.33,3.42,5.E-02));
#5368 = DIRECTION('',(1.182241730636E-15,0.,-1.));
#5369 = DIRECTION('',(-1.,0.,-1.182241730636E-15));
#5370 = ADVANCED_FACE('',(#5371),#5396,.T.);
#5371 = FACE_BOUND('',#5372,.T.);
#5372 = EDGE_LOOP('',(#5373,#5374,#5382,#5390));
#5373 = ORIENTED_EDGE('',*,*,#5241,.F.);
#5374 = ORIENTED_EDGE('',*,*,#5375,.T.);
#5375 = EDGE_CURVE('',#5234,#5376,#5378,.T.);
#5376 = VERTEX_POINT('',#5377);
#5377 = CARTESIAN_POINT('',(1.33,4.05,0.98));
#5378 = LINE('',#5379,#5380);
#5379 = CARTESIAN_POINT('',(1.33,4.05,1.13));
#5380 = VECTOR('',#5381,1.);
#5381 = DIRECTION('',(-1.445602896647E-15,0.,-1.));
#5382 = ORIENTED_EDGE('',*,*,#5383,.T.);
#5383 = EDGE_CURVE('',#5376,#5384,#5386,.T.);
#5384 = VERTEX_POINT('',#5385);
#5385 = CARTESIAN_POINT('',(1.33,2.2,0.98));
#5386 = LINE('',#5387,#5388);
#5387 = CARTESIAN_POINT('',(1.33,3.42,0.98));
#5388 = VECTOR('',#5389,1.);
#5389 = DIRECTION('',(0.,-1.,0.));
#5390 = ORIENTED_EDGE('',*,*,#5391,.F.);
#5391 = EDGE_CURVE('',#5242,#5384,#5392,.T.);
#5392 = LINE('',#5393,#5394);
#5393 = CARTESIAN_POINT('',(1.33,2.2,1.13));
#5394 = VECTOR('',#5395,1.);
#5395 = DIRECTION('',(-1.445602896647E-15,0.,-1.));
#5396 = PLANE('',#5397);
#5397 = AXIS2_PLACEMENT_3D('',#5398,#5399,#5400);
#5398 = CARTESIAN_POINT('',(1.33,3.42,1.13));
#5399 = DIRECTION('',(-1.,0.,1.445602896647E-15));
#5400 = DIRECTION('',(1.445602896647E-15,0.,1.));
#5401 = ADVANCED_FACE('',(#5402),#5452,.T.);
#5402 = FACE_BOUND('',#5403,.T.);
#5403 = EDGE_LOOP('',(#5404,#5410,#5411,#5420,#5428,#5436,#5444,#5451));
#5404 = ORIENTED_EDGE('',*,*,#5405,.F.);
#5405 = EDGE_CURVE('',#5021,#5048,#5406,.T.);
#5406 = LINE('',#5407,#5408);
#5407 = CARTESIAN_POINT('',(1.8,4.42,0.26));
#5408 = VECTOR('',#5409,1.);
#5409 = DIRECTION('',(-1.,0.,0.));
#5410 = ORIENTED_EDGE('',*,*,#5020,.F.);
#5411 = ORIENTED_EDGE('',*,*,#5412,.F.);
#5412 = EDGE_CURVE('',#5413,#5013,#5415,.T.);
#5413 = VERTEX_POINT('',#5414);
#5414 = CARTESIAN_POINT('',(2.1,4.42,7.E-02));
#5415 = CIRCLE('',#5416,0.1);
#5416 = AXIS2_PLACEMENT_3D('',#5417,#5418,#5419);
#5417 = CARTESIAN_POINT('',(2.1,4.42,0.17));
#5418 = DIRECTION('',(0.,1.,0.));
#5419 = DIRECTION('',(-1.,0.,2.710505431214E-16));
#5420 = ORIENTED_EDGE('',*,*,#5421,.F.);
#5421 = EDGE_CURVE('',#5422,#5413,#5424,.T.);
#5422 = VERTEX_POINT('',#5423);
#5423 = CARTESIAN_POINT('',(2.8,4.42,7.000000000001E-02));
#5424 = LINE('',#5425,#5426);
#5425 = CARTESIAN_POINT('',(2.1,4.42,7.000000000001E-02));
#5426 = VECTOR('',#5427,1.);
#5427 = DIRECTION('',(-1.,0.,-9.486769009248E-16));
#5428 = ORIENTED_EDGE('',*,*,#5429,.F.);
#5429 = EDGE_CURVE('',#5430,#5422,#5432,.T.);
#5430 = VERTEX_POINT('',#5431);
#5431 = CARTESIAN_POINT('',(2.8,4.42,-7.999999999999E-02));
#5432 = LINE('',#5433,#5434);
#5433 = CARTESIAN_POINT('',(2.8,4.42,7.000000000001E-02));
#5434 = VECTOR('',#5435,1.);
#5435 = DIRECTION('',(-2.891205793295E-15,0.,1.));
#5436 = ORIENTED_EDGE('',*,*,#5437,.F.);
#5437 = EDGE_CURVE('',#5438,#5430,#5440,.T.);
#5438 = VERTEX_POINT('',#5439);
#5439 = CARTESIAN_POINT('',(2.1,4.42,-7.999999999999E-02));
#5440 = LINE('',#5441,#5442);
#5441 = CARTESIAN_POINT('',(2.8,4.42,-7.999999999999E-02));
#5442 = VECTOR('',#5443,1.);
#5443 = DIRECTION('',(1.,0.,9.486769009248E-16));
#5444 = ORIENTED_EDGE('',*,*,#5445,.F.);
#5445 = EDGE_CURVE('',#5056,#5438,#5446,.T.);
#5446 = CIRCLE('',#5447,0.25);
#5447 = AXIS2_PLACEMENT_3D('',#5448,#5449,#5450);
#5448 = CARTESIAN_POINT('',(2.1,4.42,0.17));
#5449 = DIRECTION('',(0.,-1.,0.));
#5450 = DIRECTION('',(0.,0.,1.));
#5451 = ORIENTED_EDGE('',*,*,#5055,.F.);
#5452 = PLANE('',#5453);
#5453 = AXIS2_PLACEMENT_3D('',#5454,#5455,#5456);
#5454 = CARTESIAN_POINT('',(1.8,4.42,0.93));
#5455 = DIRECTION('',(0.,1.,0.));
#5456 = DIRECTION('',(0.,-0.,1.));
#5457 = ADVANCED_FACE('',(#5458),#5476,.T.);
#5458 = FACE_BOUND('',#5459,.T.);
#5459 = EDGE_LOOP('',(#5460,#5467,#5468,#5475));
#5460 = ORIENTED_EDGE('',*,*,#5461,.F.);
#5461 = EDGE_CURVE('',#4981,#5345,#5462,.T.);
#5462 = CIRCLE('',#5463,0.2);
#5463 = AXIS2_PLACEMENT_3D('',#5464,#5465,#5466);
#5464 = CARTESIAN_POINT('',(1.8,3.25,0.25));
#5465 = DIRECTION('',(0.,1.,0.));
#5466 = DIRECTION('',(0.,0.,-1.));
#5467 = ORIENTED_EDGE('',*,*,#4980,.T.);
#5468 = ORIENTED_EDGE('',*,*,#5469,.F.);
#5469 = EDGE_CURVE('',#5353,#4973,#5470,.T.);
#5470 = CIRCLE('',#5471,0.2);
#5471 = AXIS2_PLACEMENT_3D('',#5472,#5473,#5474);
#5472 = CARTESIAN_POINT('',(1.8,2.2,0.25));
#5473 = DIRECTION('',(0.,-1.,0.));
#5474 = DIRECTION('',(0.,0.,-1.));
#5475 = ORIENTED_EDGE('',*,*,#5352,.F.);
#5476 = CYLINDRICAL_SURFACE('',#5477,0.2);
#5477 = AXIS2_PLACEMENT_3D('',#5478,#5479,#5480);
#5478 = CARTESIAN_POINT('',(1.8,3.42,0.25));
#5479 = DIRECTION('',(0.,-1.,0.));
#5480 = DIRECTION('',(0.,0.,-1.));
#5481 = ADVANCED_FACE('',(#5482),#5500,.T.);
#5482 = FACE_BOUND('',#5483,.T.);
#5483 = EDGE_LOOP('',(#5484,#5491,#5492,#5499));
#5484 = ORIENTED_EDGE('',*,*,#5485,.F.);
#5485 = EDGE_CURVE('',#4933,#5218,#5486,.T.);
#5486 = CIRCLE('',#5487,0.2);
#5487 = AXIS2_PLACEMENT_3D('',#5488,#5489,#5490);
#5488 = CARTESIAN_POINT('',(1.8,3.04,0.93));
#5489 = DIRECTION('',(0.,-1.,0.));
#5490 = DIRECTION('',(0.,0.,1.));
#5491 = ORIENTED_EDGE('',*,*,#4932,.F.);
#5492 = ORIENTED_EDGE('',*,*,#5493,.F.);
#5493 = EDGE_CURVE('',#5226,#4925,#5494,.T.);
#5494 = CIRCLE('',#5495,0.2);
#5495 = AXIS2_PLACEMENT_3D('',#5496,#5497,#5498);
#5496 = CARTESIAN_POINT('',(1.8,4.05,0.93));
#5497 = DIRECTION('',(0.,1.,0.));
#5498 = DIRECTION('',(0.,0.,-1.));
#5499 = ORIENTED_EDGE('',*,*,#5225,.T.);
#5500 = CYLINDRICAL_SURFACE('',#5501,0.2);
#5501 = AXIS2_PLACEMENT_3D('',#5502,#5503,#5504);
#5502 = CARTESIAN_POINT('',(1.8,3.42,0.93));
#5503 = DIRECTION('',(0.,-1.,0.));
#5504 = DIRECTION('',(0.,0.,-1.));
#5505 = ADVANCED_FACE('',(#5506),#5554,.T.);
#5506 = FACE_BOUND('',#5507,.T.);
#5507 = EDGE_LOOP('',(#5508,#5516,#5517,#5523,#5524,#5532,#5540,#5548));
#5508 = ORIENTED_EDGE('',*,*,#5509,.F.);
#5509 = EDGE_CURVE('',#5271,#5510,#5512,.T.);
#5510 = VERTEX_POINT('',#5511);
#5511 = CARTESIAN_POINT('',(1.75,2.5,0.98));
#5512 = LINE('',#5513,#5514);
#5513 = CARTESIAN_POINT('',(1.33,2.5,0.98));
#5514 = VECTOR('',#5515,1.);
#5515 = DIRECTION('',(-1.,0.,-9.227252531792E-16));
#5516 = ORIENTED_EDGE('',*,*,#5270,.T.);
#5517 = ORIENTED_EDGE('',*,*,#5518,.F.);
#5518 = EDGE_CURVE('',#5384,#5273,#5519,.T.);
#5519 = LINE('',#5520,#5521);
#5520 = CARTESIAN_POINT('',(1.33,2.2,0.98));
#5521 = VECTOR('',#5522,1.);
#5522 = DIRECTION('',(1.,0.,9.227252531792E-16));
#5523 = ORIENTED_EDGE('',*,*,#5383,.F.);
#5524 = ORIENTED_EDGE('',*,*,#5525,.F.);
#5525 = EDGE_CURVE('',#5526,#5376,#5528,.T.);
#5526 = VERTEX_POINT('',#5527);
#5527 = CARTESIAN_POINT('',(1.8,4.05,0.98));
#5528 = LINE('',#5529,#5530);
#5529 = CARTESIAN_POINT('',(1.33,4.05,0.98));
#5530 = VECTOR('',#5531,1.);
#5531 = DIRECTION('',(-1.,0.,-9.227252531792E-16));
#5532 = ORIENTED_EDGE('',*,*,#5533,.T.);
#5533 = EDGE_CURVE('',#5526,#5534,#5536,.T.);
#5534 = VERTEX_POINT('',#5535);
#5535 = CARTESIAN_POINT('',(1.8,3.04,0.98));
#5536 = LINE('',#5537,#5538);
#5537 = CARTESIAN_POINT('',(1.8,3.42,0.98));
#5538 = VECTOR('',#5539,1.);
#5539 = DIRECTION('',(0.,-1.,0.));
#5540 = ORIENTED_EDGE('',*,*,#5541,.F.);
#5541 = EDGE_CURVE('',#5542,#5534,#5544,.T.);
#5542 = VERTEX_POINT('',#5543);
#5543 = CARTESIAN_POINT('',(1.75,3.04,0.98));
#5544 = LINE('',#5545,#5546);
#5545 = CARTESIAN_POINT('',(1.33,3.04,0.98));
#5546 = VECTOR('',#5547,1.);
#5547 = DIRECTION('',(1.,0.,9.227252531792E-16));
#5548 = ORIENTED_EDGE('',*,*,#5549,.T.);
#5549 = EDGE_CURVE('',#5542,#5510,#5550,.T.);
#5550 = LINE('',#5551,#5552);
#5551 = CARTESIAN_POINT('',(1.75,3.42,0.98));
#5552 = VECTOR('',#5553,1.);
#5553 = DIRECTION('',(0.,-1.,0.));
#5554 = PLANE('',#5555);
#5555 = AXIS2_PLACEMENT_3D('',#5556,#5557,#5558);
#5556 = CARTESIAN_POINT('',(1.33,3.42,0.98));
#5557 = DIRECTION('',(9.227252531792E-16,0.,-1.));
#5558 = DIRECTION('',(-1.,0.,-9.227252531792E-16));
#5559 = ADVANCED_FACE('',(#5560),#5578,.F.);
#5560 = FACE_BOUND('',#5561,.F.);
#5561 = EDGE_LOOP('',(#5562,#5563,#5570,#5571));
#5562 = ORIENTED_EDGE('',*,*,#5143,.F.);
#5563 = ORIENTED_EDGE('',*,*,#5564,.T.);
#5564 = EDGE_CURVE('',#5144,#5526,#5565,.T.);
#5565 = CIRCLE('',#5566,5.E-02);
#5566 = AXIS2_PLACEMENT_3D('',#5567,#5568,#5569);
#5567 = CARTESIAN_POINT('',(1.8,4.05,0.93));
#5568 = DIRECTION('',(0.,-1.,0.));
#5569 = DIRECTION('',(0.,0.,-1.));
#5570 = ORIENTED_EDGE('',*,*,#5533,.T.);
#5571 = ORIENTED_EDGE('',*,*,#5572,.T.);
#5572 = EDGE_CURVE('',#5534,#5136,#5573,.T.);
#5573 = CIRCLE('',#5574,5.E-02);
#5574 = AXIS2_PLACEMENT_3D('',#5575,#5576,#5577);
#5575 = CARTESIAN_POINT('',(1.8,3.04,0.93));
#5576 = DIRECTION('',(0.,1.,0.));
#5577 = DIRECTION('',(0.,-0.,1.));
#5578 = CYLINDRICAL_SURFACE('',#5579,5.E-02);
#5579 = AXIS2_PLACEMENT_3D('',#5580,#5581,#5582);
#5580 = CARTESIAN_POINT('',(1.8,3.42,0.93));
#5581 = DIRECTION('',(0.,-1.,0.));
#5582 = DIRECTION('',(0.,0.,-1.));
#5583 = ADVANCED_FACE('',(#5584),#5611,.F.);
#5584 = FACE_BOUND('',#5585,.F.);
#5585 = EDGE_LOOP('',(#5586,#5587,#5596,#5604));
#5586 = ORIENTED_EDGE('',*,*,#5095,.T.);
#5587 = ORIENTED_EDGE('',*,*,#5588,.T.);
#5588 = EDGE_CURVE('',#5096,#5589,#5591,.T.);
#5589 = VERTEX_POINT('',#5590);
#5590 = CARTESIAN_POINT('',(1.8,2.2,0.2));
#5591 = CIRCLE('',#5592,5.E-02);
#5592 = AXIS2_PLACEMENT_3D('',#5593,#5594,#5595);
#5593 = CARTESIAN_POINT('',(1.8,2.2,0.25));
#5594 = DIRECTION('',(-0.,1.,0.));
#5595 = DIRECTION('',(1.,0.,0.));
#5596 = ORIENTED_EDGE('',*,*,#5597,.F.);
#5597 = EDGE_CURVE('',#5598,#5589,#5600,.T.);
#5598 = VERTEX_POINT('',#5599);
#5599 = CARTESIAN_POINT('',(1.8,3.25,0.2));
#5600 = LINE('',#5601,#5602);
#5601 = CARTESIAN_POINT('',(1.8,3.42,0.2));
#5602 = VECTOR('',#5603,1.);
#5603 = DIRECTION('',(0.,-1.,0.));
#5604 = ORIENTED_EDGE('',*,*,#5605,.T.);
#5605 = EDGE_CURVE('',#5598,#5088,#5606,.T.);
#5606 = CIRCLE('',#5607,5.E-02);
#5607 = AXIS2_PLACEMENT_3D('',#5608,#5609,#5610);
#5608 = CARTESIAN_POINT('',(1.8,3.25,0.25));
#5609 = DIRECTION('',(0.,-1.,0.));
#5610 = DIRECTION('',(0.,0.,-1.));
#5611 = CYLINDRICAL_SURFACE('',#5612,5.E-02);
#5612 = AXIS2_PLACEMENT_3D('',#5613,#5614,#5615);
#5613 = CARTESIAN_POINT('',(1.8,3.42,0.25));
#5614 = DIRECTION('',(0.,-1.,0.));
#5615 = DIRECTION('',(0.,0.,-1.));
#5616 = ADVANCED_FACE('',(#5617),#5633,.T.);
#5617 = FACE_BOUND('',#5618,.T.);
#5618 = EDGE_LOOP('',(#5619,#5625,#5626,#5632));
#5619 = ORIENTED_EDGE('',*,*,#5620,.F.);
#5620 = EDGE_CURVE('',#5304,#5598,#5621,.T.);
#5621 = LINE('',#5622,#5623);
#5622 = CARTESIAN_POINT('',(1.8,3.25,0.2));
#5623 = VECTOR('',#5624,1.);
#5624 = DIRECTION('',(1.,0.,1.211076894798E-15));
#5625 = ORIENTED_EDGE('',*,*,#5303,.T.);
#5626 = ORIENTED_EDGE('',*,*,#5627,.F.);
#5627 = EDGE_CURVE('',#5589,#5306,#5628,.T.);
#5628 = LINE('',#5629,#5630);
#5629 = CARTESIAN_POINT('',(1.8,2.2,0.2));
#5630 = VECTOR('',#5631,1.);
#5631 = DIRECTION('',(-1.,0.,-1.211076894798E-15));
#5632 = ORIENTED_EDGE('',*,*,#5597,.F.);
#5633 = PLANE('',#5634);
#5634 = AXIS2_PLACEMENT_3D('',#5635,#5636,#5637);
#5635 = CARTESIAN_POINT('',(1.8,3.42,0.2));
#5636 = DIRECTION('',(-1.211076894798E-15,0.,1.));
#5637 = DIRECTION('',(1.,0.,1.211076894798E-15));
#5638 = ADVANCED_FACE('',(#5639),#5653,.T.);
#5639 = FACE_BOUND('',#5640,.T.);
#5640 = EDGE_LOOP('',(#5641,#5642,#5643,#5644,#5645,#5646,#5647,#5648,
    #5649,#5650,#5651,#5652));
#5641 = ORIENTED_EDGE('',*,*,#5329,.T.);
#5642 = ORIENTED_EDGE('',*,*,#5360,.T.);
#5643 = ORIENTED_EDGE('',*,*,#5469,.T.);
#5644 = ORIENTED_EDGE('',*,*,#4972,.T.);
#5645 = ORIENTED_EDGE('',*,*,#5191,.T.);
#5646 = ORIENTED_EDGE('',*,*,#5249,.T.);
#5647 = ORIENTED_EDGE('',*,*,#5391,.T.);
#5648 = ORIENTED_EDGE('',*,*,#5518,.T.);
#5649 = ORIENTED_EDGE('',*,*,#5280,.T.);
#5650 = ORIENTED_EDGE('',*,*,#5103,.T.);
#5651 = ORIENTED_EDGE('',*,*,#5588,.T.);
#5652 = ORIENTED_EDGE('',*,*,#5627,.T.);
#5653 = PLANE('',#5654);
#5654 = AXIS2_PLACEMENT_3D('',#5655,#5656,#5657);
#5655 = CARTESIAN_POINT('',(1.8,2.2,0.25));
#5656 = DIRECTION('',(0.,-1.,0.));
#5657 = DIRECTION('',(0.,0.,-1.));
#5658 = ADVANCED_FACE('',(#5659),#5678,.F.);
#5659 = FACE_BOUND('',#5660,.F.);
#5660 = EDGE_LOOP('',(#5661,#5662,#5663,#5671));
#5661 = ORIENTED_EDGE('',*,*,#5012,.T.);
#5662 = ORIENTED_EDGE('',*,*,#5412,.F.);
#5663 = ORIENTED_EDGE('',*,*,#5664,.F.);
#5664 = EDGE_CURVE('',#5665,#5413,#5667,.T.);
#5665 = VERTEX_POINT('',#5666);
#5666 = CARTESIAN_POINT('',(2.1,3.42,7.E-02));
#5667 = LINE('',#5668,#5669);
#5668 = CARTESIAN_POINT('',(2.1,4.42,7.E-02));
#5669 = VECTOR('',#5670,1.);
#5670 = DIRECTION('',(0.,1.,0.));
#5671 = ORIENTED_EDGE('',*,*,#5672,.T.);
#5672 = EDGE_CURVE('',#5665,#5005,#5673,.T.);
#5673 = CIRCLE('',#5674,0.1);
#5674 = AXIS2_PLACEMENT_3D('',#5675,#5676,#5677);
#5675 = CARTESIAN_POINT('',(2.1,3.42,0.17));
#5676 = DIRECTION('',(0.,1.,0.));
#5677 = DIRECTION('',(-1.,0.,2.710505431214E-16));
#5678 = CYLINDRICAL_SURFACE('',#5679,0.1);
#5679 = AXIS2_PLACEMENT_3D('',#5680,#5681,#5682);
#5680 = CARTESIAN_POINT('',(2.1,4.42,0.17));
#5681 = DIRECTION('',(0.,-1.,0.));
#5682 = DIRECTION('',(0.,0.,-1.));
#5683 = ADVANCED_FACE('',(#5684),#5702,.F.);
#5684 = FACE_BOUND('',#5685,.T.);
#5685 = EDGE_LOOP('',(#5686,#5694,#5700,#5701));
#5686 = ORIENTED_EDGE('',*,*,#5687,.F.);
#5687 = EDGE_CURVE('',#5688,#5665,#5690,.T.);
#5688 = VERTEX_POINT('',#5689);
#5689 = CARTESIAN_POINT('',(2.8,3.42,7.000000000001E-02));
#5690 = LINE('',#5691,#5692);
#5691 = CARTESIAN_POINT('',(2.1,3.42,7.000000000001E-02));
#5692 = VECTOR('',#5693,1.);
#5693 = DIRECTION('',(-1.,0.,-9.486769009248E-16));
#5694 = ORIENTED_EDGE('',*,*,#5695,.T.);
#5695 = EDGE_CURVE('',#5688,#5422,#5696,.T.);
#5696 = LINE('',#5697,#5698);
#5697 = CARTESIAN_POINT('',(2.8,4.42,7.000000000001E-02));
#5698 = VECTOR('',#5699,1.);
#5699 = DIRECTION('',(0.,1.,0.));
#5700 = ORIENTED_EDGE('',*,*,#5421,.T.);
#5701 = ORIENTED_EDGE('',*,*,#5664,.F.);
#5702 = PLANE('',#5703);
#5703 = AXIS2_PLACEMENT_3D('',#5704,#5705,#5706);
#5704 = CARTESIAN_POINT('',(2.1,4.42,7.000000000001E-02));
#5705 = DIRECTION('',(9.486769009248E-16,0.,-1.));
#5706 = DIRECTION('',(-1.,0.,-9.486769009248E-16));
#5707 = ADVANCED_FACE('',(#5708),#5726,.F.);
#5708 = FACE_BOUND('',#5709,.T.);
#5709 = EDGE_LOOP('',(#5710,#5718,#5724,#5725));
#5710 = ORIENTED_EDGE('',*,*,#5711,.F.);
#5711 = EDGE_CURVE('',#5712,#5688,#5714,.T.);
#5712 = VERTEX_POINT('',#5713);
#5713 = CARTESIAN_POINT('',(2.8,3.42,-7.999999999999E-02));
#5714 = LINE('',#5715,#5716);
#5715 = CARTESIAN_POINT('',(2.8,3.42,7.000000000001E-02));
#5716 = VECTOR('',#5717,1.);
#5717 = DIRECTION('',(-2.891205793295E-15,0.,1.));
#5718 = ORIENTED_EDGE('',*,*,#5719,.T.);
#5719 = EDGE_CURVE('',#5712,#5430,#5720,.T.);
#5720 = LINE('',#5721,#5722);
#5721 = CARTESIAN_POINT('',(2.8,4.42,-7.999999999999E-02));
#5722 = VECTOR('',#5723,1.);
#5723 = DIRECTION('',(0.,1.,0.));
#5724 = ORIENTED_EDGE('',*,*,#5429,.T.);
#5725 = ORIENTED_EDGE('',*,*,#5695,.F.);
#5726 = PLANE('',#5727);
#5727 = AXIS2_PLACEMENT_3D('',#5728,#5729,#5730);
#5728 = CARTESIAN_POINT('',(2.8,4.42,7.000000000001E-02));
#5729 = DIRECTION('',(-1.,0.,-2.891205793295E-15));
#5730 = DIRECTION('',(-2.891205793295E-15,0.,1.));
#5731 = ADVANCED_FACE('',(#5732),#5750,.F.);
#5732 = FACE_BOUND('',#5733,.T.);
#5733 = EDGE_LOOP('',(#5734,#5742,#5748,#5749));
#5734 = ORIENTED_EDGE('',*,*,#5735,.F.);
#5735 = EDGE_CURVE('',#5736,#5712,#5738,.T.);
#5736 = VERTEX_POINT('',#5737);
#5737 = CARTESIAN_POINT('',(2.1,3.42,-7.999999999999E-02));
#5738 = LINE('',#5739,#5740);
#5739 = CARTESIAN_POINT('',(2.8,3.42,-7.999999999999E-02));
#5740 = VECTOR('',#5741,1.);
#5741 = DIRECTION('',(1.,0.,9.486769009248E-16));
#5742 = ORIENTED_EDGE('',*,*,#5743,.T.);
#5743 = EDGE_CURVE('',#5736,#5438,#5744,.T.);
#5744 = LINE('',#5745,#5746);
#5745 = CARTESIAN_POINT('',(2.1,4.42,-7.999999999999E-02));
#5746 = VECTOR('',#5747,1.);
#5747 = DIRECTION('',(0.,1.,0.));
#5748 = ORIENTED_EDGE('',*,*,#5437,.T.);
#5749 = ORIENTED_EDGE('',*,*,#5719,.F.);
#5750 = PLANE('',#5751);
#5751 = AXIS2_PLACEMENT_3D('',#5752,#5753,#5754);
#5752 = CARTESIAN_POINT('',(2.8,4.42,-7.999999999999E-02));
#5753 = DIRECTION('',(-9.486769009248E-16,0.,1.));
#5754 = DIRECTION('',(1.,0.,9.486769009248E-16));
#5755 = ADVANCED_FACE('',(#5756),#5768,.T.);
#5756 = FACE_BOUND('',#5757,.T.);
#5757 = EDGE_LOOP('',(#5758,#5765,#5766,#5767));
#5758 = ORIENTED_EDGE('',*,*,#5759,.F.);
#5759 = EDGE_CURVE('',#5064,#5736,#5760,.T.);
#5760 = CIRCLE('',#5761,0.25);
#5761 = AXIS2_PLACEMENT_3D('',#5762,#5763,#5764);
#5762 = CARTESIAN_POINT('',(2.1,3.42,0.17));
#5763 = DIRECTION('',(0.,-1.,0.));
#5764 = DIRECTION('',(0.,0.,1.));
#5765 = ORIENTED_EDGE('',*,*,#5063,.T.);
#5766 = ORIENTED_EDGE('',*,*,#5445,.T.);
#5767 = ORIENTED_EDGE('',*,*,#5743,.F.);
#5768 = CYLINDRICAL_SURFACE('',#5769,0.25);
#5769 = AXIS2_PLACEMENT_3D('',#5770,#5771,#5772);
#5770 = CARTESIAN_POINT('',(2.1,4.42,0.17));
#5771 = DIRECTION('',(0.,-1.,0.));
#5772 = DIRECTION('',(0.,0.,-1.));
#5773 = ADVANCED_FACE('',(#5774),#5789,.F.);
#5774 = FACE_BOUND('',#5775,.T.);
#5775 = EDGE_LOOP('',(#5776,#5777,#5778,#5779,#5780,#5781,#5782,#5788));
#5776 = ORIENTED_EDGE('',*,*,#5759,.T.);
#5777 = ORIENTED_EDGE('',*,*,#5735,.T.);
#5778 = ORIENTED_EDGE('',*,*,#5711,.T.);
#5779 = ORIENTED_EDGE('',*,*,#5687,.T.);
#5780 = ORIENTED_EDGE('',*,*,#5672,.T.);
#5781 = ORIENTED_EDGE('',*,*,#5004,.T.);
#5782 = ORIENTED_EDGE('',*,*,#5783,.F.);
#5783 = EDGE_CURVE('',#5072,#4997,#5784,.T.);
#5784 = LINE('',#5785,#5786);
#5785 = CARTESIAN_POINT('',(-4.633,3.42,0.3));
#5786 = VECTOR('',#5787,1.);
#5787 = DIRECTION('',(1.,0.,0.));
#5788 = ORIENTED_EDGE('',*,*,#5071,.F.);
#5789 = PLANE('',#5790);
#5790 = AXIS2_PLACEMENT_3D('',#5791,#5792,#5793);
#5791 = CARTESIAN_POINT('',(1.8,3.42,0.93));
#5792 = DIRECTION('',(0.,1.,0.));
#5793 = DIRECTION('',(0.,-0.,1.));
#5794 = ADVANCED_FACE('',(#5795),#5810,.F.);
#5795 = FACE_BOUND('',#5796,.T.);
#5796 = EDGE_LOOP('',(#5797,#5798,#5799,#5800,#5801,#5802,#5803,#5809));
#5797 = ORIENTED_EDGE('',*,*,#5461,.T.);
#5798 = ORIENTED_EDGE('',*,*,#5344,.F.);
#5799 = ORIENTED_EDGE('',*,*,#5313,.F.);
#5800 = ORIENTED_EDGE('',*,*,#5620,.T.);
#5801 = ORIENTED_EDGE('',*,*,#5605,.T.);
#5802 = ORIENTED_EDGE('',*,*,#5087,.T.);
#5803 = ORIENTED_EDGE('',*,*,#5804,.F.);
#5804 = EDGE_CURVE('',#4989,#5080,#5805,.T.);
#5805 = LINE('',#5806,#5807);
#5806 = CARTESIAN_POINT('',(-4.633,3.25,0.3));
#5807 = VECTOR('',#5808,1.);
#5808 = DIRECTION('',(-1.,0.,0.));
#5809 = ORIENTED_EDGE('',*,*,#4988,.T.);
#5810 = PLANE('',#5811);
#5811 = AXIS2_PLACEMENT_3D('',#5812,#5813,#5814);
#5812 = CARTESIAN_POINT('',(-4.633,3.25,0.3));
#5813 = DIRECTION('',(0.,-1.,0.));
#5814 = DIRECTION('',(0.,0.,-1.));
#5815 = ADVANCED_FACE('',(#5816),#5822,.F.);
#5816 = FACE_BOUND('',#5817,.T.);
#5817 = EDGE_LOOP('',(#5818,#5819,#5820,#5821));
#5818 = ORIENTED_EDGE('',*,*,#5079,.T.);
#5819 = ORIENTED_EDGE('',*,*,#5783,.T.);
#5820 = ORIENTED_EDGE('',*,*,#4996,.T.);
#5821 = ORIENTED_EDGE('',*,*,#5804,.T.);
#5822 = PLANE('',#5823);
#5823 = AXIS2_PLACEMENT_3D('',#5824,#5825,#5826);
#5824 = CARTESIAN_POINT('',(-4.633,3.42,0.3));
#5825 = DIRECTION('',(0.,9.566489757225E-16,1.));
#5826 = DIRECTION('',(0.,-1.,9.566489757225E-16));
#5827 = ADVANCED_FACE('',(#5828),#5839,.F.);
#5828 = FACE_BOUND('',#5829,.T.);
#5829 = EDGE_LOOP('',(#5830,#5831,#5832,#5833));
#5830 = ORIENTED_EDGE('',*,*,#4916,.T.);
#5831 = ORIENTED_EDGE('',*,*,#4892,.T.);
#5832 = ORIENTED_EDGE('',*,*,#5159,.T.);
#5833 = ORIENTED_EDGE('',*,*,#5834,.F.);
#5834 = EDGE_CURVE('',#4917,#5152,#5835,.T.);
#5835 = LINE('',#5836,#5837);
#5836 = CARTESIAN_POINT('',(-4.633,4.05,0.85));
#5837 = VECTOR('',#5838,1.);
#5838 = DIRECTION('',(-1.,0.,0.));
#5839 = PLANE('',#5840);
#5840 = AXIS2_PLACEMENT_3D('',#5841,#5842,#5843);
#5841 = CARTESIAN_POINT('',(-4.633,4.05,0.85));
#5842 = DIRECTION('',(0.,0.,-1.));
#5843 = DIRECTION('',(-1.,0.,0.));
#5844 = ADVANCED_FACE('',(#5845),#5855,.F.);
#5845 = FACE_BOUND('',#5846,.T.);
#5846 = EDGE_LOOP('',(#5847,#5848,#5849,#5850,#5851,#5852,#5853,#5854));
#5847 = ORIENTED_EDGE('',*,*,#5493,.T.);
#5848 = ORIENTED_EDGE('',*,*,#4924,.T.);
#5849 = ORIENTED_EDGE('',*,*,#5834,.T.);
#5850 = ORIENTED_EDGE('',*,*,#5151,.T.);
#5851 = ORIENTED_EDGE('',*,*,#5564,.T.);
#5852 = ORIENTED_EDGE('',*,*,#5525,.T.);
#5853 = ORIENTED_EDGE('',*,*,#5375,.F.);
#5854 = ORIENTED_EDGE('',*,*,#5233,.T.);
#5855 = PLANE('',#5856);
#5856 = AXIS2_PLACEMENT_3D('',#5857,#5858,#5859);
#5857 = CARTESIAN_POINT('',(-4.633,4.05,1.13));
#5858 = DIRECTION('',(0.,-1.,0.));
#5859 = DIRECTION('',(0.,0.,-1.));
#5860 = ADVANCED_FACE('',(#5861),#5881,.F.);
#5861 = FACE_BOUND('',#5862,.T.);
#5862 = EDGE_LOOP('',(#5863,#5864,#5865,#5871,#5872,#5873,#5874,#5880));
#5863 = ORIENTED_EDGE('',*,*,#5174,.T.);
#5864 = ORIENTED_EDGE('',*,*,#4956,.T.);
#5865 = ORIENTED_EDGE('',*,*,#5866,.T.);
#5866 = EDGE_CURVE('',#4949,#5120,#5867,.T.);
#5867 = LINE('',#5868,#5869);
#5868 = CARTESIAN_POINT('',(1.75,2.5,0.33));
#5869 = VECTOR('',#5870,1.);
#5870 = DIRECTION('',(-1.,0.,0.));
#5871 = ORIENTED_EDGE('',*,*,#5119,.T.);
#5872 = ORIENTED_EDGE('',*,*,#5288,.T.);
#5873 = ORIENTED_EDGE('',*,*,#5509,.T.);
#5874 = ORIENTED_EDGE('',*,*,#5875,.T.);
#5875 = EDGE_CURVE('',#5510,#5210,#5876,.T.);
#5876 = LINE('',#5877,#5878);
#5877 = CARTESIAN_POINT('',(1.75,2.5,1.13));
#5878 = VECTOR('',#5879,1.);
#5879 = DIRECTION('',(-1.084202172486E-15,0.,1.));
#5880 = ORIENTED_EDGE('',*,*,#5256,.T.);
#5881 = PLANE('',#5882);
#5882 = AXIS2_PLACEMENT_3D('',#5883,#5884,#5885);
#5883 = CARTESIAN_POINT('',(1.75,2.5,1.13));
#5884 = DIRECTION('',(0.,-1.,0.));
#5885 = DIRECTION('',(0.,0.,-1.));
#5886 = ADVANCED_FACE('',(#5887),#5898,.F.);
#5887 = FACE_BOUND('',#5888,.T.);
#5888 = EDGE_LOOP('',(#5889,#5890,#5891,#5892));
#5889 = ORIENTED_EDGE('',*,*,#5127,.T.);
#5890 = ORIENTED_EDGE('',*,*,#5866,.F.);
#5891 = ORIENTED_EDGE('',*,*,#4948,.T.);
#5892 = ORIENTED_EDGE('',*,*,#5893,.T.);
#5893 = EDGE_CURVE('',#4941,#5128,#5894,.T.);
#5894 = LINE('',#5895,#5896);
#5895 = CARTESIAN_POINT('',(1.75,3.04,0.33));
#5896 = VECTOR('',#5897,1.);
#5897 = DIRECTION('',(-1.,0.,0.));
#5898 = PLANE('',#5899);
#5899 = AXIS2_PLACEMENT_3D('',#5900,#5901,#5902);
#5900 = CARTESIAN_POINT('',(1.75,2.5,0.33));
#5901 = DIRECTION('',(0.,0.,-1.));
#5902 = DIRECTION('',(-1.,0.,0.));
#5903 = ADVANCED_FACE('',(#5904),#5919,.F.);
#5904 = FACE_BOUND('',#5905,.T.);
#5905 = EDGE_LOOP('',(#5906,#5907,#5908,#5914,#5915,#5916,#5917,#5918));
#5906 = ORIENTED_EDGE('',*,*,#5485,.T.);
#5907 = ORIENTED_EDGE('',*,*,#5217,.F.);
#5908 = ORIENTED_EDGE('',*,*,#5909,.T.);
#5909 = EDGE_CURVE('',#5208,#5542,#5910,.T.);
#5910 = LINE('',#5911,#5912);
#5911 = CARTESIAN_POINT('',(1.75,3.04,0.33));
#5912 = VECTOR('',#5913,1.);
#5913 = DIRECTION('',(1.626303258728E-15,0.,-1.));
#5914 = ORIENTED_EDGE('',*,*,#5541,.T.);
#5915 = ORIENTED_EDGE('',*,*,#5572,.T.);
#5916 = ORIENTED_EDGE('',*,*,#5135,.T.);
#5917 = ORIENTED_EDGE('',*,*,#5893,.F.);
#5918 = ORIENTED_EDGE('',*,*,#4940,.T.);
#5919 = PLANE('',#5920);
#5920 = AXIS2_PLACEMENT_3D('',#5921,#5922,#5923);
#5921 = CARTESIAN_POINT('',(1.75,3.04,0.33));
#5922 = DIRECTION('',(0.,1.,0.));
#5923 = DIRECTION('',(0.,-0.,1.));
#5924 = ADVANCED_FACE('',(#5925),#5931,.T.);
#5925 = FACE_BOUND('',#5926,.T.);
#5926 = EDGE_LOOP('',(#5927,#5928,#5929,#5930));
#5927 = ORIENTED_EDGE('',*,*,#5909,.F.);
#5928 = ORIENTED_EDGE('',*,*,#5207,.T.);
#5929 = ORIENTED_EDGE('',*,*,#5875,.F.);
#5930 = ORIENTED_EDGE('',*,*,#5549,.F.);
#5931 = PLANE('',#5932);
#5932 = AXIS2_PLACEMENT_3D('',#5933,#5934,#5935);
#5933 = CARTESIAN_POINT('',(1.75,0.,2.168404344971E-15));
#5934 = DIRECTION('',(1.,0.,1.084202172486E-15));
#5935 = DIRECTION('',(1.084202172486E-15,0.,-1.));
#5936 = ADVANCED_FACE('',(#5937),#5943,.T.);
#5937 = FACE_BOUND('',#5938,.T.);
#5938 = EDGE_LOOP('',(#5939,#5940,#5941,#5942));
#5939 = ORIENTED_EDGE('',*,*,#5047,.T.);
#5940 = ORIENTED_EDGE('',*,*,#4687,.T.);
#5941 = ORIENTED_EDGE('',*,*,#5028,.F.);
#5942 = ORIENTED_EDGE('',*,*,#5405,.T.);
#5943 = PLANE('',#5944);
#5944 = AXIS2_PLACEMENT_3D('',#5945,#5946,#5947);
#5945 = CARTESIAN_POINT('',(0.515,4.2,0.26));
#5946 = DIRECTION('',(0.,4.251773225433E-17,-1.));
#5947 = DIRECTION('',(0.,1.,4.251773225433E-17));
#5948 = ADVANCED_FACE('',(#5949),#5974,.F.);
#5949 = FACE_BOUND('',#5950,.T.);
#5950 = EDGE_LOOP('',(#5951,#5952,#5960,#5968));
#5951 = ORIENTED_EDGE('',*,*,#4834,.F.);
#5952 = ORIENTED_EDGE('',*,*,#5953,.F.);
#5953 = EDGE_CURVE('',#5954,#4827,#5956,.T.);
#5954 = VERTEX_POINT('',#5955);
#5955 = CARTESIAN_POINT('',(-4.85,4.42,0.26));
#5956 = LINE('',#5957,#5958);
#5957 = CARTESIAN_POINT('',(-4.85,4.2,0.26));
#5958 = VECTOR('',#5959,1.);
#5959 = DIRECTION('',(-1.084654533631E-31,1.,4.251773225433E-17));
#5960 = ORIENTED_EDGE('',*,*,#5961,.F.);
#5961 = EDGE_CURVE('',#5962,#5954,#5964,.T.);
#5962 = VERTEX_POINT('',#5963);
#5963 = CARTESIAN_POINT('',(-5.,4.42,0.26));
#5964 = LINE('',#5965,#5966);
#5965 = CARTESIAN_POINT('',(-4.8,4.42,0.26));
#5966 = VECTOR('',#5967,1.);
#5967 = DIRECTION('',(1.,0.,0.));
#5968 = ORIENTED_EDGE('',*,*,#5969,.T.);
#5969 = EDGE_CURVE('',#5962,#2036,#5970,.T.);
#5970 = LINE('',#5971,#5972);
#5971 = CARTESIAN_POINT('',(-5.,4.2,0.26));
#5972 = VECTOR('',#5973,1.);
#5973 = DIRECTION('',(1.360567432139E-15,1.,4.251773225433E-17));
#5974 = PLANE('',#5975);
#5975 = AXIS2_PLACEMENT_3D('',#5976,#5977,#5978);
#5976 = CARTESIAN_POINT('',(-3.515,4.2,0.26));
#5977 = DIRECTION('',(0.,-4.251773225433E-17,1.));
#5978 = DIRECTION('',(0.,-1.,-4.251773225433E-17));
#5979 = ADVANCED_FACE('',(#5980),#6005,.F.);
#5980 = FACE_BOUND('',#5981,.T.);
#5981 = EDGE_LOOP('',(#5982,#5990,#5991,#5999));
#5982 = ORIENTED_EDGE('',*,*,#5983,.F.);
#5983 = EDGE_CURVE('',#2078,#5984,#5986,.T.);
#5984 = VERTEX_POINT('',#5985);
#5985 = CARTESIAN_POINT('',(-4.85,4.2,0.85));
#5986 = LINE('',#5987,#5988);
#5987 = CARTESIAN_POINT('',(-4.85,4.2,1.18));
#5988 = VECTOR('',#5989,1.);
#5989 = DIRECTION('',(2.55106393526E-15,0.,-1.));
#5990 = ORIENTED_EDGE('',*,*,#2165,.T.);
#5991 = ORIENTED_EDGE('',*,*,#5992,.T.);
#5992 = EDGE_CURVE('',#2158,#5993,#5995,.T.);
#5993 = VERTEX_POINT('',#5994);
#5994 = CARTESIAN_POINT('',(-5.,4.2,0.85));
#5995 = LINE('',#5996,#5997);
#5996 = CARTESIAN_POINT('',(-5.,4.2,1.18));
#5997 = VECTOR('',#5998,1.);
#5998 = DIRECTION('',(2.82835349344E-15,0.,-1.));
#5999 = ORIENTED_EDGE('',*,*,#6000,.T.);
#6000 = EDGE_CURVE('',#5993,#5984,#6001,.T.);
#6001 = LINE('',#6002,#6003);
#6002 = CARTESIAN_POINT('',(1.633,4.2,0.85));
#6003 = VECTOR('',#6004,1.);
#6004 = DIRECTION('',(1.,0.,0.));
#6005 = PLANE('',#6006);
#6006 = AXIS2_PLACEMENT_3D('',#6007,#6008,#6009);
#6007 = CARTESIAN_POINT('',(-3.515,4.2,1.18));
#6008 = DIRECTION('',(0.,1.,0.));
#6009 = DIRECTION('',(0.,-0.,1.));
#6010 = ADVANCED_FACE('',(#6011),#6128,.F.);
#6011 = FACE_BOUND('',#6012,.T.);
#6012 = EDGE_LOOP('',(#6013,#6014,#6015,#6016,#6024,#6032,#6040,#6048,
    #6056,#6064,#6072,#6080,#6088,#6096,#6104,#6112,#6120,#6126,#6127));
#6013 = ORIENTED_EDGE('',*,*,#2180,.F.);
#6014 = ORIENTED_EDGE('',*,*,#2075,.T.);
#6015 = ORIENTED_EDGE('',*,*,#5983,.T.);
#6016 = ORIENTED_EDGE('',*,*,#6017,.T.);
#6017 = EDGE_CURVE('',#5984,#6018,#6020,.T.);
#6018 = VERTEX_POINT('',#6019);
#6019 = CARTESIAN_POINT('',(-4.85,4.05,0.85));
#6020 = LINE('',#6021,#6022);
#6021 = CARTESIAN_POINT('',(-4.85,3.42,0.85));
#6022 = VECTOR('',#6023,1.);
#6023 = DIRECTION('',(0.,-1.,0.));
#6024 = ORIENTED_EDGE('',*,*,#6025,.T.);
#6025 = EDGE_CURVE('',#6018,#6026,#6028,.T.);
#6026 = VERTEX_POINT('',#6027);
#6027 = CARTESIAN_POINT('',(-4.85,4.05,0.93));
#6028 = LINE('',#6029,#6030);
#6029 = CARTESIAN_POINT('',(-4.85,4.05,0.93));
#6030 = VECTOR('',#6031,1.);
#6031 = DIRECTION('',(-2.55106393526E-15,0.,1.));
#6032 = ORIENTED_EDGE('',*,*,#6033,.T.);
#6033 = EDGE_CURVE('',#6026,#6034,#6036,.T.);
#6034 = VERTEX_POINT('',#6035);
#6035 = CARTESIAN_POINT('',(-4.85,3.04,0.93));
#6036 = LINE('',#6037,#6038);
#6037 = CARTESIAN_POINT('',(-4.85,3.42,0.93));
#6038 = VECTOR('',#6039,1.);
#6039 = DIRECTION('',(0.,-1.,0.));
#6040 = ORIENTED_EDGE('',*,*,#6041,.T.);
#6041 = EDGE_CURVE('',#6034,#6042,#6044,.T.);
#6042 = VERTEX_POINT('',#6043);
#6043 = CARTESIAN_POINT('',(-4.85,3.04,0.33));
#6044 = LINE('',#6045,#6046);
#6045 = CARTESIAN_POINT('',(-4.85,3.04,0.93));
#6046 = VECTOR('',#6047,1.);
#6047 = DIRECTION('',(2.55106393526E-15,0.,-1.));
#6048 = ORIENTED_EDGE('',*,*,#6049,.T.);
#6049 = EDGE_CURVE('',#6042,#6050,#6052,.T.);
#6050 = VERTEX_POINT('',#6051);
#6051 = CARTESIAN_POINT('',(-4.85,2.5,0.33));
#6052 = LINE('',#6053,#6054);
#6053 = CARTESIAN_POINT('',(-4.85,3.42,0.33));
#6054 = VECTOR('',#6055,1.);
#6055 = DIRECTION('',(0.,-1.,0.));
#6056 = ORIENTED_EDGE('',*,*,#6057,.T.);
#6057 = EDGE_CURVE('',#6050,#6058,#6060,.T.);
#6058 = VERTEX_POINT('',#6059);
#6059 = CARTESIAN_POINT('',(-4.85,2.5,0.93));
#6060 = LINE('',#6061,#6062);
#6061 = CARTESIAN_POINT('',(-4.85,2.5,0.93));
#6062 = VECTOR('',#6063,1.);
#6063 = DIRECTION('',(-2.55106393526E-15,0.,1.));
#6064 = ORIENTED_EDGE('',*,*,#6065,.T.);
#6065 = EDGE_CURVE('',#6058,#6066,#6068,.T.);
#6066 = VERTEX_POINT('',#6067);
#6067 = CARTESIAN_POINT('',(-4.85,2.2,0.93));
#6068 = LINE('',#6069,#6070);
#6069 = CARTESIAN_POINT('',(-4.85,3.42,0.93));
#6070 = VECTOR('',#6071,1.);
#6071 = DIRECTION('',(0.,-1.,0.));
#6072 = ORIENTED_EDGE('',*,*,#6073,.T.);
#6073 = EDGE_CURVE('',#6066,#6074,#6076,.T.);
#6074 = VERTEX_POINT('',#6075);
#6075 = CARTESIAN_POINT('',(-4.85,2.2,0.25));
#6076 = LINE('',#6077,#6078);
#6077 = CARTESIAN_POINT('',(-4.85,2.2,0.93));
#6078 = VECTOR('',#6079,1.);
#6079 = DIRECTION('',(2.55106393526E-15,0.,-1.));
#6080 = ORIENTED_EDGE('',*,*,#6081,.F.);
#6081 = EDGE_CURVE('',#6082,#6074,#6084,.T.);
#6082 = VERTEX_POINT('',#6083);
#6083 = CARTESIAN_POINT('',(-4.85,3.25,0.25));
#6084 = LINE('',#6085,#6086);
#6085 = CARTESIAN_POINT('',(-4.85,3.42,0.25));
#6086 = VECTOR('',#6087,1.);
#6087 = DIRECTION('',(0.,-1.,0.));
#6088 = ORIENTED_EDGE('',*,*,#6089,.T.);
#6089 = EDGE_CURVE('',#6082,#6090,#6092,.T.);
#6090 = VERTEX_POINT('',#6091);
#6091 = CARTESIAN_POINT('',(-4.85,3.25,0.3));
#6092 = LINE('',#6093,#6094);
#6093 = CARTESIAN_POINT('',(-4.85,3.25,0.93));
#6094 = VECTOR('',#6095,1.);
#6095 = DIRECTION('',(-2.55106393526E-15,0.,1.));
#6096 = ORIENTED_EDGE('',*,*,#6097,.T.);
#6097 = EDGE_CURVE('',#6090,#6098,#6100,.T.);
#6098 = VERTEX_POINT('',#6099);
#6099 = CARTESIAN_POINT('',(-4.85,3.42,0.3));
#6100 = LINE('',#6101,#6102);
#6101 = CARTESIAN_POINT('',(-4.85,3.42,0.3));
#6102 = VECTOR('',#6103,1.);
#6103 = DIRECTION('',(2.440472700669E-30,1.,-9.566489757225E-16));
#6104 = ORIENTED_EDGE('',*,*,#6105,.F.);
#6105 = EDGE_CURVE('',#6106,#6098,#6108,.T.);
#6106 = VERTEX_POINT('',#6107);
#6107 = CARTESIAN_POINT('',(-4.85,3.42,0.17));
#6108 = LINE('',#6109,#6110);
#6109 = CARTESIAN_POINT('',(-4.85,3.42,0.17));
#6110 = VECTOR('',#6111,1.);
#6111 = DIRECTION('',(3.423796334165E-15,0.,1.));
#6112 = ORIENTED_EDGE('',*,*,#6113,.T.);
#6113 = EDGE_CURVE('',#6106,#6114,#6116,.T.);
#6114 = VERTEX_POINT('',#6115);
#6115 = CARTESIAN_POINT('',(-4.85,4.42,0.17));
#6116 = LINE('',#6117,#6118);
#6117 = CARTESIAN_POINT('',(-4.85,4.42,0.17));
#6118 = VECTOR('',#6119,1.);
#6119 = DIRECTION('',(0.,1.,0.));
#6120 = ORIENTED_EDGE('',*,*,#6121,.F.);
#6121 = EDGE_CURVE('',#5954,#6114,#6122,.T.);
#6122 = LINE('',#6123,#6124);
#6123 = CARTESIAN_POINT('',(-4.85,4.42,0.17));
#6124 = VECTOR('',#6125,1.);
#6125 = DIRECTION('',(-3.423796334165E-15,0.,-1.));
#6126 = ORIENTED_EDGE('',*,*,#5953,.T.);
#6127 = ORIENTED_EDGE('',*,*,#4849,.T.);
#6128 = PLANE('',#6129);
#6129 = AXIS2_PLACEMENT_3D('',#6130,#6131,#6132);
#6130 = CARTESIAN_POINT('',(-4.85,3.42,0.93));
#6131 = DIRECTION('',(-1.,0.,-2.55106393526E-15));
#6132 = DIRECTION('',(-2.55106393526E-15,0.,1.));
#6133 = ADVANCED_FACE('',(#6134),#6251,.F.);
#6134 = FACE_BOUND('',#6135,.T.);
#6135 = EDGE_LOOP('',(#6136,#6137,#6138,#6139,#6140,#6141,#6149,#6157,
    #6165,#6173,#6181,#6189,#6197,#6205,#6213,#6221,#6229,#6237,#6245));
#6136 = ORIENTED_EDGE('',*,*,#5992,.F.);
#6137 = ORIENTED_EDGE('',*,*,#2157,.T.);
#6138 = ORIENTED_EDGE('',*,*,#2243,.F.);
#6139 = ORIENTED_EDGE('',*,*,#2045,.F.);
#6140 = ORIENTED_EDGE('',*,*,#5969,.F.);
#6141 = ORIENTED_EDGE('',*,*,#6142,.F.);
#6142 = EDGE_CURVE('',#6143,#5962,#6145,.T.);
#6143 = VERTEX_POINT('',#6144);
#6144 = CARTESIAN_POINT('',(-5.,4.42,0.17));
#6145 = LINE('',#6146,#6147);
#6146 = CARTESIAN_POINT('',(-5.,4.42,0.93));
#6147 = VECTOR('',#6148,1.);
#6148 = DIRECTION('',(2.282530889443E-15,0.,1.));
#6149 = ORIENTED_EDGE('',*,*,#6150,.F.);
#6150 = EDGE_CURVE('',#6151,#6143,#6153,.T.);
#6151 = VERTEX_POINT('',#6152);
#6152 = CARTESIAN_POINT('',(-5.,3.42,0.17));
#6153 = LINE('',#6154,#6155);
#6154 = CARTESIAN_POINT('',(-5.,4.42,0.17));
#6155 = VECTOR('',#6156,1.);
#6156 = DIRECTION('',(0.,1.,0.));
#6157 = ORIENTED_EDGE('',*,*,#6158,.T.);
#6158 = EDGE_CURVE('',#6151,#6159,#6161,.T.);
#6159 = VERTEX_POINT('',#6160);
#6160 = CARTESIAN_POINT('',(-5.,3.42,0.3));
#6161 = LINE('',#6162,#6163);
#6162 = CARTESIAN_POINT('',(-5.,3.42,0.93));
#6163 = VECTOR('',#6164,1.);
#6164 = DIRECTION('',(2.282530889443E-15,0.,1.));
#6165 = ORIENTED_EDGE('',*,*,#6166,.T.);
#6166 = EDGE_CURVE('',#6159,#6167,#6169,.T.);
#6167 = VERTEX_POINT('',#6168);
#6168 = CARTESIAN_POINT('',(-5.,3.25,0.3));
#6169 = LINE('',#6170,#6171);
#6170 = CARTESIAN_POINT('',(-5.,3.25,0.3));
#6171 = VECTOR('',#6172,1.);
#6172 = DIRECTION('',(0.,-1.,9.566489757225E-16));
#6173 = ORIENTED_EDGE('',*,*,#6174,.T.);
#6174 = EDGE_CURVE('',#6167,#6175,#6177,.T.);
#6175 = VERTEX_POINT('',#6176);
#6176 = CARTESIAN_POINT('',(-5.,3.25,0.25));
#6177 = LINE('',#6178,#6179);
#6178 = CARTESIAN_POINT('',(-5.,3.25,5.E-02));
#6179 = VECTOR('',#6180,1.);
#6180 = DIRECTION('',(3.469446951953E-15,0.,-1.));
#6181 = ORIENTED_EDGE('',*,*,#6182,.T.);
#6182 = EDGE_CURVE('',#6175,#6183,#6185,.T.);
#6183 = VERTEX_POINT('',#6184);
#6184 = CARTESIAN_POINT('',(-5.,2.2,0.25));
#6185 = LINE('',#6186,#6187);
#6186 = CARTESIAN_POINT('',(-5.,3.42,0.25));
#6187 = VECTOR('',#6188,1.);
#6188 = DIRECTION('',(0.,-1.,0.));
#6189 = ORIENTED_EDGE('',*,*,#6190,.T.);
#6190 = EDGE_CURVE('',#6183,#6191,#6193,.T.);
#6191 = VERTEX_POINT('',#6192);
#6192 = CARTESIAN_POINT('',(-5.,2.2,0.93));
#6193 = LINE('',#6194,#6195);
#6194 = CARTESIAN_POINT('',(-5.,2.2,0.25));
#6195 = VECTOR('',#6196,1.);
#6196 = DIRECTION('',(-1.27553196763E-15,0.,1.));
#6197 = ORIENTED_EDGE('',*,*,#6198,.F.);
#6198 = EDGE_CURVE('',#6199,#6191,#6201,.T.);
#6199 = VERTEX_POINT('',#6200);
#6200 = CARTESIAN_POINT('',(-5.,2.5,0.93));
#6201 = LINE('',#6202,#6203);
#6202 = CARTESIAN_POINT('',(-5.,3.42,0.93));
#6203 = VECTOR('',#6204,1.);
#6204 = DIRECTION('',(0.,-1.,0.));
#6205 = ORIENTED_EDGE('',*,*,#6206,.T.);
#6206 = EDGE_CURVE('',#6199,#6207,#6209,.T.);
#6207 = VERTEX_POINT('',#6208);
#6208 = CARTESIAN_POINT('',(-5.,2.5,0.33));
#6209 = LINE('',#6210,#6211);
#6210 = CARTESIAN_POINT('',(-5.,2.5,1.13));
#6211 = VECTOR('',#6212,1.);
#6212 = DIRECTION('',(-1.084202172486E-15,0.,-1.));
#6213 = ORIENTED_EDGE('',*,*,#6214,.T.);
#6214 = EDGE_CURVE('',#6207,#6215,#6217,.T.);
#6215 = VERTEX_POINT('',#6216);
#6216 = CARTESIAN_POINT('',(-5.,3.04,0.33));
#6217 = LINE('',#6218,#6219);
#6218 = CARTESIAN_POINT('',(-5.,2.5,0.33));
#6219 = VECTOR('',#6220,1.);
#6220 = DIRECTION('',(-1.606225440719E-15,1.,0.));
#6221 = ORIENTED_EDGE('',*,*,#6222,.T.);
#6222 = EDGE_CURVE('',#6215,#6223,#6225,.T.);
#6223 = VERTEX_POINT('',#6224);
#6224 = CARTESIAN_POINT('',(-5.,3.04,0.93));
#6225 = LINE('',#6226,#6227);
#6226 = CARTESIAN_POINT('',(-5.,3.04,0.33));
#6227 = VECTOR('',#6228,1.);
#6228 = DIRECTION('',(1.084202172486E-15,0.,1.));
#6229 = ORIENTED_EDGE('',*,*,#6230,.F.);
#6230 = EDGE_CURVE('',#6231,#6223,#6233,.T.);
#6231 = VERTEX_POINT('',#6232);
#6232 = CARTESIAN_POINT('',(-5.,4.05,0.93));
#6233 = LINE('',#6234,#6235);
#6234 = CARTESIAN_POINT('',(-5.,3.42,0.93));
#6235 = VECTOR('',#6236,1.);
#6236 = DIRECTION('',(0.,-1.,0.));
#6237 = ORIENTED_EDGE('',*,*,#6238,.T.);
#6238 = EDGE_CURVE('',#6231,#6239,#6241,.T.);
#6239 = VERTEX_POINT('',#6240);
#6240 = CARTESIAN_POINT('',(-5.,4.05,0.85));
#6241 = LINE('',#6242,#6243);
#6242 = CARTESIAN_POINT('',(-5.,4.05,0.85));
#6243 = VECTOR('',#6244,1.);
#6244 = DIRECTION('',(3.097720492816E-15,0.,-1.));
#6245 = ORIENTED_EDGE('',*,*,#6246,.T.);
#6246 = EDGE_CURVE('',#6239,#5993,#6247,.T.);
#6247 = LINE('',#6248,#6249);
#6248 = CARTESIAN_POINT('',(-5.,4.42,0.85));
#6249 = VECTOR('',#6250,1.);
#6250 = DIRECTION('',(0.,1.,0.));
#6251 = PLANE('',#6252);
#6252 = AXIS2_PLACEMENT_3D('',#6253,#6254,#6255);
#6253 = CARTESIAN_POINT('',(-5.,3.42,0.25));
#6254 = DIRECTION('',(1.,0.,1.27553196763E-15));
#6255 = DIRECTION('',(1.27553196763E-15,0.,-1.));
#6256 = ADVANCED_FACE('',(#6257),#6302,.F.);
#6257 = FACE_BOUND('',#6258,.T.);
#6258 = EDGE_LOOP('',(#6259,#6260,#6261,#6270,#6278,#6286,#6294,#6301));
#6259 = ORIENTED_EDGE('',*,*,#5961,.T.);
#6260 = ORIENTED_EDGE('',*,*,#6121,.T.);
#6261 = ORIENTED_EDGE('',*,*,#6262,.T.);
#6262 = EDGE_CURVE('',#6114,#6263,#6265,.T.);
#6263 = VERTEX_POINT('',#6264);
#6264 = CARTESIAN_POINT('',(-5.1,4.42,-7.999999999999E-02));
#6265 = CIRCLE('',#6266,0.25);
#6266 = AXIS2_PLACEMENT_3D('',#6267,#6268,#6269);
#6267 = CARTESIAN_POINT('',(-5.1,4.42,0.17));
#6268 = DIRECTION('',(0.,1.,0.));
#6269 = DIRECTION('',(0.,-0.,1.));
#6270 = ORIENTED_EDGE('',*,*,#6271,.T.);
#6271 = EDGE_CURVE('',#6263,#6272,#6274,.T.);
#6272 = VERTEX_POINT('',#6273);
#6273 = CARTESIAN_POINT('',(-5.8,4.42,-7.999999999999E-02));
#6274 = LINE('',#6275,#6276);
#6275 = CARTESIAN_POINT('',(-5.8,4.42,-7.999999999999E-02));
#6276 = VECTOR('',#6277,1.);
#6277 = DIRECTION('',(-1.,0.,9.486769009248E-16));
#6278 = ORIENTED_EDGE('',*,*,#6279,.T.);
#6279 = EDGE_CURVE('',#6272,#6280,#6282,.T.);
#6280 = VERTEX_POINT('',#6281);
#6281 = CARTESIAN_POINT('',(-5.8,4.42,7.000000000001E-02));
#6282 = LINE('',#6283,#6284);
#6283 = CARTESIAN_POINT('',(-5.8,4.42,7.000000000001E-02));
#6284 = VECTOR('',#6285,1.);
#6285 = DIRECTION('',(0.,0.,1.));
#6286 = ORIENTED_EDGE('',*,*,#6287,.T.);
#6287 = EDGE_CURVE('',#6280,#6288,#6290,.T.);
#6288 = VERTEX_POINT('',#6289);
#6289 = CARTESIAN_POINT('',(-5.1,4.42,7.E-02));
#6290 = LINE('',#6291,#6292);
#6291 = CARTESIAN_POINT('',(-5.1,4.42,7.000000000001E-02));
#6292 = VECTOR('',#6293,1.);
#6293 = DIRECTION('',(1.,0.,-9.486769009248E-16));
#6294 = ORIENTED_EDGE('',*,*,#6295,.T.);
#6295 = EDGE_CURVE('',#6288,#6143,#6296,.T.);
#6296 = CIRCLE('',#6297,0.1);
#6297 = AXIS2_PLACEMENT_3D('',#6298,#6299,#6300);
#6298 = CARTESIAN_POINT('',(-5.1,4.42,0.17));
#6299 = DIRECTION('',(0.,-1.,0.));
#6300 = DIRECTION('',(1.,0.,0.));
#6301 = ORIENTED_EDGE('',*,*,#6142,.T.);
#6302 = PLANE('',#6303);
#6303 = AXIS2_PLACEMENT_3D('',#6304,#6305,#6306);
#6304 = CARTESIAN_POINT('',(-4.8,4.42,0.93));
#6305 = DIRECTION('',(0.,-1.,0.));
#6306 = DIRECTION('',(0.,0.,-1.));
#6307 = ADVANCED_FACE('',(#6308),#6319,.F.);
#6308 = FACE_BOUND('',#6309,.T.);
#6309 = EDGE_LOOP('',(#6310,#6311,#6312,#6318));
#6310 = ORIENTED_EDGE('',*,*,#6000,.F.);
#6311 = ORIENTED_EDGE('',*,*,#6246,.F.);
#6312 = ORIENTED_EDGE('',*,*,#6313,.T.);
#6313 = EDGE_CURVE('',#6239,#6018,#6314,.T.);
#6314 = LINE('',#6315,#6316);
#6315 = CARTESIAN_POINT('',(1.633,4.05,0.85));
#6316 = VECTOR('',#6317,1.);
#6317 = DIRECTION('',(1.,0.,0.));
#6318 = ORIENTED_EDGE('',*,*,#6017,.F.);
#6319 = PLANE('',#6320);
#6320 = AXIS2_PLACEMENT_3D('',#6321,#6322,#6323);
#6321 = CARTESIAN_POINT('',(1.633,4.42,0.85));
#6322 = DIRECTION('',(0.,0.,-1.));
#6323 = DIRECTION('',(-1.,0.,0.));
#6324 = ADVANCED_FACE('',(#6325),#6352,.T.);
#6325 = FACE_BOUND('',#6326,.T.);
#6326 = EDGE_LOOP('',(#6327,#6336,#6337,#6346));
#6327 = ORIENTED_EDGE('',*,*,#6328,.T.);
#6328 = EDGE_CURVE('',#6329,#6199,#6331,.T.);
#6329 = VERTEX_POINT('',#6330);
#6330 = CARTESIAN_POINT('',(-4.8,2.5,1.13));
#6331 = CIRCLE('',#6332,0.2);
#6332 = AXIS2_PLACEMENT_3D('',#6333,#6334,#6335);
#6333 = CARTESIAN_POINT('',(-4.8,2.5,0.93));
#6334 = DIRECTION('',(0.,-1.,0.));
#6335 = DIRECTION('',(0.,0.,1.));
#6336 = ORIENTED_EDGE('',*,*,#6198,.T.);
#6337 = ORIENTED_EDGE('',*,*,#6338,.T.);
#6338 = EDGE_CURVE('',#6191,#6339,#6341,.T.);
#6339 = VERTEX_POINT('',#6340);
#6340 = CARTESIAN_POINT('',(-4.8,2.2,1.13));
#6341 = CIRCLE('',#6342,0.2);
#6342 = AXIS2_PLACEMENT_3D('',#6343,#6344,#6345);
#6343 = CARTESIAN_POINT('',(-4.8,2.2,0.93));
#6344 = DIRECTION('',(0.,1.,0.));
#6345 = DIRECTION('',(0.,0.,-1.));
#6346 = ORIENTED_EDGE('',*,*,#6347,.F.);
#6347 = EDGE_CURVE('',#6329,#6339,#6348,.T.);
#6348 = LINE('',#6349,#6350);
#6349 = CARTESIAN_POINT('',(-4.8,3.42,1.13));
#6350 = VECTOR('',#6351,1.);
#6351 = DIRECTION('',(0.,-1.,0.));
#6352 = CYLINDRICAL_SURFACE('',#6353,0.2);
#6353 = AXIS2_PLACEMENT_3D('',#6354,#6355,#6356);
#6354 = CARTESIAN_POINT('',(-4.8,3.42,0.93));
#6355 = DIRECTION('',(0.,-1.,0.));
#6356 = DIRECTION('',(0.,0.,-1.));
#6357 = ADVANCED_FACE('',(#6358),#6385,.T.);
#6358 = FACE_BOUND('',#6359,.T.);
#6359 = EDGE_LOOP('',(#6360,#6369,#6377,#6384));
#6360 = ORIENTED_EDGE('',*,*,#6361,.T.);
#6361 = EDGE_CURVE('',#6223,#6362,#6364,.T.);
#6362 = VERTEX_POINT('',#6363);
#6363 = CARTESIAN_POINT('',(-4.8,3.04,1.13));
#6364 = CIRCLE('',#6365,0.2);
#6365 = AXIS2_PLACEMENT_3D('',#6366,#6367,#6368);
#6366 = CARTESIAN_POINT('',(-4.8,3.04,0.93));
#6367 = DIRECTION('',(0.,1.,0.));
#6368 = DIRECTION('',(0.,0.,-1.));
#6369 = ORIENTED_EDGE('',*,*,#6370,.F.);
#6370 = EDGE_CURVE('',#6371,#6362,#6373,.T.);
#6371 = VERTEX_POINT('',#6372);
#6372 = CARTESIAN_POINT('',(-4.8,4.05,1.13));
#6373 = LINE('',#6374,#6375);
#6374 = CARTESIAN_POINT('',(-4.8,3.42,1.13));
#6375 = VECTOR('',#6376,1.);
#6376 = DIRECTION('',(0.,-1.,0.));
#6377 = ORIENTED_EDGE('',*,*,#6378,.T.);
#6378 = EDGE_CURVE('',#6371,#6231,#6379,.T.);
#6379 = CIRCLE('',#6380,0.2);
#6380 = AXIS2_PLACEMENT_3D('',#6381,#6382,#6383);
#6381 = CARTESIAN_POINT('',(-4.8,4.05,0.93));
#6382 = DIRECTION('',(0.,-1.,0.));
#6383 = DIRECTION('',(0.,0.,-1.));
#6384 = ORIENTED_EDGE('',*,*,#6230,.T.);
#6385 = CYLINDRICAL_SURFACE('',#6386,0.2);
#6386 = AXIS2_PLACEMENT_3D('',#6387,#6388,#6389);
#6387 = CARTESIAN_POINT('',(-4.8,3.42,0.93));
#6388 = DIRECTION('',(0.,-1.,0.));
#6389 = DIRECTION('',(0.,0.,-1.));
#6390 = ADVANCED_FACE('',(#6391),#6457,.F.);
#6391 = FACE_BOUND('',#6392,.T.);
#6392 = EDGE_LOOP('',(#6393,#6403,#6411,#6419,#6427,#6435,#6443,#6451));
#6393 = ORIENTED_EDGE('',*,*,#6394,.T.);
#6394 = EDGE_CURVE('',#6395,#6397,#6399,.T.);
#6395 = VERTEX_POINT('',#6396);
#6396 = CARTESIAN_POINT('',(-4.8,2.5,0.98));
#6397 = VERTEX_POINT('',#6398);
#6398 = CARTESIAN_POINT('',(-4.75,2.5,0.98));
#6399 = LINE('',#6400,#6401);
#6400 = CARTESIAN_POINT('',(-4.33,2.5,0.98));
#6401 = VECTOR('',#6402,1.);
#6402 = DIRECTION('',(1.,0.,-9.227252531792E-16));
#6403 = ORIENTED_EDGE('',*,*,#6404,.F.);
#6404 = EDGE_CURVE('',#6405,#6397,#6407,.T.);
#6405 = VERTEX_POINT('',#6406);
#6406 = CARTESIAN_POINT('',(-4.75,3.04,0.98));
#6407 = LINE('',#6408,#6409);
#6408 = CARTESIAN_POINT('',(-4.75,3.42,0.98));
#6409 = VECTOR('',#6410,1.);
#6410 = DIRECTION('',(0.,-1.,0.));
#6411 = ORIENTED_EDGE('',*,*,#6412,.T.);
#6412 = EDGE_CURVE('',#6405,#6413,#6415,.T.);
#6413 = VERTEX_POINT('',#6414);
#6414 = CARTESIAN_POINT('',(-4.8,3.04,0.98));
#6415 = LINE('',#6416,#6417);
#6416 = CARTESIAN_POINT('',(-4.33,3.04,0.98));
#6417 = VECTOR('',#6418,1.);
#6418 = DIRECTION('',(-1.,0.,9.227252531792E-16));
#6419 = ORIENTED_EDGE('',*,*,#6420,.F.);
#6420 = EDGE_CURVE('',#6421,#6413,#6423,.T.);
#6421 = VERTEX_POINT('',#6422);
#6422 = CARTESIAN_POINT('',(-4.8,4.05,0.98));
#6423 = LINE('',#6424,#6425);
#6424 = CARTESIAN_POINT('',(-4.8,3.42,0.98));
#6425 = VECTOR('',#6426,1.);
#6426 = DIRECTION('',(0.,-1.,0.));
#6427 = ORIENTED_EDGE('',*,*,#6428,.T.);
#6428 = EDGE_CURVE('',#6421,#6429,#6431,.T.);
#6429 = VERTEX_POINT('',#6430);
#6430 = CARTESIAN_POINT('',(-4.33,4.05,0.98));
#6431 = LINE('',#6432,#6433);
#6432 = CARTESIAN_POINT('',(-4.33,4.05,0.98));
#6433 = VECTOR('',#6434,1.);
#6434 = DIRECTION('',(1.,0.,-9.227252531792E-16));
#6435 = ORIENTED_EDGE('',*,*,#6436,.T.);
#6436 = EDGE_CURVE('',#6429,#6437,#6439,.T.);
#6437 = VERTEX_POINT('',#6438);
#6438 = CARTESIAN_POINT('',(-4.33,2.2,0.98));
#6439 = LINE('',#6440,#6441);
#6440 = CARTESIAN_POINT('',(-4.33,3.42,0.98));
#6441 = VECTOR('',#6442,1.);
#6442 = DIRECTION('',(0.,-1.,0.));
#6443 = ORIENTED_EDGE('',*,*,#6444,.T.);
#6444 = EDGE_CURVE('',#6437,#6445,#6447,.T.);
#6445 = VERTEX_POINT('',#6446);
#6446 = CARTESIAN_POINT('',(-4.8,2.2,0.98));
#6447 = LINE('',#6448,#6449);
#6448 = CARTESIAN_POINT('',(-4.33,2.2,0.98));
#6449 = VECTOR('',#6450,1.);
#6450 = DIRECTION('',(-1.,0.,9.227252531792E-16));
#6451 = ORIENTED_EDGE('',*,*,#6452,.F.);
#6452 = EDGE_CURVE('',#6395,#6445,#6453,.T.);
#6453 = LINE('',#6454,#6455);
#6454 = CARTESIAN_POINT('',(-4.8,3.42,0.98));
#6455 = VECTOR('',#6456,1.);
#6456 = DIRECTION('',(0.,-1.,0.));
#6457 = PLANE('',#6458);
#6458 = AXIS2_PLACEMENT_3D('',#6459,#6460,#6461);
#6459 = CARTESIAN_POINT('',(-4.33,3.42,0.98));
#6460 = DIRECTION('',(9.227252531792E-16,0.,1.));
#6461 = DIRECTION('',(1.,0.,-9.227252531792E-16));
#6462 = ADVANCED_FACE('',(#6463),#6481,.F.);
#6463 = FACE_BOUND('',#6464,.F.);
#6464 = EDGE_LOOP('',(#6465,#6466,#6473,#6474));
#6465 = ORIENTED_EDGE('',*,*,#6065,.T.);
#6466 = ORIENTED_EDGE('',*,*,#6467,.F.);
#6467 = EDGE_CURVE('',#6445,#6066,#6468,.T.);
#6468 = CIRCLE('',#6469,5.E-02);
#6469 = AXIS2_PLACEMENT_3D('',#6470,#6471,#6472);
#6470 = CARTESIAN_POINT('',(-4.8,2.2,0.93));
#6471 = DIRECTION('',(0.,-1.,0.));
#6472 = DIRECTION('',(-1.,0.,0.));
#6473 = ORIENTED_EDGE('',*,*,#6452,.F.);
#6474 = ORIENTED_EDGE('',*,*,#6475,.F.);
#6475 = EDGE_CURVE('',#6058,#6395,#6476,.T.);
#6476 = CIRCLE('',#6477,5.E-02);
#6477 = AXIS2_PLACEMENT_3D('',#6478,#6479,#6480);
#6478 = CARTESIAN_POINT('',(-4.8,2.5,0.93));
#6479 = DIRECTION('',(0.,1.,0.));
#6480 = DIRECTION('',(0.,-0.,1.));
#6481 = CYLINDRICAL_SURFACE('',#6482,5.E-02);
#6482 = AXIS2_PLACEMENT_3D('',#6483,#6484,#6485);
#6483 = CARTESIAN_POINT('',(-4.8,3.42,0.93));
#6484 = DIRECTION('',(0.,-1.,0.));
#6485 = DIRECTION('',(0.,0.,-1.));
#6486 = ADVANCED_FACE('',(#6487),#6505,.F.);
#6487 = FACE_BOUND('',#6488,.F.);
#6488 = EDGE_LOOP('',(#6489,#6490,#6497,#6498));
#6489 = ORIENTED_EDGE('',*,*,#6420,.F.);
#6490 = ORIENTED_EDGE('',*,*,#6491,.F.);
#6491 = EDGE_CURVE('',#6026,#6421,#6492,.T.);
#6492 = CIRCLE('',#6493,5.E-02);
#6493 = AXIS2_PLACEMENT_3D('',#6494,#6495,#6496);
#6494 = CARTESIAN_POINT('',(-4.8,4.05,0.93));
#6495 = DIRECTION('',(0.,1.,0.));
#6496 = DIRECTION('',(0.,0.,-1.));
#6497 = ORIENTED_EDGE('',*,*,#6033,.T.);
#6498 = ORIENTED_EDGE('',*,*,#6499,.F.);
#6499 = EDGE_CURVE('',#6413,#6034,#6500,.T.);
#6500 = CIRCLE('',#6501,5.E-02);
#6501 = AXIS2_PLACEMENT_3D('',#6502,#6503,#6504);
#6502 = CARTESIAN_POINT('',(-4.8,3.04,0.93));
#6503 = DIRECTION('',(0.,-1.,0.));
#6504 = DIRECTION('',(0.,0.,-1.));
#6505 = CYLINDRICAL_SURFACE('',#6506,5.E-02);
#6506 = AXIS2_PLACEMENT_3D('',#6507,#6508,#6509);
#6507 = CARTESIAN_POINT('',(-4.8,3.42,0.93));
#6508 = DIRECTION('',(0.,-1.,0.));
#6509 = DIRECTION('',(0.,0.,-1.));
#6510 = ADVANCED_FACE('',(#6511),#6545,.F.);
#6511 = FACE_BOUND('',#6512,.T.);
#6512 = EDGE_LOOP('',(#6513,#6523,#6531,#6539));
#6513 = ORIENTED_EDGE('',*,*,#6514,.F.);
#6514 = EDGE_CURVE('',#6515,#6517,#6519,.T.);
#6515 = VERTEX_POINT('',#6516);
#6516 = CARTESIAN_POINT('',(-4.33,3.25,0.2));
#6517 = VERTEX_POINT('',#6518);
#6518 = CARTESIAN_POINT('',(-4.33,3.25,5.E-02));
#6519 = LINE('',#6520,#6521);
#6520 = CARTESIAN_POINT('',(-4.33,3.25,4.999999999996E-02));
#6521 = VECTOR('',#6522,1.);
#6522 = DIRECTION('',(5.782411586589E-15,0.,-1.));
#6523 = ORIENTED_EDGE('',*,*,#6524,.T.);
#6524 = EDGE_CURVE('',#6515,#6525,#6527,.T.);
#6525 = VERTEX_POINT('',#6526);
#6526 = CARTESIAN_POINT('',(-4.33,2.2,0.2));
#6527 = LINE('',#6528,#6529);
#6528 = CARTESIAN_POINT('',(-4.33,3.42,0.2));
#6529 = VECTOR('',#6530,1.);
#6530 = DIRECTION('',(0.,-1.,0.));
#6531 = ORIENTED_EDGE('',*,*,#6532,.T.);
#6532 = EDGE_CURVE('',#6525,#6533,#6535,.T.);
#6533 = VERTEX_POINT('',#6534);
#6534 = CARTESIAN_POINT('',(-4.33,2.2,5.E-02));
#6535 = LINE('',#6536,#6537);
#6536 = CARTESIAN_POINT('',(-4.33,2.2,0.2));
#6537 = VECTOR('',#6538,1.);
#6538 = DIRECTION('',(5.782411586589E-15,0.,-1.));
#6539 = ORIENTED_EDGE('',*,*,#6540,.F.);
#6540 = EDGE_CURVE('',#6517,#6533,#6541,.T.);
#6541 = LINE('',#6542,#6543);
#6542 = CARTESIAN_POINT('',(-4.33,3.42,5.E-02));
#6543 = VECTOR('',#6544,1.);
#6544 = DIRECTION('',(0.,-1.,0.));
#6545 = PLANE('',#6546);
#6546 = AXIS2_PLACEMENT_3D('',#6547,#6548,#6549);
#6547 = CARTESIAN_POINT('',(-4.33,3.42,0.2));
#6548 = DIRECTION('',(-1.,0.,-5.782411586589E-15));
#6549 = DIRECTION('',(-5.782411586589E-15,0.,1.));
#6550 = ADVANCED_FACE('',(#6551),#6576,.F.);
#6551 = FACE_BOUND('',#6552,.T.);
#6552 = EDGE_LOOP('',(#6553,#6561,#6562,#6570));
#6553 = ORIENTED_EDGE('',*,*,#6554,.F.);
#6554 = EDGE_CURVE('',#6517,#6555,#6557,.T.);
#6555 = VERTEX_POINT('',#6556);
#6556 = CARTESIAN_POINT('',(-4.8,3.25,5.E-02));
#6557 = LINE('',#6558,#6559);
#6558 = CARTESIAN_POINT('',(1.633,3.25,5.E-02));
#6559 = VECTOR('',#6560,1.);
#6560 = DIRECTION('',(-1.,0.,0.));
#6561 = ORIENTED_EDGE('',*,*,#6540,.T.);
#6562 = ORIENTED_EDGE('',*,*,#6563,.T.);
#6563 = EDGE_CURVE('',#6533,#6564,#6566,.T.);
#6564 = VERTEX_POINT('',#6565);
#6565 = CARTESIAN_POINT('',(-4.8,2.2,5.000000000001E-02));
#6566 = LINE('',#6567,#6568);
#6567 = CARTESIAN_POINT('',(-4.33,2.2,5.E-02));
#6568 = VECTOR('',#6569,1.);
#6569 = DIRECTION('',(-1.,0.,1.182241730636E-15));
#6570 = ORIENTED_EDGE('',*,*,#6571,.F.);
#6571 = EDGE_CURVE('',#6555,#6564,#6572,.T.);
#6572 = LINE('',#6573,#6574);
#6573 = CARTESIAN_POINT('',(-4.8,3.42,5.000000000001E-02));
#6574 = VECTOR('',#6575,1.);
#6575 = DIRECTION('',(0.,-1.,0.));
#6576 = PLANE('',#6577);
#6577 = AXIS2_PLACEMENT_3D('',#6578,#6579,#6580);
#6578 = CARTESIAN_POINT('',(-4.33,3.42,5.E-02));
#6579 = DIRECTION('',(1.182241730636E-15,0.,1.));
#6580 = DIRECTION('',(1.,0.,-1.182241730636E-15));
#6581 = ADVANCED_FACE('',(#6582),#6607,.F.);
#6582 = FACE_BOUND('',#6583,.T.);
#6583 = EDGE_LOOP('',(#6584,#6592,#6600,#6606));
#6584 = ORIENTED_EDGE('',*,*,#6585,.F.);
#6585 = EDGE_CURVE('',#6586,#6429,#6588,.T.);
#6586 = VERTEX_POINT('',#6587);
#6587 = CARTESIAN_POINT('',(-4.33,4.05,1.13));
#6588 = LINE('',#6589,#6590);
#6589 = CARTESIAN_POINT('',(-4.33,4.05,0.85));
#6590 = VECTOR('',#6591,1.);
#6591 = DIRECTION('',(5.782411586589E-15,0.,-1.));
#6592 = ORIENTED_EDGE('',*,*,#6593,.T.);
#6593 = EDGE_CURVE('',#6586,#6594,#6596,.T.);
#6594 = VERTEX_POINT('',#6595);
#6595 = CARTESIAN_POINT('',(-4.33,2.2,1.13));
#6596 = LINE('',#6597,#6598);
#6597 = CARTESIAN_POINT('',(-4.33,3.42,1.13));
#6598 = VECTOR('',#6599,1.);
#6599 = DIRECTION('',(0.,-1.,0.));
#6600 = ORIENTED_EDGE('',*,*,#6601,.T.);
#6601 = EDGE_CURVE('',#6594,#6437,#6602,.T.);
#6602 = LINE('',#6603,#6604);
#6603 = CARTESIAN_POINT('',(-4.33,2.2,1.13));
#6604 = VECTOR('',#6605,1.);
#6605 = DIRECTION('',(5.782411586589E-15,0.,-1.));
#6606 = ORIENTED_EDGE('',*,*,#6436,.F.);
#6607 = PLANE('',#6608);
#6608 = AXIS2_PLACEMENT_3D('',#6609,#6610,#6611);
#6609 = CARTESIAN_POINT('',(-4.33,3.42,1.13));
#6610 = DIRECTION('',(-1.,0.,-5.782411586589E-15));
#6611 = DIRECTION('',(-5.782411586589E-15,0.,1.));
#6612 = ADVANCED_FACE('',(#6613),#6631,.T.);
#6613 = FACE_BOUND('',#6614,.T.);
#6614 = EDGE_LOOP('',(#6615,#6616,#6623,#6624));
#6615 = ORIENTED_EDGE('',*,*,#6182,.F.);
#6616 = ORIENTED_EDGE('',*,*,#6617,.T.);
#6617 = EDGE_CURVE('',#6175,#6555,#6618,.T.);
#6618 = CIRCLE('',#6619,0.2);
#6619 = AXIS2_PLACEMENT_3D('',#6620,#6621,#6622);
#6620 = CARTESIAN_POINT('',(-4.8,3.25,0.25));
#6621 = DIRECTION('',(0.,-1.,0.));
#6622 = DIRECTION('',(0.,0.,-1.));
#6623 = ORIENTED_EDGE('',*,*,#6571,.T.);
#6624 = ORIENTED_EDGE('',*,*,#6625,.T.);
#6625 = EDGE_CURVE('',#6564,#6183,#6626,.T.);
#6626 = CIRCLE('',#6627,0.2);
#6627 = AXIS2_PLACEMENT_3D('',#6628,#6629,#6630);
#6628 = CARTESIAN_POINT('',(-4.8,2.2,0.25));
#6629 = DIRECTION('',(0.,1.,0.));
#6630 = DIRECTION('',(0.,0.,-1.));
#6631 = CYLINDRICAL_SURFACE('',#6632,0.2);
#6632 = AXIS2_PLACEMENT_3D('',#6633,#6634,#6635);
#6633 = CARTESIAN_POINT('',(-4.8,3.42,0.25));
#6634 = DIRECTION('',(0.,-1.,0.));
#6635 = DIRECTION('',(0.,0.,-1.));
#6636 = ADVANCED_FACE('',(#6637),#6676,.F.);
#6637 = FACE_BOUND('',#6638,.T.);
#6638 = EDGE_LOOP('',(#6639,#6649,#6655,#6656,#6662,#6663,#6669,#6670));
#6639 = ORIENTED_EDGE('',*,*,#6640,.T.);
#6640 = EDGE_CURVE('',#6641,#6643,#6645,.T.);
#6641 = VERTEX_POINT('',#6642);
#6642 = CARTESIAN_POINT('',(-4.75,3.04,1.13));
#6643 = VERTEX_POINT('',#6644);
#6644 = CARTESIAN_POINT('',(-4.75,2.5,1.13));
#6645 = LINE('',#6646,#6647);
#6646 = CARTESIAN_POINT('',(-4.75,3.04,1.13));
#6647 = VECTOR('',#6648,1.);
#6648 = DIRECTION('',(0.,-1.,0.));
#6649 = ORIENTED_EDGE('',*,*,#6650,.T.);
#6650 = EDGE_CURVE('',#6643,#6329,#6651,.T.);
#6651 = LINE('',#6652,#6653);
#6652 = CARTESIAN_POINT('',(-4.75,2.5,1.13));
#6653 = VECTOR('',#6654,1.);
#6654 = DIRECTION('',(-1.,0.,0.));
#6655 = ORIENTED_EDGE('',*,*,#6347,.T.);
#6656 = ORIENTED_EDGE('',*,*,#6657,.T.);
#6657 = EDGE_CURVE('',#6339,#6594,#6658,.T.);
#6658 = LINE('',#6659,#6660);
#6659 = CARTESIAN_POINT('',(-4.8,2.2,1.13));
#6660 = VECTOR('',#6661,1.);
#6661 = DIRECTION('',(1.,0.,-9.227252531792E-16));
#6662 = ORIENTED_EDGE('',*,*,#6593,.F.);
#6663 = ORIENTED_EDGE('',*,*,#6664,.T.);
#6664 = EDGE_CURVE('',#6586,#6371,#6665,.T.);
#6665 = LINE('',#6666,#6667);
#6666 = CARTESIAN_POINT('',(1.633,4.05,1.13));
#6667 = VECTOR('',#6668,1.);
#6668 = DIRECTION('',(-1.,0.,0.));
#6669 = ORIENTED_EDGE('',*,*,#6370,.T.);
#6670 = ORIENTED_EDGE('',*,*,#6671,.F.);
#6671 = EDGE_CURVE('',#6641,#6362,#6672,.T.);
#6672 = LINE('',#6673,#6674);
#6673 = CARTESIAN_POINT('',(-4.75,3.04,1.13));
#6674 = VECTOR('',#6675,1.);
#6675 = DIRECTION('',(-1.,0.,0.));
#6676 = PLANE('',#6677);
#6677 = AXIS2_PLACEMENT_3D('',#6678,#6679,#6680);
#6678 = CARTESIAN_POINT('',(-4.8,3.42,1.13));
#6679 = DIRECTION('',(-9.227252531792E-16,0.,-1.));
#6680 = DIRECTION('',(-1.,0.,9.227252531792E-16));
#6681 = ADVANCED_FACE('',(#6682),#6709,.F.);
#6682 = FACE_BOUND('',#6683,.F.);
#6683 = EDGE_LOOP('',(#6684,#6693,#6694,#6703));
#6684 = ORIENTED_EDGE('',*,*,#6685,.F.);
#6685 = EDGE_CURVE('',#6074,#6686,#6688,.T.);
#6686 = VERTEX_POINT('',#6687);
#6687 = CARTESIAN_POINT('',(-4.8,2.2,0.2));
#6688 = CIRCLE('',#6689,5.E-02);
#6689 = AXIS2_PLACEMENT_3D('',#6690,#6691,#6692);
#6690 = CARTESIAN_POINT('',(-4.8,2.2,0.25));
#6691 = DIRECTION('',(0.,-1.,0.));
#6692 = DIRECTION('',(-1.,0.,0.));
#6693 = ORIENTED_EDGE('',*,*,#6081,.F.);
#6694 = ORIENTED_EDGE('',*,*,#6695,.F.);
#6695 = EDGE_CURVE('',#6696,#6082,#6698,.T.);
#6696 = VERTEX_POINT('',#6697);
#6697 = CARTESIAN_POINT('',(-4.8,3.25,0.2));
#6698 = CIRCLE('',#6699,5.E-02);
#6699 = AXIS2_PLACEMENT_3D('',#6700,#6701,#6702);
#6700 = CARTESIAN_POINT('',(-4.8,3.25,0.25));
#6701 = DIRECTION('',(0.,1.,0.));
#6702 = DIRECTION('',(0.,0.,-1.));
#6703 = ORIENTED_EDGE('',*,*,#6704,.T.);
#6704 = EDGE_CURVE('',#6696,#6686,#6705,.T.);
#6705 = LINE('',#6706,#6707);
#6706 = CARTESIAN_POINT('',(-4.8,3.42,0.2));
#6707 = VECTOR('',#6708,1.);
#6708 = DIRECTION('',(0.,-1.,0.));
#6709 = CYLINDRICAL_SURFACE('',#6710,5.E-02);
#6710 = AXIS2_PLACEMENT_3D('',#6711,#6712,#6713);
#6711 = CARTESIAN_POINT('',(-4.8,3.42,0.25));
#6712 = DIRECTION('',(0.,-1.,0.));
#6713 = DIRECTION('',(0.,0.,-1.));
#6714 = ADVANCED_FACE('',(#6715),#6731,.F.);
#6715 = FACE_BOUND('',#6716,.T.);
#6716 = EDGE_LOOP('',(#6717,#6718,#6724,#6725));
#6717 = ORIENTED_EDGE('',*,*,#6524,.F.);
#6718 = ORIENTED_EDGE('',*,*,#6719,.T.);
#6719 = EDGE_CURVE('',#6515,#6696,#6720,.T.);
#6720 = LINE('',#6721,#6722);
#6721 = CARTESIAN_POINT('',(-4.8,3.25,0.2));
#6722 = VECTOR('',#6723,1.);
#6723 = DIRECTION('',(-1.,0.,1.211076894798E-15));
#6724 = ORIENTED_EDGE('',*,*,#6704,.T.);
#6725 = ORIENTED_EDGE('',*,*,#6726,.T.);
#6726 = EDGE_CURVE('',#6686,#6525,#6727,.T.);
#6727 = LINE('',#6728,#6729);
#6728 = CARTESIAN_POINT('',(-4.8,2.2,0.2));
#6729 = VECTOR('',#6730,1.);
#6730 = DIRECTION('',(1.,0.,-1.211076894798E-15));
#6731 = PLANE('',#6732);
#6732 = AXIS2_PLACEMENT_3D('',#6733,#6734,#6735);
#6733 = CARTESIAN_POINT('',(-4.8,3.42,0.2));
#6734 = DIRECTION('',(-1.211076894798E-15,0.,-1.));
#6735 = DIRECTION('',(-1.,0.,1.211076894798E-15));
#6736 = ADVANCED_FACE('',(#6737),#6751,.F.);
#6737 = FACE_BOUND('',#6738,.T.);
#6738 = EDGE_LOOP('',(#6739,#6740,#6741,#6742,#6743,#6744,#6745,#6746,
    #6747,#6748,#6749,#6750));
#6739 = ORIENTED_EDGE('',*,*,#6532,.F.);
#6740 = ORIENTED_EDGE('',*,*,#6726,.F.);
#6741 = ORIENTED_EDGE('',*,*,#6685,.F.);
#6742 = ORIENTED_EDGE('',*,*,#6073,.F.);
#6743 = ORIENTED_EDGE('',*,*,#6467,.F.);
#6744 = ORIENTED_EDGE('',*,*,#6444,.F.);
#6745 = ORIENTED_EDGE('',*,*,#6601,.F.);
#6746 = ORIENTED_EDGE('',*,*,#6657,.F.);
#6747 = ORIENTED_EDGE('',*,*,#6338,.F.);
#6748 = ORIENTED_EDGE('',*,*,#6190,.F.);
#6749 = ORIENTED_EDGE('',*,*,#6625,.F.);
#6750 = ORIENTED_EDGE('',*,*,#6563,.F.);
#6751 = PLANE('',#6752);
#6752 = AXIS2_PLACEMENT_3D('',#6753,#6754,#6755);
#6753 = CARTESIAN_POINT('',(-4.8,2.2,0.25));
#6754 = DIRECTION('',(0.,1.,0.));
#6755 = DIRECTION('',(0.,-0.,1.));
#6756 = ADVANCED_FACE('',(#6757),#6776,.F.);
#6757 = FACE_BOUND('',#6758,.F.);
#6758 = EDGE_LOOP('',(#6759,#6767,#6768,#6769));
#6759 = ORIENTED_EDGE('',*,*,#6760,.T.);
#6760 = EDGE_CURVE('',#6761,#6288,#6763,.T.);
#6761 = VERTEX_POINT('',#6762);
#6762 = CARTESIAN_POINT('',(-5.1,3.42,7.E-02));
#6763 = LINE('',#6764,#6765);
#6764 = CARTESIAN_POINT('',(-5.1,4.42,7.E-02));
#6765 = VECTOR('',#6766,1.);
#6766 = DIRECTION('',(0.,1.,0.));
#6767 = ORIENTED_EDGE('',*,*,#6295,.T.);
#6768 = ORIENTED_EDGE('',*,*,#6150,.F.);
#6769 = ORIENTED_EDGE('',*,*,#6770,.F.);
#6770 = EDGE_CURVE('',#6761,#6151,#6771,.T.);
#6771 = CIRCLE('',#6772,0.1);
#6772 = AXIS2_PLACEMENT_3D('',#6773,#6774,#6775);
#6773 = CARTESIAN_POINT('',(-5.1,3.42,0.17));
#6774 = DIRECTION('',(0.,-1.,0.));
#6775 = DIRECTION('',(1.,0.,0.));
#6776 = CYLINDRICAL_SURFACE('',#6777,0.1);
#6777 = AXIS2_PLACEMENT_3D('',#6778,#6779,#6780);
#6778 = CARTESIAN_POINT('',(-5.1,4.42,0.17));
#6779 = DIRECTION('',(0.,-1.,0.));
#6780 = DIRECTION('',(0.,0.,-1.));
#6781 = ADVANCED_FACE('',(#6782),#6800,.T.);
#6782 = FACE_BOUND('',#6783,.T.);
#6783 = EDGE_LOOP('',(#6784,#6792,#6793,#6794));
#6784 = ORIENTED_EDGE('',*,*,#6785,.T.);
#6785 = EDGE_CURVE('',#6786,#6761,#6788,.T.);
#6786 = VERTEX_POINT('',#6787);
#6787 = CARTESIAN_POINT('',(-5.8,3.42,7.000000000001E-02));
#6788 = LINE('',#6789,#6790);
#6789 = CARTESIAN_POINT('',(-5.1,3.42,7.000000000001E-02));
#6790 = VECTOR('',#6791,1.);
#6791 = DIRECTION('',(1.,0.,-9.486769009248E-16));
#6792 = ORIENTED_EDGE('',*,*,#6760,.T.);
#6793 = ORIENTED_EDGE('',*,*,#6287,.F.);
#6794 = ORIENTED_EDGE('',*,*,#6795,.F.);
#6795 = EDGE_CURVE('',#6786,#6280,#6796,.T.);
#6796 = LINE('',#6797,#6798);
#6797 = CARTESIAN_POINT('',(-5.8,4.42,7.000000000001E-02));
#6798 = VECTOR('',#6799,1.);
#6799 = DIRECTION('',(0.,1.,0.));
#6800 = PLANE('',#6801);
#6801 = AXIS2_PLACEMENT_3D('',#6802,#6803,#6804);
#6802 = CARTESIAN_POINT('',(-5.1,4.42,7.000000000001E-02));
#6803 = DIRECTION('',(9.486769009248E-16,0.,1.));
#6804 = DIRECTION('',(1.,0.,-9.486769009248E-16));
#6805 = ADVANCED_FACE('',(#6806),#6824,.T.);
#6806 = FACE_BOUND('',#6807,.T.);
#6807 = EDGE_LOOP('',(#6808,#6816,#6817,#6818));
#6808 = ORIENTED_EDGE('',*,*,#6809,.T.);
#6809 = EDGE_CURVE('',#6810,#6786,#6812,.T.);
#6810 = VERTEX_POINT('',#6811);
#6811 = CARTESIAN_POINT('',(-5.8,3.42,-7.999999999999E-02));
#6812 = LINE('',#6813,#6814);
#6813 = CARTESIAN_POINT('',(-5.8,3.42,7.000000000001E-02));
#6814 = VECTOR('',#6815,1.);
#6815 = DIRECTION('',(0.,0.,1.));
#6816 = ORIENTED_EDGE('',*,*,#6795,.T.);
#6817 = ORIENTED_EDGE('',*,*,#6279,.F.);
#6818 = ORIENTED_EDGE('',*,*,#6819,.F.);
#6819 = EDGE_CURVE('',#6810,#6272,#6820,.T.);
#6820 = LINE('',#6821,#6822);
#6821 = CARTESIAN_POINT('',(-5.8,4.42,-7.999999999999E-02));
#6822 = VECTOR('',#6823,1.);
#6823 = DIRECTION('',(0.,1.,0.));
#6824 = PLANE('',#6825);
#6825 = AXIS2_PLACEMENT_3D('',#6826,#6827,#6828);
#6826 = CARTESIAN_POINT('',(-5.8,4.42,7.000000000001E-02));
#6827 = DIRECTION('',(-1.,0.,0.));
#6828 = DIRECTION('',(0.,0.,1.));
#6829 = ADVANCED_FACE('',(#6830),#6848,.T.);
#6830 = FACE_BOUND('',#6831,.T.);
#6831 = EDGE_LOOP('',(#6832,#6840,#6841,#6842));
#6832 = ORIENTED_EDGE('',*,*,#6833,.T.);
#6833 = EDGE_CURVE('',#6834,#6810,#6836,.T.);
#6834 = VERTEX_POINT('',#6835);
#6835 = CARTESIAN_POINT('',(-5.1,3.42,-7.999999999999E-02));
#6836 = LINE('',#6837,#6838);
#6837 = CARTESIAN_POINT('',(-5.8,3.42,-7.999999999999E-02));
#6838 = VECTOR('',#6839,1.);
#6839 = DIRECTION('',(-1.,0.,9.486769009248E-16));
#6840 = ORIENTED_EDGE('',*,*,#6819,.T.);
#6841 = ORIENTED_EDGE('',*,*,#6271,.F.);
#6842 = ORIENTED_EDGE('',*,*,#6843,.F.);
#6843 = EDGE_CURVE('',#6834,#6263,#6844,.T.);
#6844 = LINE('',#6845,#6846);
#6845 = CARTESIAN_POINT('',(-5.1,4.42,-7.999999999999E-02));
#6846 = VECTOR('',#6847,1.);
#6847 = DIRECTION('',(0.,1.,0.));
#6848 = PLANE('',#6849);
#6849 = AXIS2_PLACEMENT_3D('',#6850,#6851,#6852);
#6850 = CARTESIAN_POINT('',(-5.8,4.42,-7.999999999999E-02));
#6851 = DIRECTION('',(-9.486769009248E-16,0.,-1.));
#6852 = DIRECTION('',(-1.,0.,9.486769009248E-16));
#6853 = ADVANCED_FACE('',(#6854),#6866,.T.);
#6854 = FACE_BOUND('',#6855,.T.);
#6855 = EDGE_LOOP('',(#6856,#6863,#6864,#6865));
#6856 = ORIENTED_EDGE('',*,*,#6857,.T.);
#6857 = EDGE_CURVE('',#6106,#6834,#6858,.T.);
#6858 = CIRCLE('',#6859,0.25);
#6859 = AXIS2_PLACEMENT_3D('',#6860,#6861,#6862);
#6860 = CARTESIAN_POINT('',(-5.1,3.42,0.17));
#6861 = DIRECTION('',(0.,1.,0.));
#6862 = DIRECTION('',(0.,-0.,1.));
#6863 = ORIENTED_EDGE('',*,*,#6843,.T.);
#6864 = ORIENTED_EDGE('',*,*,#6262,.F.);
#6865 = ORIENTED_EDGE('',*,*,#6113,.F.);
#6866 = CYLINDRICAL_SURFACE('',#6867,0.25);
#6867 = AXIS2_PLACEMENT_3D('',#6868,#6869,#6870);
#6868 = CARTESIAN_POINT('',(-5.1,4.42,0.17));
#6869 = DIRECTION('',(0.,-1.,0.));
#6870 = DIRECTION('',(0.,0.,-1.));
#6871 = ADVANCED_FACE('',(#6872),#6887,.T.);
#6872 = FACE_BOUND('',#6873,.T.);
#6873 = EDGE_LOOP('',(#6874,#6875,#6876,#6877,#6883,#6884,#6885,#6886));
#6874 = ORIENTED_EDGE('',*,*,#6833,.F.);
#6875 = ORIENTED_EDGE('',*,*,#6857,.F.);
#6876 = ORIENTED_EDGE('',*,*,#6105,.T.);
#6877 = ORIENTED_EDGE('',*,*,#6878,.T.);
#6878 = EDGE_CURVE('',#6098,#6159,#6879,.T.);
#6879 = LINE('',#6880,#6881);
#6880 = CARTESIAN_POINT('',(1.633,3.42,0.3));
#6881 = VECTOR('',#6882,1.);
#6882 = DIRECTION('',(-1.,0.,0.));
#6883 = ORIENTED_EDGE('',*,*,#6158,.F.);
#6884 = ORIENTED_EDGE('',*,*,#6770,.F.);
#6885 = ORIENTED_EDGE('',*,*,#6785,.F.);
#6886 = ORIENTED_EDGE('',*,*,#6809,.F.);
#6887 = PLANE('',#6888);
#6888 = AXIS2_PLACEMENT_3D('',#6889,#6890,#6891);
#6889 = CARTESIAN_POINT('',(-4.8,3.42,0.93));
#6890 = DIRECTION('',(0.,-1.,0.));
#6891 = DIRECTION('',(0.,0.,-1.));
#6892 = ADVANCED_FACE('',(#6893),#6904,.F.);
#6893 = FACE_BOUND('',#6894,.T.);
#6894 = EDGE_LOOP('',(#6895,#6901,#6902,#6903));
#6895 = ORIENTED_EDGE('',*,*,#6896,.F.);
#6896 = EDGE_CURVE('',#6167,#6090,#6897,.T.);
#6897 = LINE('',#6898,#6899);
#6898 = CARTESIAN_POINT('',(1.633,3.25,0.3));
#6899 = VECTOR('',#6900,1.);
#6900 = DIRECTION('',(1.,0.,0.));
#6901 = ORIENTED_EDGE('',*,*,#6166,.F.);
#6902 = ORIENTED_EDGE('',*,*,#6878,.F.);
#6903 = ORIENTED_EDGE('',*,*,#6097,.F.);
#6904 = PLANE('',#6905);
#6905 = AXIS2_PLACEMENT_3D('',#6906,#6907,#6908);
#6906 = CARTESIAN_POINT('',(1.633,3.25,0.3));
#6907 = DIRECTION('',(0.,9.566489757225E-16,1.));
#6908 = DIRECTION('',(0.,-1.,9.566489757225E-16));
#6909 = ADVANCED_FACE('',(#6910),#6920,.F.);
#6910 = FACE_BOUND('',#6911,.T.);
#6911 = EDGE_LOOP('',(#6912,#6913,#6914,#6915,#6916,#6917,#6918,#6919));
#6912 = ORIENTED_EDGE('',*,*,#6174,.F.);
#6913 = ORIENTED_EDGE('',*,*,#6896,.T.);
#6914 = ORIENTED_EDGE('',*,*,#6089,.F.);
#6915 = ORIENTED_EDGE('',*,*,#6695,.F.);
#6916 = ORIENTED_EDGE('',*,*,#6719,.F.);
#6917 = ORIENTED_EDGE('',*,*,#6514,.T.);
#6918 = ORIENTED_EDGE('',*,*,#6554,.T.);
#6919 = ORIENTED_EDGE('',*,*,#6617,.F.);
#6920 = PLANE('',#6921);
#6921 = AXIS2_PLACEMENT_3D('',#6922,#6923,#6924);
#6922 = CARTESIAN_POINT('',(1.633,3.25,5.E-02));
#6923 = DIRECTION('',(0.,-1.,0.));
#6924 = DIRECTION('',(0.,0.,-1.));
#6925 = ADVANCED_FACE('',(#6926),#6936,.F.);
#6926 = FACE_BOUND('',#6927,.T.);
#6927 = EDGE_LOOP('',(#6928,#6929,#6930,#6931,#6932,#6933,#6934,#6935));
#6928 = ORIENTED_EDGE('',*,*,#6664,.F.);
#6929 = ORIENTED_EDGE('',*,*,#6585,.T.);
#6930 = ORIENTED_EDGE('',*,*,#6428,.F.);
#6931 = ORIENTED_EDGE('',*,*,#6491,.F.);
#6932 = ORIENTED_EDGE('',*,*,#6025,.F.);
#6933 = ORIENTED_EDGE('',*,*,#6313,.F.);
#6934 = ORIENTED_EDGE('',*,*,#6238,.F.);
#6935 = ORIENTED_EDGE('',*,*,#6378,.F.);
#6936 = PLANE('',#6937);
#6937 = AXIS2_PLACEMENT_3D('',#6938,#6939,#6940);
#6938 = CARTESIAN_POINT('',(1.633,4.05,0.85));
#6939 = DIRECTION('',(0.,-1.,0.));
#6940 = DIRECTION('',(0.,0.,-1.));
#6941 = ADVANCED_FACE('',(#6942),#6958,.F.);
#6942 = FACE_BOUND('',#6943,.T.);
#6943 = EDGE_LOOP('',(#6944,#6950,#6951,#6957));
#6944 = ORIENTED_EDGE('',*,*,#6945,.T.);
#6945 = EDGE_CURVE('',#6397,#6643,#6946,.T.);
#6946 = LINE('',#6947,#6948);
#6947 = CARTESIAN_POINT('',(-4.75,2.5,1.13));
#6948 = VECTOR('',#6949,1.);
#6949 = DIRECTION('',(1.084202172486E-15,0.,1.));
#6950 = ORIENTED_EDGE('',*,*,#6640,.F.);
#6951 = ORIENTED_EDGE('',*,*,#6952,.T.);
#6952 = EDGE_CURVE('',#6641,#6405,#6953,.T.);
#6953 = LINE('',#6954,#6955);
#6954 = CARTESIAN_POINT('',(-4.75,3.04,0.33));
#6955 = VECTOR('',#6956,1.);
#6956 = DIRECTION('',(-1.084202172486E-15,0.,-1.));
#6957 = ORIENTED_EDGE('',*,*,#6404,.T.);
#6958 = PLANE('',#6959);
#6959 = AXIS2_PLACEMENT_3D('',#6960,#6961,#6962);
#6960 = CARTESIAN_POINT('',(-4.75,0.,5.421010862428E-15));
#6961 = DIRECTION('',(1.,0.,-1.084202172486E-15));
#6962 = DIRECTION('',(-1.084202172486E-15,0.,-1.));
#6963 = ADVANCED_FACE('',(#6964),#6979,.T.);
#6964 = FACE_BOUND('',#6965,.T.);
#6965 = EDGE_LOOP('',(#6966,#6967,#6968,#6969,#6970,#6971,#6972,#6978));
#6966 = ORIENTED_EDGE('',*,*,#6328,.F.);
#6967 = ORIENTED_EDGE('',*,*,#6650,.F.);
#6968 = ORIENTED_EDGE('',*,*,#6945,.F.);
#6969 = ORIENTED_EDGE('',*,*,#6394,.F.);
#6970 = ORIENTED_EDGE('',*,*,#6475,.F.);
#6971 = ORIENTED_EDGE('',*,*,#6057,.F.);
#6972 = ORIENTED_EDGE('',*,*,#6973,.F.);
#6973 = EDGE_CURVE('',#6207,#6050,#6974,.T.);
#6974 = LINE('',#6975,#6976);
#6975 = CARTESIAN_POINT('',(-4.75,2.5,0.33));
#6976 = VECTOR('',#6977,1.);
#6977 = DIRECTION('',(1.,0.,0.));
#6978 = ORIENTED_EDGE('',*,*,#6206,.F.);
#6979 = PLANE('',#6980);
#6980 = AXIS2_PLACEMENT_3D('',#6981,#6982,#6983);
#6981 = CARTESIAN_POINT('',(-4.75,2.5,1.13));
#6982 = DIRECTION('',(0.,1.,0.));
#6983 = DIRECTION('',(0.,-0.,1.));
#6984 = ADVANCED_FACE('',(#6985),#6996,.T.);
#6985 = FACE_BOUND('',#6986,.T.);
#6986 = EDGE_LOOP('',(#6987,#6988,#6994,#6995));
#6987 = ORIENTED_EDGE('',*,*,#6049,.F.);
#6988 = ORIENTED_EDGE('',*,*,#6989,.F.);
#6989 = EDGE_CURVE('',#6215,#6042,#6990,.T.);
#6990 = LINE('',#6991,#6992);
#6991 = CARTESIAN_POINT('',(-4.75,3.04,0.33));
#6992 = VECTOR('',#6993,1.);
#6993 = DIRECTION('',(1.,0.,0.));
#6994 = ORIENTED_EDGE('',*,*,#6214,.F.);
#6995 = ORIENTED_EDGE('',*,*,#6973,.T.);
#6996 = PLANE('',#6997);
#6997 = AXIS2_PLACEMENT_3D('',#6998,#6999,#7000);
#6998 = CARTESIAN_POINT('',(-4.75,2.5,0.33));
#6999 = DIRECTION('',(0.,0.,1.));
#7000 = DIRECTION('',(1.,0.,-0.));
#7001 = ADVANCED_FACE('',(#7002),#7012,.T.);
#7002 = FACE_BOUND('',#7003,.T.);
#7003 = EDGE_LOOP('',(#7004,#7005,#7006,#7007,#7008,#7009,#7010,#7011));
#7004 = ORIENTED_EDGE('',*,*,#6361,.F.);
#7005 = ORIENTED_EDGE('',*,*,#6222,.F.);
#7006 = ORIENTED_EDGE('',*,*,#6989,.T.);
#7007 = ORIENTED_EDGE('',*,*,#6041,.F.);
#7008 = ORIENTED_EDGE('',*,*,#6499,.F.);
#7009 = ORIENTED_EDGE('',*,*,#6412,.F.);
#7010 = ORIENTED_EDGE('',*,*,#6952,.F.);
#7011 = ORIENTED_EDGE('',*,*,#6671,.T.);
#7012 = PLANE('',#7013);
#7013 = AXIS2_PLACEMENT_3D('',#7014,#7015,#7016);
#7014 = CARTESIAN_POINT('',(-4.75,3.04,0.33));
#7015 = DIRECTION('',(0.,-1.,0.));
#7016 = DIRECTION('',(0.,0.,-1.));
#7017 = ADVANCED_FACE('',(#7018),#7043,.F.);
#7018 = FACE_BOUND('',#7019,.T.);
#7019 = EDGE_LOOP('',(#7020,#7021,#7029,#7037));
#7020 = ORIENTED_EDGE('',*,*,#3086,.T.);
#7021 = ORIENTED_EDGE('',*,*,#7022,.T.);
#7022 = EDGE_CURVE('',#3089,#7023,#7025,.T.);
#7023 = VERTEX_POINT('',#7024);
#7024 = CARTESIAN_POINT('',(-3.1,3.45,1.41));
#7025 = LINE('',#7026,#7027);
#7026 = CARTESIAN_POINT('',(-3.1,3.45,1.41));
#7027 = VECTOR('',#7028,1.);
#7028 = DIRECTION('',(0.,0.,-1.));
#7029 = ORIENTED_EDGE('',*,*,#7030,.T.);
#7030 = EDGE_CURVE('',#7023,#7031,#7033,.T.);
#7031 = VERTEX_POINT('',#7032);
#7032 = CARTESIAN_POINT('',(-3.3,3.85,1.41));
#7033 = LINE('',#7034,#7035);
#7034 = CARTESIAN_POINT('',(-3.3,3.85,1.41));
#7035 = VECTOR('',#7036,1.);
#7036 = DIRECTION('',(-0.4472135955,0.894427191,-4.848699518061E-16));
#7037 = ORIENTED_EDGE('',*,*,#7038,.F.);
#7038 = EDGE_CURVE('',#3087,#7031,#7039,.T.);
#7039 = LINE('',#7040,#7041);
#7040 = CARTESIAN_POINT('',(-3.3,3.85,1.41));
#7041 = VECTOR('',#7042,1.);
#7042 = DIRECTION('',(0.,0.,-1.));
#7043 = PLANE('',#7044);
#7044 = AXIS2_PLACEMENT_3D('',#7045,#7046,#7047);
#7045 = CARTESIAN_POINT('',(-3.3,3.85,1.41));
#7046 = DIRECTION('',(-0.894427191,-0.4472135955,0.));
#7047 = DIRECTION('',(0.4472135955,-0.894427191,0.));
#7048 = ADVANCED_FACE('',(#7049),#7067,.F.);
#7049 = FACE_BOUND('',#7050,.T.);
#7050 = EDGE_LOOP('',(#7051,#7052,#7060,#7066));
#7051 = ORIENTED_EDGE('',*,*,#3104,.T.);
#7052 = ORIENTED_EDGE('',*,*,#7053,.T.);
#7053 = EDGE_CURVE('',#3097,#7054,#7056,.T.);
#7054 = VERTEX_POINT('',#7055);
#7055 = CARTESIAN_POINT('',(-2.9,3.85,1.41));
#7056 = LINE('',#7057,#7058);
#7057 = CARTESIAN_POINT('',(-2.9,3.85,1.41));
#7058 = VECTOR('',#7059,1.);
#7059 = DIRECTION('',(0.,0.,-1.));
#7060 = ORIENTED_EDGE('',*,*,#7061,.T.);
#7061 = EDGE_CURVE('',#7054,#7023,#7062,.T.);
#7062 = LINE('',#7063,#7064);
#7063 = CARTESIAN_POINT('',(-3.1,3.45,1.41));
#7064 = VECTOR('',#7065,1.);
#7065 = DIRECTION('',(-0.4472135955,-0.894427191,0.));
#7066 = ORIENTED_EDGE('',*,*,#7022,.F.);
#7067 = PLANE('',#7068);
#7068 = AXIS2_PLACEMENT_3D('',#7069,#7070,#7071);
#7069 = CARTESIAN_POINT('',(-3.1,3.45,1.41));
#7070 = DIRECTION('',(0.894427191,-0.4472135955,0.));
#7071 = DIRECTION('',(0.4472135955,0.894427191,0.));
#7072 = ADVANCED_FACE('',(#7073),#7084,.F.);
#7073 = FACE_BOUND('',#7074,.T.);
#7074 = EDGE_LOOP('',(#7075,#7076,#7077,#7083));
#7075 = ORIENTED_EDGE('',*,*,#3096,.T.);
#7076 = ORIENTED_EDGE('',*,*,#7038,.T.);
#7077 = ORIENTED_EDGE('',*,*,#7078,.T.);
#7078 = EDGE_CURVE('',#7031,#7054,#7079,.T.);
#7079 = LINE('',#7080,#7081);
#7080 = CARTESIAN_POINT('',(-2.9,3.85,1.41));
#7081 = VECTOR('',#7082,1.);
#7082 = DIRECTION('',(1.,-1.084202172486E-15,5.421010862428E-16));
#7083 = ORIENTED_EDGE('',*,*,#7053,.F.);
#7084 = PLANE('',#7085);
#7085 = AXIS2_PLACEMENT_3D('',#7086,#7087,#7088);
#7086 = CARTESIAN_POINT('',(-2.9,3.85,1.41));
#7087 = DIRECTION('',(1.084202172486E-15,1.,0.));
#7088 = DIRECTION('',(-1.,1.084202172486E-15,0.));
#7089 = ADVANCED_FACE('',(#7090),#7095,.F.);
#7090 = FACE_BOUND('',#7091,.T.);
#7091 = EDGE_LOOP('',(#7092,#7093,#7094));
#7092 = ORIENTED_EDGE('',*,*,#7030,.F.);
#7093 = ORIENTED_EDGE('',*,*,#7061,.F.);
#7094 = ORIENTED_EDGE('',*,*,#7078,.F.);
#7095 = PLANE('',#7096);
#7096 = AXIS2_PLACEMENT_3D('',#7097,#7098,#7099);
#7097 = CARTESIAN_POINT('',(-7.697835424647E-16,3.848917712324E-16,1.41)
  );
#7098 = DIRECTION('',(5.421010862428E-16,-2.710505431214E-16,-1.));
#7099 = DIRECTION('',(-1.,0.,-5.421010862428E-16));
#7100 = ADVANCED_FACE('',(#7101),#7134,.F.);
#7101 = FACE_BOUND('',#7102,.T.);
#7102 = EDGE_LOOP('',(#7103,#7111,#7112,#7120,#7128));
#7103 = ORIENTED_EDGE('',*,*,#7104,.T.);
#7104 = EDGE_CURVE('',#7105,#1972,#7107,.T.);
#7105 = VERTEX_POINT('',#7106);
#7106 = CARTESIAN_POINT('',(-1.12,5.06,0.3));
#7107 = LINE('',#7108,#7109);
#7108 = CARTESIAN_POINT('',(-1.12,5.06,0.3));
#7109 = VECTOR('',#7110,1.);
#7110 = DIRECTION('',(1.548860246408E-15,0.,-1.));
#7111 = ORIENTED_EDGE('',*,*,#1971,.F.);
#7112 = ORIENTED_EDGE('',*,*,#7113,.F.);
#7113 = EDGE_CURVE('',#7114,#1962,#7116,.T.);
#7114 = VERTEX_POINT('',#7115);
#7115 = CARTESIAN_POINT('',(-1.12,3.35,0.3));
#7116 = LINE('',#7117,#7118);
#7117 = CARTESIAN_POINT('',(-1.12,3.35,0.3));
#7118 = VECTOR('',#7119,1.);
#7119 = DIRECTION('',(1.548860246408E-15,0.,-1.));
#7120 = ORIENTED_EDGE('',*,*,#7121,.T.);
#7121 = EDGE_CURVE('',#7114,#7122,#7124,.T.);
#7122 = VERTEX_POINT('',#7123);
#7123 = CARTESIAN_POINT('',(-1.12,3.5,0.3));
#7124 = LINE('',#7125,#7126);
#7125 = CARTESIAN_POINT('',(-1.12,3.35,0.3));
#7126 = VECTOR('',#7127,1.);
#7127 = DIRECTION('',(0.,1.,0.));
#7128 = ORIENTED_EDGE('',*,*,#7129,.T.);
#7129 = EDGE_CURVE('',#7122,#7105,#7130,.T.);
#7130 = LINE('',#7131,#7132);
#7131 = CARTESIAN_POINT('',(-1.12,3.35,0.3));
#7132 = VECTOR('',#7133,1.);
#7133 = DIRECTION('',(0.,1.,0.));
#7134 = PLANE('',#7135);
#7135 = AXIS2_PLACEMENT_3D('',#7136,#7137,#7138);
#7136 = CARTESIAN_POINT('',(-1.12,3.35,0.3));
#7137 = DIRECTION('',(1.,0.,1.548860246408E-15));
#7138 = DIRECTION('',(1.548860246408E-15,0.,-1.));
#7139 = ADVANCED_FACE('',(#7140),#7173,.F.);
#7140 = FACE_BOUND('',#7141,.T.);
#7141 = EDGE_LOOP('',(#7142,#7150,#7158,#7166,#7172));
#7142 = ORIENTED_EDGE('',*,*,#7143,.T.);
#7143 = EDGE_CURVE('',#1980,#7144,#7146,.T.);
#7144 = VERTEX_POINT('',#7145);
#7145 = CARTESIAN_POINT('',(-0.88,5.06,0.3));
#7146 = LINE('',#7147,#7148);
#7147 = CARTESIAN_POINT('',(-0.88,5.06,0.16));
#7148 = VECTOR('',#7149,1.);
#7149 = DIRECTION('',(0.,0.,1.));
#7150 = ORIENTED_EDGE('',*,*,#7151,.F.);
#7151 = EDGE_CURVE('',#7152,#7144,#7154,.T.);
#7152 = VERTEX_POINT('',#7153);
#7153 = CARTESIAN_POINT('',(-0.88,3.5,0.3));
#7154 = LINE('',#7155,#7156);
#7155 = CARTESIAN_POINT('',(-0.88,3.35,0.3));
#7156 = VECTOR('',#7157,1.);
#7157 = DIRECTION('',(0.,1.,0.));
#7158 = ORIENTED_EDGE('',*,*,#7159,.F.);
#7159 = EDGE_CURVE('',#7160,#7152,#7162,.T.);
#7160 = VERTEX_POINT('',#7161);
#7161 = CARTESIAN_POINT('',(-0.88,3.35,0.3));
#7162 = LINE('',#7163,#7164);
#7163 = CARTESIAN_POINT('',(-0.88,3.35,0.3));
#7164 = VECTOR('',#7165,1.);
#7165 = DIRECTION('',(0.,1.,0.));
#7166 = ORIENTED_EDGE('',*,*,#7167,.F.);
#7167 = EDGE_CURVE('',#1964,#7160,#7168,.T.);
#7168 = LINE('',#7169,#7170);
#7169 = CARTESIAN_POINT('',(-0.88,3.35,0.16));
#7170 = VECTOR('',#7171,1.);
#7171 = DIRECTION('',(0.,0.,1.));
#7172 = ORIENTED_EDGE('',*,*,#1987,.T.);
#7173 = PLANE('',#7174);
#7174 = AXIS2_PLACEMENT_3D('',#7175,#7176,#7177);
#7175 = CARTESIAN_POINT('',(-0.88,3.35,0.16));
#7176 = DIRECTION('',(-1.,0.,0.));
#7177 = DIRECTION('',(0.,0.,1.));
#7178 = ADVANCED_FACE('',(#7179),#7195,.F.);
#7179 = FACE_BOUND('',#7180,.T.);
#7180 = EDGE_LOOP('',(#7181,#7182,#7188,#7189));
#7181 = ORIENTED_EDGE('',*,*,#7159,.T.);
#7182 = ORIENTED_EDGE('',*,*,#7183,.T.);
#7183 = EDGE_CURVE('',#7152,#7122,#7184,.T.);
#7184 = LINE('',#7185,#7186);
#7185 = CARTESIAN_POINT('',(-0.875,3.5,0.3));
#7186 = VECTOR('',#7187,1.);
#7187 = DIRECTION('',(-1.,0.,0.));
#7188 = ORIENTED_EDGE('',*,*,#7121,.F.);
#7189 = ORIENTED_EDGE('',*,*,#7190,.F.);
#7190 = EDGE_CURVE('',#7160,#7114,#7191,.T.);
#7191 = LINE('',#7192,#7193);
#7192 = CARTESIAN_POINT('',(-0.88,3.35,0.3));
#7193 = VECTOR('',#7194,1.);
#7194 = DIRECTION('',(-1.,0.,-1.355252715607E-15));
#7195 = PLANE('',#7196);
#7196 = AXIS2_PLACEMENT_3D('',#7197,#7198,#7199);
#7197 = CARTESIAN_POINT('',(-0.88,3.35,0.3));
#7198 = DIRECTION('',(1.355252715607E-15,0.,-1.));
#7199 = DIRECTION('',(-1.,0.,-1.355252715607E-15));
#7200 = ADVANCED_FACE('',(#7201),#7207,.T.);
#7201 = FACE_BOUND('',#7202,.T.);
#7202 = EDGE_LOOP('',(#7203,#7204,#7205,#7206));
#7203 = ORIENTED_EDGE('',*,*,#7113,.T.);
#7204 = ORIENTED_EDGE('',*,*,#1961,.T.);
#7205 = ORIENTED_EDGE('',*,*,#7167,.T.);
#7206 = ORIENTED_EDGE('',*,*,#7190,.T.);
#7207 = PLANE('',#7208);
#7208 = AXIS2_PLACEMENT_3D('',#7209,#7210,#7211);
#7209 = CARTESIAN_POINT('',(0.,3.35,0.));
#7210 = DIRECTION('',(0.,-1.,0.));
#7211 = DIRECTION('',(0.,0.,-1.));
#7212 = ADVANCED_FACE('',(#7213),#7224,.F.);
#7213 = FACE_BOUND('',#7214,.T.);
#7214 = EDGE_LOOP('',(#7215,#7216,#7222,#7223));
#7215 = ORIENTED_EDGE('',*,*,#7104,.F.);
#7216 = ORIENTED_EDGE('',*,*,#7217,.F.);
#7217 = EDGE_CURVE('',#7144,#7105,#7218,.T.);
#7218 = LINE('',#7219,#7220);
#7219 = CARTESIAN_POINT('',(-0.88,5.06,0.3));
#7220 = VECTOR('',#7221,1.);
#7221 = DIRECTION('',(-1.,0.,-1.355252715607E-15));
#7222 = ORIENTED_EDGE('',*,*,#7143,.F.);
#7223 = ORIENTED_EDGE('',*,*,#1979,.F.);
#7224 = PLANE('',#7225);
#7225 = AXIS2_PLACEMENT_3D('',#7226,#7227,#7228);
#7226 = CARTESIAN_POINT('',(0.,5.06,0.));
#7227 = DIRECTION('',(0.,-1.,0.));
#7228 = DIRECTION('',(0.,0.,-1.));
#7229 = ADVANCED_FACE('',(#7230),#7264,.F.);
#7230 = FACE_BOUND('',#7231,.T.);
#7231 = EDGE_LOOP('',(#7232,#7233,#7241,#7247,#7248,#7249,#7250,#7258));
#7232 = ORIENTED_EDGE('',*,*,#3717,.F.);
#7233 = ORIENTED_EDGE('',*,*,#7234,.F.);
#7234 = EDGE_CURVE('',#7235,#3708,#7237,.T.);
#7235 = VERTEX_POINT('',#7236);
#7236 = CARTESIAN_POINT('',(-0.875,3.5,0.3));
#7237 = LINE('',#7238,#7239);
#7238 = CARTESIAN_POINT('',(-0.875,3.5,0.3));
#7239 = VECTOR('',#7240,1.);
#7240 = DIRECTION('',(0.,1.,0.));
#7241 = ORIENTED_EDGE('',*,*,#7242,.T.);
#7242 = EDGE_CURVE('',#7235,#7152,#7243,.T.);
#7243 = LINE('',#7244,#7245);
#7244 = CARTESIAN_POINT('',(-0.875,3.5,0.3));
#7245 = VECTOR('',#7246,1.);
#7246 = DIRECTION('',(-1.,0.,0.));
#7247 = ORIENTED_EDGE('',*,*,#7151,.T.);
#7248 = ORIENTED_EDGE('',*,*,#7217,.T.);
#7249 = ORIENTED_EDGE('',*,*,#7129,.F.);
#7250 = ORIENTED_EDGE('',*,*,#7251,.T.);
#7251 = EDGE_CURVE('',#7122,#7252,#7254,.T.);
#7252 = VERTEX_POINT('',#7253);
#7253 = CARTESIAN_POINT('',(-1.125,3.5,0.3));
#7254 = LINE('',#7255,#7256);
#7255 = CARTESIAN_POINT('',(-0.875,3.5,0.3));
#7256 = VECTOR('',#7257,1.);
#7257 = DIRECTION('',(-1.,0.,0.));
#7258 = ORIENTED_EDGE('',*,*,#7259,.T.);
#7259 = EDGE_CURVE('',#7252,#3718,#7260,.T.);
#7260 = LINE('',#7261,#7262);
#7261 = CARTESIAN_POINT('',(-1.125,3.5,0.3));
#7262 = VECTOR('',#7263,1.);
#7263 = DIRECTION('',(0.,1.,0.));
#7264 = PLANE('',#7265);
#7265 = AXIS2_PLACEMENT_3D('',#7266,#7267,#7268);
#7266 = CARTESIAN_POINT('',(-0.875,3.5,0.3));
#7267 = DIRECTION('',(0.,0.,1.));
#7268 = DIRECTION('',(1.,0.,-0.));
#7269 = ADVANCED_FACE('',(#7270),#7288,.F.);
#7270 = FACE_BOUND('',#7271,.T.);
#7271 = EDGE_LOOP('',(#7272,#7273,#7274,#7282));
#7272 = ORIENTED_EDGE('',*,*,#3725,.F.);
#7273 = ORIENTED_EDGE('',*,*,#7259,.F.);
#7274 = ORIENTED_EDGE('',*,*,#7275,.F.);
#7275 = EDGE_CURVE('',#7276,#7252,#7278,.T.);
#7276 = VERTEX_POINT('',#7277);
#7277 = CARTESIAN_POINT('',(-1.125,3.5,0.68));
#7278 = LINE('',#7279,#7280);
#7279 = CARTESIAN_POINT('',(-1.125,3.5,0.68));
#7280 = VECTOR('',#7281,1.);
#7281 = DIRECTION('',(0.,0.,-1.));
#7282 = ORIENTED_EDGE('',*,*,#7283,.F.);
#7283 = EDGE_CURVE('',#3726,#7276,#7284,.T.);
#7284 = LINE('',#7285,#7286);
#7285 = CARTESIAN_POINT('',(-1.125,6.86,0.68));
#7286 = VECTOR('',#7287,1.);
#7287 = DIRECTION('',(0.,-1.,-2.581433744013E-16));
#7288 = PLANE('',#7289);
#7289 = AXIS2_PLACEMENT_3D('',#7290,#7291,#7292);
#7290 = CARTESIAN_POINT('',(-1.125,0.,0.));
#7291 = DIRECTION('',(1.,0.,0.));
#7292 = DIRECTION('',(0.,0.,-1.));
#7293 = ADVANCED_FACE('',(#7294),#7312,.T.);
#7294 = FACE_BOUND('',#7295,.T.);
#7295 = EDGE_LOOP('',(#7296,#7297,#7298,#7306));
#7296 = ORIENTED_EDGE('',*,*,#7234,.T.);
#7297 = ORIENTED_EDGE('',*,*,#3707,.T.);
#7298 = ORIENTED_EDGE('',*,*,#7299,.T.);
#7299 = EDGE_CURVE('',#3710,#7300,#7302,.T.);
#7300 = VERTEX_POINT('',#7301);
#7301 = CARTESIAN_POINT('',(-0.875,3.5,0.68));
#7302 = LINE('',#7303,#7304);
#7303 = CARTESIAN_POINT('',(-0.875,6.86,0.68));
#7304 = VECTOR('',#7305,1.);
#7305 = DIRECTION('',(0.,-1.,-2.581433744013E-16));
#7306 = ORIENTED_EDGE('',*,*,#7307,.T.);
#7307 = EDGE_CURVE('',#7300,#7235,#7308,.T.);
#7308 = LINE('',#7309,#7310);
#7309 = CARTESIAN_POINT('',(-0.875,3.5,0.68));
#7310 = VECTOR('',#7311,1.);
#7311 = DIRECTION('',(0.,0.,-1.));
#7312 = PLANE('',#7313);
#7313 = AXIS2_PLACEMENT_3D('',#7314,#7315,#7316);
#7314 = CARTESIAN_POINT('',(-0.875,0.,0.));
#7315 = DIRECTION('',(1.,0.,0.));
#7316 = DIRECTION('',(0.,0.,-1.));
#7317 = ADVANCED_FACE('',(#7318),#7329,.F.);
#7318 = FACE_BOUND('',#7319,.T.);
#7319 = EDGE_LOOP('',(#7320,#7321,#7322,#7328));
#7320 = ORIENTED_EDGE('',*,*,#3733,.F.);
#7321 = ORIENTED_EDGE('',*,*,#7283,.T.);
#7322 = ORIENTED_EDGE('',*,*,#7323,.F.);
#7323 = EDGE_CURVE('',#7300,#7276,#7324,.T.);
#7324 = LINE('',#7325,#7326);
#7325 = CARTESIAN_POINT('',(-0.875,3.5,0.68));
#7326 = VECTOR('',#7327,1.);
#7327 = DIRECTION('',(-1.,0.,0.));
#7328 = ORIENTED_EDGE('',*,*,#7299,.F.);
#7329 = PLANE('',#7330);
#7330 = AXIS2_PLACEMENT_3D('',#7331,#7332,#7333);
#7331 = CARTESIAN_POINT('',(-0.875,6.86,0.68));
#7332 = DIRECTION('',(0.,2.581433744013E-16,-1.));
#7333 = DIRECTION('',(0.,1.,2.581433744013E-16));
#7334 = ADVANCED_FACE('',(#7335),#7343,.F.);
#7335 = FACE_BOUND('',#7336,.T.);
#7336 = EDGE_LOOP('',(#7337,#7338,#7339,#7340,#7341,#7342));
#7337 = ORIENTED_EDGE('',*,*,#7275,.T.);
#7338 = ORIENTED_EDGE('',*,*,#7251,.F.);
#7339 = ORIENTED_EDGE('',*,*,#7183,.F.);
#7340 = ORIENTED_EDGE('',*,*,#7242,.F.);
#7341 = ORIENTED_EDGE('',*,*,#7307,.F.);
#7342 = ORIENTED_EDGE('',*,*,#7323,.T.);
#7343 = PLANE('',#7344);
#7344 = AXIS2_PLACEMENT_3D('',#7345,#7346,#7347);
#7345 = CARTESIAN_POINT('',(-0.875,3.5,0.68));
#7346 = DIRECTION('',(0.,1.,0.));
#7347 = DIRECTION('',(0.,-0.,1.));
#7348 = ADVANCED_FACE('',(#7349),#7374,.F.);
#7349 = FACE_BOUND('',#7350,.T.);
#7350 = EDGE_LOOP('',(#7351,#7359,#7360,#7368));
#7351 = ORIENTED_EDGE('',*,*,#7352,.T.);
#7352 = EDGE_CURVE('',#7353,#3278,#7355,.T.);
#7353 = VERTEX_POINT('',#7354);
#7354 = CARTESIAN_POINT('',(-1.125,7.24,0.23));
#7355 = LINE('',#7356,#7357);
#7356 = CARTESIAN_POINT('',(-1.125,7.24,0.23));
#7357 = VECTOR('',#7358,1.);
#7358 = DIRECTION('',(0.,-1.,1.640569076787E-15));
#7359 = ORIENTED_EDGE('',*,*,#3277,.T.);
#7360 = ORIENTED_EDGE('',*,*,#7361,.F.);
#7361 = EDGE_CURVE('',#7362,#3270,#7364,.T.);
#7362 = VERTEX_POINT('',#7363);
#7363 = CARTESIAN_POINT('',(-0.875,7.24,0.23));
#7364 = LINE('',#7365,#7366);
#7365 = CARTESIAN_POINT('',(-0.875,7.24,0.23));
#7366 = VECTOR('',#7367,1.);
#7367 = DIRECTION('',(0.,-1.,1.640569076787E-15));
#7368 = ORIENTED_EDGE('',*,*,#7369,.T.);
#7369 = EDGE_CURVE('',#7362,#7353,#7370,.T.);
#7370 = LINE('',#7371,#7372);
#7371 = CARTESIAN_POINT('',(-0.875,7.24,0.23));
#7372 = VECTOR('',#7373,1.);
#7373 = DIRECTION('',(-1.,0.,0.));
#7374 = PLANE('',#7375);
#7375 = AXIS2_PLACEMENT_3D('',#7376,#7377,#7378);
#7376 = CARTESIAN_POINT('',(-0.875,7.24,0.23));
#7377 = DIRECTION('',(0.,-1.640569076787E-15,-1.));
#7378 = DIRECTION('',(0.,1.,-1.640569076787E-15));
#7379 = ADVANCED_FACE('',(#7380),#7415,.T.);
#7380 = FACE_BOUND('',#7381,.T.);
#7381 = EDGE_LOOP('',(#7382,#7383,#7384,#7392,#7400,#7408,#7414));
#7382 = ORIENTED_EDGE('',*,*,#3269,.F.);
#7383 = ORIENTED_EDGE('',*,*,#2938,.T.);
#7384 = ORIENTED_EDGE('',*,*,#7385,.T.);
#7385 = EDGE_CURVE('',#2931,#7386,#7388,.T.);
#7386 = VERTEX_POINT('',#7387);
#7387 = CARTESIAN_POINT('',(-0.875,6.62,-8.E-02));
#7388 = LINE('',#7389,#7390);
#7389 = CARTESIAN_POINT('',(-0.875,6.54,1.998401444325E-15));
#7390 = VECTOR('',#7391,1.);
#7391 = DIRECTION('',(0.,0.707106781187,-0.707106781187));
#7392 = ORIENTED_EDGE('',*,*,#7393,.T.);
#7393 = EDGE_CURVE('',#7386,#7394,#7396,.T.);
#7394 = VERTEX_POINT('',#7395);
#7395 = CARTESIAN_POINT('',(-0.875,7.16,-8.E-02));
#7396 = LINE('',#7397,#7398);
#7397 = CARTESIAN_POINT('',(-0.875,6.62,-8.E-02));
#7398 = VECTOR('',#7399,1.);
#7399 = DIRECTION('',(0.,1.,2.007781800899E-16));
#7400 = ORIENTED_EDGE('',*,*,#7401,.T.);
#7401 = EDGE_CURVE('',#7394,#7402,#7404,.T.);
#7402 = VERTEX_POINT('',#7403);
#7403 = CARTESIAN_POINT('',(-0.875,7.24,2.209061926439E-15));
#7404 = LINE('',#7405,#7406);
#7405 = CARTESIAN_POINT('',(-0.875,7.16,-8.E-02));
#7406 = VECTOR('',#7407,1.);
#7407 = DIRECTION('',(0.,0.707106781187,0.707106781187));
#7408 = ORIENTED_EDGE('',*,*,#7409,.T.);
#7409 = EDGE_CURVE('',#7402,#7362,#7410,.T.);
#7410 = LINE('',#7411,#7412);
#7411 = CARTESIAN_POINT('',(-0.875,7.24,2.109423746788E-15));
#7412 = VECTOR('',#7413,1.);
#7413 = DIRECTION('',(0.,0.,1.));
#7414 = ORIENTED_EDGE('',*,*,#7361,.T.);
#7415 = PLANE('',#7416);
#7416 = AXIS2_PLACEMENT_3D('',#7417,#7418,#7419);
#7417 = CARTESIAN_POINT('',(-0.875,0.,0.));
#7418 = DIRECTION('',(1.,0.,0.));
#7419 = DIRECTION('',(0.,0.,-1.));
#7420 = ADVANCED_FACE('',(#7421),#7456,.F.);
#7421 = FACE_BOUND('',#7422,.T.);
#7422 = EDGE_LOOP('',(#7423,#7424,#7425,#7426,#7434,#7442,#7450));
#7423 = ORIENTED_EDGE('',*,*,#2922,.F.);
#7424 = ORIENTED_EDGE('',*,*,#3285,.T.);
#7425 = ORIENTED_EDGE('',*,*,#7352,.F.);
#7426 = ORIENTED_EDGE('',*,*,#7427,.F.);
#7427 = EDGE_CURVE('',#7428,#7353,#7430,.T.);
#7428 = VERTEX_POINT('',#7429);
#7429 = CARTESIAN_POINT('',(-1.125,7.24,2.209061926439E-15));
#7430 = LINE('',#7431,#7432);
#7431 = CARTESIAN_POINT('',(-1.125,7.24,2.109423746788E-15));
#7432 = VECTOR('',#7433,1.);
#7433 = DIRECTION('',(0.,0.,1.));
#7434 = ORIENTED_EDGE('',*,*,#7435,.F.);
#7435 = EDGE_CURVE('',#7436,#7428,#7438,.T.);
#7436 = VERTEX_POINT('',#7437);
#7437 = CARTESIAN_POINT('',(-1.125,7.16,-8.E-02));
#7438 = LINE('',#7439,#7440);
#7439 = CARTESIAN_POINT('',(-1.125,7.16,-8.E-02));
#7440 = VECTOR('',#7441,1.);
#7441 = DIRECTION('',(0.,0.707106781187,0.707106781187));
#7442 = ORIENTED_EDGE('',*,*,#7443,.F.);
#7443 = EDGE_CURVE('',#7444,#7436,#7446,.T.);
#7444 = VERTEX_POINT('',#7445);
#7445 = CARTESIAN_POINT('',(-1.125,6.62,-8.E-02));
#7446 = LINE('',#7447,#7448);
#7447 = CARTESIAN_POINT('',(-1.125,6.62,-8.E-02));
#7448 = VECTOR('',#7449,1.);
#7449 = DIRECTION('',(0.,1.,2.007781800899E-16));
#7450 = ORIENTED_EDGE('',*,*,#7451,.F.);
#7451 = EDGE_CURVE('',#2923,#7444,#7452,.T.);
#7452 = LINE('',#7453,#7454);
#7453 = CARTESIAN_POINT('',(-1.125,6.54,1.998401444325E-15));
#7454 = VECTOR('',#7455,1.);
#7455 = DIRECTION('',(0.,0.707106781187,-0.707106781187));
#7456 = PLANE('',#7457);
#7457 = AXIS2_PLACEMENT_3D('',#7458,#7459,#7460);
#7458 = CARTESIAN_POINT('',(-1.125,0.,0.));
#7459 = DIRECTION('',(1.,0.,0.));
#7460 = DIRECTION('',(0.,0.,-1.));
#7461 = ADVANCED_FACE('',(#7462),#7473,.F.);
#7462 = FACE_BOUND('',#7463,.T.);
#7463 = EDGE_LOOP('',(#7464,#7465,#7466,#7472));
#7464 = ORIENTED_EDGE('',*,*,#2930,.F.);
#7465 = ORIENTED_EDGE('',*,*,#7451,.T.);
#7466 = ORIENTED_EDGE('',*,*,#7467,.F.);
#7467 = EDGE_CURVE('',#7386,#7444,#7468,.T.);
#7468 = LINE('',#7469,#7470);
#7469 = CARTESIAN_POINT('',(-0.875,6.62,-8.E-02));
#7470 = VECTOR('',#7471,1.);
#7471 = DIRECTION('',(-1.,0.,0.));
#7472 = ORIENTED_EDGE('',*,*,#7385,.F.);
#7473 = PLANE('',#7474);
#7474 = AXIS2_PLACEMENT_3D('',#7475,#7476,#7477);
#7475 = CARTESIAN_POINT('',(-0.875,6.54,1.998401444325E-15));
#7476 = DIRECTION('',(0.,0.707106781187,0.707106781187));
#7477 = DIRECTION('',(0.,-0.707106781187,0.707106781187));
#7478 = ADVANCED_FACE('',(#7479),#7490,.F.);
#7479 = FACE_BOUND('',#7480,.T.);
#7480 = EDGE_LOOP('',(#7481,#7482,#7488,#7489));
#7481 = ORIENTED_EDGE('',*,*,#7443,.T.);
#7482 = ORIENTED_EDGE('',*,*,#7483,.F.);
#7483 = EDGE_CURVE('',#7394,#7436,#7484,.T.);
#7484 = LINE('',#7485,#7486);
#7485 = CARTESIAN_POINT('',(-0.875,7.16,-8.E-02));
#7486 = VECTOR('',#7487,1.);
#7487 = DIRECTION('',(-1.,0.,0.));
#7488 = ORIENTED_EDGE('',*,*,#7393,.F.);
#7489 = ORIENTED_EDGE('',*,*,#7467,.T.);
#7490 = PLANE('',#7491);
#7491 = AXIS2_PLACEMENT_3D('',#7492,#7493,#7494);
#7492 = CARTESIAN_POINT('',(-0.875,6.62,-8.E-02));
#7493 = DIRECTION('',(0.,-2.007781800899E-16,1.));
#7494 = DIRECTION('',(0.,-1.,-2.007781800899E-16));
#7495 = ADVANCED_FACE('',(#7496),#7507,.F.);
#7496 = FACE_BOUND('',#7497,.T.);
#7497 = EDGE_LOOP('',(#7498,#7499,#7505,#7506));
#7498 = ORIENTED_EDGE('',*,*,#7435,.T.);
#7499 = ORIENTED_EDGE('',*,*,#7500,.F.);
#7500 = EDGE_CURVE('',#7402,#7428,#7501,.T.);
#7501 = LINE('',#7502,#7503);
#7502 = CARTESIAN_POINT('',(-0.875,7.24,2.209061926439E-15));
#7503 = VECTOR('',#7504,1.);
#7504 = DIRECTION('',(-1.,0.,0.));
#7505 = ORIENTED_EDGE('',*,*,#7401,.F.);
#7506 = ORIENTED_EDGE('',*,*,#7483,.T.);
#7507 = PLANE('',#7508);
#7508 = AXIS2_PLACEMENT_3D('',#7509,#7510,#7511);
#7509 = CARTESIAN_POINT('',(-0.875,7.16,-8.E-02));
#7510 = DIRECTION('',(0.,-0.707106781187,0.707106781187));
#7511 = DIRECTION('',(0.,-0.707106781187,-0.707106781187));
#7512 = ADVANCED_FACE('',(#7513),#7519,.F.);
#7513 = FACE_BOUND('',#7514,.T.);
#7514 = EDGE_LOOP('',(#7515,#7516,#7517,#7518));
#7515 = ORIENTED_EDGE('',*,*,#7427,.T.);
#7516 = ORIENTED_EDGE('',*,*,#7369,.F.);
#7517 = ORIENTED_EDGE('',*,*,#7409,.F.);
#7518 = ORIENTED_EDGE('',*,*,#7500,.T.);
#7519 = PLANE('',#7520);
#7520 = AXIS2_PLACEMENT_3D('',#7521,#7522,#7523);
#7521 = CARTESIAN_POINT('',(-0.875,7.24,2.109423746788E-15));
#7522 = DIRECTION('',(0.,-1.,0.));
#7523 = DIRECTION('',(0.,0.,-1.));
#7524 = ADVANCED_FACE('',(#7525),#7558,.F.);
#7525 = FACE_BOUND('',#7526,.T.);
#7526 = EDGE_LOOP('',(#7527,#7535,#7536,#7544,#7552));
#7527 = ORIENTED_EDGE('',*,*,#7528,.T.);
#7528 = EDGE_CURVE('',#7529,#1870,#7531,.T.);
#7529 = VERTEX_POINT('',#7530);
#7530 = CARTESIAN_POINT('',(-2.12,5.06,0.3));
#7531 = LINE('',#7532,#7533);
#7532 = CARTESIAN_POINT('',(-2.12,5.06,0.3));
#7533 = VECTOR('',#7534,1.);
#7534 = DIRECTION('',(0.,0.,-1.));
#7535 = ORIENTED_EDGE('',*,*,#1869,.F.);
#7536 = ORIENTED_EDGE('',*,*,#7537,.F.);
#7537 = EDGE_CURVE('',#7538,#1860,#7540,.T.);
#7538 = VERTEX_POINT('',#7539);
#7539 = CARTESIAN_POINT('',(-2.12,3.35,0.3));
#7540 = LINE('',#7541,#7542);
#7541 = CARTESIAN_POINT('',(-2.12,3.35,0.3));
#7542 = VECTOR('',#7543,1.);
#7543 = DIRECTION('',(0.,0.,-1.));
#7544 = ORIENTED_EDGE('',*,*,#7545,.T.);
#7545 = EDGE_CURVE('',#7538,#7546,#7548,.T.);
#7546 = VERTEX_POINT('',#7547);
#7547 = CARTESIAN_POINT('',(-2.12,3.5,0.3));
#7548 = LINE('',#7549,#7550);
#7549 = CARTESIAN_POINT('',(-2.12,3.35,0.3));
#7550 = VECTOR('',#7551,1.);
#7551 = DIRECTION('',(0.,1.,0.));
#7552 = ORIENTED_EDGE('',*,*,#7553,.T.);
#7553 = EDGE_CURVE('',#7546,#7529,#7554,.T.);
#7554 = LINE('',#7555,#7556);
#7555 = CARTESIAN_POINT('',(-2.12,3.35,0.3));
#7556 = VECTOR('',#7557,1.);
#7557 = DIRECTION('',(0.,1.,0.));
#7558 = PLANE('',#7559);
#7559 = AXIS2_PLACEMENT_3D('',#7560,#7561,#7562);
#7560 = CARTESIAN_POINT('',(-2.12,3.35,0.3));
#7561 = DIRECTION('',(1.,0.,0.));
#7562 = DIRECTION('',(0.,0.,-1.));
#7563 = ADVANCED_FACE('',(#7564),#7597,.F.);
#7564 = FACE_BOUND('',#7565,.T.);
#7565 = EDGE_LOOP('',(#7566,#7574,#7582,#7590,#7596));
#7566 = ORIENTED_EDGE('',*,*,#7567,.T.);
#7567 = EDGE_CURVE('',#1878,#7568,#7570,.T.);
#7568 = VERTEX_POINT('',#7569);
#7569 = CARTESIAN_POINT('',(-1.88,5.06,0.3));
#7570 = LINE('',#7571,#7572);
#7571 = CARTESIAN_POINT('',(-1.88,5.06,0.16));
#7572 = VECTOR('',#7573,1.);
#7573 = DIRECTION('',(0.,0.,1.));
#7574 = ORIENTED_EDGE('',*,*,#7575,.F.);
#7575 = EDGE_CURVE('',#7576,#7568,#7578,.T.);
#7576 = VERTEX_POINT('',#7577);
#7577 = CARTESIAN_POINT('',(-1.88,3.5,0.3));
#7578 = LINE('',#7579,#7580);
#7579 = CARTESIAN_POINT('',(-1.88,3.35,0.3));
#7580 = VECTOR('',#7581,1.);
#7581 = DIRECTION('',(0.,1.,0.));
#7582 = ORIENTED_EDGE('',*,*,#7583,.F.);
#7583 = EDGE_CURVE('',#7584,#7576,#7586,.T.);
#7584 = VERTEX_POINT('',#7585);
#7585 = CARTESIAN_POINT('',(-1.88,3.35,0.3));
#7586 = LINE('',#7587,#7588);
#7587 = CARTESIAN_POINT('',(-1.88,3.35,0.3));
#7588 = VECTOR('',#7589,1.);
#7589 = DIRECTION('',(0.,1.,0.));
#7590 = ORIENTED_EDGE('',*,*,#7591,.F.);
#7591 = EDGE_CURVE('',#1862,#7584,#7592,.T.);
#7592 = LINE('',#7593,#7594);
#7593 = CARTESIAN_POINT('',(-1.88,3.35,0.16));
#7594 = VECTOR('',#7595,1.);
#7595 = DIRECTION('',(0.,0.,1.));
#7596 = ORIENTED_EDGE('',*,*,#1885,.T.);
#7597 = PLANE('',#7598);
#7598 = AXIS2_PLACEMENT_3D('',#7599,#7600,#7601);
#7599 = CARTESIAN_POINT('',(-1.88,3.35,0.16));
#7600 = DIRECTION('',(-1.,0.,0.));
#7601 = DIRECTION('',(0.,0.,1.));
#7602 = ADVANCED_FACE('',(#7603),#7619,.F.);
#7603 = FACE_BOUND('',#7604,.T.);
#7604 = EDGE_LOOP('',(#7605,#7606,#7612,#7613));
#7605 = ORIENTED_EDGE('',*,*,#7583,.T.);
#7606 = ORIENTED_EDGE('',*,*,#7607,.T.);
#7607 = EDGE_CURVE('',#7576,#7546,#7608,.T.);
#7608 = LINE('',#7609,#7610);
#7609 = CARTESIAN_POINT('',(-1.875,3.5,0.3));
#7610 = VECTOR('',#7611,1.);
#7611 = DIRECTION('',(-1.,0.,0.));
#7612 = ORIENTED_EDGE('',*,*,#7545,.F.);
#7613 = ORIENTED_EDGE('',*,*,#7614,.F.);
#7614 = EDGE_CURVE('',#7584,#7538,#7615,.T.);
#7615 = LINE('',#7616,#7617);
#7616 = CARTESIAN_POINT('',(-1.88,3.35,0.3));
#7617 = VECTOR('',#7618,1.);
#7618 = DIRECTION('',(-1.,0.,-1.355252715607E-15));
#7619 = PLANE('',#7620);
#7620 = AXIS2_PLACEMENT_3D('',#7621,#7622,#7623);
#7621 = CARTESIAN_POINT('',(-1.88,3.35,0.3));
#7622 = DIRECTION('',(1.355252715607E-15,0.,-1.));
#7623 = DIRECTION('',(-1.,0.,-1.355252715607E-15));
#7624 = ADVANCED_FACE('',(#7625),#7631,.T.);
#7625 = FACE_BOUND('',#7626,.T.);
#7626 = EDGE_LOOP('',(#7627,#7628,#7629,#7630));
#7627 = ORIENTED_EDGE('',*,*,#7537,.T.);
#7628 = ORIENTED_EDGE('',*,*,#1859,.T.);
#7629 = ORIENTED_EDGE('',*,*,#7591,.T.);
#7630 = ORIENTED_EDGE('',*,*,#7614,.T.);
#7631 = PLANE('',#7632);
#7632 = AXIS2_PLACEMENT_3D('',#7633,#7634,#7635);
#7633 = CARTESIAN_POINT('',(0.,3.35,0.));
#7634 = DIRECTION('',(0.,-1.,0.));
#7635 = DIRECTION('',(0.,0.,-1.));
#7636 = ADVANCED_FACE('',(#7637),#7648,.F.);
#7637 = FACE_BOUND('',#7638,.T.);
#7638 = EDGE_LOOP('',(#7639,#7640,#7646,#7647));
#7639 = ORIENTED_EDGE('',*,*,#7528,.F.);
#7640 = ORIENTED_EDGE('',*,*,#7641,.F.);
#7641 = EDGE_CURVE('',#7568,#7529,#7642,.T.);
#7642 = LINE('',#7643,#7644);
#7643 = CARTESIAN_POINT('',(-1.88,5.06,0.3));
#7644 = VECTOR('',#7645,1.);
#7645 = DIRECTION('',(-1.,0.,-1.355252715607E-15));
#7646 = ORIENTED_EDGE('',*,*,#7567,.F.);
#7647 = ORIENTED_EDGE('',*,*,#1877,.F.);
#7648 = PLANE('',#7649);
#7649 = AXIS2_PLACEMENT_3D('',#7650,#7651,#7652);
#7650 = CARTESIAN_POINT('',(0.,5.06,0.));
#7651 = DIRECTION('',(0.,-1.,0.));
#7652 = DIRECTION('',(0.,0.,-1.));
#7653 = ADVANCED_FACE('',(#7654),#7688,.F.);
#7654 = FACE_BOUND('',#7655,.T.);
#7655 = EDGE_LOOP('',(#7656,#7657,#7665,#7671,#7672,#7673,#7674,#7682));
#7656 = ORIENTED_EDGE('',*,*,#3683,.F.);
#7657 = ORIENTED_EDGE('',*,*,#7658,.F.);
#7658 = EDGE_CURVE('',#7659,#3674,#7661,.T.);
#7659 = VERTEX_POINT('',#7660);
#7660 = CARTESIAN_POINT('',(-1.875,3.5,0.3));
#7661 = LINE('',#7662,#7663);
#7662 = CARTESIAN_POINT('',(-1.875,3.5,0.3));
#7663 = VECTOR('',#7664,1.);
#7664 = DIRECTION('',(0.,1.,0.));
#7665 = ORIENTED_EDGE('',*,*,#7666,.T.);
#7666 = EDGE_CURVE('',#7659,#7576,#7667,.T.);
#7667 = LINE('',#7668,#7669);
#7668 = CARTESIAN_POINT('',(-1.875,3.5,0.3));
#7669 = VECTOR('',#7670,1.);
#7670 = DIRECTION('',(-1.,0.,0.));
#7671 = ORIENTED_EDGE('',*,*,#7575,.T.);
#7672 = ORIENTED_EDGE('',*,*,#7641,.T.);
#7673 = ORIENTED_EDGE('',*,*,#7553,.F.);
#7674 = ORIENTED_EDGE('',*,*,#7675,.T.);
#7675 = EDGE_CURVE('',#7546,#7676,#7678,.T.);
#7676 = VERTEX_POINT('',#7677);
#7677 = CARTESIAN_POINT('',(-2.125,3.5,0.3));
#7678 = LINE('',#7679,#7680);
#7679 = CARTESIAN_POINT('',(-1.875,3.5,0.3));
#7680 = VECTOR('',#7681,1.);
#7681 = DIRECTION('',(-1.,0.,0.));
#7682 = ORIENTED_EDGE('',*,*,#7683,.T.);
#7683 = EDGE_CURVE('',#7676,#3684,#7684,.T.);
#7684 = LINE('',#7685,#7686);
#7685 = CARTESIAN_POINT('',(-2.125,3.5,0.3));
#7686 = VECTOR('',#7687,1.);
#7687 = DIRECTION('',(0.,1.,0.));
#7688 = PLANE('',#7689);
#7689 = AXIS2_PLACEMENT_3D('',#7690,#7691,#7692);
#7690 = CARTESIAN_POINT('',(-1.875,3.5,0.3));
#7691 = DIRECTION('',(0.,0.,1.));
#7692 = DIRECTION('',(1.,0.,-0.));
#7693 = ADVANCED_FACE('',(#7694),#7712,.F.);
#7694 = FACE_BOUND('',#7695,.T.);
#7695 = EDGE_LOOP('',(#7696,#7697,#7698,#7706));
#7696 = ORIENTED_EDGE('',*,*,#3691,.F.);
#7697 = ORIENTED_EDGE('',*,*,#7683,.F.);
#7698 = ORIENTED_EDGE('',*,*,#7699,.F.);
#7699 = EDGE_CURVE('',#7700,#7676,#7702,.T.);
#7700 = VERTEX_POINT('',#7701);
#7701 = CARTESIAN_POINT('',(-2.125,3.5,0.68));
#7702 = LINE('',#7703,#7704);
#7703 = CARTESIAN_POINT('',(-2.125,3.5,0.68));
#7704 = VECTOR('',#7705,1.);
#7705 = DIRECTION('',(0.,0.,-1.));
#7706 = ORIENTED_EDGE('',*,*,#7707,.F.);
#7707 = EDGE_CURVE('',#3692,#7700,#7708,.T.);
#7708 = LINE('',#7709,#7710);
#7709 = CARTESIAN_POINT('',(-2.125,6.86,0.68));
#7710 = VECTOR('',#7711,1.);
#7711 = DIRECTION('',(0.,-1.,-2.581433744013E-16));
#7712 = PLANE('',#7713);
#7713 = AXIS2_PLACEMENT_3D('',#7714,#7715,#7716);
#7714 = CARTESIAN_POINT('',(-2.125,0.,0.));
#7715 = DIRECTION('',(1.,0.,0.));
#7716 = DIRECTION('',(0.,0.,-1.));
#7717 = ADVANCED_FACE('',(#7718),#7736,.T.);
#7718 = FACE_BOUND('',#7719,.T.);
#7719 = EDGE_LOOP('',(#7720,#7721,#7722,#7730));
#7720 = ORIENTED_EDGE('',*,*,#7658,.T.);
#7721 = ORIENTED_EDGE('',*,*,#3673,.T.);
#7722 = ORIENTED_EDGE('',*,*,#7723,.T.);
#7723 = EDGE_CURVE('',#3676,#7724,#7726,.T.);
#7724 = VERTEX_POINT('',#7725);
#7725 = CARTESIAN_POINT('',(-1.875,3.5,0.68));
#7726 = LINE('',#7727,#7728);
#7727 = CARTESIAN_POINT('',(-1.875,6.86,0.68));
#7728 = VECTOR('',#7729,1.);
#7729 = DIRECTION('',(0.,-1.,-2.581433744013E-16));
#7730 = ORIENTED_EDGE('',*,*,#7731,.T.);
#7731 = EDGE_CURVE('',#7724,#7659,#7732,.T.);
#7732 = LINE('',#7733,#7734);
#7733 = CARTESIAN_POINT('',(-1.875,3.5,0.68));
#7734 = VECTOR('',#7735,1.);
#7735 = DIRECTION('',(0.,0.,-1.));
#7736 = PLANE('',#7737);
#7737 = AXIS2_PLACEMENT_3D('',#7738,#7739,#7740);
#7738 = CARTESIAN_POINT('',(-1.875,0.,0.));
#7739 = DIRECTION('',(1.,0.,0.));
#7740 = DIRECTION('',(0.,0.,-1.));
#7741 = ADVANCED_FACE('',(#7742),#7753,.F.);
#7742 = FACE_BOUND('',#7743,.T.);
#7743 = EDGE_LOOP('',(#7744,#7745,#7746,#7752));
#7744 = ORIENTED_EDGE('',*,*,#3699,.F.);
#7745 = ORIENTED_EDGE('',*,*,#7707,.T.);
#7746 = ORIENTED_EDGE('',*,*,#7747,.F.);
#7747 = EDGE_CURVE('',#7724,#7700,#7748,.T.);
#7748 = LINE('',#7749,#7750);
#7749 = CARTESIAN_POINT('',(-1.875,3.5,0.68));
#7750 = VECTOR('',#7751,1.);
#7751 = DIRECTION('',(-1.,0.,0.));
#7752 = ORIENTED_EDGE('',*,*,#7723,.F.);
#7753 = PLANE('',#7754);
#7754 = AXIS2_PLACEMENT_3D('',#7755,#7756,#7757);
#7755 = CARTESIAN_POINT('',(-1.875,6.86,0.68));
#7756 = DIRECTION('',(0.,2.581433744013E-16,-1.));
#7757 = DIRECTION('',(0.,1.,2.581433744013E-16));
#7758 = ADVANCED_FACE('',(#7759),#7767,.F.);
#7759 = FACE_BOUND('',#7760,.T.);
#7760 = EDGE_LOOP('',(#7761,#7762,#7763,#7764,#7765,#7766));
#7761 = ORIENTED_EDGE('',*,*,#7699,.T.);
#7762 = ORIENTED_EDGE('',*,*,#7675,.F.);
#7763 = ORIENTED_EDGE('',*,*,#7607,.F.);
#7764 = ORIENTED_EDGE('',*,*,#7666,.F.);
#7765 = ORIENTED_EDGE('',*,*,#7731,.F.);
#7766 = ORIENTED_EDGE('',*,*,#7747,.T.);
#7767 = PLANE('',#7768);
#7768 = AXIS2_PLACEMENT_3D('',#7769,#7770,#7771);
#7769 = CARTESIAN_POINT('',(-1.875,3.5,0.68));
#7770 = DIRECTION('',(0.,1.,0.));
#7771 = DIRECTION('',(0.,-0.,1.));
#7772 = ADVANCED_FACE('',(#7773),#7798,.F.);
#7773 = FACE_BOUND('',#7774,.T.);
#7774 = EDGE_LOOP('',(#7775,#7783,#7784,#7792));
#7775 = ORIENTED_EDGE('',*,*,#7776,.T.);
#7776 = EDGE_CURVE('',#7777,#3301,#7779,.T.);
#7777 = VERTEX_POINT('',#7778);
#7778 = CARTESIAN_POINT('',(-2.125,7.24,0.23));
#7779 = LINE('',#7780,#7781);
#7780 = CARTESIAN_POINT('',(-2.125,7.24,0.23));
#7781 = VECTOR('',#7782,1.);
#7782 = DIRECTION('',(0.,-1.,1.640569076787E-15));
#7783 = ORIENTED_EDGE('',*,*,#3300,.T.);
#7784 = ORIENTED_EDGE('',*,*,#7785,.F.);
#7785 = EDGE_CURVE('',#7786,#3293,#7788,.T.);
#7786 = VERTEX_POINT('',#7787);
#7787 = CARTESIAN_POINT('',(-1.875,7.24,0.23));
#7788 = LINE('',#7789,#7790);
#7789 = CARTESIAN_POINT('',(-1.875,7.24,0.23));
#7790 = VECTOR('',#7791,1.);
#7791 = DIRECTION('',(0.,-1.,1.640569076787E-15));
#7792 = ORIENTED_EDGE('',*,*,#7793,.T.);
#7793 = EDGE_CURVE('',#7786,#7777,#7794,.T.);
#7794 = LINE('',#7795,#7796);
#7795 = CARTESIAN_POINT('',(-1.875,7.24,0.23));
#7796 = VECTOR('',#7797,1.);
#7797 = DIRECTION('',(-1.,0.,0.));
#7798 = PLANE('',#7799);
#7799 = AXIS2_PLACEMENT_3D('',#7800,#7801,#7802);
#7800 = CARTESIAN_POINT('',(-1.875,7.24,0.23));
#7801 = DIRECTION('',(0.,-1.640569076787E-15,-1.));
#7802 = DIRECTION('',(0.,1.,-1.640569076787E-15));
#7803 = ADVANCED_FACE('',(#7804),#7839,.T.);
#7804 = FACE_BOUND('',#7805,.T.);
#7805 = EDGE_LOOP('',(#7806,#7807,#7808,#7816,#7824,#7832,#7838));
#7806 = ORIENTED_EDGE('',*,*,#3292,.F.);
#7807 = ORIENTED_EDGE('',*,*,#2906,.T.);
#7808 = ORIENTED_EDGE('',*,*,#7809,.T.);
#7809 = EDGE_CURVE('',#2899,#7810,#7812,.T.);
#7810 = VERTEX_POINT('',#7811);
#7811 = CARTESIAN_POINT('',(-1.875,6.62,-8.E-02));
#7812 = LINE('',#7813,#7814);
#7813 = CARTESIAN_POINT('',(-1.875,6.54,1.998401444325E-15));
#7814 = VECTOR('',#7815,1.);
#7815 = DIRECTION('',(0.,0.707106781187,-0.707106781187));
#7816 = ORIENTED_EDGE('',*,*,#7817,.T.);
#7817 = EDGE_CURVE('',#7810,#7818,#7820,.T.);
#7818 = VERTEX_POINT('',#7819);
#7819 = CARTESIAN_POINT('',(-1.875,7.16,-8.E-02));
#7820 = LINE('',#7821,#7822);
#7821 = CARTESIAN_POINT('',(-1.875,6.62,-8.E-02));
#7822 = VECTOR('',#7823,1.);
#7823 = DIRECTION('',(0.,1.,2.007781800899E-16));
#7824 = ORIENTED_EDGE('',*,*,#7825,.T.);
#7825 = EDGE_CURVE('',#7818,#7826,#7828,.T.);
#7826 = VERTEX_POINT('',#7827);
#7827 = CARTESIAN_POINT('',(-1.875,7.24,2.209061926439E-15));
#7828 = LINE('',#7829,#7830);
#7829 = CARTESIAN_POINT('',(-1.875,7.16,-8.E-02));
#7830 = VECTOR('',#7831,1.);
#7831 = DIRECTION('',(0.,0.707106781187,0.707106781187));
#7832 = ORIENTED_EDGE('',*,*,#7833,.T.);
#7833 = EDGE_CURVE('',#7826,#7786,#7834,.T.);
#7834 = LINE('',#7835,#7836);
#7835 = CARTESIAN_POINT('',(-1.875,7.24,2.109423746788E-15));
#7836 = VECTOR('',#7837,1.);
#7837 = DIRECTION('',(0.,0.,1.));
#7838 = ORIENTED_EDGE('',*,*,#7785,.T.);
#7839 = PLANE('',#7840);
#7840 = AXIS2_PLACEMENT_3D('',#7841,#7842,#7843);
#7841 = CARTESIAN_POINT('',(-1.875,0.,0.));
#7842 = DIRECTION('',(1.,0.,0.));
#7843 = DIRECTION('',(0.,0.,-1.));
#7844 = ADVANCED_FACE('',(#7845),#7880,.F.);
#7845 = FACE_BOUND('',#7846,.T.);
#7846 = EDGE_LOOP('',(#7847,#7848,#7849,#7850,#7858,#7866,#7874));
#7847 = ORIENTED_EDGE('',*,*,#2890,.F.);
#7848 = ORIENTED_EDGE('',*,*,#3308,.T.);
#7849 = ORIENTED_EDGE('',*,*,#7776,.F.);
#7850 = ORIENTED_EDGE('',*,*,#7851,.F.);
#7851 = EDGE_CURVE('',#7852,#7777,#7854,.T.);
#7852 = VERTEX_POINT('',#7853);
#7853 = CARTESIAN_POINT('',(-2.125,7.24,2.209061926439E-15));
#7854 = LINE('',#7855,#7856);
#7855 = CARTESIAN_POINT('',(-2.125,7.24,2.109423746788E-15));
#7856 = VECTOR('',#7857,1.);
#7857 = DIRECTION('',(0.,0.,1.));
#7858 = ORIENTED_EDGE('',*,*,#7859,.F.);
#7859 = EDGE_CURVE('',#7860,#7852,#7862,.T.);
#7860 = VERTEX_POINT('',#7861);
#7861 = CARTESIAN_POINT('',(-2.125,7.16,-8.E-02));
#7862 = LINE('',#7863,#7864);
#7863 = CARTESIAN_POINT('',(-2.125,7.16,-8.E-02));
#7864 = VECTOR('',#7865,1.);
#7865 = DIRECTION('',(0.,0.707106781187,0.707106781187));
#7866 = ORIENTED_EDGE('',*,*,#7867,.F.);
#7867 = EDGE_CURVE('',#7868,#7860,#7870,.T.);
#7868 = VERTEX_POINT('',#7869);
#7869 = CARTESIAN_POINT('',(-2.125,6.62,-8.E-02));
#7870 = LINE('',#7871,#7872);
#7871 = CARTESIAN_POINT('',(-2.125,6.62,-8.E-02));
#7872 = VECTOR('',#7873,1.);
#7873 = DIRECTION('',(0.,1.,2.007781800899E-16));
#7874 = ORIENTED_EDGE('',*,*,#7875,.F.);
#7875 = EDGE_CURVE('',#2891,#7868,#7876,.T.);
#7876 = LINE('',#7877,#7878);
#7877 = CARTESIAN_POINT('',(-2.125,6.54,1.998401444325E-15));
#7878 = VECTOR('',#7879,1.);
#7879 = DIRECTION('',(0.,0.707106781187,-0.707106781187));
#7880 = PLANE('',#7881);
#7881 = AXIS2_PLACEMENT_3D('',#7882,#7883,#7884);
#7882 = CARTESIAN_POINT('',(-2.125,0.,0.));
#7883 = DIRECTION('',(1.,0.,0.));
#7884 = DIRECTION('',(0.,0.,-1.));
#7885 = ADVANCED_FACE('',(#7886),#7897,.F.);
#7886 = FACE_BOUND('',#7887,.T.);
#7887 = EDGE_LOOP('',(#7888,#7889,#7890,#7896));
#7888 = ORIENTED_EDGE('',*,*,#2898,.F.);
#7889 = ORIENTED_EDGE('',*,*,#7875,.T.);
#7890 = ORIENTED_EDGE('',*,*,#7891,.F.);
#7891 = EDGE_CURVE('',#7810,#7868,#7892,.T.);
#7892 = LINE('',#7893,#7894);
#7893 = CARTESIAN_POINT('',(-1.875,6.62,-8.E-02));
#7894 = VECTOR('',#7895,1.);
#7895 = DIRECTION('',(-1.,0.,0.));
#7896 = ORIENTED_EDGE('',*,*,#7809,.F.);
#7897 = PLANE('',#7898);
#7898 = AXIS2_PLACEMENT_3D('',#7899,#7900,#7901);
#7899 = CARTESIAN_POINT('',(-1.875,6.54,1.998401444325E-15));
#7900 = DIRECTION('',(0.,0.707106781187,0.707106781187));
#7901 = DIRECTION('',(0.,-0.707106781187,0.707106781187));
#7902 = ADVANCED_FACE('',(#7903),#7914,.F.);
#7903 = FACE_BOUND('',#7904,.T.);
#7904 = EDGE_LOOP('',(#7905,#7906,#7912,#7913));
#7905 = ORIENTED_EDGE('',*,*,#7867,.T.);
#7906 = ORIENTED_EDGE('',*,*,#7907,.F.);
#7907 = EDGE_CURVE('',#7818,#7860,#7908,.T.);
#7908 = LINE('',#7909,#7910);
#7909 = CARTESIAN_POINT('',(-1.875,7.16,-8.E-02));
#7910 = VECTOR('',#7911,1.);
#7911 = DIRECTION('',(-1.,0.,0.));
#7912 = ORIENTED_EDGE('',*,*,#7817,.F.);
#7913 = ORIENTED_EDGE('',*,*,#7891,.T.);
#7914 = PLANE('',#7915);
#7915 = AXIS2_PLACEMENT_3D('',#7916,#7917,#7918);
#7916 = CARTESIAN_POINT('',(-1.875,6.62,-8.E-02));
#7917 = DIRECTION('',(0.,-2.007781800899E-16,1.));
#7918 = DIRECTION('',(0.,-1.,-2.007781800899E-16));
#7919 = ADVANCED_FACE('',(#7920),#7931,.F.);
#7920 = FACE_BOUND('',#7921,.T.);
#7921 = EDGE_LOOP('',(#7922,#7923,#7929,#7930));
#7922 = ORIENTED_EDGE('',*,*,#7859,.T.);
#7923 = ORIENTED_EDGE('',*,*,#7924,.F.);
#7924 = EDGE_CURVE('',#7826,#7852,#7925,.T.);
#7925 = LINE('',#7926,#7927);
#7926 = CARTESIAN_POINT('',(-1.875,7.24,2.209061926439E-15));
#7927 = VECTOR('',#7928,1.);
#7928 = DIRECTION('',(-1.,0.,0.));
#7929 = ORIENTED_EDGE('',*,*,#7825,.F.);
#7930 = ORIENTED_EDGE('',*,*,#7907,.T.);
#7931 = PLANE('',#7932);
#7932 = AXIS2_PLACEMENT_3D('',#7933,#7934,#7935);
#7933 = CARTESIAN_POINT('',(-1.875,7.16,-8.E-02));
#7934 = DIRECTION('',(0.,-0.707106781187,0.707106781187));
#7935 = DIRECTION('',(0.,-0.707106781187,-0.707106781187));
#7936 = ADVANCED_FACE('',(#7937),#7943,.F.);
#7937 = FACE_BOUND('',#7938,.T.);
#7938 = EDGE_LOOP('',(#7939,#7940,#7941,#7942));
#7939 = ORIENTED_EDGE('',*,*,#7851,.T.);
#7940 = ORIENTED_EDGE('',*,*,#7793,.F.);
#7941 = ORIENTED_EDGE('',*,*,#7833,.F.);
#7942 = ORIENTED_EDGE('',*,*,#7924,.T.);
#7943 = PLANE('',#7944);
#7944 = AXIS2_PLACEMENT_3D('',#7945,#7946,#7947);
#7945 = CARTESIAN_POINT('',(-1.875,7.24,2.109423746788E-15));
#7946 = DIRECTION('',(0.,-1.,0.));
#7947 = DIRECTION('',(0.,0.,-1.));
#7948 = ADVANCED_FACE('',(#7949),#7982,.F.);
#7949 = FACE_BOUND('',#7950,.T.);
#7950 = EDGE_LOOP('',(#7951,#7959,#7960,#7968,#7976));
#7951 = ORIENTED_EDGE('',*,*,#7952,.T.);
#7952 = EDGE_CURVE('',#7953,#2006,#7955,.T.);
#7953 = VERTEX_POINT('',#7954);
#7954 = CARTESIAN_POINT('',(-3.12,5.06,0.3));
#7955 = LINE('',#7956,#7957);
#7956 = CARTESIAN_POINT('',(-3.12,5.06,0.3));
#7957 = VECTOR('',#7958,1.);
#7958 = DIRECTION('',(0.,0.,-1.));
#7959 = ORIENTED_EDGE('',*,*,#2005,.F.);
#7960 = ORIENTED_EDGE('',*,*,#7961,.F.);
#7961 = EDGE_CURVE('',#7962,#1996,#7964,.T.);
#7962 = VERTEX_POINT('',#7963);
#7963 = CARTESIAN_POINT('',(-3.12,3.35,0.3));
#7964 = LINE('',#7965,#7966);
#7965 = CARTESIAN_POINT('',(-3.12,3.35,0.3));
#7966 = VECTOR('',#7967,1.);
#7967 = DIRECTION('',(0.,0.,-1.));
#7968 = ORIENTED_EDGE('',*,*,#7969,.T.);
#7969 = EDGE_CURVE('',#7962,#7970,#7972,.T.);
#7970 = VERTEX_POINT('',#7971);
#7971 = CARTESIAN_POINT('',(-3.12,3.5,0.3));
#7972 = LINE('',#7973,#7974);
#7973 = CARTESIAN_POINT('',(-3.12,3.35,0.3));
#7974 = VECTOR('',#7975,1.);
#7975 = DIRECTION('',(0.,1.,0.));
#7976 = ORIENTED_EDGE('',*,*,#7977,.T.);
#7977 = EDGE_CURVE('',#7970,#7953,#7978,.T.);
#7978 = LINE('',#7979,#7980);
#7979 = CARTESIAN_POINT('',(-3.12,3.35,0.3));
#7980 = VECTOR('',#7981,1.);
#7981 = DIRECTION('',(0.,1.,0.));
#7982 = PLANE('',#7983);
#7983 = AXIS2_PLACEMENT_3D('',#7984,#7985,#7986);
#7984 = CARTESIAN_POINT('',(-3.12,3.35,0.3));
#7985 = DIRECTION('',(1.,0.,0.));
#7986 = DIRECTION('',(0.,0.,-1.));
#7987 = ADVANCED_FACE('',(#7988),#8021,.F.);
#7988 = FACE_BOUND('',#7989,.T.);
#7989 = EDGE_LOOP('',(#7990,#7998,#8006,#8014,#8020));
#7990 = ORIENTED_EDGE('',*,*,#7991,.T.);
#7991 = EDGE_CURVE('',#2014,#7992,#7994,.T.);
#7992 = VERTEX_POINT('',#7993);
#7993 = CARTESIAN_POINT('',(-2.88,5.06,0.3));
#7994 = LINE('',#7995,#7996);
#7995 = CARTESIAN_POINT('',(-2.88,5.06,0.16));
#7996 = VECTOR('',#7997,1.);
#7997 = DIRECTION('',(0.,0.,1.));
#7998 = ORIENTED_EDGE('',*,*,#7999,.F.);
#7999 = EDGE_CURVE('',#8000,#7992,#8002,.T.);
#8000 = VERTEX_POINT('',#8001);
#8001 = CARTESIAN_POINT('',(-2.88,3.5,0.3));
#8002 = LINE('',#8003,#8004);
#8003 = CARTESIAN_POINT('',(-2.88,3.35,0.3));
#8004 = VECTOR('',#8005,1.);
#8005 = DIRECTION('',(0.,1.,0.));
#8006 = ORIENTED_EDGE('',*,*,#8007,.F.);
#8007 = EDGE_CURVE('',#8008,#8000,#8010,.T.);
#8008 = VERTEX_POINT('',#8009);
#8009 = CARTESIAN_POINT('',(-2.88,3.35,0.3));
#8010 = LINE('',#8011,#8012);
#8011 = CARTESIAN_POINT('',(-2.88,3.35,0.3));
#8012 = VECTOR('',#8013,1.);
#8013 = DIRECTION('',(0.,1.,0.));
#8014 = ORIENTED_EDGE('',*,*,#8015,.F.);
#8015 = EDGE_CURVE('',#1998,#8008,#8016,.T.);
#8016 = LINE('',#8017,#8018);
#8017 = CARTESIAN_POINT('',(-2.88,3.35,0.16));
#8018 = VECTOR('',#8019,1.);
#8019 = DIRECTION('',(0.,0.,1.));
#8020 = ORIENTED_EDGE('',*,*,#2021,.T.);
#8021 = PLANE('',#8022);
#8022 = AXIS2_PLACEMENT_3D('',#8023,#8024,#8025);
#8023 = CARTESIAN_POINT('',(-2.88,3.35,0.16));
#8024 = DIRECTION('',(-1.,0.,0.));
#8025 = DIRECTION('',(0.,0.,1.));
#8026 = ADVANCED_FACE('',(#8027),#8043,.F.);
#8027 = FACE_BOUND('',#8028,.T.);
#8028 = EDGE_LOOP('',(#8029,#8030,#8036,#8037));
#8029 = ORIENTED_EDGE('',*,*,#8007,.T.);
#8030 = ORIENTED_EDGE('',*,*,#8031,.T.);
#8031 = EDGE_CURVE('',#8000,#7970,#8032,.T.);
#8032 = LINE('',#8033,#8034);
#8033 = CARTESIAN_POINT('',(-2.875,3.5,0.3));
#8034 = VECTOR('',#8035,1.);
#8035 = DIRECTION('',(-1.,0.,0.));
#8036 = ORIENTED_EDGE('',*,*,#7969,.F.);
#8037 = ORIENTED_EDGE('',*,*,#8038,.F.);
#8038 = EDGE_CURVE('',#8008,#7962,#8039,.T.);
#8039 = LINE('',#8040,#8041);
#8040 = CARTESIAN_POINT('',(-2.88,3.35,0.3));
#8041 = VECTOR('',#8042,1.);
#8042 = DIRECTION('',(-1.,0.,-1.355252715607E-15));
#8043 = PLANE('',#8044);
#8044 = AXIS2_PLACEMENT_3D('',#8045,#8046,#8047);
#8045 = CARTESIAN_POINT('',(-2.88,3.35,0.3));
#8046 = DIRECTION('',(1.355252715607E-15,0.,-1.));
#8047 = DIRECTION('',(-1.,0.,-1.355252715607E-15));
#8048 = ADVANCED_FACE('',(#8049),#8055,.T.);
#8049 = FACE_BOUND('',#8050,.T.);
#8050 = EDGE_LOOP('',(#8051,#8052,#8053,#8054));
#8051 = ORIENTED_EDGE('',*,*,#7961,.T.);
#8052 = ORIENTED_EDGE('',*,*,#1995,.T.);
#8053 = ORIENTED_EDGE('',*,*,#8015,.T.);
#8054 = ORIENTED_EDGE('',*,*,#8038,.T.);
#8055 = PLANE('',#8056);
#8056 = AXIS2_PLACEMENT_3D('',#8057,#8058,#8059);
#8057 = CARTESIAN_POINT('',(0.,3.35,0.));
#8058 = DIRECTION('',(0.,-1.,0.));
#8059 = DIRECTION('',(0.,0.,-1.));
#8060 = ADVANCED_FACE('',(#8061),#8072,.F.);
#8061 = FACE_BOUND('',#8062,.T.);
#8062 = EDGE_LOOP('',(#8063,#8064,#8070,#8071));
#8063 = ORIENTED_EDGE('',*,*,#7952,.F.);
#8064 = ORIENTED_EDGE('',*,*,#8065,.F.);
#8065 = EDGE_CURVE('',#7992,#7953,#8066,.T.);
#8066 = LINE('',#8067,#8068);
#8067 = CARTESIAN_POINT('',(-2.88,5.06,0.3));
#8068 = VECTOR('',#8069,1.);
#8069 = DIRECTION('',(-1.,0.,-1.355252715607E-15));
#8070 = ORIENTED_EDGE('',*,*,#7991,.F.);
#8071 = ORIENTED_EDGE('',*,*,#2013,.F.);
#8072 = PLANE('',#8073);
#8073 = AXIS2_PLACEMENT_3D('',#8074,#8075,#8076);
#8074 = CARTESIAN_POINT('',(0.,5.06,0.));
#8075 = DIRECTION('',(0.,-1.,0.));
#8076 = DIRECTION('',(0.,0.,-1.));
#8077 = ADVANCED_FACE('',(#8078),#8112,.F.);
#8078 = FACE_BOUND('',#8079,.T.);
#8079 = EDGE_LOOP('',(#8080,#8081,#8089,#8095,#8096,#8097,#8098,#8106));
#8080 = ORIENTED_EDGE('',*,*,#3649,.F.);
#8081 = ORIENTED_EDGE('',*,*,#8082,.F.);
#8082 = EDGE_CURVE('',#8083,#3640,#8085,.T.);
#8083 = VERTEX_POINT('',#8084);
#8084 = CARTESIAN_POINT('',(-2.875,3.5,0.3));
#8085 = LINE('',#8086,#8087);
#8086 = CARTESIAN_POINT('',(-2.875,3.5,0.3));
#8087 = VECTOR('',#8088,1.);
#8088 = DIRECTION('',(0.,1.,0.));
#8089 = ORIENTED_EDGE('',*,*,#8090,.T.);
#8090 = EDGE_CURVE('',#8083,#8000,#8091,.T.);
#8091 = LINE('',#8092,#8093);
#8092 = CARTESIAN_POINT('',(-2.875,3.5,0.3));
#8093 = VECTOR('',#8094,1.);
#8094 = DIRECTION('',(-1.,0.,0.));
#8095 = ORIENTED_EDGE('',*,*,#7999,.T.);
#8096 = ORIENTED_EDGE('',*,*,#8065,.T.);
#8097 = ORIENTED_EDGE('',*,*,#7977,.F.);
#8098 = ORIENTED_EDGE('',*,*,#8099,.T.);
#8099 = EDGE_CURVE('',#7970,#8100,#8102,.T.);
#8100 = VERTEX_POINT('',#8101);
#8101 = CARTESIAN_POINT('',(-3.125,3.5,0.3));
#8102 = LINE('',#8103,#8104);
#8103 = CARTESIAN_POINT('',(-2.875,3.5,0.3));
#8104 = VECTOR('',#8105,1.);
#8105 = DIRECTION('',(-1.,0.,0.));
#8106 = ORIENTED_EDGE('',*,*,#8107,.T.);
#8107 = EDGE_CURVE('',#8100,#3650,#8108,.T.);
#8108 = LINE('',#8109,#8110);
#8109 = CARTESIAN_POINT('',(-3.125,3.5,0.3));
#8110 = VECTOR('',#8111,1.);
#8111 = DIRECTION('',(0.,1.,0.));
#8112 = PLANE('',#8113);
#8113 = AXIS2_PLACEMENT_3D('',#8114,#8115,#8116);
#8114 = CARTESIAN_POINT('',(-2.875,3.5,0.3));
#8115 = DIRECTION('',(0.,0.,1.));
#8116 = DIRECTION('',(1.,0.,-0.));
#8117 = ADVANCED_FACE('',(#8118),#8136,.F.);
#8118 = FACE_BOUND('',#8119,.T.);
#8119 = EDGE_LOOP('',(#8120,#8121,#8122,#8130));
#8120 = ORIENTED_EDGE('',*,*,#3657,.F.);
#8121 = ORIENTED_EDGE('',*,*,#8107,.F.);
#8122 = ORIENTED_EDGE('',*,*,#8123,.F.);
#8123 = EDGE_CURVE('',#8124,#8100,#8126,.T.);
#8124 = VERTEX_POINT('',#8125);
#8125 = CARTESIAN_POINT('',(-3.125,3.5,0.68));
#8126 = LINE('',#8127,#8128);
#8127 = CARTESIAN_POINT('',(-3.125,3.5,0.68));
#8128 = VECTOR('',#8129,1.);
#8129 = DIRECTION('',(0.,0.,-1.));
#8130 = ORIENTED_EDGE('',*,*,#8131,.F.);
#8131 = EDGE_CURVE('',#3658,#8124,#8132,.T.);
#8132 = LINE('',#8133,#8134);
#8133 = CARTESIAN_POINT('',(-3.125,6.86,0.68));
#8134 = VECTOR('',#8135,1.);
#8135 = DIRECTION('',(0.,-1.,-2.581433744013E-16));
#8136 = PLANE('',#8137);
#8137 = AXIS2_PLACEMENT_3D('',#8138,#8139,#8140);
#8138 = CARTESIAN_POINT('',(-3.125,0.,0.));
#8139 = DIRECTION('',(1.,0.,0.));
#8140 = DIRECTION('',(0.,0.,-1.));
#8141 = ADVANCED_FACE('',(#8142),#8160,.T.);
#8142 = FACE_BOUND('',#8143,.T.);
#8143 = EDGE_LOOP('',(#8144,#8145,#8146,#8154));
#8144 = ORIENTED_EDGE('',*,*,#8082,.T.);
#8145 = ORIENTED_EDGE('',*,*,#3639,.T.);
#8146 = ORIENTED_EDGE('',*,*,#8147,.T.);
#8147 = EDGE_CURVE('',#3642,#8148,#8150,.T.);
#8148 = VERTEX_POINT('',#8149);
#8149 = CARTESIAN_POINT('',(-2.875,3.5,0.68));
#8150 = LINE('',#8151,#8152);
#8151 = CARTESIAN_POINT('',(-2.875,6.86,0.68));
#8152 = VECTOR('',#8153,1.);
#8153 = DIRECTION('',(0.,-1.,-2.581433744013E-16));
#8154 = ORIENTED_EDGE('',*,*,#8155,.T.);
#8155 = EDGE_CURVE('',#8148,#8083,#8156,.T.);
#8156 = LINE('',#8157,#8158);
#8157 = CARTESIAN_POINT('',(-2.875,3.5,0.68));
#8158 = VECTOR('',#8159,1.);
#8159 = DIRECTION('',(0.,0.,-1.));
#8160 = PLANE('',#8161);
#8161 = AXIS2_PLACEMENT_3D('',#8162,#8163,#8164);
#8162 = CARTESIAN_POINT('',(-2.875,0.,0.));
#8163 = DIRECTION('',(1.,0.,0.));
#8164 = DIRECTION('',(0.,0.,-1.));
#8165 = ADVANCED_FACE('',(#8166),#8177,.F.);
#8166 = FACE_BOUND('',#8167,.T.);
#8167 = EDGE_LOOP('',(#8168,#8169,#8170,#8176));
#8168 = ORIENTED_EDGE('',*,*,#3665,.F.);
#8169 = ORIENTED_EDGE('',*,*,#8131,.T.);
#8170 = ORIENTED_EDGE('',*,*,#8171,.F.);
#8171 = EDGE_CURVE('',#8148,#8124,#8172,.T.);
#8172 = LINE('',#8173,#8174);
#8173 = CARTESIAN_POINT('',(-2.875,3.5,0.68));
#8174 = VECTOR('',#8175,1.);
#8175 = DIRECTION('',(-1.,0.,0.));
#8176 = ORIENTED_EDGE('',*,*,#8147,.F.);
#8177 = PLANE('',#8178);
#8178 = AXIS2_PLACEMENT_3D('',#8179,#8180,#8181);
#8179 = CARTESIAN_POINT('',(-2.875,6.86,0.68));
#8180 = DIRECTION('',(0.,2.581433744013E-16,-1.));
#8181 = DIRECTION('',(0.,1.,2.581433744013E-16));
#8182 = ADVANCED_FACE('',(#8183),#8191,.F.);
#8183 = FACE_BOUND('',#8184,.T.);
#8184 = EDGE_LOOP('',(#8185,#8186,#8187,#8188,#8189,#8190));
#8185 = ORIENTED_EDGE('',*,*,#8123,.T.);
#8186 = ORIENTED_EDGE('',*,*,#8099,.F.);
#8187 = ORIENTED_EDGE('',*,*,#8031,.F.);
#8188 = ORIENTED_EDGE('',*,*,#8090,.F.);
#8189 = ORIENTED_EDGE('',*,*,#8155,.F.);
#8190 = ORIENTED_EDGE('',*,*,#8171,.T.);
#8191 = PLANE('',#8192);
#8192 = AXIS2_PLACEMENT_3D('',#8193,#8194,#8195);
#8193 = CARTESIAN_POINT('',(-2.875,3.5,0.68));
#8194 = DIRECTION('',(0.,1.,0.));
#8195 = DIRECTION('',(0.,-0.,1.));
#8196 = ADVANCED_FACE('',(#8197),#8222,.F.);
#8197 = FACE_BOUND('',#8198,.T.);
#8198 = EDGE_LOOP('',(#8199,#8207,#8208,#8216));
#8199 = ORIENTED_EDGE('',*,*,#8200,.T.);
#8200 = EDGE_CURVE('',#8201,#3228,#8203,.T.);
#8201 = VERTEX_POINT('',#8202);
#8202 = CARTESIAN_POINT('',(-3.125,7.24,0.23));
#8203 = LINE('',#8204,#8205);
#8204 = CARTESIAN_POINT('',(-3.125,7.24,0.23));
#8205 = VECTOR('',#8206,1.);
#8206 = DIRECTION('',(0.,-1.,1.640569076787E-15));
#8207 = ORIENTED_EDGE('',*,*,#3227,.T.);
#8208 = ORIENTED_EDGE('',*,*,#8209,.F.);
#8209 = EDGE_CURVE('',#8210,#3220,#8212,.T.);
#8210 = VERTEX_POINT('',#8211);
#8211 = CARTESIAN_POINT('',(-2.875,7.24,0.23));
#8212 = LINE('',#8213,#8214);
#8213 = CARTESIAN_POINT('',(-2.875,7.24,0.23));
#8214 = VECTOR('',#8215,1.);
#8215 = DIRECTION('',(0.,-1.,1.640569076787E-15));
#8216 = ORIENTED_EDGE('',*,*,#8217,.T.);
#8217 = EDGE_CURVE('',#8210,#8201,#8218,.T.);
#8218 = LINE('',#8219,#8220);
#8219 = CARTESIAN_POINT('',(-2.875,7.24,0.23));
#8220 = VECTOR('',#8221,1.);
#8221 = DIRECTION('',(-1.,0.,0.));
#8222 = PLANE('',#8223);
#8223 = AXIS2_PLACEMENT_3D('',#8224,#8225,#8226);
#8224 = CARTESIAN_POINT('',(-2.875,7.24,0.23));
#8225 = DIRECTION('',(0.,-1.640569076787E-15,-1.));
#8226 = DIRECTION('',(0.,1.,-1.640569076787E-15));
#8227 = ADVANCED_FACE('',(#8228),#8263,.T.);
#8228 = FACE_BOUND('',#8229,.T.);
#8229 = EDGE_LOOP('',(#8230,#8231,#8232,#8240,#8248,#8256,#8262));
#8230 = ORIENTED_EDGE('',*,*,#3219,.F.);
#8231 = ORIENTED_EDGE('',*,*,#2872,.T.);
#8232 = ORIENTED_EDGE('',*,*,#8233,.T.);
#8233 = EDGE_CURVE('',#2875,#8234,#8236,.T.);
#8234 = VERTEX_POINT('',#8235);
#8235 = CARTESIAN_POINT('',(-2.875,6.62,-8.E-02));
#8236 = LINE('',#8237,#8238);
#8237 = CARTESIAN_POINT('',(-2.875,6.54,1.998401444325E-15));
#8238 = VECTOR('',#8239,1.);
#8239 = DIRECTION('',(0.,0.707106781187,-0.707106781187));
#8240 = ORIENTED_EDGE('',*,*,#8241,.T.);
#8241 = EDGE_CURVE('',#8234,#8242,#8244,.T.);
#8242 = VERTEX_POINT('',#8243);
#8243 = CARTESIAN_POINT('',(-2.875,7.16,-8.E-02));
#8244 = LINE('',#8245,#8246);
#8245 = CARTESIAN_POINT('',(-2.875,6.62,-8.E-02));
#8246 = VECTOR('',#8247,1.);
#8247 = DIRECTION('',(0.,1.,2.007781800899E-16));
#8248 = ORIENTED_EDGE('',*,*,#8249,.T.);
#8249 = EDGE_CURVE('',#8242,#8250,#8252,.T.);
#8250 = VERTEX_POINT('',#8251);
#8251 = CARTESIAN_POINT('',(-2.875,7.24,2.209061926439E-15));
#8252 = LINE('',#8253,#8254);
#8253 = CARTESIAN_POINT('',(-2.875,7.16,-8.E-02));
#8254 = VECTOR('',#8255,1.);
#8255 = DIRECTION('',(0.,0.707106781187,0.707106781187));
#8256 = ORIENTED_EDGE('',*,*,#8257,.T.);
#8257 = EDGE_CURVE('',#8250,#8210,#8258,.T.);
#8258 = LINE('',#8259,#8260);
#8259 = CARTESIAN_POINT('',(-2.875,7.24,2.109423746788E-15));
#8260 = VECTOR('',#8261,1.);
#8261 = DIRECTION('',(0.,0.,1.));
#8262 = ORIENTED_EDGE('',*,*,#8209,.T.);
#8263 = PLANE('',#8264);
#8264 = AXIS2_PLACEMENT_3D('',#8265,#8266,#8267);
#8265 = CARTESIAN_POINT('',(-2.875,0.,0.));
#8266 = DIRECTION('',(1.,0.,0.));
#8267 = DIRECTION('',(0.,0.,-1.));
#8268 = ADVANCED_FACE('',(#8269),#8304,.F.);
#8269 = FACE_BOUND('',#8270,.T.);
#8270 = EDGE_LOOP('',(#8271,#8272,#8273,#8274,#8282,#8290,#8298));
#8271 = ORIENTED_EDGE('',*,*,#3064,.F.);
#8272 = ORIENTED_EDGE('',*,*,#3235,.T.);
#8273 = ORIENTED_EDGE('',*,*,#8200,.F.);
#8274 = ORIENTED_EDGE('',*,*,#8275,.F.);
#8275 = EDGE_CURVE('',#8276,#8201,#8278,.T.);
#8276 = VERTEX_POINT('',#8277);
#8277 = CARTESIAN_POINT('',(-3.125,7.24,2.209061926439E-15));
#8278 = LINE('',#8279,#8280);
#8279 = CARTESIAN_POINT('',(-3.125,7.24,2.109423746788E-15));
#8280 = VECTOR('',#8281,1.);
#8281 = DIRECTION('',(0.,0.,1.));
#8282 = ORIENTED_EDGE('',*,*,#8283,.F.);
#8283 = EDGE_CURVE('',#8284,#8276,#8286,.T.);
#8284 = VERTEX_POINT('',#8285);
#8285 = CARTESIAN_POINT('',(-3.125,7.16,-8.E-02));
#8286 = LINE('',#8287,#8288);
#8287 = CARTESIAN_POINT('',(-3.125,7.16,-8.E-02));
#8288 = VECTOR('',#8289,1.);
#8289 = DIRECTION('',(0.,0.707106781187,0.707106781187));
#8290 = ORIENTED_EDGE('',*,*,#8291,.F.);
#8291 = EDGE_CURVE('',#8292,#8284,#8294,.T.);
#8292 = VERTEX_POINT('',#8293);
#8293 = CARTESIAN_POINT('',(-3.125,6.62,-8.E-02));
#8294 = LINE('',#8295,#8296);
#8295 = CARTESIAN_POINT('',(-3.125,6.62,-8.E-02));
#8296 = VECTOR('',#8297,1.);
#8297 = DIRECTION('',(0.,1.,2.007781800899E-16));
#8298 = ORIENTED_EDGE('',*,*,#8299,.F.);
#8299 = EDGE_CURVE('',#3065,#8292,#8300,.T.);
#8300 = LINE('',#8301,#8302);
#8301 = CARTESIAN_POINT('',(-3.125,6.54,1.998401444325E-15));
#8302 = VECTOR('',#8303,1.);
#8303 = DIRECTION('',(0.,0.707106781187,-0.707106781187));
#8304 = PLANE('',#8305);
#8305 = AXIS2_PLACEMENT_3D('',#8306,#8307,#8308);
#8306 = CARTESIAN_POINT('',(-3.125,0.,0.));
#8307 = DIRECTION('',(1.,0.,0.));
#8308 = DIRECTION('',(0.,0.,-1.));
#8309 = ADVANCED_FACE('',(#8310),#8321,.F.);
#8310 = FACE_BOUND('',#8311,.T.);
#8311 = EDGE_LOOP('',(#8312,#8313,#8314,#8320));
#8312 = ORIENTED_EDGE('',*,*,#3072,.F.);
#8313 = ORIENTED_EDGE('',*,*,#8299,.T.);
#8314 = ORIENTED_EDGE('',*,*,#8315,.F.);
#8315 = EDGE_CURVE('',#8234,#8292,#8316,.T.);
#8316 = LINE('',#8317,#8318);
#8317 = CARTESIAN_POINT('',(-2.875,6.62,-8.E-02));
#8318 = VECTOR('',#8319,1.);
#8319 = DIRECTION('',(-1.,0.,0.));
#8320 = ORIENTED_EDGE('',*,*,#8233,.F.);
#8321 = PLANE('',#8322);
#8322 = AXIS2_PLACEMENT_3D('',#8323,#8324,#8325);
#8323 = CARTESIAN_POINT('',(-2.875,6.54,1.998401444325E-15));
#8324 = DIRECTION('',(0.,0.707106781187,0.707106781187));
#8325 = DIRECTION('',(0.,-0.707106781187,0.707106781187));
#8326 = ADVANCED_FACE('',(#8327),#8338,.F.);
#8327 = FACE_BOUND('',#8328,.T.);
#8328 = EDGE_LOOP('',(#8329,#8330,#8336,#8337));
#8329 = ORIENTED_EDGE('',*,*,#8291,.T.);
#8330 = ORIENTED_EDGE('',*,*,#8331,.F.);
#8331 = EDGE_CURVE('',#8242,#8284,#8332,.T.);
#8332 = LINE('',#8333,#8334);
#8333 = CARTESIAN_POINT('',(-2.875,7.16,-8.E-02));
#8334 = VECTOR('',#8335,1.);
#8335 = DIRECTION('',(-1.,0.,0.));
#8336 = ORIENTED_EDGE('',*,*,#8241,.F.);
#8337 = ORIENTED_EDGE('',*,*,#8315,.T.);
#8338 = PLANE('',#8339);
#8339 = AXIS2_PLACEMENT_3D('',#8340,#8341,#8342);
#8340 = CARTESIAN_POINT('',(-2.875,6.62,-8.E-02));
#8341 = DIRECTION('',(0.,-2.007781800899E-16,1.));
#8342 = DIRECTION('',(0.,-1.,-2.007781800899E-16));
#8343 = ADVANCED_FACE('',(#8344),#8355,.F.);
#8344 = FACE_BOUND('',#8345,.T.);
#8345 = EDGE_LOOP('',(#8346,#8347,#8353,#8354));
#8346 = ORIENTED_EDGE('',*,*,#8283,.T.);
#8347 = ORIENTED_EDGE('',*,*,#8348,.F.);
#8348 = EDGE_CURVE('',#8250,#8276,#8349,.T.);
#8349 = LINE('',#8350,#8351);
#8350 = CARTESIAN_POINT('',(-2.875,7.24,2.209061926439E-15));
#8351 = VECTOR('',#8352,1.);
#8352 = DIRECTION('',(-1.,0.,0.));
#8353 = ORIENTED_EDGE('',*,*,#8249,.F.);
#8354 = ORIENTED_EDGE('',*,*,#8331,.T.);
#8355 = PLANE('',#8356);
#8356 = AXIS2_PLACEMENT_3D('',#8357,#8358,#8359);
#8357 = CARTESIAN_POINT('',(-2.875,7.16,-8.E-02));
#8358 = DIRECTION('',(0.,-0.707106781187,0.707106781187));
#8359 = DIRECTION('',(0.,-0.707106781187,-0.707106781187));
#8360 = ADVANCED_FACE('',(#8361),#8367,.F.);
#8361 = FACE_BOUND('',#8362,.T.);
#8362 = EDGE_LOOP('',(#8363,#8364,#8365,#8366));
#8363 = ORIENTED_EDGE('',*,*,#8275,.T.);
#8364 = ORIENTED_EDGE('',*,*,#8217,.F.);
#8365 = ORIENTED_EDGE('',*,*,#8257,.F.);
#8366 = ORIENTED_EDGE('',*,*,#8348,.T.);
#8367 = PLANE('',#8368);
#8368 = AXIS2_PLACEMENT_3D('',#8369,#8370,#8371);
#8369 = CARTESIAN_POINT('',(-2.875,7.24,2.109423746788E-15));
#8370 = DIRECTION('',(0.,-1.,0.));
#8371 = DIRECTION('',(0.,0.,-1.));
#8372 = ( GEOMETRIC_REPRESENTATION_CONTEXT(3) 
GLOBAL_UNCERTAINTY_ASSIGNED_CONTEXT((#8376)) 
GLOBAL_UNIT_ASSIGNED_CONTEXT((#8373,#8374,#8375)) REPRESENTATION_CONTEXT
('Context #1','3D Context with UNIT and UNCERTAINTY') );
#8373 = ( LENGTH_UNIT() NAMED_UNIT(*) SI_UNIT(.MILLI.,.METRE.) );
#8374 = ( NAMED_UNIT(*) PLANE_ANGLE_UNIT() SI_UNIT($,.RADIAN.) );
#8375 = ( NAMED_UNIT(*) SI_UNIT($,.STERADIAN.) SOLID_ANGLE_UNIT() );
#8376 = UNCERTAINTY_MEASURE_WITH_UNIT(LENGTH_MEASURE(1.E-07),#8373,
  'distance_accuracy_value','confusion accuracy');
#8377 = CONTEXT_DEPENDENT_SHAPE_REPRESENTATION(#8378,#8380);
#8378 = ( REPRESENTATION_RELATIONSHIP('','',#1852,#1829) 
REPRESENTATION_RELATIONSHIP_WITH_TRANSFORMATION(#8379) 
SHAPE_REPRESENTATION_RELATIONSHIP() );
#8379 = ITEM_DEFINED_TRANSFORMATION('','',#11,#1830);
#8380 = PRODUCT_DEFINITION_SHAPE('Placement','Placement of an item',
  #8381);
#8381 = NEXT_ASSEMBLY_USAGE_OCCURRENCE('6','=>[0:1:1:7]','',#1824,#1847,
  $);
#8382 = PRODUCT_RELATED_PRODUCT_CATEGORY('part',$,(#1849));
#8383 = SHAPE_DEFINITION_REPRESENTATION(#8384,#8390);
#8384 = PRODUCT_DEFINITION_SHAPE('','',#8385);
#8385 = PRODUCT_DEFINITION('design','',#8386,#8389);
#8386 = PRODUCT_DEFINITION_FORMATION('','',#8387);
#8387 = PRODUCT('C_0603_1608Metric','C_0603_1608Metric','',(#8388));
#8388 = PRODUCT_CONTEXT('',#2,'mechanical');
#8389 = PRODUCT_DEFINITION_CONTEXT('part definition',#2,'design');
#8390 = SHAPE_REPRESENTATION('',(#11,#8391),#8395);
#8391 = AXIS2_PLACEMENT_3D('',#8392,#8393,#8394);
#8392 = CARTESIAN_POINT('',(0.,0.,0.));
#8393 = DIRECTION('',(0.,0.,1.));
#8394 = DIRECTION('',(1.,0.,-0.));
#8395 = ( GEOMETRIC_REPRESENTATION_CONTEXT(3) 
GLOBAL_UNCERTAINTY_ASSIGNED_CONTEXT((#8399)) 
GLOBAL_UNIT_ASSIGNED_CONTEXT((#8396,#8397,#8398)) REPRESENTATION_CONTEXT
('Context #1','3D Context with UNIT and UNCERTAINTY') );
#8396 = ( LENGTH_UNIT() NAMED_UNIT(*) SI_UNIT(.MILLI.,.METRE.) );
#8397 = ( NAMED_UNIT(*) PLANE_ANGLE_UNIT() SI_UNIT($,.RADIAN.) );
#8398 = ( NAMED_UNIT(*) SI_UNIT($,.STERADIAN.) SOLID_ANGLE_UNIT() );
#8399 = UNCERTAINTY_MEASURE_WITH_UNIT(LENGTH_MEASURE(1.E-07),#8396,
  'distance_accuracy_value','confusion accuracy');
#8400 = CONTEXT_DEPENDENT_SHAPE_REPRESENTATION(#8401,#8403);
#8401 = ( REPRESENTATION_RELATIONSHIP('','',#8390,#10) 
REPRESENTATION_RELATIONSHIP_WITH_TRANSFORMATION(#8402) 
SHAPE_REPRESENTATION_RELATIONSHIP() );
#8402 = ITEM_DEFINED_TRANSFORMATION('','',#11,#31);
#8403 = PRODUCT_DEFINITION_SHAPE('Placement','Placement of an item',
  #8404);
#8404 = NEXT_ASSEMBLY_USAGE_OCCURRENCE('9','C3','',#5,#8385,$);
#8405 = PRODUCT_RELATED_PRODUCT_CATEGORY('part',$,(#8387));
#8406 = SHAPE_DEFINITION_REPRESENTATION(#8407,#8413);
#8407 = PRODUCT_DEFINITION_SHAPE('','',#8408);
#8408 = PRODUCT_DEFINITION('design','',#8409,#8412);
#8409 = PRODUCT_DEFINITION_FORMATION('','',#8410);
#8410 = PRODUCT('C_0603_1608Metric','C_0603_1608Metric','',(#8411));
#8411 = PRODUCT_CONTEXT('',#2,'mechanical');
#8412 = PRODUCT_DEFINITION_CONTEXT('part definition',#2,'design');
#8413 = ADVANCED_BREP_SHAPE_REPRESENTATION('',(#11,#8414),#9268);
#8414 = MANIFOLD_SOLID_BREP('',#8415);
#8415 = CLOSED_SHELL('',(#8416,#8492,#8523,#8548,#8573,#8597,#8621,#8646
    ,#8671,#8688,#8774,#8806,#8830,#8855,#8879,#8904,#8928,#8953,#8970,
    #9056,#9087,#9112,#9137,#9161,#9185,#9210,#9235,#9252));
#8416 = ADVANCED_FACE('',(#8417),#8487,.F.);
#8417 = FACE_BOUND('',#8418,.F.);
#8418 = EDGE_LOOP('',(#8419,#8429,#8438,#8446,#8455,#8463,#8472,#8480));
#8419 = ORIENTED_EDGE('',*,*,#8420,.F.);
#8420 = EDGE_CURVE('',#8421,#8423,#8425,.T.);
#8421 = VERTEX_POINT('',#8422);
#8422 = CARTESIAN_POINT('',(-0.8,-0.4,3.E-02));
#8423 = VERTEX_POINT('',#8424);
#8424 = CARTESIAN_POINT('',(-0.8,-0.4,0.77));
#8425 = LINE('',#8426,#8427);
#8426 = CARTESIAN_POINT('',(-0.8,-0.4,0.));
#8427 = VECTOR('',#8428,1.);
#8428 = DIRECTION('',(0.,0.,1.));
#8429 = ORIENTED_EDGE('',*,*,#8430,.T.);
#8430 = EDGE_CURVE('',#8421,#8431,#8433,.T.);
#8431 = VERTEX_POINT('',#8432);
#8432 = CARTESIAN_POINT('',(-0.8,-0.37,0.));
#8433 = CIRCLE('',#8434,3.E-02);
#8434 = AXIS2_PLACEMENT_3D('',#8435,#8436,#8437);
#8435 = CARTESIAN_POINT('',(-0.8,-0.37,3.E-02));
#8436 = DIRECTION('',(1.,0.,-0.));
#8437 = DIRECTION('',(0.,0.,1.));
#8438 = ORIENTED_EDGE('',*,*,#8439,.T.);
#8439 = EDGE_CURVE('',#8431,#8440,#8442,.T.);
#8440 = VERTEX_POINT('',#8441);
#8441 = CARTESIAN_POINT('',(-0.8,0.37,0.));
#8442 = LINE('',#8443,#8444);
#8443 = CARTESIAN_POINT('',(-0.8,-0.4,0.));
#8444 = VECTOR('',#8445,1.);
#8445 = DIRECTION('',(0.,1.,0.));
#8446 = ORIENTED_EDGE('',*,*,#8447,.F.);
#8447 = EDGE_CURVE('',#8448,#8440,#8450,.T.);
#8448 = VERTEX_POINT('',#8449);
#8449 = CARTESIAN_POINT('',(-0.8,0.4,3.E-02));
#8450 = CIRCLE('',#8451,3.E-02);
#8451 = AXIS2_PLACEMENT_3D('',#8452,#8453,#8454);
#8452 = CARTESIAN_POINT('',(-0.8,0.37,3.E-02));
#8453 = DIRECTION('',(-1.,0.,0.));
#8454 = DIRECTION('',(0.,0.,1.));
#8455 = ORIENTED_EDGE('',*,*,#8456,.T.);
#8456 = EDGE_CURVE('',#8448,#8457,#8459,.T.);
#8457 = VERTEX_POINT('',#8458);
#8458 = CARTESIAN_POINT('',(-0.8,0.4,0.77));
#8459 = LINE('',#8460,#8461);
#8460 = CARTESIAN_POINT('',(-0.8,0.4,0.));
#8461 = VECTOR('',#8462,1.);
#8462 = DIRECTION('',(0.,0.,1.));
#8463 = ORIENTED_EDGE('',*,*,#8464,.T.);
#8464 = EDGE_CURVE('',#8457,#8465,#8467,.T.);
#8465 = VERTEX_POINT('',#8466);
#8466 = CARTESIAN_POINT('',(-0.8,0.37,0.8));
#8467 = CIRCLE('',#8468,3.E-02);
#8468 = AXIS2_PLACEMENT_3D('',#8469,#8470,#8471);
#8469 = CARTESIAN_POINT('',(-0.8,0.37,0.77));
#8470 = DIRECTION('',(1.,0.,-0.));
#8471 = DIRECTION('',(0.,0.,1.));
#8472 = ORIENTED_EDGE('',*,*,#8473,.F.);
#8473 = EDGE_CURVE('',#8474,#8465,#8476,.T.);
#8474 = VERTEX_POINT('',#8475);
#8475 = CARTESIAN_POINT('',(-0.8,-0.37,0.8));
#8476 = LINE('',#8477,#8478);
#8477 = CARTESIAN_POINT('',(-0.8,-0.4,0.8));
#8478 = VECTOR('',#8479,1.);
#8479 = DIRECTION('',(0.,1.,0.));
#8480 = ORIENTED_EDGE('',*,*,#8481,.F.);
#8481 = EDGE_CURVE('',#8423,#8474,#8482,.T.);
#8482 = CIRCLE('',#8483,3.E-02);
#8483 = AXIS2_PLACEMENT_3D('',#8484,#8485,#8486);
#8484 = CARTESIAN_POINT('',(-0.8,-0.37,0.77));
#8485 = DIRECTION('',(-1.,0.,0.));
#8486 = DIRECTION('',(0.,0.,1.));
#8487 = PLANE('',#8488);
#8488 = AXIS2_PLACEMENT_3D('',#8489,#8490,#8491);
#8489 = CARTESIAN_POINT('',(-0.8,-0.4,0.));
#8490 = DIRECTION('',(1.,0.,0.));
#8491 = DIRECTION('',(0.,0.,1.));
#8492 = ADVANCED_FACE('',(#8493),#8518,.F.);
#8493 = FACE_BOUND('',#8494,.F.);
#8494 = EDGE_LOOP('',(#8495,#8505,#8511,#8512));
#8495 = ORIENTED_EDGE('',*,*,#8496,.F.);
#8496 = EDGE_CURVE('',#8497,#8499,#8501,.T.);
#8497 = VERTEX_POINT('',#8498);
#8498 = CARTESIAN_POINT('',(-0.5,-0.4,3.E-02));
#8499 = VERTEX_POINT('',#8500);
#8500 = CARTESIAN_POINT('',(-0.5,-0.4,0.77));
#8501 = LINE('',#8502,#8503);
#8502 = CARTESIAN_POINT('',(-0.5,-0.4,0.));
#8503 = VECTOR('',#8504,1.);
#8504 = DIRECTION('',(0.,0.,1.));
#8505 = ORIENTED_EDGE('',*,*,#8506,.F.);
#8506 = EDGE_CURVE('',#8421,#8497,#8507,.T.);
#8507 = LINE('',#8508,#8509);
#8508 = CARTESIAN_POINT('',(-0.8,-0.4,3.E-02));
#8509 = VECTOR('',#8510,1.);
#8510 = DIRECTION('',(1.,0.,0.));
#8511 = ORIENTED_EDGE('',*,*,#8420,.T.);
#8512 = ORIENTED_EDGE('',*,*,#8513,.T.);
#8513 = EDGE_CURVE('',#8423,#8499,#8514,.T.);
#8514 = LINE('',#8515,#8516);
#8515 = CARTESIAN_POINT('',(-0.8,-0.4,0.77));
#8516 = VECTOR('',#8517,1.);
#8517 = DIRECTION('',(1.,0.,0.));
#8518 = PLANE('',#8519);
#8519 = AXIS2_PLACEMENT_3D('',#8520,#8521,#8522);
#8520 = CARTESIAN_POINT('',(-0.8,-0.4,0.));
#8521 = DIRECTION('',(0.,1.,0.));
#8522 = DIRECTION('',(0.,-0.,1.));
#8523 = ADVANCED_FACE('',(#8524),#8543,.T.);
#8524 = FACE_BOUND('',#8525,.T.);
#8525 = EDGE_LOOP('',(#8526,#8527,#8535,#8542));
#8526 = ORIENTED_EDGE('',*,*,#8430,.T.);
#8527 = ORIENTED_EDGE('',*,*,#8528,.T.);
#8528 = EDGE_CURVE('',#8431,#8529,#8531,.T.);
#8529 = VERTEX_POINT('',#8530);
#8530 = CARTESIAN_POINT('',(-0.5,-0.37,0.));
#8531 = LINE('',#8532,#8533);
#8532 = CARTESIAN_POINT('',(-0.8,-0.37,0.));
#8533 = VECTOR('',#8534,1.);
#8534 = DIRECTION('',(1.,0.,0.));
#8535 = ORIENTED_EDGE('',*,*,#8536,.F.);
#8536 = EDGE_CURVE('',#8497,#8529,#8537,.T.);
#8537 = CIRCLE('',#8538,3.E-02);
#8538 = AXIS2_PLACEMENT_3D('',#8539,#8540,#8541);
#8539 = CARTESIAN_POINT('',(-0.5,-0.37,3.E-02));
#8540 = DIRECTION('',(1.,0.,-0.));
#8541 = DIRECTION('',(0.,0.,1.));
#8542 = ORIENTED_EDGE('',*,*,#8506,.F.);
#8543 = CYLINDRICAL_SURFACE('',#8544,3.E-02);
#8544 = AXIS2_PLACEMENT_3D('',#8545,#8546,#8547);
#8545 = CARTESIAN_POINT('',(-0.8,-0.37,3.E-02));
#8546 = DIRECTION('',(1.,0.,0.));
#8547 = DIRECTION('',(0.,-1.,0.));
#8548 = ADVANCED_FACE('',(#8549),#8568,.T.);
#8549 = FACE_BOUND('',#8550,.T.);
#8550 = EDGE_LOOP('',(#8551,#8552,#8561,#8567));
#8551 = ORIENTED_EDGE('',*,*,#8513,.T.);
#8552 = ORIENTED_EDGE('',*,*,#8553,.T.);
#8553 = EDGE_CURVE('',#8499,#8554,#8556,.T.);
#8554 = VERTEX_POINT('',#8555);
#8555 = CARTESIAN_POINT('',(-0.5,-0.37,0.8));
#8556 = CIRCLE('',#8557,3.E-02);
#8557 = AXIS2_PLACEMENT_3D('',#8558,#8559,#8560);
#8558 = CARTESIAN_POINT('',(-0.5,-0.37,0.77));
#8559 = DIRECTION('',(-1.,0.,0.));
#8560 = DIRECTION('',(0.,0.,1.));
#8561 = ORIENTED_EDGE('',*,*,#8562,.F.);
#8562 = EDGE_CURVE('',#8474,#8554,#8563,.T.);
#8563 = LINE('',#8564,#8565);
#8564 = CARTESIAN_POINT('',(-0.8,-0.37,0.8));
#8565 = VECTOR('',#8566,1.);
#8566 = DIRECTION('',(1.,0.,0.));
#8567 = ORIENTED_EDGE('',*,*,#8481,.F.);
#8568 = CYLINDRICAL_SURFACE('',#8569,3.E-02);
#8569 = AXIS2_PLACEMENT_3D('',#8570,#8571,#8572);
#8570 = CARTESIAN_POINT('',(-0.8,-0.37,0.77));
#8571 = DIRECTION('',(1.,0.,0.));
#8572 = DIRECTION('',(0.,-1.,0.));
#8573 = ADVANCED_FACE('',(#8574),#8592,.F.);
#8574 = FACE_BOUND('',#8575,.F.);
#8575 = EDGE_LOOP('',(#8576,#8577,#8578,#8586));
#8576 = ORIENTED_EDGE('',*,*,#8439,.F.);
#8577 = ORIENTED_EDGE('',*,*,#8528,.T.);
#8578 = ORIENTED_EDGE('',*,*,#8579,.T.);
#8579 = EDGE_CURVE('',#8529,#8580,#8582,.T.);
#8580 = VERTEX_POINT('',#8581);
#8581 = CARTESIAN_POINT('',(-0.5,0.37,0.));
#8582 = LINE('',#8583,#8584);
#8583 = CARTESIAN_POINT('',(-0.5,-0.4,0.));
#8584 = VECTOR('',#8585,1.);
#8585 = DIRECTION('',(0.,1.,0.));
#8586 = ORIENTED_EDGE('',*,*,#8587,.F.);
#8587 = EDGE_CURVE('',#8440,#8580,#8588,.T.);
#8588 = LINE('',#8589,#8590);
#8589 = CARTESIAN_POINT('',(-0.8,0.37,0.));
#8590 = VECTOR('',#8591,1.);
#8591 = DIRECTION('',(1.,0.,0.));
#8592 = PLANE('',#8593);
#8593 = AXIS2_PLACEMENT_3D('',#8594,#8595,#8596);
#8594 = CARTESIAN_POINT('',(-0.8,-0.4,0.));
#8595 = DIRECTION('',(0.,0.,1.));
#8596 = DIRECTION('',(1.,0.,-0.));
#8597 = ADVANCED_FACE('',(#8598),#8616,.T.);
#8598 = FACE_BOUND('',#8599,.T.);
#8599 = EDGE_LOOP('',(#8600,#8601,#8602,#8610));
#8600 = ORIENTED_EDGE('',*,*,#8473,.F.);
#8601 = ORIENTED_EDGE('',*,*,#8562,.T.);
#8602 = ORIENTED_EDGE('',*,*,#8603,.T.);
#8603 = EDGE_CURVE('',#8554,#8604,#8606,.T.);
#8604 = VERTEX_POINT('',#8605);
#8605 = CARTESIAN_POINT('',(-0.5,0.37,0.8));
#8606 = LINE('',#8607,#8608);
#8607 = CARTESIAN_POINT('',(-0.5,-0.4,0.8));
#8608 = VECTOR('',#8609,1.);
#8609 = DIRECTION('',(0.,1.,0.));
#8610 = ORIENTED_EDGE('',*,*,#8611,.F.);
#8611 = EDGE_CURVE('',#8465,#8604,#8612,.T.);
#8612 = LINE('',#8613,#8614);
#8613 = CARTESIAN_POINT('',(-0.8,0.37,0.8));
#8614 = VECTOR('',#8615,1.);
#8615 = DIRECTION('',(1.,0.,0.));
#8616 = PLANE('',#8617);
#8617 = AXIS2_PLACEMENT_3D('',#8618,#8619,#8620);
#8618 = CARTESIAN_POINT('',(-0.8,-0.4,0.8));
#8619 = DIRECTION('',(0.,0.,1.));
#8620 = DIRECTION('',(1.,0.,-0.));
#8621 = ADVANCED_FACE('',(#8622),#8641,.T.);
#8622 = FACE_BOUND('',#8623,.T.);
#8623 = EDGE_LOOP('',(#8624,#8632,#8639,#8640));
#8624 = ORIENTED_EDGE('',*,*,#8625,.T.);
#8625 = EDGE_CURVE('',#8448,#8626,#8628,.T.);
#8626 = VERTEX_POINT('',#8627);
#8627 = CARTESIAN_POINT('',(-0.5,0.4,3.E-02));
#8628 = LINE('',#8629,#8630);
#8629 = CARTESIAN_POINT('',(-0.8,0.4,3.E-02));
#8630 = VECTOR('',#8631,1.);
#8631 = DIRECTION('',(1.,0.,0.));
#8632 = ORIENTED_EDGE('',*,*,#8633,.T.);
#8633 = EDGE_CURVE('',#8626,#8580,#8634,.T.);
#8634 = CIRCLE('',#8635,3.E-02);
#8635 = AXIS2_PLACEMENT_3D('',#8636,#8637,#8638);
#8636 = CARTESIAN_POINT('',(-0.5,0.37,3.E-02));
#8637 = DIRECTION('',(-1.,0.,0.));
#8638 = DIRECTION('',(0.,0.,1.));
#8639 = ORIENTED_EDGE('',*,*,#8587,.F.);
#8640 = ORIENTED_EDGE('',*,*,#8447,.F.);
#8641 = CYLINDRICAL_SURFACE('',#8642,3.E-02);
#8642 = AXIS2_PLACEMENT_3D('',#8643,#8644,#8645);
#8643 = CARTESIAN_POINT('',(-0.8,0.37,3.E-02));
#8644 = DIRECTION('',(1.,0.,0.));
#8645 = DIRECTION('',(-0.,1.,0.));
#8646 = ADVANCED_FACE('',(#8647),#8666,.T.);
#8647 = FACE_BOUND('',#8648,.T.);
#8648 = EDGE_LOOP('',(#8649,#8650,#8651,#8660));
#8649 = ORIENTED_EDGE('',*,*,#8464,.T.);
#8650 = ORIENTED_EDGE('',*,*,#8611,.T.);
#8651 = ORIENTED_EDGE('',*,*,#8652,.F.);
#8652 = EDGE_CURVE('',#8653,#8604,#8655,.T.);
#8653 = VERTEX_POINT('',#8654);
#8654 = CARTESIAN_POINT('',(-0.5,0.4,0.77));
#8655 = CIRCLE('',#8656,3.E-02);
#8656 = AXIS2_PLACEMENT_3D('',#8657,#8658,#8659);
#8657 = CARTESIAN_POINT('',(-0.5,0.37,0.77));
#8658 = DIRECTION('',(1.,0.,-0.));
#8659 = DIRECTION('',(0.,0.,1.));
#8660 = ORIENTED_EDGE('',*,*,#8661,.F.);
#8661 = EDGE_CURVE('',#8457,#8653,#8662,.T.);
#8662 = LINE('',#8663,#8664);
#8663 = CARTESIAN_POINT('',(-0.8,0.4,0.77));
#8664 = VECTOR('',#8665,1.);
#8665 = DIRECTION('',(1.,0.,0.));
#8666 = CYLINDRICAL_SURFACE('',#8667,3.E-02);
#8667 = AXIS2_PLACEMENT_3D('',#8668,#8669,#8670);
#8668 = CARTESIAN_POINT('',(-0.8,0.37,0.77));
#8669 = DIRECTION('',(1.,0.,0.));
#8670 = DIRECTION('',(-0.,1.,0.));
#8671 = ADVANCED_FACE('',(#8672),#8683,.T.);
#8672 = FACE_BOUND('',#8673,.T.);
#8673 = EDGE_LOOP('',(#8674,#8680,#8681,#8682));
#8674 = ORIENTED_EDGE('',*,*,#8675,.F.);
#8675 = EDGE_CURVE('',#8626,#8653,#8676,.T.);
#8676 = LINE('',#8677,#8678);
#8677 = CARTESIAN_POINT('',(-0.5,0.4,0.));
#8678 = VECTOR('',#8679,1.);
#8679 = DIRECTION('',(0.,0.,1.));
#8680 = ORIENTED_EDGE('',*,*,#8625,.F.);
#8681 = ORIENTED_EDGE('',*,*,#8456,.T.);
#8682 = ORIENTED_EDGE('',*,*,#8661,.T.);
#8683 = PLANE('',#8684);
#8684 = AXIS2_PLACEMENT_3D('',#8685,#8686,#8687);
#8685 = CARTESIAN_POINT('',(-0.8,0.4,0.));
#8686 = DIRECTION('',(0.,1.,0.));
#8687 = DIRECTION('',(0.,-0.,1.));
#8688 = ADVANCED_FACE('',(#8689,#8699),#8769,.T.);
#8689 = FACE_BOUND('',#8690,.T.);
#8690 = EDGE_LOOP('',(#8691,#8692,#8693,#8694,#8695,#8696,#8697,#8698));
#8691 = ORIENTED_EDGE('',*,*,#8496,.F.);
#8692 = ORIENTED_EDGE('',*,*,#8536,.T.);
#8693 = ORIENTED_EDGE('',*,*,#8579,.T.);
#8694 = ORIENTED_EDGE('',*,*,#8633,.F.);
#8695 = ORIENTED_EDGE('',*,*,#8675,.T.);
#8696 = ORIENTED_EDGE('',*,*,#8652,.T.);
#8697 = ORIENTED_EDGE('',*,*,#8603,.F.);
#8698 = ORIENTED_EDGE('',*,*,#8553,.F.);
#8699 = FACE_BOUND('',#8700,.T.);
#8700 = EDGE_LOOP('',(#8701,#8712,#8720,#8729,#8737,#8746,#8754,#8763));
#8701 = ORIENTED_EDGE('',*,*,#8702,.F.);
#8702 = EDGE_CURVE('',#8703,#8705,#8707,.T.);
#8703 = VERTEX_POINT('',#8704);
#8704 = CARTESIAN_POINT('',(-0.5,-0.37,6.E-02));
#8705 = VERTEX_POINT('',#8706);
#8706 = CARTESIAN_POINT('',(-0.5,-0.34,3.E-02));
#8707 = CIRCLE('',#8708,3.E-02);
#8708 = AXIS2_PLACEMENT_3D('',#8709,#8710,#8711);
#8709 = CARTESIAN_POINT('',(-0.5,-0.34,6.E-02));
#8710 = DIRECTION('',(1.,0.,-0.));
#8711 = DIRECTION('',(0.,0.,1.));
#8712 = ORIENTED_EDGE('',*,*,#8713,.T.);
#8713 = EDGE_CURVE('',#8703,#8714,#8716,.T.);
#8714 = VERTEX_POINT('',#8715);
#8715 = CARTESIAN_POINT('',(-0.5,-0.37,0.74));
#8716 = LINE('',#8717,#8718);
#8717 = CARTESIAN_POINT('',(-0.5,-0.37,3.E-02));
#8718 = VECTOR('',#8719,1.);
#8719 = DIRECTION('',(0.,0.,1.));
#8720 = ORIENTED_EDGE('',*,*,#8721,.T.);
#8721 = EDGE_CURVE('',#8714,#8722,#8724,.T.);
#8722 = VERTEX_POINT('',#8723);
#8723 = CARTESIAN_POINT('',(-0.5,-0.34,0.77));
#8724 = CIRCLE('',#8725,3.E-02);
#8725 = AXIS2_PLACEMENT_3D('',#8726,#8727,#8728);
#8726 = CARTESIAN_POINT('',(-0.5,-0.34,0.74));
#8727 = DIRECTION('',(-1.,0.,0.));
#8728 = DIRECTION('',(0.,0.,1.));
#8729 = ORIENTED_EDGE('',*,*,#8730,.T.);
#8730 = EDGE_CURVE('',#8722,#8731,#8733,.T.);
#8731 = VERTEX_POINT('',#8732);
#8732 = CARTESIAN_POINT('',(-0.5,0.34,0.77));
#8733 = LINE('',#8734,#8735);
#8734 = CARTESIAN_POINT('',(-0.5,-0.37,0.77));
#8735 = VECTOR('',#8736,1.);
#8736 = DIRECTION('',(0.,1.,0.));
#8737 = ORIENTED_EDGE('',*,*,#8738,.F.);
#8738 = EDGE_CURVE('',#8739,#8731,#8741,.T.);
#8739 = VERTEX_POINT('',#8740);
#8740 = CARTESIAN_POINT('',(-0.5,0.37,0.74));
#8741 = CIRCLE('',#8742,3.E-02);
#8742 = AXIS2_PLACEMENT_3D('',#8743,#8744,#8745);
#8743 = CARTESIAN_POINT('',(-0.5,0.34,0.74));
#8744 = DIRECTION('',(1.,0.,-0.));
#8745 = DIRECTION('',(0.,0.,1.));
#8746 = ORIENTED_EDGE('',*,*,#8747,.F.);
#8747 = EDGE_CURVE('',#8748,#8739,#8750,.T.);
#8748 = VERTEX_POINT('',#8749);
#8749 = CARTESIAN_POINT('',(-0.5,0.37,6.E-02));
#8750 = LINE('',#8751,#8752);
#8751 = CARTESIAN_POINT('',(-0.5,0.37,3.E-02));
#8752 = VECTOR('',#8753,1.);
#8753 = DIRECTION('',(0.,0.,1.));
#8754 = ORIENTED_EDGE('',*,*,#8755,.T.);
#8755 = EDGE_CURVE('',#8748,#8756,#8758,.T.);
#8756 = VERTEX_POINT('',#8757);
#8757 = CARTESIAN_POINT('',(-0.5,0.34,3.E-02));
#8758 = CIRCLE('',#8759,3.E-02);
#8759 = AXIS2_PLACEMENT_3D('',#8760,#8761,#8762);
#8760 = CARTESIAN_POINT('',(-0.5,0.34,6.E-02));
#8761 = DIRECTION('',(-1.,0.,0.));
#8762 = DIRECTION('',(0.,0.,1.));
#8763 = ORIENTED_EDGE('',*,*,#8764,.F.);
#8764 = EDGE_CURVE('',#8705,#8756,#8765,.T.);
#8765 = LINE('',#8766,#8767);
#8766 = CARTESIAN_POINT('',(-0.5,-0.37,3.E-02));
#8767 = VECTOR('',#8768,1.);
#8768 = DIRECTION('',(0.,1.,0.));
#8769 = PLANE('',#8770);
#8770 = AXIS2_PLACEMENT_3D('',#8771,#8772,#8773);
#8771 = CARTESIAN_POINT('',(-0.5,-0.4,0.));
#8772 = DIRECTION('',(1.,0.,0.));
#8773 = DIRECTION('',(0.,0.,1.));
#8774 = ADVANCED_FACE('',(#8775),#8801,.T.);
#8775 = FACE_BOUND('',#8776,.T.);
#8776 = EDGE_LOOP('',(#8777,#8778,#8786,#8795));
#8777 = ORIENTED_EDGE('',*,*,#8702,.T.);
#8778 = ORIENTED_EDGE('',*,*,#8779,.T.);
#8779 = EDGE_CURVE('',#8705,#8780,#8782,.T.);
#8780 = VERTEX_POINT('',#8781);
#8781 = CARTESIAN_POINT('',(0.5,-0.34,3.E-02));
#8782 = LINE('',#8783,#8784);
#8783 = CARTESIAN_POINT('',(-0.5,-0.34,3.E-02));
#8784 = VECTOR('',#8785,1.);
#8785 = DIRECTION('',(1.,0.,0.));
#8786 = ORIENTED_EDGE('',*,*,#8787,.F.);
#8787 = EDGE_CURVE('',#8788,#8780,#8790,.T.);
#8788 = VERTEX_POINT('',#8789);
#8789 = CARTESIAN_POINT('',(0.5,-0.37,6.E-02));
#8790 = CIRCLE('',#8791,3.E-02);
#8791 = AXIS2_PLACEMENT_3D('',#8792,#8793,#8794);
#8792 = CARTESIAN_POINT('',(0.5,-0.34,6.E-02));
#8793 = DIRECTION('',(1.,0.,-0.));
#8794 = DIRECTION('',(0.,0.,1.));
#8795 = ORIENTED_EDGE('',*,*,#8796,.F.);
#8796 = EDGE_CURVE('',#8703,#8788,#8797,.T.);
#8797 = LINE('',#8798,#8799);
#8798 = CARTESIAN_POINT('',(-0.5,-0.37,6.E-02));
#8799 = VECTOR('',#8800,1.);
#8800 = DIRECTION('',(1.,0.,0.));
#8801 = CYLINDRICAL_SURFACE('',#8802,3.E-02);
#8802 = AXIS2_PLACEMENT_3D('',#8803,#8804,#8805);
#8803 = CARTESIAN_POINT('',(-0.5,-0.34,6.E-02));
#8804 = DIRECTION('',(1.,0.,0.));
#8805 = DIRECTION('',(0.,-1.,0.));
#8806 = ADVANCED_FACE('',(#8807),#8825,.F.);
#8807 = FACE_BOUND('',#8808,.F.);
#8808 = EDGE_LOOP('',(#8809,#8810,#8811,#8819));
#8809 = ORIENTED_EDGE('',*,*,#8764,.F.);
#8810 = ORIENTED_EDGE('',*,*,#8779,.T.);
#8811 = ORIENTED_EDGE('',*,*,#8812,.T.);
#8812 = EDGE_CURVE('',#8780,#8813,#8815,.T.);
#8813 = VERTEX_POINT('',#8814);
#8814 = CARTESIAN_POINT('',(0.5,0.34,3.E-02));
#8815 = LINE('',#8816,#8817);
#8816 = CARTESIAN_POINT('',(0.5,-0.37,3.E-02));
#8817 = VECTOR('',#8818,1.);
#8818 = DIRECTION('',(0.,1.,0.));
#8819 = ORIENTED_EDGE('',*,*,#8820,.F.);
#8820 = EDGE_CURVE('',#8756,#8813,#8821,.T.);
#8821 = LINE('',#8822,#8823);
#8822 = CARTESIAN_POINT('',(-0.5,0.34,3.E-02));
#8823 = VECTOR('',#8824,1.);
#8824 = DIRECTION('',(1.,0.,0.));
#8825 = PLANE('',#8826);
#8826 = AXIS2_PLACEMENT_3D('',#8827,#8828,#8829);
#8827 = CARTESIAN_POINT('',(-0.5,-0.37,3.E-02));
#8828 = DIRECTION('',(0.,0.,1.));
#8829 = DIRECTION('',(1.,0.,-0.));
#8830 = ADVANCED_FACE('',(#8831),#8850,.T.);
#8831 = FACE_BOUND('',#8832,.T.);
#8832 = EDGE_LOOP('',(#8833,#8841,#8848,#8849));
#8833 = ORIENTED_EDGE('',*,*,#8834,.T.);
#8834 = EDGE_CURVE('',#8748,#8835,#8837,.T.);
#8835 = VERTEX_POINT('',#8836);
#8836 = CARTESIAN_POINT('',(0.5,0.37,6.E-02));
#8837 = LINE('',#8838,#8839);
#8838 = CARTESIAN_POINT('',(-0.5,0.37,6.E-02));
#8839 = VECTOR('',#8840,1.);
#8840 = DIRECTION('',(1.,0.,0.));
#8841 = ORIENTED_EDGE('',*,*,#8842,.T.);
#8842 = EDGE_CURVE('',#8835,#8813,#8843,.T.);
#8843 = CIRCLE('',#8844,3.E-02);
#8844 = AXIS2_PLACEMENT_3D('',#8845,#8846,#8847);
#8845 = CARTESIAN_POINT('',(0.5,0.34,6.E-02));
#8846 = DIRECTION('',(-1.,0.,0.));
#8847 = DIRECTION('',(0.,0.,1.));
#8848 = ORIENTED_EDGE('',*,*,#8820,.F.);
#8849 = ORIENTED_EDGE('',*,*,#8755,.F.);
#8850 = CYLINDRICAL_SURFACE('',#8851,3.E-02);
#8851 = AXIS2_PLACEMENT_3D('',#8852,#8853,#8854);
#8852 = CARTESIAN_POINT('',(-0.5,0.34,6.E-02));
#8853 = DIRECTION('',(1.,0.,0.));
#8854 = DIRECTION('',(-0.,1.,0.));
#8855 = ADVANCED_FACE('',(#8856),#8874,.T.);
#8856 = FACE_BOUND('',#8857,.T.);
#8857 = EDGE_LOOP('',(#8858,#8866,#8867,#8868));
#8858 = ORIENTED_EDGE('',*,*,#8859,.F.);
#8859 = EDGE_CURVE('',#8835,#8860,#8862,.T.);
#8860 = VERTEX_POINT('',#8861);
#8861 = CARTESIAN_POINT('',(0.5,0.37,0.74));
#8862 = LINE('',#8863,#8864);
#8863 = CARTESIAN_POINT('',(0.5,0.37,3.E-02));
#8864 = VECTOR('',#8865,1.);
#8865 = DIRECTION('',(0.,0.,1.));
#8866 = ORIENTED_EDGE('',*,*,#8834,.F.);
#8867 = ORIENTED_EDGE('',*,*,#8747,.T.);
#8868 = ORIENTED_EDGE('',*,*,#8869,.T.);
#8869 = EDGE_CURVE('',#8739,#8860,#8870,.T.);
#8870 = LINE('',#8871,#8872);
#8871 = CARTESIAN_POINT('',(-0.5,0.37,0.74));
#8872 = VECTOR('',#8873,1.);
#8873 = DIRECTION('',(1.,0.,0.));
#8874 = PLANE('',#8875);
#8875 = AXIS2_PLACEMENT_3D('',#8876,#8877,#8878);
#8876 = CARTESIAN_POINT('',(-0.5,0.37,3.E-02));
#8877 = DIRECTION('',(0.,1.,0.));
#8878 = DIRECTION('',(0.,-0.,1.));
#8879 = ADVANCED_FACE('',(#8880),#8899,.T.);
#8880 = FACE_BOUND('',#8881,.T.);
#8881 = EDGE_LOOP('',(#8882,#8883,#8891,#8898));
#8882 = ORIENTED_EDGE('',*,*,#8738,.T.);
#8883 = ORIENTED_EDGE('',*,*,#8884,.T.);
#8884 = EDGE_CURVE('',#8731,#8885,#8887,.T.);
#8885 = VERTEX_POINT('',#8886);
#8886 = CARTESIAN_POINT('',(0.5,0.34,0.77));
#8887 = LINE('',#8888,#8889);
#8888 = CARTESIAN_POINT('',(-0.5,0.34,0.77));
#8889 = VECTOR('',#8890,1.);
#8890 = DIRECTION('',(1.,0.,0.));
#8891 = ORIENTED_EDGE('',*,*,#8892,.F.);
#8892 = EDGE_CURVE('',#8860,#8885,#8893,.T.);
#8893 = CIRCLE('',#8894,3.E-02);
#8894 = AXIS2_PLACEMENT_3D('',#8895,#8896,#8897);
#8895 = CARTESIAN_POINT('',(0.5,0.34,0.74));
#8896 = DIRECTION('',(1.,0.,-0.));
#8897 = DIRECTION('',(0.,0.,1.));
#8898 = ORIENTED_EDGE('',*,*,#8869,.F.);
#8899 = CYLINDRICAL_SURFACE('',#8900,3.E-02);
#8900 = AXIS2_PLACEMENT_3D('',#8901,#8902,#8903);
#8901 = CARTESIAN_POINT('',(-0.5,0.34,0.74));
#8902 = DIRECTION('',(1.,0.,0.));
#8903 = DIRECTION('',(-0.,1.,0.));
#8904 = ADVANCED_FACE('',(#8905),#8923,.T.);
#8905 = FACE_BOUND('',#8906,.T.);
#8906 = EDGE_LOOP('',(#8907,#8908,#8916,#8922));
#8907 = ORIENTED_EDGE('',*,*,#8730,.F.);
#8908 = ORIENTED_EDGE('',*,*,#8909,.T.);
#8909 = EDGE_CURVE('',#8722,#8910,#8912,.T.);
#8910 = VERTEX_POINT('',#8911);
#8911 = CARTESIAN_POINT('',(0.5,-0.34,0.77));
#8912 = LINE('',#8913,#8914);
#8913 = CARTESIAN_POINT('',(-0.5,-0.34,0.77));
#8914 = VECTOR('',#8915,1.);
#8915 = DIRECTION('',(1.,0.,0.));
#8916 = ORIENTED_EDGE('',*,*,#8917,.T.);
#8917 = EDGE_CURVE('',#8910,#8885,#8918,.T.);
#8918 = LINE('',#8919,#8920);
#8919 = CARTESIAN_POINT('',(0.5,-0.37,0.77));
#8920 = VECTOR('',#8921,1.);
#8921 = DIRECTION('',(0.,1.,0.));
#8922 = ORIENTED_EDGE('',*,*,#8884,.F.);
#8923 = PLANE('',#8924);
#8924 = AXIS2_PLACEMENT_3D('',#8925,#8926,#8927);
#8925 = CARTESIAN_POINT('',(-0.5,-0.37,0.77));
#8926 = DIRECTION('',(0.,0.,1.));
#8927 = DIRECTION('',(1.,0.,-0.));
#8928 = ADVANCED_FACE('',(#8929),#8948,.T.);
#8929 = FACE_BOUND('',#8930,.T.);
#8930 = EDGE_LOOP('',(#8931,#8939,#8946,#8947));
#8931 = ORIENTED_EDGE('',*,*,#8932,.T.);
#8932 = EDGE_CURVE('',#8714,#8933,#8935,.T.);
#8933 = VERTEX_POINT('',#8934);
#8934 = CARTESIAN_POINT('',(0.5,-0.37,0.74));
#8935 = LINE('',#8936,#8937);
#8936 = CARTESIAN_POINT('',(-0.5,-0.37,0.74));
#8937 = VECTOR('',#8938,1.);
#8938 = DIRECTION('',(1.,0.,0.));
#8939 = ORIENTED_EDGE('',*,*,#8940,.T.);
#8940 = EDGE_CURVE('',#8933,#8910,#8941,.T.);
#8941 = CIRCLE('',#8942,3.E-02);
#8942 = AXIS2_PLACEMENT_3D('',#8943,#8944,#8945);
#8943 = CARTESIAN_POINT('',(0.5,-0.34,0.74));
#8944 = DIRECTION('',(-1.,0.,0.));
#8945 = DIRECTION('',(0.,0.,1.));
#8946 = ORIENTED_EDGE('',*,*,#8909,.F.);
#8947 = ORIENTED_EDGE('',*,*,#8721,.F.);
#8948 = CYLINDRICAL_SURFACE('',#8949,3.E-02);
#8949 = AXIS2_PLACEMENT_3D('',#8950,#8951,#8952);
#8950 = CARTESIAN_POINT('',(-0.5,-0.34,0.74));
#8951 = DIRECTION('',(1.,0.,0.));
#8952 = DIRECTION('',(0.,-1.,0.));
#8953 = ADVANCED_FACE('',(#8954),#8965,.F.);
#8954 = FACE_BOUND('',#8955,.F.);
#8955 = EDGE_LOOP('',(#8956,#8962,#8963,#8964));
#8956 = ORIENTED_EDGE('',*,*,#8957,.F.);
#8957 = EDGE_CURVE('',#8788,#8933,#8958,.T.);
#8958 = LINE('',#8959,#8960);
#8959 = CARTESIAN_POINT('',(0.5,-0.37,3.E-02));
#8960 = VECTOR('',#8961,1.);
#8961 = DIRECTION('',(0.,0.,1.));
#8962 = ORIENTED_EDGE('',*,*,#8796,.F.);
#8963 = ORIENTED_EDGE('',*,*,#8713,.T.);
#8964 = ORIENTED_EDGE('',*,*,#8932,.T.);
#8965 = PLANE('',#8966);
#8966 = AXIS2_PLACEMENT_3D('',#8967,#8968,#8969);
#8967 = CARTESIAN_POINT('',(-0.5,-0.37,3.E-02));
#8968 = DIRECTION('',(0.,1.,0.));
#8969 = DIRECTION('',(0.,-0.,1.));
#8970 = ADVANCED_FACE('',(#8971,#9041),#9051,.F.);
#8971 = FACE_BOUND('',#8972,.F.);
#8972 = EDGE_LOOP('',(#8973,#8983,#8992,#9000,#9009,#9017,#9026,#9034));
#8973 = ORIENTED_EDGE('',*,*,#8974,.F.);
#8974 = EDGE_CURVE('',#8975,#8977,#8979,.T.);
#8975 = VERTEX_POINT('',#8976);
#8976 = CARTESIAN_POINT('',(0.5,-0.4,3.E-02));
#8977 = VERTEX_POINT('',#8978);
#8978 = CARTESIAN_POINT('',(0.5,-0.4,0.77));
#8979 = LINE('',#8980,#8981);
#8980 = CARTESIAN_POINT('',(0.5,-0.4,0.));
#8981 = VECTOR('',#8982,1.);
#8982 = DIRECTION('',(0.,0.,1.));
#8983 = ORIENTED_EDGE('',*,*,#8984,.T.);
#8984 = EDGE_CURVE('',#8975,#8985,#8987,.T.);
#8985 = VERTEX_POINT('',#8986);
#8986 = CARTESIAN_POINT('',(0.5,-0.37,0.));
#8987 = CIRCLE('',#8988,3.E-02);
#8988 = AXIS2_PLACEMENT_3D('',#8989,#8990,#8991);
#8989 = CARTESIAN_POINT('',(0.5,-0.37,3.E-02));
#8990 = DIRECTION('',(1.,0.,-0.));
#8991 = DIRECTION('',(0.,0.,1.));
#8992 = ORIENTED_EDGE('',*,*,#8993,.T.);
#8993 = EDGE_CURVE('',#8985,#8994,#8996,.T.);
#8994 = VERTEX_POINT('',#8995);
#8995 = CARTESIAN_POINT('',(0.5,0.37,0.));
#8996 = LINE('',#8997,#8998);
#8997 = CARTESIAN_POINT('',(0.5,-0.4,0.));
#8998 = VECTOR('',#8999,1.);
#8999 = DIRECTION('',(0.,1.,0.));
#9000 = ORIENTED_EDGE('',*,*,#9001,.F.);
#9001 = EDGE_CURVE('',#9002,#8994,#9004,.T.);
#9002 = VERTEX_POINT('',#9003);
#9003 = CARTESIAN_POINT('',(0.5,0.4,3.E-02));
#9004 = CIRCLE('',#9005,3.E-02);
#9005 = AXIS2_PLACEMENT_3D('',#9006,#9007,#9008);
#9006 = CARTESIAN_POINT('',(0.5,0.37,3.E-02));
#9007 = DIRECTION('',(-1.,0.,0.));
#9008 = DIRECTION('',(0.,0.,1.));
#9009 = ORIENTED_EDGE('',*,*,#9010,.T.);
#9010 = EDGE_CURVE('',#9002,#9011,#9013,.T.);
#9011 = VERTEX_POINT('',#9012);
#9012 = CARTESIAN_POINT('',(0.5,0.4,0.77));
#9013 = LINE('',#9014,#9015);
#9014 = CARTESIAN_POINT('',(0.5,0.4,0.));
#9015 = VECTOR('',#9016,1.);
#9016 = DIRECTION('',(0.,0.,1.));
#9017 = ORIENTED_EDGE('',*,*,#9018,.T.);
#9018 = EDGE_CURVE('',#9011,#9019,#9021,.T.);
#9019 = VERTEX_POINT('',#9020);
#9020 = CARTESIAN_POINT('',(0.5,0.37,0.8));
#9021 = CIRCLE('',#9022,3.E-02);
#9022 = AXIS2_PLACEMENT_3D('',#9023,#9024,#9025);
#9023 = CARTESIAN_POINT('',(0.5,0.37,0.77));
#9024 = DIRECTION('',(1.,0.,-0.));
#9025 = DIRECTION('',(0.,0.,1.));
#9026 = ORIENTED_EDGE('',*,*,#9027,.F.);
#9027 = EDGE_CURVE('',#9028,#9019,#9030,.T.);
#9028 = VERTEX_POINT('',#9029);
#9029 = CARTESIAN_POINT('',(0.5,-0.37,0.8));
#9030 = LINE('',#9031,#9032);
#9031 = CARTESIAN_POINT('',(0.5,-0.4,0.8));
#9032 = VECTOR('',#9033,1.);
#9033 = DIRECTION('',(0.,1.,0.));
#9034 = ORIENTED_EDGE('',*,*,#9035,.F.);
#9035 = EDGE_CURVE('',#8977,#9028,#9036,.T.);
#9036 = CIRCLE('',#9037,3.E-02);
#9037 = AXIS2_PLACEMENT_3D('',#9038,#9039,#9040);
#9038 = CARTESIAN_POINT('',(0.5,-0.37,0.77));
#9039 = DIRECTION('',(-1.,0.,0.));
#9040 = DIRECTION('',(0.,0.,1.));
#9041 = FACE_BOUND('',#9042,.F.);
#9042 = EDGE_LOOP('',(#9043,#9044,#9045,#9046,#9047,#9048,#9049,#9050));
#9043 = ORIENTED_EDGE('',*,*,#8787,.F.);
#9044 = ORIENTED_EDGE('',*,*,#8957,.T.);
#9045 = ORIENTED_EDGE('',*,*,#8940,.T.);
#9046 = ORIENTED_EDGE('',*,*,#8917,.T.);
#9047 = ORIENTED_EDGE('',*,*,#8892,.F.);
#9048 = ORIENTED_EDGE('',*,*,#8859,.F.);
#9049 = ORIENTED_EDGE('',*,*,#8842,.T.);
#9050 = ORIENTED_EDGE('',*,*,#8812,.F.);
#9051 = PLANE('',#9052);
#9052 = AXIS2_PLACEMENT_3D('',#9053,#9054,#9055);
#9053 = CARTESIAN_POINT('',(0.5,-0.4,0.));
#9054 = DIRECTION('',(1.,0.,0.));
#9055 = DIRECTION('',(0.,0.,1.));
#9056 = ADVANCED_FACE('',(#9057),#9082,.F.);
#9057 = FACE_BOUND('',#9058,.F.);
#9058 = EDGE_LOOP('',(#9059,#9069,#9075,#9076));
#9059 = ORIENTED_EDGE('',*,*,#9060,.F.);
#9060 = EDGE_CURVE('',#9061,#9063,#9065,.T.);
#9061 = VERTEX_POINT('',#9062);
#9062 = CARTESIAN_POINT('',(0.8,-0.4,3.E-02));
#9063 = VERTEX_POINT('',#9064);
#9064 = CARTESIAN_POINT('',(0.8,-0.4,0.77));
#9065 = LINE('',#9066,#9067);
#9066 = CARTESIAN_POINT('',(0.8,-0.4,0.));
#9067 = VECTOR('',#9068,1.);
#9068 = DIRECTION('',(0.,0.,1.));
#9069 = ORIENTED_EDGE('',*,*,#9070,.F.);
#9070 = EDGE_CURVE('',#8975,#9061,#9071,.T.);
#9071 = LINE('',#9072,#9073);
#9072 = CARTESIAN_POINT('',(0.5,-0.4,3.E-02));
#9073 = VECTOR('',#9074,1.);
#9074 = DIRECTION('',(1.,0.,0.));
#9075 = ORIENTED_EDGE('',*,*,#8974,.T.);
#9076 = ORIENTED_EDGE('',*,*,#9077,.T.);
#9077 = EDGE_CURVE('',#8977,#9063,#9078,.T.);
#9078 = LINE('',#9079,#9080);
#9079 = CARTESIAN_POINT('',(0.5,-0.4,0.77));
#9080 = VECTOR('',#9081,1.);
#9081 = DIRECTION('',(1.,0.,0.));
#9082 = PLANE('',#9083);
#9083 = AXIS2_PLACEMENT_3D('',#9084,#9085,#9086);
#9084 = CARTESIAN_POINT('',(0.5,-0.4,0.));
#9085 = DIRECTION('',(0.,1.,0.));
#9086 = DIRECTION('',(0.,-0.,1.));
#9087 = ADVANCED_FACE('',(#9088),#9107,.T.);
#9088 = FACE_BOUND('',#9089,.T.);
#9089 = EDGE_LOOP('',(#9090,#9091,#9099,#9106));
#9090 = ORIENTED_EDGE('',*,*,#8984,.T.);
#9091 = ORIENTED_EDGE('',*,*,#9092,.T.);
#9092 = EDGE_CURVE('',#8985,#9093,#9095,.T.);
#9093 = VERTEX_POINT('',#9094);
#9094 = CARTESIAN_POINT('',(0.8,-0.37,0.));
#9095 = LINE('',#9096,#9097);
#9096 = CARTESIAN_POINT('',(0.5,-0.37,0.));
#9097 = VECTOR('',#9098,1.);
#9098 = DIRECTION('',(1.,0.,0.));
#9099 = ORIENTED_EDGE('',*,*,#9100,.F.);
#9100 = EDGE_CURVE('',#9061,#9093,#9101,.T.);
#9101 = CIRCLE('',#9102,3.E-02);
#9102 = AXIS2_PLACEMENT_3D('',#9103,#9104,#9105);
#9103 = CARTESIAN_POINT('',(0.8,-0.37,3.E-02));
#9104 = DIRECTION('',(1.,0.,-0.));
#9105 = DIRECTION('',(0.,0.,1.));
#9106 = ORIENTED_EDGE('',*,*,#9070,.F.);
#9107 = CYLINDRICAL_SURFACE('',#9108,3.E-02);
#9108 = AXIS2_PLACEMENT_3D('',#9109,#9110,#9111);
#9109 = CARTESIAN_POINT('',(0.5,-0.37,3.E-02));
#9110 = DIRECTION('',(1.,0.,0.));
#9111 = DIRECTION('',(0.,-1.,0.));
#9112 = ADVANCED_FACE('',(#9113),#9132,.T.);
#9113 = FACE_BOUND('',#9114,.T.);
#9114 = EDGE_LOOP('',(#9115,#9116,#9125,#9131));
#9115 = ORIENTED_EDGE('',*,*,#9077,.T.);
#9116 = ORIENTED_EDGE('',*,*,#9117,.T.);
#9117 = EDGE_CURVE('',#9063,#9118,#9120,.T.);
#9118 = VERTEX_POINT('',#9119);
#9119 = CARTESIAN_POINT('',(0.8,-0.37,0.8));
#9120 = CIRCLE('',#9121,3.E-02);
#9121 = AXIS2_PLACEMENT_3D('',#9122,#9123,#9124);
#9122 = CARTESIAN_POINT('',(0.8,-0.37,0.77));
#9123 = DIRECTION('',(-1.,0.,0.));
#9124 = DIRECTION('',(0.,0.,1.));
#9125 = ORIENTED_EDGE('',*,*,#9126,.F.);
#9126 = EDGE_CURVE('',#9028,#9118,#9127,.T.);
#9127 = LINE('',#9128,#9129);
#9128 = CARTESIAN_POINT('',(0.5,-0.37,0.8));
#9129 = VECTOR('',#9130,1.);
#9130 = DIRECTION('',(1.,0.,0.));
#9131 = ORIENTED_EDGE('',*,*,#9035,.F.);
#9132 = CYLINDRICAL_SURFACE('',#9133,3.E-02);
#9133 = AXIS2_PLACEMENT_3D('',#9134,#9135,#9136);
#9134 = CARTESIAN_POINT('',(0.5,-0.37,0.77));
#9135 = DIRECTION('',(1.,0.,0.));
#9136 = DIRECTION('',(0.,-1.,0.));
#9137 = ADVANCED_FACE('',(#9138),#9156,.F.);
#9138 = FACE_BOUND('',#9139,.F.);
#9139 = EDGE_LOOP('',(#9140,#9141,#9142,#9150));
#9140 = ORIENTED_EDGE('',*,*,#8993,.F.);
#9141 = ORIENTED_EDGE('',*,*,#9092,.T.);
#9142 = ORIENTED_EDGE('',*,*,#9143,.T.);
#9143 = EDGE_CURVE('',#9093,#9144,#9146,.T.);
#9144 = VERTEX_POINT('',#9145);
#9145 = CARTESIAN_POINT('',(0.8,0.37,0.));
#9146 = LINE('',#9147,#9148);
#9147 = CARTESIAN_POINT('',(0.8,-0.4,0.));
#9148 = VECTOR('',#9149,1.);
#9149 = DIRECTION('',(0.,1.,0.));
#9150 = ORIENTED_EDGE('',*,*,#9151,.F.);
#9151 = EDGE_CURVE('',#8994,#9144,#9152,.T.);
#9152 = LINE('',#9153,#9154);
#9153 = CARTESIAN_POINT('',(0.5,0.37,0.));
#9154 = VECTOR('',#9155,1.);
#9155 = DIRECTION('',(1.,0.,0.));
#9156 = PLANE('',#9157);
#9157 = AXIS2_PLACEMENT_3D('',#9158,#9159,#9160);
#9158 = CARTESIAN_POINT('',(0.5,-0.4,0.));
#9159 = DIRECTION('',(0.,0.,1.));
#9160 = DIRECTION('',(1.,0.,-0.));
#9161 = ADVANCED_FACE('',(#9162),#9180,.T.);
#9162 = FACE_BOUND('',#9163,.T.);
#9163 = EDGE_LOOP('',(#9164,#9165,#9166,#9174));
#9164 = ORIENTED_EDGE('',*,*,#9027,.F.);
#9165 = ORIENTED_EDGE('',*,*,#9126,.T.);
#9166 = ORIENTED_EDGE('',*,*,#9167,.T.);
#9167 = EDGE_CURVE('',#9118,#9168,#9170,.T.);
#9168 = VERTEX_POINT('',#9169);
#9169 = CARTESIAN_POINT('',(0.8,0.37,0.8));
#9170 = LINE('',#9171,#9172);
#9171 = CARTESIAN_POINT('',(0.8,-0.4,0.8));
#9172 = VECTOR('',#9173,1.);
#9173 = DIRECTION('',(0.,1.,0.));
#9174 = ORIENTED_EDGE('',*,*,#9175,.F.);
#9175 = EDGE_CURVE('',#9019,#9168,#9176,.T.);
#9176 = LINE('',#9177,#9178);
#9177 = CARTESIAN_POINT('',(0.5,0.37,0.8));
#9178 = VECTOR('',#9179,1.);
#9179 = DIRECTION('',(1.,0.,0.));
#9180 = PLANE('',#9181);
#9181 = AXIS2_PLACEMENT_3D('',#9182,#9183,#9184);
#9182 = CARTESIAN_POINT('',(0.5,-0.4,0.8));
#9183 = DIRECTION('',(0.,0.,1.));
#9184 = DIRECTION('',(1.,0.,-0.));
#9185 = ADVANCED_FACE('',(#9186),#9205,.T.);
#9186 = FACE_BOUND('',#9187,.T.);
#9187 = EDGE_LOOP('',(#9188,#9196,#9203,#9204));
#9188 = ORIENTED_EDGE('',*,*,#9189,.T.);
#9189 = EDGE_CURVE('',#9002,#9190,#9192,.T.);
#9190 = VERTEX_POINT('',#9191);
#9191 = CARTESIAN_POINT('',(0.8,0.4,3.E-02));
#9192 = LINE('',#9193,#9194);
#9193 = CARTESIAN_POINT('',(0.5,0.4,3.E-02));
#9194 = VECTOR('',#9195,1.);
#9195 = DIRECTION('',(1.,0.,0.));
#9196 = ORIENTED_EDGE('',*,*,#9197,.T.);
#9197 = EDGE_CURVE('',#9190,#9144,#9198,.T.);
#9198 = CIRCLE('',#9199,3.E-02);
#9199 = AXIS2_PLACEMENT_3D('',#9200,#9201,#9202);
#9200 = CARTESIAN_POINT('',(0.8,0.37,3.E-02));
#9201 = DIRECTION('',(-1.,0.,0.));
#9202 = DIRECTION('',(0.,0.,1.));
#9203 = ORIENTED_EDGE('',*,*,#9151,.F.);
#9204 = ORIENTED_EDGE('',*,*,#9001,.F.);
#9205 = CYLINDRICAL_SURFACE('',#9206,3.E-02);
#9206 = AXIS2_PLACEMENT_3D('',#9207,#9208,#9209);
#9207 = CARTESIAN_POINT('',(0.5,0.37,3.E-02));
#9208 = DIRECTION('',(1.,0.,0.));
#9209 = DIRECTION('',(-0.,1.,0.));
#9210 = ADVANCED_FACE('',(#9211),#9230,.T.);
#9211 = FACE_BOUND('',#9212,.T.);
#9212 = EDGE_LOOP('',(#9213,#9214,#9215,#9224));
#9213 = ORIENTED_EDGE('',*,*,#9018,.T.);
#9214 = ORIENTED_EDGE('',*,*,#9175,.T.);
#9215 = ORIENTED_EDGE('',*,*,#9216,.F.);
#9216 = EDGE_CURVE('',#9217,#9168,#9219,.T.);
#9217 = VERTEX_POINT('',#9218);
#9218 = CARTESIAN_POINT('',(0.8,0.4,0.77));
#9219 = CIRCLE('',#9220,3.E-02);
#9220 = AXIS2_PLACEMENT_3D('',#9221,#9222,#9223);
#9221 = CARTESIAN_POINT('',(0.8,0.37,0.77));
#9222 = DIRECTION('',(1.,0.,-0.));
#9223 = DIRECTION('',(0.,0.,1.));
#9224 = ORIENTED_EDGE('',*,*,#9225,.F.);
#9225 = EDGE_CURVE('',#9011,#9217,#9226,.T.);
#9226 = LINE('',#9227,#9228);
#9227 = CARTESIAN_POINT('',(0.5,0.4,0.77));
#9228 = VECTOR('',#9229,1.);
#9229 = DIRECTION('',(1.,0.,0.));
#9230 = CYLINDRICAL_SURFACE('',#9231,3.E-02);
#9231 = AXIS2_PLACEMENT_3D('',#9232,#9233,#9234);
#9232 = CARTESIAN_POINT('',(0.5,0.37,0.77));
#9233 = DIRECTION('',(1.,0.,0.));
#9234 = DIRECTION('',(-0.,1.,0.));
#9235 = ADVANCED_FACE('',(#9236),#9247,.T.);
#9236 = FACE_BOUND('',#9237,.T.);
#9237 = EDGE_LOOP('',(#9238,#9244,#9245,#9246));
#9238 = ORIENTED_EDGE('',*,*,#9239,.F.);
#9239 = EDGE_CURVE('',#9190,#9217,#9240,.T.);
#9240 = LINE('',#9241,#9242);
#9241 = CARTESIAN_POINT('',(0.8,0.4,0.));
#9242 = VECTOR('',#9243,1.);
#9243 = DIRECTION('',(0.,0.,1.));
#9244 = ORIENTED_EDGE('',*,*,#9189,.F.);
#9245 = ORIENTED_EDGE('',*,*,#9010,.T.);
#9246 = ORIENTED_EDGE('',*,*,#9225,.T.);
#9247 = PLANE('',#9248);
#9248 = AXIS2_PLACEMENT_3D('',#9249,#9250,#9251);
#9249 = CARTESIAN_POINT('',(0.5,0.4,0.));
#9250 = DIRECTION('',(0.,1.,0.));
#9251 = DIRECTION('',(0.,-0.,1.));
#9252 = ADVANCED_FACE('',(#9253),#9263,.T.);
#9253 = FACE_BOUND('',#9254,.T.);
#9254 = EDGE_LOOP('',(#9255,#9256,#9257,#9258,#9259,#9260,#9261,#9262));
#9255 = ORIENTED_EDGE('',*,*,#9060,.F.);
#9256 = ORIENTED_EDGE('',*,*,#9100,.T.);
#9257 = ORIENTED_EDGE('',*,*,#9143,.T.);
#9258 = ORIENTED_EDGE('',*,*,#9197,.F.);
#9259 = ORIENTED_EDGE('',*,*,#9239,.T.);
#9260 = ORIENTED_EDGE('',*,*,#9216,.T.);
#9261 = ORIENTED_EDGE('',*,*,#9167,.F.);
#9262 = ORIENTED_EDGE('',*,*,#9117,.F.);
#9263 = PLANE('',#9264);
#9264 = AXIS2_PLACEMENT_3D('',#9265,#9266,#9267);
#9265 = CARTESIAN_POINT('',(0.8,-0.4,0.));
#9266 = DIRECTION('',(1.,0.,0.));
#9267 = DIRECTION('',(0.,0.,1.));
#9268 = ( GEOMETRIC_REPRESENTATION_CONTEXT(3) 
GLOBAL_UNCERTAINTY_ASSIGNED_CONTEXT((#9272)) 
GLOBAL_UNIT_ASSIGNED_CONTEXT((#9269,#9270,#9271)) REPRESENTATION_CONTEXT
('Context #1','3D Context with UNIT and UNCERTAINTY') );
#9269 = ( LENGTH_UNIT() NAMED_UNIT(*) SI_UNIT(.MILLI.,.METRE.) );
#9270 = ( NAMED_UNIT(*) PLANE_ANGLE_UNIT() SI_UNIT($,.RADIAN.) );
#9271 = ( NAMED_UNIT(*) SI_UNIT($,.STERADIAN.) SOLID_ANGLE_UNIT() );
#9272 = UNCERTAINTY_MEASURE_WITH_UNIT(LENGTH_MEASURE(1.E-07),#9269,
  'distance_accuracy_value','confusion accuracy');
#9273 = CONTEXT_DEPENDENT_SHAPE_REPRESENTATION(#9274,#9276);
#9274 = ( REPRESENTATION_RELATIONSHIP('','',#8413,#8390) 
REPRESENTATION_RELATIONSHIP_WITH_TRANSFORMATION(#9275) 
SHAPE_REPRESENTATION_RELATIONSHIP() );
#9275 = ITEM_DEFINED_TRANSFORMATION('','',#11,#8391);
#9276 = PRODUCT_DEFINITION_SHAPE('Placement','Placement of an item',
  #9277);
#9277 = NEXT_ASSEMBLY_USAGE_OCCURRENCE('8','=>[0:1:1:9]','',#8385,#8408,
  $);
#9278 = PRODUCT_RELATED_PRODUCT_CATEGORY('part',$,(#8410));
#9279 = CONTEXT_DEPENDENT_SHAPE_REPRESENTATION(#9280,#9282);
#9280 = ( REPRESENTATION_RELATIONSHIP('','',#8390,#10) 
REPRESENTATION_RELATIONSHIP_WITH_TRANSFORMATION(#9281) 
SHAPE_REPRESENTATION_RELATIONSHIP() );
#9281 = ITEM_DEFINED_TRANSFORMATION('','',#11,#35);
#9282 = PRODUCT_DEFINITION_SHAPE('Placement','Placement of an item',
  #9283);
#9283 = NEXT_ASSEMBLY_USAGE_OCCURRENCE('10','C4','',#5,#8385,$);
#9284 = CONTEXT_DEPENDENT_SHAPE_REPRESENTATION(#9285,#9287);
#9285 = ( REPRESENTATION_RELATIONSHIP('','',#96,#10) 
REPRESENTATION_RELATIONSHIP_WITH_TRANSFORMATION(#9286) 
SHAPE_REPRESENTATION_RELATIONSHIP() );
#9286 = ITEM_DEFINED_TRANSFORMATION('','',#11,#39);
#9287 = PRODUCT_DEFINITION_SHAPE('Placement','Placement of an item',
  #9288);
#9288 = NEXT_ASSEMBLY_USAGE_OCCURRENCE('11','L1','',#5,#91,$);
#9289 = SHAPE_DEFINITION_REPRESENTATION(#9290,#9296);
#9290 = PRODUCT_DEFINITION_SHAPE('','',#9291);
#9291 = PRODUCT_DEFINITION('design','',#9292,#9295);
#9292 = PRODUCT_DEFINITION_FORMATION('','',#9293);
#9293 = PRODUCT('RGH0016A','RGH0016A','',(#9294));
#9294 = PRODUCT_CONTEXT('',#2,'mechanical');
#9295 = PRODUCT_DEFINITION_CONTEXT('part definition',#2,'design');
#9296 = SHAPE_REPRESENTATION('',(#11,#9297),#9301);
#9297 = AXIS2_PLACEMENT_3D('',#9298,#9299,#9300);
#9298 = CARTESIAN_POINT('',(0.,0.,0.));
#9299 = DIRECTION('',(0.,0.,1.));
#9300 = DIRECTION('',(1.,0.,-0.));
#9301 = ( GEOMETRIC_REPRESENTATION_CONTEXT(3) 
GLOBAL_UNCERTAINTY_ASSIGNED_CONTEXT((#9305)) 
GLOBAL_UNIT_ASSIGNED_CONTEXT((#9302,#9303,#9304)) REPRESENTATION_CONTEXT
('Context #1','3D Context with UNIT and UNCERTAINTY') );
#9302 = ( LENGTH_UNIT() NAMED_UNIT(*) SI_UNIT(.MILLI.,.METRE.) );
#9303 = ( NAMED_UNIT(*) PLANE_ANGLE_UNIT() SI_UNIT($,.RADIAN.) );
#9304 = ( NAMED_UNIT(*) SI_UNIT($,.STERADIAN.) SOLID_ANGLE_UNIT() );
#9305 = UNCERTAINTY_MEASURE_WITH_UNIT(LENGTH_MEASURE(1.E-07),#9302,
  'distance_accuracy_value','confusion accuracy');
#9306 = CONTEXT_DEPENDENT_SHAPE_REPRESENTATION(#9307,#9309);
#9307 = ( REPRESENTATION_RELATIONSHIP('','',#9296,#10) 
REPRESENTATION_RELATIONSHIP_WITH_TRANSFORMATION(#9308) 
SHAPE_REPRESENTATION_RELATIONSHIP() );
#9308 = ITEM_DEFINED_TRANSFORMATION('','',#11,#43);
#9309 = PRODUCT_DEFINITION_SHAPE('Placement','Placement of an item',
  #9310);
#9310 = NEXT_ASSEMBLY_USAGE_OCCURRENCE('37','U1','',#5,#9291,$);
#9311 = PRODUCT_RELATED_PRODUCT_CATEGORY('part',$,(#9293));
#9312 = SHAPE_DEFINITION_REPRESENTATION(#9313,#9319);
#9313 = PRODUCT_DEFINITION_SHAPE('','',#9314);
#9314 = PRODUCT_DEFINITION('design','',#9315,#9318);
#9315 = PRODUCT_DEFINITION_FORMATION('','',#9316);
#9316 = PRODUCT('RGH0016A_ASM','RGH0016A_ASM','',(#9317));
#9317 = PRODUCT_CONTEXT('',#2,'mechanical');
#9318 = PRODUCT_DEFINITION_CONTEXT('part definition',#2,'design');
#9319 = SHAPE_REPRESENTATION('',(#11,#9320,#9324,#9328),#9332);
#9320 = AXIS2_PLACEMENT_3D('',#9321,#9322,#9323);
#9321 = CARTESIAN_POINT('',(0.,0.,0.));
#9322 = DIRECTION('',(0.,-1.,0.));
#9323 = DIRECTION('',(1.,0.,0.));
#9324 = AXIS2_PLACEMENT_3D('',#9325,#9326,#9327);
#9325 = CARTESIAN_POINT('',(0.,0.,-2.5E-02));
#9326 = DIRECTION('',(0.,-1.,0.));
#9327 = DIRECTION('',(1.,0.,0.));
#9328 = AXIS2_PLACEMENT_3D('',#9329,#9330,#9331);
#9329 = CARTESIAN_POINT('',(0.,0.,0.775));
#9330 = DIRECTION('',(0.,-1.,0.));
#9331 = DIRECTION('',(1.,0.,0.));
#9332 = ( GEOMETRIC_REPRESENTATION_CONTEXT(3) 
GLOBAL_UNCERTAINTY_ASSIGNED_CONTEXT((#9336)) 
GLOBAL_UNIT_ASSIGNED_CONTEXT((#9333,#9334,#9335)) REPRESENTATION_CONTEXT
('Context #1','3D Context with UNIT and UNCERTAINTY') );
#9333 = ( LENGTH_UNIT() NAMED_UNIT(*) SI_UNIT(.MILLI.,.METRE.) );
#9334 = ( NAMED_UNIT(*) PLANE_ANGLE_UNIT() SI_UNIT($,.RADIAN.) );
#9335 = ( NAMED_UNIT(*) SI_UNIT($,.STERADIAN.) SOLID_ANGLE_UNIT() );
#9336 = UNCERTAINTY_MEASURE_WITH_UNIT(LENGTH_MEASURE(1.E-07),#9333,
  'distance_accuracy_value','confusion accuracy');
#9337 = CONTEXT_DEPENDENT_SHAPE_REPRESENTATION(#9338,#9340);
#9338 = ( REPRESENTATION_RELATIONSHIP('','',#9319,#9296) 
REPRESENTATION_RELATIONSHIP_WITH_TRANSFORMATION(#9339) 
SHAPE_REPRESENTATION_RELATIONSHIP() );
#9339 = ITEM_DEFINED_TRANSFORMATION('','',#11,#9297);
#9340 = PRODUCT_DEFINITION_SHAPE('Placement','Placement of an item',
  #9341);
#9341 = NEXT_ASSEMBLY_USAGE_OCCURRENCE('36','=>[0:1:1:11]','',#9291,
  #9314,$);
#9342 = PRODUCT_RELATED_PRODUCT_CATEGORY('part',$,(#9316));
#9343 = SHAPE_DEFINITION_REPRESENTATION(#9344,#9350);
#9344 = PRODUCT_DEFINITION_SHAPE('','',#9345);
#9345 = PRODUCT_DEFINITION('design','',#9346,#9349);
#9346 = PRODUCT_DEFINITION_FORMATION('','',#9347);
#9347 = PRODUCT('BODY-QFN','BODY-QFN','',(#9348));
#9348 = PRODUCT_CONTEXT('',#2,'mechanical');
#9349 = PRODUCT_DEFINITION_CONTEXT('part definition',#2,'design');
#9350 = ADVANCED_BREP_SHAPE_REPRESENTATION('',(#11,#9351),#12738);
#9351 = MANIFOLD_SOLID_BREP('',#9352);
#9352 = CLOSED_SHELL('',(#9353,#9947,#9978,#10002,#10026,#10050,#10067,
    #10114,#10145,#10169,#10193,#10210,#10222,#10253,#10437,#10461,
    #10478,#10490,#10514,#10538,#10555,#10567,#10591,#10615,#10632,
    #10644,#10668,#10692,#10709,#10721,#10905,#10929,#10953,#10970,
    #10982,#11006,#11030,#11047,#11059,#11083,#11107,#11124,#11136,
    #11160,#11184,#11201,#11213,#11397,#11428,#11445,#11462,#11474,
    #11651,#11682,#11699,#11716,#11728,#11740,#11764,#11788,#11805,
    #11817,#11841,#11865,#11882,#11894,#11918,#11942,#11959,#11971,
    #12009,#12033,#12064,#12081,#12093,#12105,#12143,#12167,#12198,
    #12215,#12227,#12239,#12263,#12287,#12304,#12316,#12340,#12364,
    #12381,#12393,#12417,#12441,#12458,#12470,#12508,#12532,#12563,
    #12580,#12592,#12604,#12642,#12666,#12697,#12714,#12726));
#9353 = ADVANCED_FACE('',(#9354,#9900),#9942,.F.);
#9354 = FACE_BOUND('',#9355,.F.);
#9355 = EDGE_LOOP('',(#9356,#9366,#9374,#9382,#9390,#9398,#9406,#9414,
    #9422,#9430,#9438,#9446,#9454,#9462,#9470,#9478,#9486,#9494,#9502,
    #9510,#9518,#9526,#9534,#9542,#9550,#9558,#9566,#9574,#9582,#9590,
    #9598,#9606,#9614,#9622,#9630,#9638,#9646,#9654,#9662,#9670,#9678,
    #9686,#9694,#9702,#9710,#9718,#9726,#9734,#9742,#9750,#9758,#9766,
    #9774,#9782,#9790,#9798,#9806,#9814,#9822,#9830,#9838,#9846,#9854,
    #9862,#9870,#9878,#9886,#9894));
#9356 = ORIENTED_EDGE('',*,*,#9357,.F.);
#9357 = EDGE_CURVE('',#9358,#9360,#9362,.T.);
#9358 = VERTEX_POINT('',#9359);
#9359 = CARTESIAN_POINT('',(-0.875,0.,-2.));
#9360 = VERTEX_POINT('',#9361);
#9361 = CARTESIAN_POINT('',(-0.875,0.,-1.6));
#9362 = LINE('',#9363,#9364);
#9363 = CARTESIAN_POINT('',(-0.875,0.,-2.));
#9364 = VECTOR('',#9365,1.);
#9365 = DIRECTION('',(0.,0.,1.));
#9366 = ORIENTED_EDGE('',*,*,#9367,.T.);
#9367 = EDGE_CURVE('',#9358,#9368,#9370,.T.);
#9368 = VERTEX_POINT('',#9369);
#9369 = CARTESIAN_POINT('',(-2.,0.,-2.));
#9370 = LINE('',#9371,#9372);
#9371 = CARTESIAN_POINT('',(-0.875,0.,-2.));
#9372 = VECTOR('',#9373,1.);
#9373 = DIRECTION('',(-1.,0.,0.));
#9374 = ORIENTED_EDGE('',*,*,#9375,.T.);
#9375 = EDGE_CURVE('',#9368,#9376,#9378,.T.);
#9376 = VERTEX_POINT('',#9377);
#9377 = CARTESIAN_POINT('',(-2.,0.,-0.875));
#9378 = LINE('',#9379,#9380);
#9379 = CARTESIAN_POINT('',(-2.,0.,-2.));
#9380 = VECTOR('',#9381,1.);
#9381 = DIRECTION('',(0.,0.,1.));
#9382 = ORIENTED_EDGE('',*,*,#9383,.T.);
#9383 = EDGE_CURVE('',#9376,#9384,#9386,.T.);
#9384 = VERTEX_POINT('',#9385);
#9385 = CARTESIAN_POINT('',(-1.6,0.,-0.875));
#9386 = LINE('',#9387,#9388);
#9387 = CARTESIAN_POINT('',(-2.,0.,-0.875));
#9388 = VECTOR('',#9389,1.);
#9389 = DIRECTION('',(1.,0.,0.));
#9390 = ORIENTED_EDGE('',*,*,#9391,.T.);
#9391 = EDGE_CURVE('',#9384,#9392,#9394,.T.);
#9392 = VERTEX_POINT('',#9393);
#9393 = CARTESIAN_POINT('',(-1.6,0.,-0.625));
#9394 = LINE('',#9395,#9396);
#9395 = CARTESIAN_POINT('',(-1.6,0.,-0.875));
#9396 = VECTOR('',#9397,1.);
#9397 = DIRECTION('',(0.,0.,1.));
#9398 = ORIENTED_EDGE('',*,*,#9399,.F.);
#9399 = EDGE_CURVE('',#9400,#9392,#9402,.T.);
#9400 = VERTEX_POINT('',#9401);
#9401 = CARTESIAN_POINT('',(-2.,0.,-0.625));
#9402 = LINE('',#9403,#9404);
#9403 = CARTESIAN_POINT('',(-2.,0.,-0.625));
#9404 = VECTOR('',#9405,1.);
#9405 = DIRECTION('',(1.,0.,0.));
#9406 = ORIENTED_EDGE('',*,*,#9407,.T.);
#9407 = EDGE_CURVE('',#9400,#9408,#9410,.T.);
#9408 = VERTEX_POINT('',#9409);
#9409 = CARTESIAN_POINT('',(-2.,0.,-0.375));
#9410 = LINE('',#9411,#9412);
#9411 = CARTESIAN_POINT('',(-2.,0.,-0.625));
#9412 = VECTOR('',#9413,1.);
#9413 = DIRECTION('',(0.,0.,1.));
#9414 = ORIENTED_EDGE('',*,*,#9415,.T.);
#9415 = EDGE_CURVE('',#9408,#9416,#9418,.T.);
#9416 = VERTEX_POINT('',#9417);
#9417 = CARTESIAN_POINT('',(-1.6,0.,-0.375));
#9418 = LINE('',#9419,#9420);
#9419 = CARTESIAN_POINT('',(-2.,0.,-0.375));
#9420 = VECTOR('',#9421,1.);
#9421 = DIRECTION('',(1.,0.,0.));
#9422 = ORIENTED_EDGE('',*,*,#9423,.T.);
#9423 = EDGE_CURVE('',#9416,#9424,#9426,.T.);
#9424 = VERTEX_POINT('',#9425);
#9425 = CARTESIAN_POINT('',(-1.6,0.,-0.125));
#9426 = LINE('',#9427,#9428);
#9427 = CARTESIAN_POINT('',(-1.6,0.,-0.375));
#9428 = VECTOR('',#9429,1.);
#9429 = DIRECTION('',(0.,0.,1.));
#9430 = ORIENTED_EDGE('',*,*,#9431,.F.);
#9431 = EDGE_CURVE('',#9432,#9424,#9434,.T.);
#9432 = VERTEX_POINT('',#9433);
#9433 = CARTESIAN_POINT('',(-2.,0.,-0.125));
#9434 = LINE('',#9435,#9436);
#9435 = CARTESIAN_POINT('',(-2.,0.,-0.125));
#9436 = VECTOR('',#9437,1.);
#9437 = DIRECTION('',(1.,0.,0.));
#9438 = ORIENTED_EDGE('',*,*,#9439,.T.);
#9439 = EDGE_CURVE('',#9432,#9440,#9442,.T.);
#9440 = VERTEX_POINT('',#9441);
#9441 = CARTESIAN_POINT('',(-2.,0.,0.125));
#9442 = LINE('',#9443,#9444);
#9443 = CARTESIAN_POINT('',(-2.,0.,-0.125));
#9444 = VECTOR('',#9445,1.);
#9445 = DIRECTION('',(0.,0.,1.));
#9446 = ORIENTED_EDGE('',*,*,#9447,.T.);
#9447 = EDGE_CURVE('',#9440,#9448,#9450,.T.);
#9448 = VERTEX_POINT('',#9449);
#9449 = CARTESIAN_POINT('',(-1.6,0.,0.125));
#9450 = LINE('',#9451,#9452);
#9451 = CARTESIAN_POINT('',(-2.,0.,0.125));
#9452 = VECTOR('',#9453,1.);
#9453 = DIRECTION('',(1.,0.,0.));
#9454 = ORIENTED_EDGE('',*,*,#9455,.T.);
#9455 = EDGE_CURVE('',#9448,#9456,#9458,.T.);
#9456 = VERTEX_POINT('',#9457);
#9457 = CARTESIAN_POINT('',(-1.6,0.,0.375));
#9458 = LINE('',#9459,#9460);
#9459 = CARTESIAN_POINT('',(-1.6,0.,0.125));
#9460 = VECTOR('',#9461,1.);
#9461 = DIRECTION('',(0.,0.,1.));
#9462 = ORIENTED_EDGE('',*,*,#9463,.F.);
#9463 = EDGE_CURVE('',#9464,#9456,#9466,.T.);
#9464 = VERTEX_POINT('',#9465);
#9465 = CARTESIAN_POINT('',(-2.,0.,0.375));
#9466 = LINE('',#9467,#9468);
#9467 = CARTESIAN_POINT('',(-2.,0.,0.375));
#9468 = VECTOR('',#9469,1.);
#9469 = DIRECTION('',(1.,0.,0.));
#9470 = ORIENTED_EDGE('',*,*,#9471,.T.);
#9471 = EDGE_CURVE('',#9464,#9472,#9474,.T.);
#9472 = VERTEX_POINT('',#9473);
#9473 = CARTESIAN_POINT('',(-2.,0.,0.625));
#9474 = LINE('',#9475,#9476);
#9475 = CARTESIAN_POINT('',(-2.,0.,0.375));
#9476 = VECTOR('',#9477,1.);
#9477 = DIRECTION('',(0.,0.,1.));
#9478 = ORIENTED_EDGE('',*,*,#9479,.T.);
#9479 = EDGE_CURVE('',#9472,#9480,#9482,.T.);
#9480 = VERTEX_POINT('',#9481);
#9481 = CARTESIAN_POINT('',(-1.6,0.,0.625));
#9482 = LINE('',#9483,#9484);
#9483 = CARTESIAN_POINT('',(-2.,0.,0.625));
#9484 = VECTOR('',#9485,1.);
#9485 = DIRECTION('',(1.,0.,0.));
#9486 = ORIENTED_EDGE('',*,*,#9487,.T.);
#9487 = EDGE_CURVE('',#9480,#9488,#9490,.T.);
#9488 = VERTEX_POINT('',#9489);
#9489 = CARTESIAN_POINT('',(-1.6,0.,0.875));
#9490 = LINE('',#9491,#9492);
#9491 = CARTESIAN_POINT('',(-1.6,0.,0.625));
#9492 = VECTOR('',#9493,1.);
#9493 = DIRECTION('',(0.,0.,1.));
#9494 = ORIENTED_EDGE('',*,*,#9495,.F.);
#9495 = EDGE_CURVE('',#9496,#9488,#9498,.T.);
#9496 = VERTEX_POINT('',#9497);
#9497 = CARTESIAN_POINT('',(-2.,0.,0.875));
#9498 = LINE('',#9499,#9500);
#9499 = CARTESIAN_POINT('',(-2.,0.,0.875));
#9500 = VECTOR('',#9501,1.);
#9501 = DIRECTION('',(1.,0.,0.));
#9502 = ORIENTED_EDGE('',*,*,#9503,.T.);
#9503 = EDGE_CURVE('',#9496,#9504,#9506,.T.);
#9504 = VERTEX_POINT('',#9505);
#9505 = CARTESIAN_POINT('',(-2.,0.,2.));
#9506 = LINE('',#9507,#9508);
#9507 = CARTESIAN_POINT('',(-2.,0.,0.875));
#9508 = VECTOR('',#9509,1.);
#9509 = DIRECTION('',(0.,0.,1.));
#9510 = ORIENTED_EDGE('',*,*,#9511,.T.);
#9511 = EDGE_CURVE('',#9504,#9512,#9514,.T.);
#9512 = VERTEX_POINT('',#9513);
#9513 = CARTESIAN_POINT('',(-0.875,0.,2.));
#9514 = LINE('',#9515,#9516);
#9515 = CARTESIAN_POINT('',(-2.,0.,2.));
#9516 = VECTOR('',#9517,1.);
#9517 = DIRECTION('',(1.,0.,0.));
#9518 = ORIENTED_EDGE('',*,*,#9519,.T.);
#9519 = EDGE_CURVE('',#9512,#9520,#9522,.T.);
#9520 = VERTEX_POINT('',#9521);
#9521 = CARTESIAN_POINT('',(-0.875,0.,1.6));
#9522 = LINE('',#9523,#9524);
#9523 = CARTESIAN_POINT('',(-0.875,0.,2.));
#9524 = VECTOR('',#9525,1.);
#9525 = DIRECTION('',(0.,0.,-1.));
#9526 = ORIENTED_EDGE('',*,*,#9527,.T.);
#9527 = EDGE_CURVE('',#9520,#9528,#9530,.T.);
#9528 = VERTEX_POINT('',#9529);
#9529 = CARTESIAN_POINT('',(-0.625,0.,1.6));
#9530 = LINE('',#9531,#9532);
#9531 = CARTESIAN_POINT('',(-0.875,0.,1.6));
#9532 = VECTOR('',#9533,1.);
#9533 = DIRECTION('',(1.,0.,0.));
#9534 = ORIENTED_EDGE('',*,*,#9535,.F.);
#9535 = EDGE_CURVE('',#9536,#9528,#9538,.T.);
#9536 = VERTEX_POINT('',#9537);
#9537 = CARTESIAN_POINT('',(-0.625,0.,2.));
#9538 = LINE('',#9539,#9540);
#9539 = CARTESIAN_POINT('',(-0.625,0.,2.));
#9540 = VECTOR('',#9541,1.);
#9541 = DIRECTION('',(0.,0.,-1.));
#9542 = ORIENTED_EDGE('',*,*,#9543,.T.);
#9543 = EDGE_CURVE('',#9536,#9544,#9546,.T.);
#9544 = VERTEX_POINT('',#9545);
#9545 = CARTESIAN_POINT('',(-0.375,0.,2.));
#9546 = LINE('',#9547,#9548);
#9547 = CARTESIAN_POINT('',(-0.625,0.,2.));
#9548 = VECTOR('',#9549,1.);
#9549 = DIRECTION('',(1.,0.,0.));
#9550 = ORIENTED_EDGE('',*,*,#9551,.T.);
#9551 = EDGE_CURVE('',#9544,#9552,#9554,.T.);
#9552 = VERTEX_POINT('',#9553);
#9553 = CARTESIAN_POINT('',(-0.375,0.,1.6));
#9554 = LINE('',#9555,#9556);
#9555 = CARTESIAN_POINT('',(-0.375,0.,2.));
#9556 = VECTOR('',#9557,1.);
#9557 = DIRECTION('',(0.,0.,-1.));
#9558 = ORIENTED_EDGE('',*,*,#9559,.T.);
#9559 = EDGE_CURVE('',#9552,#9560,#9562,.T.);
#9560 = VERTEX_POINT('',#9561);
#9561 = CARTESIAN_POINT('',(-0.125,0.,1.6));
#9562 = LINE('',#9563,#9564);
#9563 = CARTESIAN_POINT('',(-0.375,0.,1.6));
#9564 = VECTOR('',#9565,1.);
#9565 = DIRECTION('',(1.,0.,0.));
#9566 = ORIENTED_EDGE('',*,*,#9567,.F.);
#9567 = EDGE_CURVE('',#9568,#9560,#9570,.T.);
#9568 = VERTEX_POINT('',#9569);
#9569 = CARTESIAN_POINT('',(-0.125,0.,2.));
#9570 = LINE('',#9571,#9572);
#9571 = CARTESIAN_POINT('',(-0.125,0.,2.));
#9572 = VECTOR('',#9573,1.);
#9573 = DIRECTION('',(0.,0.,-1.));
#9574 = ORIENTED_EDGE('',*,*,#9575,.T.);
#9575 = EDGE_CURVE('',#9568,#9576,#9578,.T.);
#9576 = VERTEX_POINT('',#9577);
#9577 = CARTESIAN_POINT('',(0.125,0.,2.));
#9578 = LINE('',#9579,#9580);
#9579 = CARTESIAN_POINT('',(-0.125,0.,2.));
#9580 = VECTOR('',#9581,1.);
#9581 = DIRECTION('',(1.,0.,0.));
#9582 = ORIENTED_EDGE('',*,*,#9583,.T.);
#9583 = EDGE_CURVE('',#9576,#9584,#9586,.T.);
#9584 = VERTEX_POINT('',#9585);
#9585 = CARTESIAN_POINT('',(0.125,0.,1.6));
#9586 = LINE('',#9587,#9588);
#9587 = CARTESIAN_POINT('',(0.125,0.,2.));
#9588 = VECTOR('',#9589,1.);
#9589 = DIRECTION('',(0.,0.,-1.));
#9590 = ORIENTED_EDGE('',*,*,#9591,.T.);
#9591 = EDGE_CURVE('',#9584,#9592,#9594,.T.);
#9592 = VERTEX_POINT('',#9593);
#9593 = CARTESIAN_POINT('',(0.375,0.,1.6));
#9594 = LINE('',#9595,#9596);
#9595 = CARTESIAN_POINT('',(0.125,0.,1.6));
#9596 = VECTOR('',#9597,1.);
#9597 = DIRECTION('',(1.,0.,0.));
#9598 = ORIENTED_EDGE('',*,*,#9599,.F.);
#9599 = EDGE_CURVE('',#9600,#9592,#9602,.T.);
#9600 = VERTEX_POINT('',#9601);
#9601 = CARTESIAN_POINT('',(0.375,0.,2.));
#9602 = LINE('',#9603,#9604);
#9603 = CARTESIAN_POINT('',(0.375,0.,2.));
#9604 = VECTOR('',#9605,1.);
#9605 = DIRECTION('',(0.,0.,-1.));
#9606 = ORIENTED_EDGE('',*,*,#9607,.T.);
#9607 = EDGE_CURVE('',#9600,#9608,#9610,.T.);
#9608 = VERTEX_POINT('',#9609);
#9609 = CARTESIAN_POINT('',(0.625,0.,2.));
#9610 = LINE('',#9611,#9612);
#9611 = CARTESIAN_POINT('',(0.375,0.,2.));
#9612 = VECTOR('',#9613,1.);
#9613 = DIRECTION('',(1.,0.,0.));
#9614 = ORIENTED_EDGE('',*,*,#9615,.T.);
#9615 = EDGE_CURVE('',#9608,#9616,#9618,.T.);
#9616 = VERTEX_POINT('',#9617);
#9617 = CARTESIAN_POINT('',(0.625,0.,1.6));
#9618 = LINE('',#9619,#9620);
#9619 = CARTESIAN_POINT('',(0.625,0.,2.));
#9620 = VECTOR('',#9621,1.);
#9621 = DIRECTION('',(0.,0.,-1.));
#9622 = ORIENTED_EDGE('',*,*,#9623,.T.);
#9623 = EDGE_CURVE('',#9616,#9624,#9626,.T.);
#9624 = VERTEX_POINT('',#9625);
#9625 = CARTESIAN_POINT('',(0.875,0.,1.6));
#9626 = LINE('',#9627,#9628);
#9627 = CARTESIAN_POINT('',(0.625,0.,1.6));
#9628 = VECTOR('',#9629,1.);
#9629 = DIRECTION('',(1.,0.,0.));
#9630 = ORIENTED_EDGE('',*,*,#9631,.F.);
#9631 = EDGE_CURVE('',#9632,#9624,#9634,.T.);
#9632 = VERTEX_POINT('',#9633);
#9633 = CARTESIAN_POINT('',(0.875,0.,2.));
#9634 = LINE('',#9635,#9636);
#9635 = CARTESIAN_POINT('',(0.875,0.,2.));
#9636 = VECTOR('',#9637,1.);
#9637 = DIRECTION('',(0.,0.,-1.));
#9638 = ORIENTED_EDGE('',*,*,#9639,.T.);
#9639 = EDGE_CURVE('',#9632,#9640,#9642,.T.);
#9640 = VERTEX_POINT('',#9641);
#9641 = CARTESIAN_POINT('',(2.,0.,2.));
#9642 = LINE('',#9643,#9644);
#9643 = CARTESIAN_POINT('',(0.875,0.,2.));
#9644 = VECTOR('',#9645,1.);
#9645 = DIRECTION('',(1.,0.,0.));
#9646 = ORIENTED_EDGE('',*,*,#9647,.T.);
#9647 = EDGE_CURVE('',#9640,#9648,#9650,.T.);
#9648 = VERTEX_POINT('',#9649);
#9649 = CARTESIAN_POINT('',(2.,0.,0.875));
#9650 = LINE('',#9651,#9652);
#9651 = CARTESIAN_POINT('',(2.,0.,2.));
#9652 = VECTOR('',#9653,1.);
#9653 = DIRECTION('',(0.,0.,-1.));
#9654 = ORIENTED_EDGE('',*,*,#9655,.T.);
#9655 = EDGE_CURVE('',#9648,#9656,#9658,.T.);
#9656 = VERTEX_POINT('',#9657);
#9657 = CARTESIAN_POINT('',(1.6,0.,0.875));
#9658 = LINE('',#9659,#9660);
#9659 = CARTESIAN_POINT('',(2.,0.,0.875));
#9660 = VECTOR('',#9661,1.);
#9661 = DIRECTION('',(-1.,0.,0.));
#9662 = ORIENTED_EDGE('',*,*,#9663,.F.);
#9663 = EDGE_CURVE('',#9664,#9656,#9666,.T.);
#9664 = VERTEX_POINT('',#9665);
#9665 = CARTESIAN_POINT('',(1.6,0.,0.625));
#9666 = LINE('',#9667,#9668);
#9667 = CARTESIAN_POINT('',(1.6,0.,0.625));
#9668 = VECTOR('',#9669,1.);
#9669 = DIRECTION('',(0.,0.,1.));
#9670 = ORIENTED_EDGE('',*,*,#9671,.F.);
#9671 = EDGE_CURVE('',#9672,#9664,#9674,.T.);
#9672 = VERTEX_POINT('',#9673);
#9673 = CARTESIAN_POINT('',(2.,0.,0.625));
#9674 = LINE('',#9675,#9676);
#9675 = CARTESIAN_POINT('',(2.,0.,0.625));
#9676 = VECTOR('',#9677,1.);
#9677 = DIRECTION('',(-1.,0.,0.));
#9678 = ORIENTED_EDGE('',*,*,#9679,.T.);
#9679 = EDGE_CURVE('',#9672,#9680,#9682,.T.);
#9680 = VERTEX_POINT('',#9681);
#9681 = CARTESIAN_POINT('',(2.,0.,0.375));
#9682 = LINE('',#9683,#9684);
#9683 = CARTESIAN_POINT('',(2.,0.,0.625));
#9684 = VECTOR('',#9685,1.);
#9685 = DIRECTION('',(0.,0.,-1.));
#9686 = ORIENTED_EDGE('',*,*,#9687,.T.);
#9687 = EDGE_CURVE('',#9680,#9688,#9690,.T.);
#9688 = VERTEX_POINT('',#9689);
#9689 = CARTESIAN_POINT('',(1.6,0.,0.375));
#9690 = LINE('',#9691,#9692);
#9691 = CARTESIAN_POINT('',(2.,0.,0.375));
#9692 = VECTOR('',#9693,1.);
#9693 = DIRECTION('',(-1.,0.,0.));
#9694 = ORIENTED_EDGE('',*,*,#9695,.F.);
#9695 = EDGE_CURVE('',#9696,#9688,#9698,.T.);
#9696 = VERTEX_POINT('',#9697);
#9697 = CARTESIAN_POINT('',(1.6,0.,0.125));
#9698 = LINE('',#9699,#9700);
#9699 = CARTESIAN_POINT('',(1.6,0.,0.125));
#9700 = VECTOR('',#9701,1.);
#9701 = DIRECTION('',(0.,0.,1.));
#9702 = ORIENTED_EDGE('',*,*,#9703,.F.);
#9703 = EDGE_CURVE('',#9704,#9696,#9706,.T.);
#9704 = VERTEX_POINT('',#9705);
#9705 = CARTESIAN_POINT('',(2.,0.,0.125));
#9706 = LINE('',#9707,#9708);
#9707 = CARTESIAN_POINT('',(2.,0.,0.125));
#9708 = VECTOR('',#9709,1.);
#9709 = DIRECTION('',(-1.,0.,0.));
#9710 = ORIENTED_EDGE('',*,*,#9711,.T.);
#9711 = EDGE_CURVE('',#9704,#9712,#9714,.T.);
#9712 = VERTEX_POINT('',#9713);
#9713 = CARTESIAN_POINT('',(2.,0.,-0.125));
#9714 = LINE('',#9715,#9716);
#9715 = CARTESIAN_POINT('',(2.,0.,0.125));
#9716 = VECTOR('',#9717,1.);
#9717 = DIRECTION('',(0.,0.,-1.));
#9718 = ORIENTED_EDGE('',*,*,#9719,.T.);
#9719 = EDGE_CURVE('',#9712,#9720,#9722,.T.);
#9720 = VERTEX_POINT('',#9721);
#9721 = CARTESIAN_POINT('',(1.6,0.,-0.125));
#9722 = LINE('',#9723,#9724);
#9723 = CARTESIAN_POINT('',(2.,0.,-0.125));
#9724 = VECTOR('',#9725,1.);
#9725 = DIRECTION('',(-1.,0.,0.));
#9726 = ORIENTED_EDGE('',*,*,#9727,.F.);
#9727 = EDGE_CURVE('',#9728,#9720,#9730,.T.);
#9728 = VERTEX_POINT('',#9729);
#9729 = CARTESIAN_POINT('',(1.6,0.,-0.375));
#9730 = LINE('',#9731,#9732);
#9731 = CARTESIAN_POINT('',(1.6,0.,-0.375));
#9732 = VECTOR('',#9733,1.);
#9733 = DIRECTION('',(0.,0.,1.));
#9734 = ORIENTED_EDGE('',*,*,#9735,.F.);
#9735 = EDGE_CURVE('',#9736,#9728,#9738,.T.);
#9736 = VERTEX_POINT('',#9737);
#9737 = CARTESIAN_POINT('',(2.,0.,-0.375));
#9738 = LINE('',#9739,#9740);
#9739 = CARTESIAN_POINT('',(2.,0.,-0.375));
#9740 = VECTOR('',#9741,1.);
#9741 = DIRECTION('',(-1.,0.,0.));
#9742 = ORIENTED_EDGE('',*,*,#9743,.T.);
#9743 = EDGE_CURVE('',#9736,#9744,#9746,.T.);
#9744 = VERTEX_POINT('',#9745);
#9745 = CARTESIAN_POINT('',(2.,0.,-0.625));
#9746 = LINE('',#9747,#9748);
#9747 = CARTESIAN_POINT('',(2.,0.,-0.375));
#9748 = VECTOR('',#9749,1.);
#9749 = DIRECTION('',(0.,0.,-1.));
#9750 = ORIENTED_EDGE('',*,*,#9751,.T.);
#9751 = EDGE_CURVE('',#9744,#9752,#9754,.T.);
#9752 = VERTEX_POINT('',#9753);
#9753 = CARTESIAN_POINT('',(1.6,0.,-0.625));
#9754 = LINE('',#9755,#9756);
#9755 = CARTESIAN_POINT('',(2.,0.,-0.625));
#9756 = VECTOR('',#9757,1.);
#9757 = DIRECTION('',(-1.,0.,0.));
#9758 = ORIENTED_EDGE('',*,*,#9759,.F.);
#9759 = EDGE_CURVE('',#9760,#9752,#9762,.T.);
#9760 = VERTEX_POINT('',#9761);
#9761 = CARTESIAN_POINT('',(1.6,0.,-0.875));
#9762 = LINE('',#9763,#9764);
#9763 = CARTESIAN_POINT('',(1.6,0.,-0.875));
#9764 = VECTOR('',#9765,1.);
#9765 = DIRECTION('',(0.,0.,1.));
#9766 = ORIENTED_EDGE('',*,*,#9767,.F.);
#9767 = EDGE_CURVE('',#9768,#9760,#9770,.T.);
#9768 = VERTEX_POINT('',#9769);
#9769 = CARTESIAN_POINT('',(2.,0.,-0.875));
#9770 = LINE('',#9771,#9772);
#9771 = CARTESIAN_POINT('',(2.,0.,-0.875));
#9772 = VECTOR('',#9773,1.);
#9773 = DIRECTION('',(-1.,0.,0.));
#9774 = ORIENTED_EDGE('',*,*,#9775,.T.);
#9775 = EDGE_CURVE('',#9768,#9776,#9778,.T.);
#9776 = VERTEX_POINT('',#9777);
#9777 = CARTESIAN_POINT('',(2.,0.,-2.));
#9778 = LINE('',#9779,#9780);
#9779 = CARTESIAN_POINT('',(2.,0.,-0.875));
#9780 = VECTOR('',#9781,1.);
#9781 = DIRECTION('',(0.,0.,-1.));
#9782 = ORIENTED_EDGE('',*,*,#9783,.T.);
#9783 = EDGE_CURVE('',#9776,#9784,#9786,.T.);
#9784 = VERTEX_POINT('',#9785);
#9785 = CARTESIAN_POINT('',(0.875,0.,-2.));
#9786 = LINE('',#9787,#9788);
#9787 = CARTESIAN_POINT('',(2.,0.,-2.));
#9788 = VECTOR('',#9789,1.);
#9789 = DIRECTION('',(-1.,0.,0.));
#9790 = ORIENTED_EDGE('',*,*,#9791,.T.);
#9791 = EDGE_CURVE('',#9784,#9792,#9794,.T.);
#9792 = VERTEX_POINT('',#9793);
#9793 = CARTESIAN_POINT('',(0.875,0.,-1.6));
#9794 = LINE('',#9795,#9796);
#9795 = CARTESIAN_POINT('',(0.875,0.,-2.));
#9796 = VECTOR('',#9797,1.);
#9797 = DIRECTION('',(0.,0.,1.));
#9798 = ORIENTED_EDGE('',*,*,#9799,.F.);
#9799 = EDGE_CURVE('',#9800,#9792,#9802,.T.);
#9800 = VERTEX_POINT('',#9801);
#9801 = CARTESIAN_POINT('',(0.625,0.,-1.6));
#9802 = LINE('',#9803,#9804);
#9803 = CARTESIAN_POINT('',(0.625,0.,-1.6));
#9804 = VECTOR('',#9805,1.);
#9805 = DIRECTION('',(1.,0.,0.));
#9806 = ORIENTED_EDGE('',*,*,#9807,.F.);
#9807 = EDGE_CURVE('',#9808,#9800,#9810,.T.);
#9808 = VERTEX_POINT('',#9809);
#9809 = CARTESIAN_POINT('',(0.625,0.,-2.));
#9810 = LINE('',#9811,#9812);
#9811 = CARTESIAN_POINT('',(0.625,0.,-2.));
#9812 = VECTOR('',#9813,1.);
#9813 = DIRECTION('',(0.,0.,1.));
#9814 = ORIENTED_EDGE('',*,*,#9815,.T.);
#9815 = EDGE_CURVE('',#9808,#9816,#9818,.T.);
#9816 = VERTEX_POINT('',#9817);
#9817 = CARTESIAN_POINT('',(0.375,0.,-2.));
#9818 = LINE('',#9819,#9820);
#9819 = CARTESIAN_POINT('',(0.625,0.,-2.));
#9820 = VECTOR('',#9821,1.);
#9821 = DIRECTION('',(-1.,0.,0.));
#9822 = ORIENTED_EDGE('',*,*,#9823,.T.);
#9823 = EDGE_CURVE('',#9816,#9824,#9826,.T.);
#9824 = VERTEX_POINT('',#9825);
#9825 = CARTESIAN_POINT('',(0.375,0.,-1.6));
#9826 = LINE('',#9827,#9828);
#9827 = CARTESIAN_POINT('',(0.375,0.,-2.));
#9828 = VECTOR('',#9829,1.);
#9829 = DIRECTION('',(0.,0.,1.));
#9830 = ORIENTED_EDGE('',*,*,#9831,.F.);
#9831 = EDGE_CURVE('',#9832,#9824,#9834,.T.);
#9832 = VERTEX_POINT('',#9833);
#9833 = CARTESIAN_POINT('',(0.125,0.,-1.6));
#9834 = LINE('',#9835,#9836);
#9835 = CARTESIAN_POINT('',(0.125,0.,-1.6));
#9836 = VECTOR('',#9837,1.);
#9837 = DIRECTION('',(1.,0.,0.));
#9838 = ORIENTED_EDGE('',*,*,#9839,.F.);
#9839 = EDGE_CURVE('',#9840,#9832,#9842,.T.);
#9840 = VERTEX_POINT('',#9841);
#9841 = CARTESIAN_POINT('',(0.125,0.,-2.));
#9842 = LINE('',#9843,#9844);
#9843 = CARTESIAN_POINT('',(0.125,0.,-2.));
#9844 = VECTOR('',#9845,1.);
#9845 = DIRECTION('',(0.,0.,1.));
#9846 = ORIENTED_EDGE('',*,*,#9847,.T.);
#9847 = EDGE_CURVE('',#9840,#9848,#9850,.T.);
#9848 = VERTEX_POINT('',#9849);
#9849 = CARTESIAN_POINT('',(-0.125,0.,-2.));
#9850 = LINE('',#9851,#9852);
#9851 = CARTESIAN_POINT('',(0.125,0.,-2.));
#9852 = VECTOR('',#9853,1.);
#9853 = DIRECTION('',(-1.,0.,0.));
#9854 = ORIENTED_EDGE('',*,*,#9855,.T.);
#9855 = EDGE_CURVE('',#9848,#9856,#9858,.T.);
#9856 = VERTEX_POINT('',#9857);
#9857 = CARTESIAN_POINT('',(-0.125,0.,-1.6));
#9858 = LINE('',#9859,#9860);
#9859 = CARTESIAN_POINT('',(-0.125,0.,-2.));
#9860 = VECTOR('',#9861,1.);
#9861 = DIRECTION('',(0.,0.,1.));
#9862 = ORIENTED_EDGE('',*,*,#9863,.F.);
#9863 = EDGE_CURVE('',#9864,#9856,#9866,.T.);
#9864 = VERTEX_POINT('',#9865);
#9865 = CARTESIAN_POINT('',(-0.375,0.,-1.6));
#9866 = LINE('',#9867,#9868);
#9867 = CARTESIAN_POINT('',(-0.375,0.,-1.6));
#9868 = VECTOR('',#9869,1.);
#9869 = DIRECTION('',(1.,0.,0.));
#9870 = ORIENTED_EDGE('',*,*,#9871,.F.);
#9871 = EDGE_CURVE('',#9872,#9864,#9874,.T.);
#9872 = VERTEX_POINT('',#9873);
#9873 = CARTESIAN_POINT('',(-0.375,0.,-2.));
#9874 = LINE('',#9875,#9876);
#9875 = CARTESIAN_POINT('',(-0.375,0.,-2.));
#9876 = VECTOR('',#9877,1.);
#9877 = DIRECTION('',(0.,0.,1.));
#9878 = ORIENTED_EDGE('',*,*,#9879,.T.);
#9879 = EDGE_CURVE('',#9872,#9880,#9882,.T.);
#9880 = VERTEX_POINT('',#9881);
#9881 = CARTESIAN_POINT('',(-0.625,0.,-2.));
#9882 = LINE('',#9883,#9884);
#9883 = CARTESIAN_POINT('',(-0.375,0.,-2.));
#9884 = VECTOR('',#9885,1.);
#9885 = DIRECTION('',(-1.,0.,0.));
#9886 = ORIENTED_EDGE('',*,*,#9887,.T.);
#9887 = EDGE_CURVE('',#9880,#9888,#9890,.T.);
#9888 = VERTEX_POINT('',#9889);
#9889 = CARTESIAN_POINT('',(-0.625,0.,-1.6));
#9890 = LINE('',#9891,#9892);
#9891 = CARTESIAN_POINT('',(-0.625,0.,-2.));
#9892 = VECTOR('',#9893,1.);
#9893 = DIRECTION('',(0.,0.,1.));
#9894 = ORIENTED_EDGE('',*,*,#9895,.F.);
#9895 = EDGE_CURVE('',#9360,#9888,#9896,.T.);
#9896 = LINE('',#9897,#9898);
#9897 = CARTESIAN_POINT('',(-0.875,0.,-1.6));
#9898 = VECTOR('',#9899,1.);
#9899 = DIRECTION('',(1.,0.,0.));
#9900 = FACE_BOUND('',#9901,.F.);
#9901 = EDGE_LOOP('',(#9902,#9912,#9920,#9928,#9936));
#9902 = ORIENTED_EDGE('',*,*,#9903,.T.);
#9903 = EDGE_CURVE('',#9904,#9906,#9908,.T.);
#9904 = VERTEX_POINT('',#9905);
#9905 = CARTESIAN_POINT('',(-0.95,0.,-1.3));
#9906 = VERTEX_POINT('',#9907);
#9907 = CARTESIAN_POINT('',(1.3,0.,-1.3));
#9908 = LINE('',#9909,#9910);
#9909 = CARTESIAN_POINT('',(-0.95,0.,-1.3));
#9910 = VECTOR('',#9911,1.);
#9911 = DIRECTION('',(1.,0.,0.));
#9912 = ORIENTED_EDGE('',*,*,#9913,.T.);
#9913 = EDGE_CURVE('',#9906,#9914,#9916,.T.);
#9914 = VERTEX_POINT('',#9915);
#9915 = CARTESIAN_POINT('',(1.3,0.,1.3));
#9916 = LINE('',#9917,#9918);
#9917 = CARTESIAN_POINT('',(1.3,0.,-1.3));
#9918 = VECTOR('',#9919,1.);
#9919 = DIRECTION('',(0.,0.,1.));
#9920 = ORIENTED_EDGE('',*,*,#9921,.T.);
#9921 = EDGE_CURVE('',#9914,#9922,#9924,.T.);
#9922 = VERTEX_POINT('',#9923);
#9923 = CARTESIAN_POINT('',(-1.3,0.,1.3));
#9924 = LINE('',#9925,#9926);
#9925 = CARTESIAN_POINT('',(1.3,0.,1.3));
#9926 = VECTOR('',#9927,1.);
#9927 = DIRECTION('',(-1.,0.,0.));
#9928 = ORIENTED_EDGE('',*,*,#9929,.T.);
#9929 = EDGE_CURVE('',#9922,#9930,#9932,.T.);
#9930 = VERTEX_POINT('',#9931);
#9931 = CARTESIAN_POINT('',(-1.3,0.,-0.95));
#9932 = LINE('',#9933,#9934);
#9933 = CARTESIAN_POINT('',(-1.3,0.,1.3));
#9934 = VECTOR('',#9935,1.);
#9935 = DIRECTION('',(0.,0.,-1.));
#9936 = ORIENTED_EDGE('',*,*,#9937,.F.);
#9937 = EDGE_CURVE('',#9904,#9930,#9938,.T.);
#9938 = LINE('',#9939,#9940);
#9939 = CARTESIAN_POINT('',(-0.95,0.,-1.3));
#9940 = VECTOR('',#9941,1.);
#9941 = DIRECTION('',(-0.707106781187,0.,0.707106781187));
#9942 = PLANE('',#9943);
#9943 = AXIS2_PLACEMENT_3D('',#9944,#9945,#9946);
#9944 = CARTESIAN_POINT('',(0.,0.,0.));
#9945 = DIRECTION('',(0.,1.,0.));
#9946 = DIRECTION('',(1.,0.,0.));
#9947 = ADVANCED_FACE('',(#9948),#9973,.F.);
#9948 = FACE_BOUND('',#9949,.F.);
#9949 = EDGE_LOOP('',(#9950,#9951,#9959,#9967));
#9950 = ORIENTED_EDGE('',*,*,#9903,.F.);
#9951 = ORIENTED_EDGE('',*,*,#9952,.T.);
#9952 = EDGE_CURVE('',#9904,#9953,#9955,.T.);
#9953 = VERTEX_POINT('',#9954);
#9954 = CARTESIAN_POINT('',(-0.95,7.5E-02,-1.3));
#9955 = LINE('',#9956,#9957);
#9956 = CARTESIAN_POINT('',(-0.95,0.,-1.3));
#9957 = VECTOR('',#9958,1.);
#9958 = DIRECTION('',(0.,1.,0.));
#9959 = ORIENTED_EDGE('',*,*,#9960,.T.);
#9960 = EDGE_CURVE('',#9953,#9961,#9963,.T.);
#9961 = VERTEX_POINT('',#9962);
#9962 = CARTESIAN_POINT('',(1.3,7.5E-02,-1.3));
#9963 = LINE('',#9964,#9965);
#9964 = CARTESIAN_POINT('',(-0.95,7.5E-02,-1.3));
#9965 = VECTOR('',#9966,1.);
#9966 = DIRECTION('',(1.,0.,0.));
#9967 = ORIENTED_EDGE('',*,*,#9968,.T.);
#9968 = EDGE_CURVE('',#9961,#9906,#9969,.T.);
#9969 = LINE('',#9970,#9971);
#9970 = CARTESIAN_POINT('',(1.3,7.5E-02,-1.3));
#9971 = VECTOR('',#9972,1.);
#9972 = DIRECTION('',(0.,-1.,0.));
#9973 = PLANE('',#9974);
#9974 = AXIS2_PLACEMENT_3D('',#9975,#9976,#9977);
#9975 = CARTESIAN_POINT('',(-1.3,7.5E-02,-1.3));
#9976 = DIRECTION('',(0.,0.,-1.));
#9977 = DIRECTION('',(1.,0.,0.));
#9978 = ADVANCED_FACE('',(#9979),#9997,.F.);
#9979 = FACE_BOUND('',#9980,.F.);
#9980 = EDGE_LOOP('',(#9981,#9982,#9990,#9996));
#9981 = ORIENTED_EDGE('',*,*,#9937,.T.);
#9982 = ORIENTED_EDGE('',*,*,#9983,.T.);
#9983 = EDGE_CURVE('',#9930,#9984,#9986,.T.);
#9984 = VERTEX_POINT('',#9985);
#9985 = CARTESIAN_POINT('',(-1.3,7.5E-02,-0.95));
#9986 = LINE('',#9987,#9988);
#9987 = CARTESIAN_POINT('',(-1.3,0.,-0.95));
#9988 = VECTOR('',#9989,1.);
#9989 = DIRECTION('',(0.,1.,0.));
#9990 = ORIENTED_EDGE('',*,*,#9991,.F.);
#9991 = EDGE_CURVE('',#9953,#9984,#9992,.T.);
#9992 = LINE('',#9993,#9994);
#9993 = CARTESIAN_POINT('',(-0.95,7.5E-02,-1.3));
#9994 = VECTOR('',#9995,1.);
#9995 = DIRECTION('',(-0.707106781187,0.,0.707106781187));
#9996 = ORIENTED_EDGE('',*,*,#9952,.F.);
#9997 = PLANE('',#9998);
#9998 = AXIS2_PLACEMENT_3D('',#9999,#10000,#10001);
#9999 = CARTESIAN_POINT('',(-1.125,2.5E-02,-1.125));
#10000 = DIRECTION('',(-0.707106781187,0.,-0.707106781187));
#10001 = DIRECTION('',(-0.707106781187,0.,0.707106781187));
#10002 = ADVANCED_FACE('',(#10003),#10021,.F.);
#10003 = FACE_BOUND('',#10004,.F.);
#10004 = EDGE_LOOP('',(#10005,#10006,#10014,#10020));
#10005 = ORIENTED_EDGE('',*,*,#9929,.F.);
#10006 = ORIENTED_EDGE('',*,*,#10007,.F.);
#10007 = EDGE_CURVE('',#10008,#9922,#10010,.T.);
#10008 = VERTEX_POINT('',#10009);
#10009 = CARTESIAN_POINT('',(-1.3,7.5E-02,1.3));
#10010 = LINE('',#10011,#10012);
#10011 = CARTESIAN_POINT('',(-1.3,7.5E-02,1.3));
#10012 = VECTOR('',#10013,1.);
#10013 = DIRECTION('',(0.,-1.,0.));
#10014 = ORIENTED_EDGE('',*,*,#10015,.T.);
#10015 = EDGE_CURVE('',#10008,#9984,#10016,.T.);
#10016 = LINE('',#10017,#10018);
#10017 = CARTESIAN_POINT('',(-1.3,7.5E-02,1.3));
#10018 = VECTOR('',#10019,1.);
#10019 = DIRECTION('',(0.,0.,-1.));
#10020 = ORIENTED_EDGE('',*,*,#9983,.F.);
#10021 = PLANE('',#10022);
#10022 = AXIS2_PLACEMENT_3D('',#10023,#10024,#10025);
#10023 = CARTESIAN_POINT('',(-1.3,7.5E-02,1.3));
#10024 = DIRECTION('',(-1.,0.,0.));
#10025 = DIRECTION('',(0.,0.,-1.));
#10026 = ADVANCED_FACE('',(#10027),#10045,.F.);
#10027 = FACE_BOUND('',#10028,.F.);
#10028 = EDGE_LOOP('',(#10029,#10030,#10038,#10044));
#10029 = ORIENTED_EDGE('',*,*,#9921,.F.);
#10030 = ORIENTED_EDGE('',*,*,#10031,.F.);
#10031 = EDGE_CURVE('',#10032,#9914,#10034,.T.);
#10032 = VERTEX_POINT('',#10033);
#10033 = CARTESIAN_POINT('',(1.3,7.5E-02,1.3));
#10034 = LINE('',#10035,#10036);
#10035 = CARTESIAN_POINT('',(1.3,7.5E-02,1.3));
#10036 = VECTOR('',#10037,1.);
#10037 = DIRECTION('',(0.,-1.,0.));
#10038 = ORIENTED_EDGE('',*,*,#10039,.T.);
#10039 = EDGE_CURVE('',#10032,#10008,#10040,.T.);
#10040 = LINE('',#10041,#10042);
#10041 = CARTESIAN_POINT('',(1.3,7.5E-02,1.3));
#10042 = VECTOR('',#10043,1.);
#10043 = DIRECTION('',(-1.,0.,0.));
#10044 = ORIENTED_EDGE('',*,*,#10007,.T.);
#10045 = PLANE('',#10046);
#10046 = AXIS2_PLACEMENT_3D('',#10047,#10048,#10049);
#10047 = CARTESIAN_POINT('',(1.3,7.5E-02,1.3));
#10048 = DIRECTION('',(0.,0.,1.));
#10049 = DIRECTION('',(-1.,0.,0.));
#10050 = ADVANCED_FACE('',(#10051),#10062,.F.);
#10051 = FACE_BOUND('',#10052,.F.);
#10052 = EDGE_LOOP('',(#10053,#10054,#10055,#10061));
#10053 = ORIENTED_EDGE('',*,*,#9913,.F.);
#10054 = ORIENTED_EDGE('',*,*,#9968,.F.);
#10055 = ORIENTED_EDGE('',*,*,#10056,.T.);
#10056 = EDGE_CURVE('',#9961,#10032,#10057,.T.);
#10057 = LINE('',#10058,#10059);
#10058 = CARTESIAN_POINT('',(1.3,7.5E-02,-1.3));
#10059 = VECTOR('',#10060,1.);
#10060 = DIRECTION('',(0.,0.,1.));
#10061 = ORIENTED_EDGE('',*,*,#10031,.T.);
#10062 = PLANE('',#10063);
#10063 = AXIS2_PLACEMENT_3D('',#10064,#10065,#10066);
#10064 = CARTESIAN_POINT('',(1.3,7.5E-02,-1.3));
#10065 = DIRECTION('',(1.,0.,0.));
#10066 = DIRECTION('',(0.,0.,1.));
#10067 = ADVANCED_FACE('',(#10068,#10102),#10109,.T.);
#10068 = FACE_BOUND('',#10069,.F.);
#10069 = EDGE_LOOP('',(#10070,#10080,#10088,#10096));
#10070 = ORIENTED_EDGE('',*,*,#10071,.F.);
#10071 = EDGE_CURVE('',#10072,#10074,#10076,.T.);
#10072 = VERTEX_POINT('',#10073);
#10073 = CARTESIAN_POINT('',(-1.4,7.5E-02,-1.4));
#10074 = VERTEX_POINT('',#10075);
#10075 = CARTESIAN_POINT('',(-1.4,7.5E-02,1.4));
#10076 = LINE('',#10077,#10078);
#10077 = CARTESIAN_POINT('',(-1.4,7.5E-02,-1.4));
#10078 = VECTOR('',#10079,1.);
#10079 = DIRECTION('',(0.,0.,1.));
#10080 = ORIENTED_EDGE('',*,*,#10081,.F.);
#10081 = EDGE_CURVE('',#10082,#10072,#10084,.T.);
#10082 = VERTEX_POINT('',#10083);
#10083 = CARTESIAN_POINT('',(1.4,7.5E-02,-1.4));
#10084 = LINE('',#10085,#10086);
#10085 = CARTESIAN_POINT('',(1.4,7.5E-02,-1.4));
#10086 = VECTOR('',#10087,1.);
#10087 = DIRECTION('',(-1.,0.,0.));
#10088 = ORIENTED_EDGE('',*,*,#10089,.F.);
#10089 = EDGE_CURVE('',#10090,#10082,#10092,.T.);
#10090 = VERTEX_POINT('',#10091);
#10091 = CARTESIAN_POINT('',(1.4,7.5E-02,1.4));
#10092 = LINE('',#10093,#10094);
#10093 = CARTESIAN_POINT('',(1.4,7.5E-02,1.4));
#10094 = VECTOR('',#10095,1.);
#10095 = DIRECTION('',(0.,0.,-1.));
#10096 = ORIENTED_EDGE('',*,*,#10097,.F.);
#10097 = EDGE_CURVE('',#10074,#10090,#10098,.T.);
#10098 = LINE('',#10099,#10100);
#10099 = CARTESIAN_POINT('',(-1.4,7.5E-02,1.4));
#10100 = VECTOR('',#10101,1.);
#10101 = DIRECTION('',(1.,0.,0.));
#10102 = FACE_BOUND('',#10103,.F.);
#10103 = EDGE_LOOP('',(#10104,#10105,#10106,#10107,#10108));
#10104 = ORIENTED_EDGE('',*,*,#10015,.F.);
#10105 = ORIENTED_EDGE('',*,*,#10039,.F.);
#10106 = ORIENTED_EDGE('',*,*,#10056,.F.);
#10107 = ORIENTED_EDGE('',*,*,#9960,.F.);
#10108 = ORIENTED_EDGE('',*,*,#9991,.T.);
#10109 = PLANE('',#10110);
#10110 = AXIS2_PLACEMENT_3D('',#10111,#10112,#10113);
#10111 = CARTESIAN_POINT('',(0.,7.5E-02,0.));
#10112 = DIRECTION('',(0.,1.,0.));
#10113 = DIRECTION('',(1.,0.,0.));
#10114 = ADVANCED_FACE('',(#10115),#10140,.F.);
#10115 = FACE_BOUND('',#10116,.F.);
#10116 = EDGE_LOOP('',(#10117,#10118,#10126,#10134));
#10117 = ORIENTED_EDGE('',*,*,#10071,.T.);
#10118 = ORIENTED_EDGE('',*,*,#10119,.T.);
#10119 = EDGE_CURVE('',#10074,#10120,#10122,.T.);
#10120 = VERTEX_POINT('',#10121);
#10121 = CARTESIAN_POINT('',(-1.4,0.175,1.4));
#10122 = LINE('',#10123,#10124);
#10123 = CARTESIAN_POINT('',(-1.4,7.5E-02,1.4));
#10124 = VECTOR('',#10125,1.);
#10125 = DIRECTION('',(0.,1.,0.));
#10126 = ORIENTED_EDGE('',*,*,#10127,.F.);
#10127 = EDGE_CURVE('',#10128,#10120,#10130,.T.);
#10128 = VERTEX_POINT('',#10129);
#10129 = CARTESIAN_POINT('',(-1.4,0.175,-1.4));
#10130 = LINE('',#10131,#10132);
#10131 = CARTESIAN_POINT('',(-1.4,0.175,-1.4));
#10132 = VECTOR('',#10133,1.);
#10133 = DIRECTION('',(0.,0.,1.));
#10134 = ORIENTED_EDGE('',*,*,#10135,.F.);
#10135 = EDGE_CURVE('',#10072,#10128,#10136,.T.);
#10136 = LINE('',#10137,#10138);
#10137 = CARTESIAN_POINT('',(-1.4,7.5E-02,-1.4));
#10138 = VECTOR('',#10139,1.);
#10139 = DIRECTION('',(0.,1.,0.));
#10140 = PLANE('',#10141);
#10141 = AXIS2_PLACEMENT_3D('',#10142,#10143,#10144);
#10142 = CARTESIAN_POINT('',(-1.4,7.5E-02,-1.4));
#10143 = DIRECTION('',(-1.,0.,0.));
#10144 = DIRECTION('',(0.,0.,1.));
#10145 = ADVANCED_FACE('',(#10146),#10164,.F.);
#10146 = FACE_BOUND('',#10147,.F.);
#10147 = EDGE_LOOP('',(#10148,#10149,#10157,#10163));
#10148 = ORIENTED_EDGE('',*,*,#10097,.T.);
#10149 = ORIENTED_EDGE('',*,*,#10150,.T.);
#10150 = EDGE_CURVE('',#10090,#10151,#10153,.T.);
#10151 = VERTEX_POINT('',#10152);
#10152 = CARTESIAN_POINT('',(1.4,0.175,1.4));
#10153 = LINE('',#10154,#10155);
#10154 = CARTESIAN_POINT('',(1.4,7.5E-02,1.4));
#10155 = VECTOR('',#10156,1.);
#10156 = DIRECTION('',(0.,1.,0.));
#10157 = ORIENTED_EDGE('',*,*,#10158,.F.);
#10158 = EDGE_CURVE('',#10120,#10151,#10159,.T.);
#10159 = LINE('',#10160,#10161);
#10160 = CARTESIAN_POINT('',(-1.4,0.175,1.4));
#10161 = VECTOR('',#10162,1.);
#10162 = DIRECTION('',(1.,0.,0.));
#10163 = ORIENTED_EDGE('',*,*,#10119,.F.);
#10164 = PLANE('',#10165);
#10165 = AXIS2_PLACEMENT_3D('',#10166,#10167,#10168);
#10166 = CARTESIAN_POINT('',(-1.4,7.5E-02,1.4));
#10167 = DIRECTION('',(0.,0.,1.));
#10168 = DIRECTION('',(1.,0.,-0.));
#10169 = ADVANCED_FACE('',(#10170),#10188,.F.);
#10170 = FACE_BOUND('',#10171,.F.);
#10171 = EDGE_LOOP('',(#10172,#10173,#10181,#10187));
#10172 = ORIENTED_EDGE('',*,*,#10089,.T.);
#10173 = ORIENTED_EDGE('',*,*,#10174,.T.);
#10174 = EDGE_CURVE('',#10082,#10175,#10177,.T.);
#10175 = VERTEX_POINT('',#10176);
#10176 = CARTESIAN_POINT('',(1.4,0.175,-1.4));
#10177 = LINE('',#10178,#10179);
#10178 = CARTESIAN_POINT('',(1.4,7.5E-02,-1.4));
#10179 = VECTOR('',#10180,1.);
#10180 = DIRECTION('',(0.,1.,0.));
#10181 = ORIENTED_EDGE('',*,*,#10182,.F.);
#10182 = EDGE_CURVE('',#10151,#10175,#10183,.T.);
#10183 = LINE('',#10184,#10185);
#10184 = CARTESIAN_POINT('',(1.4,0.175,1.4));
#10185 = VECTOR('',#10186,1.);
#10186 = DIRECTION('',(0.,0.,-1.));
#10187 = ORIENTED_EDGE('',*,*,#10150,.F.);
#10188 = PLANE('',#10189);
#10189 = AXIS2_PLACEMENT_3D('',#10190,#10191,#10192);
#10190 = CARTESIAN_POINT('',(1.4,7.5E-02,1.4));
#10191 = DIRECTION('',(1.,0.,0.));
#10192 = DIRECTION('',(0.,0.,-1.));
#10193 = ADVANCED_FACE('',(#10194),#10205,.F.);
#10194 = FACE_BOUND('',#10195,.F.);
#10195 = EDGE_LOOP('',(#10196,#10197,#10198,#10204));
#10196 = ORIENTED_EDGE('',*,*,#10081,.T.);
#10197 = ORIENTED_EDGE('',*,*,#10135,.T.);
#10198 = ORIENTED_EDGE('',*,*,#10199,.F.);
#10199 = EDGE_CURVE('',#10175,#10128,#10200,.T.);
#10200 = LINE('',#10201,#10202);
#10201 = CARTESIAN_POINT('',(1.4,0.175,-1.4));
#10202 = VECTOR('',#10203,1.);
#10203 = DIRECTION('',(-1.,0.,0.));
#10204 = ORIENTED_EDGE('',*,*,#10174,.F.);
#10205 = PLANE('',#10206);
#10206 = AXIS2_PLACEMENT_3D('',#10207,#10208,#10209);
#10207 = CARTESIAN_POINT('',(1.4,7.5E-02,-1.4));
#10208 = DIRECTION('',(0.,0.,-1.));
#10209 = DIRECTION('',(-1.,0.,0.));
#10210 = ADVANCED_FACE('',(#10211),#10217,.F.);
#10211 = FACE_BOUND('',#10212,.F.);
#10212 = EDGE_LOOP('',(#10213,#10214,#10215,#10216));
#10213 = ORIENTED_EDGE('',*,*,#10127,.T.);
#10214 = ORIENTED_EDGE('',*,*,#10158,.T.);
#10215 = ORIENTED_EDGE('',*,*,#10182,.T.);
#10216 = ORIENTED_EDGE('',*,*,#10199,.T.);
#10217 = PLANE('',#10218);
#10218 = AXIS2_PLACEMENT_3D('',#10219,#10220,#10221);
#10219 = CARTESIAN_POINT('',(0.,0.175,0.));
#10220 = DIRECTION('',(0.,1.,0.));
#10221 = DIRECTION('',(1.,0.,0.));
#10222 = ADVANCED_FACE('',(#10223),#10248,.F.);
#10223 = FACE_BOUND('',#10224,.F.);
#10224 = EDGE_LOOP('',(#10225,#10233,#10234,#10242));
#10225 = ORIENTED_EDGE('',*,*,#10226,.F.);
#10226 = EDGE_CURVE('',#9358,#10227,#10229,.T.);
#10227 = VERTEX_POINT('',#10228);
#10228 = CARTESIAN_POINT('',(-0.875,0.175,-2.));
#10229 = LINE('',#10230,#10231);
#10230 = CARTESIAN_POINT('',(-0.875,0.,-2.));
#10231 = VECTOR('',#10232,1.);
#10232 = DIRECTION('',(0.,1.,0.));
#10233 = ORIENTED_EDGE('',*,*,#9357,.T.);
#10234 = ORIENTED_EDGE('',*,*,#10235,.T.);
#10235 = EDGE_CURVE('',#9360,#10236,#10238,.T.);
#10236 = VERTEX_POINT('',#10237);
#10237 = CARTESIAN_POINT('',(-0.875,0.175,-1.6));
#10238 = LINE('',#10239,#10240);
#10239 = CARTESIAN_POINT('',(-0.875,0.,-1.6));
#10240 = VECTOR('',#10241,1.);
#10241 = DIRECTION('',(0.,1.,0.));
#10242 = ORIENTED_EDGE('',*,*,#10243,.F.);
#10243 = EDGE_CURVE('',#10227,#10236,#10244,.T.);
#10244 = LINE('',#10245,#10246);
#10245 = CARTESIAN_POINT('',(-0.875,0.175,-2.));
#10246 = VECTOR('',#10247,1.);
#10247 = DIRECTION('',(0.,0.,1.));
#10248 = PLANE('',#10249);
#10249 = AXIS2_PLACEMENT_3D('',#10250,#10251,#10252);
#10250 = CARTESIAN_POINT('',(-0.875,-2.5E-02,-2.));
#10251 = DIRECTION('',(-1.,0.,0.));
#10252 = DIRECTION('',(0.,0.,1.));
#10253 = ADVANCED_FACE('',(#10254,#10364,#10398),#10432,.T.);
#10254 = FACE_BOUND('',#10255,.F.);
#10255 = EDGE_LOOP('',(#10256,#10264,#10270,#10271,#10279,#10287,#10293,
    #10294,#10302,#10310,#10316,#10317,#10325,#10333,#10339,#10340,
    #10348,#10356,#10362,#10363));
#10256 = ORIENTED_EDGE('',*,*,#10257,.T.);
#10257 = EDGE_CURVE('',#10227,#10258,#10260,.T.);
#10258 = VERTEX_POINT('',#10259);
#10259 = CARTESIAN_POINT('',(-0.625,0.175,-2.));
#10260 = LINE('',#10261,#10262);
#10261 = CARTESIAN_POINT('',(-0.875,0.175,-2.));
#10262 = VECTOR('',#10263,1.);
#10263 = DIRECTION('',(1.,0.,0.));
#10264 = ORIENTED_EDGE('',*,*,#10265,.F.);
#10265 = EDGE_CURVE('',#9880,#10258,#10266,.T.);
#10266 = LINE('',#10267,#10268);
#10267 = CARTESIAN_POINT('',(-0.625,0.,-2.));
#10268 = VECTOR('',#10269,1.);
#10269 = DIRECTION('',(0.,1.,0.));
#10270 = ORIENTED_EDGE('',*,*,#9879,.F.);
#10271 = ORIENTED_EDGE('',*,*,#10272,.T.);
#10272 = EDGE_CURVE('',#9872,#10273,#10275,.T.);
#10273 = VERTEX_POINT('',#10274);
#10274 = CARTESIAN_POINT('',(-0.375,0.175,-2.));
#10275 = LINE('',#10276,#10277);
#10276 = CARTESIAN_POINT('',(-0.375,0.,-2.));
#10277 = VECTOR('',#10278,1.);
#10278 = DIRECTION('',(0.,1.,0.));
#10279 = ORIENTED_EDGE('',*,*,#10280,.T.);
#10280 = EDGE_CURVE('',#10273,#10281,#10283,.T.);
#10281 = VERTEX_POINT('',#10282);
#10282 = CARTESIAN_POINT('',(-0.125,0.175,-2.));
#10283 = LINE('',#10284,#10285);
#10284 = CARTESIAN_POINT('',(-0.375,0.175,-2.));
#10285 = VECTOR('',#10286,1.);
#10286 = DIRECTION('',(1.,0.,0.));
#10287 = ORIENTED_EDGE('',*,*,#10288,.F.);
#10288 = EDGE_CURVE('',#9848,#10281,#10289,.T.);
#10289 = LINE('',#10290,#10291);
#10290 = CARTESIAN_POINT('',(-0.125,0.,-2.));
#10291 = VECTOR('',#10292,1.);
#10292 = DIRECTION('',(0.,1.,0.));
#10293 = ORIENTED_EDGE('',*,*,#9847,.F.);
#10294 = ORIENTED_EDGE('',*,*,#10295,.T.);
#10295 = EDGE_CURVE('',#9840,#10296,#10298,.T.);
#10296 = VERTEX_POINT('',#10297);
#10297 = CARTESIAN_POINT('',(0.125,0.175,-2.));
#10298 = LINE('',#10299,#10300);
#10299 = CARTESIAN_POINT('',(0.125,0.,-2.));
#10300 = VECTOR('',#10301,1.);
#10301 = DIRECTION('',(0.,1.,0.));
#10302 = ORIENTED_EDGE('',*,*,#10303,.T.);
#10303 = EDGE_CURVE('',#10296,#10304,#10306,.T.);
#10304 = VERTEX_POINT('',#10305);
#10305 = CARTESIAN_POINT('',(0.375,0.175,-2.));
#10306 = LINE('',#10307,#10308);
#10307 = CARTESIAN_POINT('',(0.125,0.175,-2.));
#10308 = VECTOR('',#10309,1.);
#10309 = DIRECTION('',(1.,0.,0.));
#10310 = ORIENTED_EDGE('',*,*,#10311,.F.);
#10311 = EDGE_CURVE('',#9816,#10304,#10312,.T.);
#10312 = LINE('',#10313,#10314);
#10313 = CARTESIAN_POINT('',(0.375,0.,-2.));
#10314 = VECTOR('',#10315,1.);
#10315 = DIRECTION('',(0.,1.,0.));
#10316 = ORIENTED_EDGE('',*,*,#9815,.F.);
#10317 = ORIENTED_EDGE('',*,*,#10318,.T.);
#10318 = EDGE_CURVE('',#9808,#10319,#10321,.T.);
#10319 = VERTEX_POINT('',#10320);
#10320 = CARTESIAN_POINT('',(0.625,0.175,-2.));
#10321 = LINE('',#10322,#10323);
#10322 = CARTESIAN_POINT('',(0.625,0.,-2.));
#10323 = VECTOR('',#10324,1.);
#10324 = DIRECTION('',(0.,1.,0.));
#10325 = ORIENTED_EDGE('',*,*,#10326,.T.);
#10326 = EDGE_CURVE('',#10319,#10327,#10329,.T.);
#10327 = VERTEX_POINT('',#10328);
#10328 = CARTESIAN_POINT('',(0.875,0.175,-2.));
#10329 = LINE('',#10330,#10331);
#10330 = CARTESIAN_POINT('',(0.625,0.175,-2.));
#10331 = VECTOR('',#10332,1.);
#10332 = DIRECTION('',(1.,0.,0.));
#10333 = ORIENTED_EDGE('',*,*,#10334,.F.);
#10334 = EDGE_CURVE('',#9784,#10327,#10335,.T.);
#10335 = LINE('',#10336,#10337);
#10336 = CARTESIAN_POINT('',(0.875,0.,-2.));
#10337 = VECTOR('',#10338,1.);
#10338 = DIRECTION('',(0.,1.,0.));
#10339 = ORIENTED_EDGE('',*,*,#9783,.F.);
#10340 = ORIENTED_EDGE('',*,*,#10341,.T.);
#10341 = EDGE_CURVE('',#9776,#10342,#10344,.T.);
#10342 = VERTEX_POINT('',#10343);
#10343 = CARTESIAN_POINT('',(2.,0.775,-2.));
#10344 = LINE('',#10345,#10346);
#10345 = CARTESIAN_POINT('',(2.,0.,-2.));
#10346 = VECTOR('',#10347,1.);
#10347 = DIRECTION('',(0.,1.,0.));
#10348 = ORIENTED_EDGE('',*,*,#10349,.T.);
#10349 = EDGE_CURVE('',#10342,#10350,#10352,.T.);
#10350 = VERTEX_POINT('',#10351);
#10351 = CARTESIAN_POINT('',(-2.,0.775,-2.));
#10352 = LINE('',#10353,#10354);
#10353 = CARTESIAN_POINT('',(2.,0.775,-2.));
#10354 = VECTOR('',#10355,1.);
#10355 = DIRECTION('',(-1.,0.,0.));
#10356 = ORIENTED_EDGE('',*,*,#10357,.F.);
#10357 = EDGE_CURVE('',#9368,#10350,#10358,.T.);
#10358 = LINE('',#10359,#10360);
#10359 = CARTESIAN_POINT('',(-2.,0.,-2.));
#10360 = VECTOR('',#10361,1.);
#10361 = DIRECTION('',(0.,1.,0.));
#10362 = ORIENTED_EDGE('',*,*,#9367,.F.);
#10363 = ORIENTED_EDGE('',*,*,#10226,.T.);
#10364 = FACE_BOUND('',#10365,.F.);
#10365 = EDGE_LOOP('',(#10366,#10376,#10384,#10392));
#10366 = ORIENTED_EDGE('',*,*,#10367,.T.);
#10367 = EDGE_CURVE('',#10368,#10370,#10372,.T.);
#10368 = VERTEX_POINT('',#10369);
#10369 = CARTESIAN_POINT('',(-1.75,0.175,-2.));
#10370 = VERTEX_POINT('',#10371);
#10371 = CARTESIAN_POINT('',(-1.6,0.175,-2.));
#10372 = LINE('',#10373,#10374);
#10373 = CARTESIAN_POINT('',(-1.75,0.175,-2.));
#10374 = VECTOR('',#10375,1.);
#10375 = DIRECTION('',(1.,0.,0.));
#10376 = ORIENTED_EDGE('',*,*,#10377,.F.);
#10377 = EDGE_CURVE('',#10378,#10370,#10380,.T.);
#10378 = VERTEX_POINT('',#10379);
#10379 = CARTESIAN_POINT('',(-1.6,7.5E-02,-2.));
#10380 = LINE('',#10381,#10382);
#10381 = CARTESIAN_POINT('',(-1.6,7.5E-02,-2.));
#10382 = VECTOR('',#10383,1.);
#10383 = DIRECTION('',(0.,1.,0.));
#10384 = ORIENTED_EDGE('',*,*,#10385,.F.);
#10385 = EDGE_CURVE('',#10386,#10378,#10388,.T.);
#10386 = VERTEX_POINT('',#10387);
#10387 = CARTESIAN_POINT('',(-1.75,7.5E-02,-2.));
#10388 = LINE('',#10389,#10390);
#10389 = CARTESIAN_POINT('',(-1.75,7.5E-02,-2.));
#10390 = VECTOR('',#10391,1.);
#10391 = DIRECTION('',(1.,0.,0.));
#10392 = ORIENTED_EDGE('',*,*,#10393,.T.);
#10393 = EDGE_CURVE('',#10386,#10368,#10394,.T.);
#10394 = LINE('',#10395,#10396);
#10395 = CARTESIAN_POINT('',(-1.75,7.5E-02,-2.));
#10396 = VECTOR('',#10397,1.);
#10397 = DIRECTION('',(0.,1.,0.));
#10398 = FACE_BOUND('',#10399,.F.);
#10399 = EDGE_LOOP('',(#10400,#10410,#10418,#10426));
#10400 = ORIENTED_EDGE('',*,*,#10401,.F.);
#10401 = EDGE_CURVE('',#10402,#10404,#10406,.T.);
#10402 = VERTEX_POINT('',#10403);
#10403 = CARTESIAN_POINT('',(1.75,0.175,-2.));
#10404 = VERTEX_POINT('',#10405);
#10405 = CARTESIAN_POINT('',(1.6,0.175,-2.));
#10406 = LINE('',#10407,#10408);
#10407 = CARTESIAN_POINT('',(1.75,0.175,-2.));
#10408 = VECTOR('',#10409,1.);
#10409 = DIRECTION('',(-1.,0.,0.));
#10410 = ORIENTED_EDGE('',*,*,#10411,.F.);
#10411 = EDGE_CURVE('',#10412,#10402,#10414,.T.);
#10412 = VERTEX_POINT('',#10413);
#10413 = CARTESIAN_POINT('',(1.75,7.5E-02,-2.));
#10414 = LINE('',#10415,#10416);
#10415 = CARTESIAN_POINT('',(1.75,7.5E-02,-2.));
#10416 = VECTOR('',#10417,1.);
#10417 = DIRECTION('',(0.,1.,0.));
#10418 = ORIENTED_EDGE('',*,*,#10419,.T.);
#10419 = EDGE_CURVE('',#10412,#10420,#10422,.T.);
#10420 = VERTEX_POINT('',#10421);
#10421 = CARTESIAN_POINT('',(1.6,7.5E-02,-2.));
#10422 = LINE('',#10423,#10424);
#10423 = CARTESIAN_POINT('',(1.75,7.5E-02,-2.));
#10424 = VECTOR('',#10425,1.);
#10425 = DIRECTION('',(-1.,0.,0.));
#10426 = ORIENTED_EDGE('',*,*,#10427,.T.);
#10427 = EDGE_CURVE('',#10420,#10404,#10428,.T.);
#10428 = LINE('',#10429,#10430);
#10429 = CARTESIAN_POINT('',(1.6,7.5E-02,-2.));
#10430 = VECTOR('',#10431,1.);
#10431 = DIRECTION('',(0.,1.,0.));
#10432 = PLANE('',#10433);
#10433 = AXIS2_PLACEMENT_3D('',#10434,#10435,#10436);
#10434 = CARTESIAN_POINT('',(2.,0.,-2.));
#10435 = DIRECTION('',(0.,0.,-1.));
#10436 = DIRECTION('',(-1.,0.,0.));
#10437 = ADVANCED_FACE('',(#10438),#10456,.F.);
#10438 = FACE_BOUND('',#10439,.F.);
#10439 = EDGE_LOOP('',(#10440,#10441,#10442,#10450));
#10440 = ORIENTED_EDGE('',*,*,#10257,.F.);
#10441 = ORIENTED_EDGE('',*,*,#10243,.T.);
#10442 = ORIENTED_EDGE('',*,*,#10443,.T.);
#10443 = EDGE_CURVE('',#10236,#10444,#10446,.T.);
#10444 = VERTEX_POINT('',#10445);
#10445 = CARTESIAN_POINT('',(-0.625,0.175,-1.6));
#10446 = LINE('',#10447,#10448);
#10447 = CARTESIAN_POINT('',(-0.875,0.175,-1.6));
#10448 = VECTOR('',#10449,1.);
#10449 = DIRECTION('',(1.,0.,0.));
#10450 = ORIENTED_EDGE('',*,*,#10451,.T.);
#10451 = EDGE_CURVE('',#10444,#10258,#10452,.T.);
#10452 = LINE('',#10453,#10454);
#10453 = CARTESIAN_POINT('',(-0.625,0.175,-1.6));
#10454 = VECTOR('',#10455,1.);
#10455 = DIRECTION('',(0.,0.,-1.));
#10456 = PLANE('',#10457);
#10457 = AXIS2_PLACEMENT_3D('',#10458,#10459,#10460);
#10458 = CARTESIAN_POINT('',(0.,0.175,0.));
#10459 = DIRECTION('',(0.,1.,0.));
#10460 = DIRECTION('',(1.,0.,0.));
#10461 = ADVANCED_FACE('',(#10462),#10473,.F.);
#10462 = FACE_BOUND('',#10463,.F.);
#10463 = EDGE_LOOP('',(#10464,#10465,#10466,#10472));
#10464 = ORIENTED_EDGE('',*,*,#10235,.F.);
#10465 = ORIENTED_EDGE('',*,*,#9895,.T.);
#10466 = ORIENTED_EDGE('',*,*,#10467,.T.);
#10467 = EDGE_CURVE('',#9888,#10444,#10468,.T.);
#10468 = LINE('',#10469,#10470);
#10469 = CARTESIAN_POINT('',(-0.625,0.,-1.6));
#10470 = VECTOR('',#10471,1.);
#10471 = DIRECTION('',(0.,1.,0.));
#10472 = ORIENTED_EDGE('',*,*,#10443,.F.);
#10473 = PLANE('',#10474);
#10474 = AXIS2_PLACEMENT_3D('',#10475,#10476,#10477);
#10475 = CARTESIAN_POINT('',(-0.875,-2.5E-02,-1.6));
#10476 = DIRECTION('',(0.,0.,1.));
#10477 = DIRECTION('',(1.,0.,-0.));
#10478 = ADVANCED_FACE('',(#10479),#10485,.F.);
#10479 = FACE_BOUND('',#10480,.F.);
#10480 = EDGE_LOOP('',(#10481,#10482,#10483,#10484));
#10481 = ORIENTED_EDGE('',*,*,#10265,.T.);
#10482 = ORIENTED_EDGE('',*,*,#10451,.F.);
#10483 = ORIENTED_EDGE('',*,*,#10467,.F.);
#10484 = ORIENTED_EDGE('',*,*,#9887,.F.);
#10485 = PLANE('',#10486);
#10486 = AXIS2_PLACEMENT_3D('',#10487,#10488,#10489);
#10487 = CARTESIAN_POINT('',(-0.625,-2.5E-02,-1.6));
#10488 = DIRECTION('',(1.,0.,0.));
#10489 = DIRECTION('',(0.,0.,-1.));
#10490 = ADVANCED_FACE('',(#10491),#10509,.F.);
#10491 = FACE_BOUND('',#10492,.F.);
#10492 = EDGE_LOOP('',(#10493,#10494,#10495,#10503));
#10493 = ORIENTED_EDGE('',*,*,#10272,.F.);
#10494 = ORIENTED_EDGE('',*,*,#9871,.T.);
#10495 = ORIENTED_EDGE('',*,*,#10496,.T.);
#10496 = EDGE_CURVE('',#9864,#10497,#10499,.T.);
#10497 = VERTEX_POINT('',#10498);
#10498 = CARTESIAN_POINT('',(-0.375,0.175,-1.6));
#10499 = LINE('',#10500,#10501);
#10500 = CARTESIAN_POINT('',(-0.375,0.,-1.6));
#10501 = VECTOR('',#10502,1.);
#10502 = DIRECTION('',(0.,1.,0.));
#10503 = ORIENTED_EDGE('',*,*,#10504,.F.);
#10504 = EDGE_CURVE('',#10273,#10497,#10505,.T.);
#10505 = LINE('',#10506,#10507);
#10506 = CARTESIAN_POINT('',(-0.375,0.175,-2.));
#10507 = VECTOR('',#10508,1.);
#10508 = DIRECTION('',(0.,0.,1.));
#10509 = PLANE('',#10510);
#10510 = AXIS2_PLACEMENT_3D('',#10511,#10512,#10513);
#10511 = CARTESIAN_POINT('',(-0.375,-2.5E-02,-2.));
#10512 = DIRECTION('',(-1.,0.,0.));
#10513 = DIRECTION('',(0.,0.,1.));
#10514 = ADVANCED_FACE('',(#10515),#10533,.F.);
#10515 = FACE_BOUND('',#10516,.F.);
#10516 = EDGE_LOOP('',(#10517,#10518,#10519,#10527));
#10517 = ORIENTED_EDGE('',*,*,#10496,.F.);
#10518 = ORIENTED_EDGE('',*,*,#9863,.T.);
#10519 = ORIENTED_EDGE('',*,*,#10520,.T.);
#10520 = EDGE_CURVE('',#9856,#10521,#10523,.T.);
#10521 = VERTEX_POINT('',#10522);
#10522 = CARTESIAN_POINT('',(-0.125,0.175,-1.6));
#10523 = LINE('',#10524,#10525);
#10524 = CARTESIAN_POINT('',(-0.125,0.,-1.6));
#10525 = VECTOR('',#10526,1.);
#10526 = DIRECTION('',(0.,1.,0.));
#10527 = ORIENTED_EDGE('',*,*,#10528,.F.);
#10528 = EDGE_CURVE('',#10497,#10521,#10529,.T.);
#10529 = LINE('',#10530,#10531);
#10530 = CARTESIAN_POINT('',(-0.375,0.175,-1.6));
#10531 = VECTOR('',#10532,1.);
#10532 = DIRECTION('',(1.,0.,0.));
#10533 = PLANE('',#10534);
#10534 = AXIS2_PLACEMENT_3D('',#10535,#10536,#10537);
#10535 = CARTESIAN_POINT('',(-0.375,-2.5E-02,-1.6));
#10536 = DIRECTION('',(0.,0.,1.));
#10537 = DIRECTION('',(1.,0.,-0.));
#10538 = ADVANCED_FACE('',(#10539),#10550,.F.);
#10539 = FACE_BOUND('',#10540,.F.);
#10540 = EDGE_LOOP('',(#10541,#10542,#10548,#10549));
#10541 = ORIENTED_EDGE('',*,*,#10288,.T.);
#10542 = ORIENTED_EDGE('',*,*,#10543,.F.);
#10543 = EDGE_CURVE('',#10521,#10281,#10544,.T.);
#10544 = LINE('',#10545,#10546);
#10545 = CARTESIAN_POINT('',(-0.125,0.175,-1.6));
#10546 = VECTOR('',#10547,1.);
#10547 = DIRECTION('',(0.,0.,-1.));
#10548 = ORIENTED_EDGE('',*,*,#10520,.F.);
#10549 = ORIENTED_EDGE('',*,*,#9855,.F.);
#10550 = PLANE('',#10551);
#10551 = AXIS2_PLACEMENT_3D('',#10552,#10553,#10554);
#10552 = CARTESIAN_POINT('',(-0.125,-2.5E-02,-1.6));
#10553 = DIRECTION('',(1.,0.,0.));
#10554 = DIRECTION('',(0.,0.,-1.));
#10555 = ADVANCED_FACE('',(#10556),#10562,.F.);
#10556 = FACE_BOUND('',#10557,.F.);
#10557 = EDGE_LOOP('',(#10558,#10559,#10560,#10561));
#10558 = ORIENTED_EDGE('',*,*,#10280,.F.);
#10559 = ORIENTED_EDGE('',*,*,#10504,.T.);
#10560 = ORIENTED_EDGE('',*,*,#10528,.T.);
#10561 = ORIENTED_EDGE('',*,*,#10543,.T.);
#10562 = PLANE('',#10563);
#10563 = AXIS2_PLACEMENT_3D('',#10564,#10565,#10566);
#10564 = CARTESIAN_POINT('',(0.,0.175,0.));
#10565 = DIRECTION('',(0.,1.,0.));
#10566 = DIRECTION('',(1.,0.,0.));
#10567 = ADVANCED_FACE('',(#10568),#10586,.F.);
#10568 = FACE_BOUND('',#10569,.F.);
#10569 = EDGE_LOOP('',(#10570,#10571,#10572,#10580));
#10570 = ORIENTED_EDGE('',*,*,#10295,.F.);
#10571 = ORIENTED_EDGE('',*,*,#9839,.T.);
#10572 = ORIENTED_EDGE('',*,*,#10573,.T.);
#10573 = EDGE_CURVE('',#9832,#10574,#10576,.T.);
#10574 = VERTEX_POINT('',#10575);
#10575 = CARTESIAN_POINT('',(0.125,0.175,-1.6));
#10576 = LINE('',#10577,#10578);
#10577 = CARTESIAN_POINT('',(0.125,0.,-1.6));
#10578 = VECTOR('',#10579,1.);
#10579 = DIRECTION('',(0.,1.,0.));
#10580 = ORIENTED_EDGE('',*,*,#10581,.F.);
#10581 = EDGE_CURVE('',#10296,#10574,#10582,.T.);
#10582 = LINE('',#10583,#10584);
#10583 = CARTESIAN_POINT('',(0.125,0.175,-2.));
#10584 = VECTOR('',#10585,1.);
#10585 = DIRECTION('',(0.,0.,1.));
#10586 = PLANE('',#10587);
#10587 = AXIS2_PLACEMENT_3D('',#10588,#10589,#10590);
#10588 = CARTESIAN_POINT('',(0.125,-2.5E-02,-2.));
#10589 = DIRECTION('',(-1.,0.,0.));
#10590 = DIRECTION('',(0.,0.,1.));
#10591 = ADVANCED_FACE('',(#10592),#10610,.F.);
#10592 = FACE_BOUND('',#10593,.F.);
#10593 = EDGE_LOOP('',(#10594,#10595,#10596,#10604));
#10594 = ORIENTED_EDGE('',*,*,#10573,.F.);
#10595 = ORIENTED_EDGE('',*,*,#9831,.T.);
#10596 = ORIENTED_EDGE('',*,*,#10597,.T.);
#10597 = EDGE_CURVE('',#9824,#10598,#10600,.T.);
#10598 = VERTEX_POINT('',#10599);
#10599 = CARTESIAN_POINT('',(0.375,0.175,-1.6));
#10600 = LINE('',#10601,#10602);
#10601 = CARTESIAN_POINT('',(0.375,0.,-1.6));
#10602 = VECTOR('',#10603,1.);
#10603 = DIRECTION('',(0.,1.,0.));
#10604 = ORIENTED_EDGE('',*,*,#10605,.F.);
#10605 = EDGE_CURVE('',#10574,#10598,#10606,.T.);
#10606 = LINE('',#10607,#10608);
#10607 = CARTESIAN_POINT('',(0.125,0.175,-1.6));
#10608 = VECTOR('',#10609,1.);
#10609 = DIRECTION('',(1.,0.,0.));
#10610 = PLANE('',#10611);
#10611 = AXIS2_PLACEMENT_3D('',#10612,#10613,#10614);
#10612 = CARTESIAN_POINT('',(0.125,-2.5E-02,-1.6));
#10613 = DIRECTION('',(0.,0.,1.));
#10614 = DIRECTION('',(1.,0.,-0.));
#10615 = ADVANCED_FACE('',(#10616),#10627,.F.);
#10616 = FACE_BOUND('',#10617,.F.);
#10617 = EDGE_LOOP('',(#10618,#10619,#10625,#10626));
#10618 = ORIENTED_EDGE('',*,*,#10311,.T.);
#10619 = ORIENTED_EDGE('',*,*,#10620,.F.);
#10620 = EDGE_CURVE('',#10598,#10304,#10621,.T.);
#10621 = LINE('',#10622,#10623);
#10622 = CARTESIAN_POINT('',(0.375,0.175,-1.6));
#10623 = VECTOR('',#10624,1.);
#10624 = DIRECTION('',(0.,0.,-1.));
#10625 = ORIENTED_EDGE('',*,*,#10597,.F.);
#10626 = ORIENTED_EDGE('',*,*,#9823,.F.);
#10627 = PLANE('',#10628);
#10628 = AXIS2_PLACEMENT_3D('',#10629,#10630,#10631);
#10629 = CARTESIAN_POINT('',(0.375,-2.5E-02,-1.6));
#10630 = DIRECTION('',(1.,0.,0.));
#10631 = DIRECTION('',(0.,0.,-1.));
#10632 = ADVANCED_FACE('',(#10633),#10639,.F.);
#10633 = FACE_BOUND('',#10634,.F.);
#10634 = EDGE_LOOP('',(#10635,#10636,#10637,#10638));
#10635 = ORIENTED_EDGE('',*,*,#10303,.F.);
#10636 = ORIENTED_EDGE('',*,*,#10581,.T.);
#10637 = ORIENTED_EDGE('',*,*,#10605,.T.);
#10638 = ORIENTED_EDGE('',*,*,#10620,.T.);
#10639 = PLANE('',#10640);
#10640 = AXIS2_PLACEMENT_3D('',#10641,#10642,#10643);
#10641 = CARTESIAN_POINT('',(0.,0.175,0.));
#10642 = DIRECTION('',(0.,1.,0.));
#10643 = DIRECTION('',(1.,0.,0.));
#10644 = ADVANCED_FACE('',(#10645),#10663,.F.);
#10645 = FACE_BOUND('',#10646,.F.);
#10646 = EDGE_LOOP('',(#10647,#10648,#10649,#10657));
#10647 = ORIENTED_EDGE('',*,*,#10318,.F.);
#10648 = ORIENTED_EDGE('',*,*,#9807,.T.);
#10649 = ORIENTED_EDGE('',*,*,#10650,.T.);
#10650 = EDGE_CURVE('',#9800,#10651,#10653,.T.);
#10651 = VERTEX_POINT('',#10652);
#10652 = CARTESIAN_POINT('',(0.625,0.175,-1.6));
#10653 = LINE('',#10654,#10655);
#10654 = CARTESIAN_POINT('',(0.625,0.,-1.6));
#10655 = VECTOR('',#10656,1.);
#10656 = DIRECTION('',(0.,1.,0.));
#10657 = ORIENTED_EDGE('',*,*,#10658,.F.);
#10658 = EDGE_CURVE('',#10319,#10651,#10659,.T.);
#10659 = LINE('',#10660,#10661);
#10660 = CARTESIAN_POINT('',(0.625,0.175,-2.));
#10661 = VECTOR('',#10662,1.);
#10662 = DIRECTION('',(0.,0.,1.));
#10663 = PLANE('',#10664);
#10664 = AXIS2_PLACEMENT_3D('',#10665,#10666,#10667);
#10665 = CARTESIAN_POINT('',(0.625,-2.5E-02,-2.));
#10666 = DIRECTION('',(-1.,0.,0.));
#10667 = DIRECTION('',(0.,0.,1.));
#10668 = ADVANCED_FACE('',(#10669),#10687,.F.);
#10669 = FACE_BOUND('',#10670,.F.);
#10670 = EDGE_LOOP('',(#10671,#10672,#10673,#10681));
#10671 = ORIENTED_EDGE('',*,*,#10650,.F.);
#10672 = ORIENTED_EDGE('',*,*,#9799,.T.);
#10673 = ORIENTED_EDGE('',*,*,#10674,.T.);
#10674 = EDGE_CURVE('',#9792,#10675,#10677,.T.);
#10675 = VERTEX_POINT('',#10676);
#10676 = CARTESIAN_POINT('',(0.875,0.175,-1.6));
#10677 = LINE('',#10678,#10679);
#10678 = CARTESIAN_POINT('',(0.875,0.,-1.6));
#10679 = VECTOR('',#10680,1.);
#10680 = DIRECTION('',(0.,1.,0.));
#10681 = ORIENTED_EDGE('',*,*,#10682,.F.);
#10682 = EDGE_CURVE('',#10651,#10675,#10683,.T.);
#10683 = LINE('',#10684,#10685);
#10684 = CARTESIAN_POINT('',(0.625,0.175,-1.6));
#10685 = VECTOR('',#10686,1.);
#10686 = DIRECTION('',(1.,0.,0.));
#10687 = PLANE('',#10688);
#10688 = AXIS2_PLACEMENT_3D('',#10689,#10690,#10691);
#10689 = CARTESIAN_POINT('',(0.625,-2.5E-02,-1.6));
#10690 = DIRECTION('',(0.,0.,1.));
#10691 = DIRECTION('',(1.,0.,-0.));
#10692 = ADVANCED_FACE('',(#10693),#10704,.F.);
#10693 = FACE_BOUND('',#10694,.F.);
#10694 = EDGE_LOOP('',(#10695,#10696,#10702,#10703));
#10695 = ORIENTED_EDGE('',*,*,#10334,.T.);
#10696 = ORIENTED_EDGE('',*,*,#10697,.F.);
#10697 = EDGE_CURVE('',#10675,#10327,#10698,.T.);
#10698 = LINE('',#10699,#10700);
#10699 = CARTESIAN_POINT('',(0.875,0.175,-1.6));
#10700 = VECTOR('',#10701,1.);
#10701 = DIRECTION('',(0.,0.,-1.));
#10702 = ORIENTED_EDGE('',*,*,#10674,.F.);
#10703 = ORIENTED_EDGE('',*,*,#9791,.F.);
#10704 = PLANE('',#10705);
#10705 = AXIS2_PLACEMENT_3D('',#10706,#10707,#10708);
#10706 = CARTESIAN_POINT('',(0.875,-2.5E-02,-1.6));
#10707 = DIRECTION('',(1.,0.,0.));
#10708 = DIRECTION('',(0.,0.,-1.));
#10709 = ADVANCED_FACE('',(#10710),#10716,.F.);
#10710 = FACE_BOUND('',#10711,.F.);
#10711 = EDGE_LOOP('',(#10712,#10713,#10714,#10715));
#10712 = ORIENTED_EDGE('',*,*,#10326,.F.);
#10713 = ORIENTED_EDGE('',*,*,#10658,.T.);
#10714 = ORIENTED_EDGE('',*,*,#10682,.T.);
#10715 = ORIENTED_EDGE('',*,*,#10697,.T.);
#10716 = PLANE('',#10717);
#10717 = AXIS2_PLACEMENT_3D('',#10718,#10719,#10720);
#10718 = CARTESIAN_POINT('',(0.,0.175,0.));
#10719 = DIRECTION('',(0.,1.,0.));
#10720 = DIRECTION('',(1.,0.,0.));
#10721 = ADVANCED_FACE('',(#10722,#10832,#10866),#10900,.T.);
#10722 = FACE_BOUND('',#10723,.F.);
#10723 = EDGE_LOOP('',(#10724,#10732,#10740,#10746,#10747,#10755,#10763,
    #10769,#10770,#10778,#10786,#10792,#10793,#10801,#10809,#10815,
    #10816,#10824,#10830,#10831));
#10724 = ORIENTED_EDGE('',*,*,#10725,.T.);
#10725 = EDGE_CURVE('',#9768,#10726,#10728,.T.);
#10726 = VERTEX_POINT('',#10727);
#10727 = CARTESIAN_POINT('',(2.,0.175,-0.875));
#10728 = LINE('',#10729,#10730);
#10729 = CARTESIAN_POINT('',(2.,0.,-0.875));
#10730 = VECTOR('',#10731,1.);
#10731 = DIRECTION('',(0.,1.,0.));
#10732 = ORIENTED_EDGE('',*,*,#10733,.F.);
#10733 = EDGE_CURVE('',#10734,#10726,#10736,.T.);
#10734 = VERTEX_POINT('',#10735);
#10735 = CARTESIAN_POINT('',(2.,0.175,-0.625));
#10736 = LINE('',#10737,#10738);
#10737 = CARTESIAN_POINT('',(2.,0.175,-0.625));
#10738 = VECTOR('',#10739,1.);
#10739 = DIRECTION('',(0.,0.,-1.));
#10740 = ORIENTED_EDGE('',*,*,#10741,.F.);
#10741 = EDGE_CURVE('',#9744,#10734,#10742,.T.);
#10742 = LINE('',#10743,#10744);
#10743 = CARTESIAN_POINT('',(2.,0.,-0.625));
#10744 = VECTOR('',#10745,1.);
#10745 = DIRECTION('',(0.,1.,0.));
#10746 = ORIENTED_EDGE('',*,*,#9743,.F.);
#10747 = ORIENTED_EDGE('',*,*,#10748,.T.);
#10748 = EDGE_CURVE('',#9736,#10749,#10751,.T.);
#10749 = VERTEX_POINT('',#10750);
#10750 = CARTESIAN_POINT('',(2.,0.175,-0.375));
#10751 = LINE('',#10752,#10753);
#10752 = CARTESIAN_POINT('',(2.,0.,-0.375));
#10753 = VECTOR('',#10754,1.);
#10754 = DIRECTION('',(0.,1.,0.));
#10755 = ORIENTED_EDGE('',*,*,#10756,.F.);
#10756 = EDGE_CURVE('',#10757,#10749,#10759,.T.);
#10757 = VERTEX_POINT('',#10758);
#10758 = CARTESIAN_POINT('',(2.,0.175,-0.125));
#10759 = LINE('',#10760,#10761);
#10760 = CARTESIAN_POINT('',(2.,0.175,-0.125));
#10761 = VECTOR('',#10762,1.);
#10762 = DIRECTION('',(0.,0.,-1.));
#10763 = ORIENTED_EDGE('',*,*,#10764,.F.);
#10764 = EDGE_CURVE('',#9712,#10757,#10765,.T.);
#10765 = LINE('',#10766,#10767);
#10766 = CARTESIAN_POINT('',(2.,0.,-0.125));
#10767 = VECTOR('',#10768,1.);
#10768 = DIRECTION('',(0.,1.,0.));
#10769 = ORIENTED_EDGE('',*,*,#9711,.F.);
#10770 = ORIENTED_EDGE('',*,*,#10771,.T.);
#10771 = EDGE_CURVE('',#9704,#10772,#10774,.T.);
#10772 = VERTEX_POINT('',#10773);
#10773 = CARTESIAN_POINT('',(2.,0.175,0.125));
#10774 = LINE('',#10775,#10776);
#10775 = CARTESIAN_POINT('',(2.,0.,0.125));
#10776 = VECTOR('',#10777,1.);
#10777 = DIRECTION('',(0.,1.,0.));
#10778 = ORIENTED_EDGE('',*,*,#10779,.F.);
#10779 = EDGE_CURVE('',#10780,#10772,#10782,.T.);
#10780 = VERTEX_POINT('',#10781);
#10781 = CARTESIAN_POINT('',(2.,0.175,0.375));
#10782 = LINE('',#10783,#10784);
#10783 = CARTESIAN_POINT('',(2.,0.175,0.375));
#10784 = VECTOR('',#10785,1.);
#10785 = DIRECTION('',(0.,0.,-1.));
#10786 = ORIENTED_EDGE('',*,*,#10787,.F.);
#10787 = EDGE_CURVE('',#9680,#10780,#10788,.T.);
#10788 = LINE('',#10789,#10790);
#10789 = CARTESIAN_POINT('',(2.,0.,0.375));
#10790 = VECTOR('',#10791,1.);
#10791 = DIRECTION('',(0.,1.,0.));
#10792 = ORIENTED_EDGE('',*,*,#9679,.F.);
#10793 = ORIENTED_EDGE('',*,*,#10794,.T.);
#10794 = EDGE_CURVE('',#9672,#10795,#10797,.T.);
#10795 = VERTEX_POINT('',#10796);
#10796 = CARTESIAN_POINT('',(2.,0.175,0.625));
#10797 = LINE('',#10798,#10799);
#10798 = CARTESIAN_POINT('',(2.,0.,0.625));
#10799 = VECTOR('',#10800,1.);
#10800 = DIRECTION('',(0.,1.,0.));
#10801 = ORIENTED_EDGE('',*,*,#10802,.F.);
#10802 = EDGE_CURVE('',#10803,#10795,#10805,.T.);
#10803 = VERTEX_POINT('',#10804);
#10804 = CARTESIAN_POINT('',(2.,0.175,0.875));
#10805 = LINE('',#10806,#10807);
#10806 = CARTESIAN_POINT('',(2.,0.175,0.875));
#10807 = VECTOR('',#10808,1.);
#10808 = DIRECTION('',(0.,0.,-1.));
#10809 = ORIENTED_EDGE('',*,*,#10810,.F.);
#10810 = EDGE_CURVE('',#9648,#10803,#10811,.T.);
#10811 = LINE('',#10812,#10813);
#10812 = CARTESIAN_POINT('',(2.,0.,0.875));
#10813 = VECTOR('',#10814,1.);
#10814 = DIRECTION('',(0.,1.,0.));
#10815 = ORIENTED_EDGE('',*,*,#9647,.F.);
#10816 = ORIENTED_EDGE('',*,*,#10817,.T.);
#10817 = EDGE_CURVE('',#9640,#10818,#10820,.T.);
#10818 = VERTEX_POINT('',#10819);
#10819 = CARTESIAN_POINT('',(2.,0.775,2.));
#10820 = LINE('',#10821,#10822);
#10821 = CARTESIAN_POINT('',(2.,0.,2.));
#10822 = VECTOR('',#10823,1.);
#10823 = DIRECTION('',(0.,1.,0.));
#10824 = ORIENTED_EDGE('',*,*,#10825,.T.);
#10825 = EDGE_CURVE('',#10818,#10342,#10826,.T.);
#10826 = LINE('',#10827,#10828);
#10827 = CARTESIAN_POINT('',(2.,0.775,2.));
#10828 = VECTOR('',#10829,1.);
#10829 = DIRECTION('',(0.,0.,-1.));
#10830 = ORIENTED_EDGE('',*,*,#10341,.F.);
#10831 = ORIENTED_EDGE('',*,*,#9775,.F.);
#10832 = FACE_BOUND('',#10833,.F.);
#10833 = EDGE_LOOP('',(#10834,#10844,#10852,#10860));
#10834 = ORIENTED_EDGE('',*,*,#10835,.T.);
#10835 = EDGE_CURVE('',#10836,#10838,#10840,.T.);
#10836 = VERTEX_POINT('',#10837);
#10837 = CARTESIAN_POINT('',(2.,0.175,-1.75));
#10838 = VERTEX_POINT('',#10839);
#10839 = CARTESIAN_POINT('',(2.,0.175,-1.6));
#10840 = LINE('',#10841,#10842);
#10841 = CARTESIAN_POINT('',(2.,0.175,-1.75));
#10842 = VECTOR('',#10843,1.);
#10843 = DIRECTION('',(0.,0.,1.));
#10844 = ORIENTED_EDGE('',*,*,#10845,.F.);
#10845 = EDGE_CURVE('',#10846,#10838,#10848,.T.);
#10846 = VERTEX_POINT('',#10847);
#10847 = CARTESIAN_POINT('',(2.,7.5E-02,-1.6));
#10848 = LINE('',#10849,#10850);
#10849 = CARTESIAN_POINT('',(2.,7.5E-02,-1.6));
#10850 = VECTOR('',#10851,1.);
#10851 = DIRECTION('',(0.,1.,0.));
#10852 = ORIENTED_EDGE('',*,*,#10853,.F.);
#10853 = EDGE_CURVE('',#10854,#10846,#10856,.T.);
#10854 = VERTEX_POINT('',#10855);
#10855 = CARTESIAN_POINT('',(2.,7.5E-02,-1.75));
#10856 = LINE('',#10857,#10858);
#10857 = CARTESIAN_POINT('',(2.,7.5E-02,-1.75));
#10858 = VECTOR('',#10859,1.);
#10859 = DIRECTION('',(0.,0.,1.));
#10860 = ORIENTED_EDGE('',*,*,#10861,.T.);
#10861 = EDGE_CURVE('',#10854,#10836,#10862,.T.);
#10862 = LINE('',#10863,#10864);
#10863 = CARTESIAN_POINT('',(2.,7.5E-02,-1.75));
#10864 = VECTOR('',#10865,1.);
#10865 = DIRECTION('',(0.,1.,0.));
#10866 = FACE_BOUND('',#10867,.F.);
#10867 = EDGE_LOOP('',(#10868,#10878,#10886,#10894));
#10868 = ORIENTED_EDGE('',*,*,#10869,.F.);
#10869 = EDGE_CURVE('',#10870,#10872,#10874,.T.);
#10870 = VERTEX_POINT('',#10871);
#10871 = CARTESIAN_POINT('',(2.,0.175,1.75));
#10872 = VERTEX_POINT('',#10873);
#10873 = CARTESIAN_POINT('',(2.,0.175,1.6));
#10874 = LINE('',#10875,#10876);
#10875 = CARTESIAN_POINT('',(2.,0.175,1.75));
#10876 = VECTOR('',#10877,1.);
#10877 = DIRECTION('',(0.,0.,-1.));
#10878 = ORIENTED_EDGE('',*,*,#10879,.F.);
#10879 = EDGE_CURVE('',#10880,#10870,#10882,.T.);
#10880 = VERTEX_POINT('',#10881);
#10881 = CARTESIAN_POINT('',(2.,7.5E-02,1.75));
#10882 = LINE('',#10883,#10884);
#10883 = CARTESIAN_POINT('',(2.,7.5E-02,1.75));
#10884 = VECTOR('',#10885,1.);
#10885 = DIRECTION('',(0.,1.,0.));
#10886 = ORIENTED_EDGE('',*,*,#10887,.T.);
#10887 = EDGE_CURVE('',#10880,#10888,#10890,.T.);
#10888 = VERTEX_POINT('',#10889);
#10889 = CARTESIAN_POINT('',(2.,7.5E-02,1.6));
#10890 = LINE('',#10891,#10892);
#10891 = CARTESIAN_POINT('',(2.,7.5E-02,1.75));
#10892 = VECTOR('',#10893,1.);
#10893 = DIRECTION('',(0.,0.,-1.));
#10894 = ORIENTED_EDGE('',*,*,#10895,.T.);
#10895 = EDGE_CURVE('',#10888,#10872,#10896,.T.);
#10896 = LINE('',#10897,#10898);
#10897 = CARTESIAN_POINT('',(2.,7.5E-02,1.6));
#10898 = VECTOR('',#10899,1.);
#10899 = DIRECTION('',(0.,1.,0.));
#10900 = PLANE('',#10901);
#10901 = AXIS2_PLACEMENT_3D('',#10902,#10903,#10904);
#10902 = CARTESIAN_POINT('',(2.,0.,2.));
#10903 = DIRECTION('',(1.,0.,0.));
#10904 = DIRECTION('',(0.,0.,-1.));
#10905 = ADVANCED_FACE('',(#10906),#10924,.F.);
#10906 = FACE_BOUND('',#10907,.F.);
#10907 = EDGE_LOOP('',(#10908,#10909,#10910,#10918));
#10908 = ORIENTED_EDGE('',*,*,#10725,.F.);
#10909 = ORIENTED_EDGE('',*,*,#9767,.T.);
#10910 = ORIENTED_EDGE('',*,*,#10911,.T.);
#10911 = EDGE_CURVE('',#9760,#10912,#10914,.T.);
#10912 = VERTEX_POINT('',#10913);
#10913 = CARTESIAN_POINT('',(1.6,0.175,-0.875));
#10914 = LINE('',#10915,#10916);
#10915 = CARTESIAN_POINT('',(1.6,0.,-0.875));
#10916 = VECTOR('',#10917,1.);
#10917 = DIRECTION('',(0.,1.,0.));
#10918 = ORIENTED_EDGE('',*,*,#10919,.F.);
#10919 = EDGE_CURVE('',#10726,#10912,#10920,.T.);
#10920 = LINE('',#10921,#10922);
#10921 = CARTESIAN_POINT('',(2.,0.175,-0.875));
#10922 = VECTOR('',#10923,1.);
#10923 = DIRECTION('',(-1.,0.,0.));
#10924 = PLANE('',#10925);
#10925 = AXIS2_PLACEMENT_3D('',#10926,#10927,#10928);
#10926 = CARTESIAN_POINT('',(2.,-2.5E-02,-0.875));
#10927 = DIRECTION('',(0.,0.,-1.));
#10928 = DIRECTION('',(-1.,0.,0.));
#10929 = ADVANCED_FACE('',(#10930),#10948,.F.);
#10930 = FACE_BOUND('',#10931,.F.);
#10931 = EDGE_LOOP('',(#10932,#10933,#10934,#10942));
#10932 = ORIENTED_EDGE('',*,*,#10911,.F.);
#10933 = ORIENTED_EDGE('',*,*,#9759,.T.);
#10934 = ORIENTED_EDGE('',*,*,#10935,.T.);
#10935 = EDGE_CURVE('',#9752,#10936,#10938,.T.);
#10936 = VERTEX_POINT('',#10937);
#10937 = CARTESIAN_POINT('',(1.6,0.175,-0.625));
#10938 = LINE('',#10939,#10940);
#10939 = CARTESIAN_POINT('',(1.6,0.,-0.625));
#10940 = VECTOR('',#10941,1.);
#10941 = DIRECTION('',(0.,1.,0.));
#10942 = ORIENTED_EDGE('',*,*,#10943,.F.);
#10943 = EDGE_CURVE('',#10912,#10936,#10944,.T.);
#10944 = LINE('',#10945,#10946);
#10945 = CARTESIAN_POINT('',(1.6,0.175,-0.875));
#10946 = VECTOR('',#10947,1.);
#10947 = DIRECTION('',(0.,0.,1.));
#10948 = PLANE('',#10949);
#10949 = AXIS2_PLACEMENT_3D('',#10950,#10951,#10952);
#10950 = CARTESIAN_POINT('',(1.6,-2.5E-02,-0.875));
#10951 = DIRECTION('',(-1.,0.,0.));
#10952 = DIRECTION('',(0.,0.,1.));
#10953 = ADVANCED_FACE('',(#10954),#10965,.F.);
#10954 = FACE_BOUND('',#10955,.F.);
#10955 = EDGE_LOOP('',(#10956,#10957,#10963,#10964));
#10956 = ORIENTED_EDGE('',*,*,#10741,.T.);
#10957 = ORIENTED_EDGE('',*,*,#10958,.F.);
#10958 = EDGE_CURVE('',#10936,#10734,#10959,.T.);
#10959 = LINE('',#10960,#10961);
#10960 = CARTESIAN_POINT('',(1.6,0.175,-0.625));
#10961 = VECTOR('',#10962,1.);
#10962 = DIRECTION('',(1.,0.,0.));
#10963 = ORIENTED_EDGE('',*,*,#10935,.F.);
#10964 = ORIENTED_EDGE('',*,*,#9751,.F.);
#10965 = PLANE('',#10966);
#10966 = AXIS2_PLACEMENT_3D('',#10967,#10968,#10969);
#10967 = CARTESIAN_POINT('',(1.6,-2.5E-02,-0.625));
#10968 = DIRECTION('',(0.,0.,1.));
#10969 = DIRECTION('',(1.,0.,-0.));
#10970 = ADVANCED_FACE('',(#10971),#10977,.F.);
#10971 = FACE_BOUND('',#10972,.F.);
#10972 = EDGE_LOOP('',(#10973,#10974,#10975,#10976));
#10973 = ORIENTED_EDGE('',*,*,#10733,.T.);
#10974 = ORIENTED_EDGE('',*,*,#10919,.T.);
#10975 = ORIENTED_EDGE('',*,*,#10943,.T.);
#10976 = ORIENTED_EDGE('',*,*,#10958,.T.);
#10977 = PLANE('',#10978);
#10978 = AXIS2_PLACEMENT_3D('',#10979,#10980,#10981);
#10979 = CARTESIAN_POINT('',(0.,0.175,0.));
#10980 = DIRECTION('',(0.,1.,0.));
#10981 = DIRECTION('',(1.,0.,0.));
#10982 = ADVANCED_FACE('',(#10983),#11001,.F.);
#10983 = FACE_BOUND('',#10984,.F.);
#10984 = EDGE_LOOP('',(#10985,#10986,#10987,#10995));
#10985 = ORIENTED_EDGE('',*,*,#10748,.F.);
#10986 = ORIENTED_EDGE('',*,*,#9735,.T.);
#10987 = ORIENTED_EDGE('',*,*,#10988,.T.);
#10988 = EDGE_CURVE('',#9728,#10989,#10991,.T.);
#10989 = VERTEX_POINT('',#10990);
#10990 = CARTESIAN_POINT('',(1.6,0.175,-0.375));
#10991 = LINE('',#10992,#10993);
#10992 = CARTESIAN_POINT('',(1.6,0.,-0.375));
#10993 = VECTOR('',#10994,1.);
#10994 = DIRECTION('',(0.,1.,0.));
#10995 = ORIENTED_EDGE('',*,*,#10996,.F.);
#10996 = EDGE_CURVE('',#10749,#10989,#10997,.T.);
#10997 = LINE('',#10998,#10999);
#10998 = CARTESIAN_POINT('',(2.,0.175,-0.375));
#10999 = VECTOR('',#11000,1.);
#11000 = DIRECTION('',(-1.,0.,0.));
#11001 = PLANE('',#11002);
#11002 = AXIS2_PLACEMENT_3D('',#11003,#11004,#11005);
#11003 = CARTESIAN_POINT('',(2.,-2.5E-02,-0.375));
#11004 = DIRECTION('',(0.,0.,-1.));
#11005 = DIRECTION('',(-1.,0.,0.));
#11006 = ADVANCED_FACE('',(#11007),#11025,.F.);
#11007 = FACE_BOUND('',#11008,.F.);
#11008 = EDGE_LOOP('',(#11009,#11010,#11011,#11019));
#11009 = ORIENTED_EDGE('',*,*,#10988,.F.);
#11010 = ORIENTED_EDGE('',*,*,#9727,.T.);
#11011 = ORIENTED_EDGE('',*,*,#11012,.T.);
#11012 = EDGE_CURVE('',#9720,#11013,#11015,.T.);
#11013 = VERTEX_POINT('',#11014);
#11014 = CARTESIAN_POINT('',(1.6,0.175,-0.125));
#11015 = LINE('',#11016,#11017);
#11016 = CARTESIAN_POINT('',(1.6,0.,-0.125));
#11017 = VECTOR('',#11018,1.);
#11018 = DIRECTION('',(0.,1.,0.));
#11019 = ORIENTED_EDGE('',*,*,#11020,.F.);
#11020 = EDGE_CURVE('',#10989,#11013,#11021,.T.);
#11021 = LINE('',#11022,#11023);
#11022 = CARTESIAN_POINT('',(1.6,0.175,-0.375));
#11023 = VECTOR('',#11024,1.);
#11024 = DIRECTION('',(0.,0.,1.));
#11025 = PLANE('',#11026);
#11026 = AXIS2_PLACEMENT_3D('',#11027,#11028,#11029);
#11027 = CARTESIAN_POINT('',(1.6,-2.5E-02,-0.375));
#11028 = DIRECTION('',(-1.,0.,0.));
#11029 = DIRECTION('',(0.,0.,1.));
#11030 = ADVANCED_FACE('',(#11031),#11042,.F.);
#11031 = FACE_BOUND('',#11032,.F.);
#11032 = EDGE_LOOP('',(#11033,#11034,#11040,#11041));
#11033 = ORIENTED_EDGE('',*,*,#10764,.T.);
#11034 = ORIENTED_EDGE('',*,*,#11035,.F.);
#11035 = EDGE_CURVE('',#11013,#10757,#11036,.T.);
#11036 = LINE('',#11037,#11038);
#11037 = CARTESIAN_POINT('',(1.6,0.175,-0.125));
#11038 = VECTOR('',#11039,1.);
#11039 = DIRECTION('',(1.,0.,0.));
#11040 = ORIENTED_EDGE('',*,*,#11012,.F.);
#11041 = ORIENTED_EDGE('',*,*,#9719,.F.);
#11042 = PLANE('',#11043);
#11043 = AXIS2_PLACEMENT_3D('',#11044,#11045,#11046);
#11044 = CARTESIAN_POINT('',(1.6,-2.5E-02,-0.125));
#11045 = DIRECTION('',(0.,0.,1.));
#11046 = DIRECTION('',(1.,0.,-0.));
#11047 = ADVANCED_FACE('',(#11048),#11054,.F.);
#11048 = FACE_BOUND('',#11049,.F.);
#11049 = EDGE_LOOP('',(#11050,#11051,#11052,#11053));
#11050 = ORIENTED_EDGE('',*,*,#10756,.T.);
#11051 = ORIENTED_EDGE('',*,*,#10996,.T.);
#11052 = ORIENTED_EDGE('',*,*,#11020,.T.);
#11053 = ORIENTED_EDGE('',*,*,#11035,.T.);
#11054 = PLANE('',#11055);
#11055 = AXIS2_PLACEMENT_3D('',#11056,#11057,#11058);
#11056 = CARTESIAN_POINT('',(0.,0.175,0.));
#11057 = DIRECTION('',(0.,1.,0.));
#11058 = DIRECTION('',(1.,0.,0.));
#11059 = ADVANCED_FACE('',(#11060),#11078,.F.);
#11060 = FACE_BOUND('',#11061,.F.);
#11061 = EDGE_LOOP('',(#11062,#11063,#11064,#11072));
#11062 = ORIENTED_EDGE('',*,*,#10771,.F.);
#11063 = ORIENTED_EDGE('',*,*,#9703,.T.);
#11064 = ORIENTED_EDGE('',*,*,#11065,.T.);
#11065 = EDGE_CURVE('',#9696,#11066,#11068,.T.);
#11066 = VERTEX_POINT('',#11067);
#11067 = CARTESIAN_POINT('',(1.6,0.175,0.125));
#11068 = LINE('',#11069,#11070);
#11069 = CARTESIAN_POINT('',(1.6,0.,0.125));
#11070 = VECTOR('',#11071,1.);
#11071 = DIRECTION('',(0.,1.,0.));
#11072 = ORIENTED_EDGE('',*,*,#11073,.F.);
#11073 = EDGE_CURVE('',#10772,#11066,#11074,.T.);
#11074 = LINE('',#11075,#11076);
#11075 = CARTESIAN_POINT('',(2.,0.175,0.125));
#11076 = VECTOR('',#11077,1.);
#11077 = DIRECTION('',(-1.,0.,0.));
#11078 = PLANE('',#11079);
#11079 = AXIS2_PLACEMENT_3D('',#11080,#11081,#11082);
#11080 = CARTESIAN_POINT('',(2.,-2.5E-02,0.125));
#11081 = DIRECTION('',(0.,0.,-1.));
#11082 = DIRECTION('',(-1.,0.,0.));
#11083 = ADVANCED_FACE('',(#11084),#11102,.F.);
#11084 = FACE_BOUND('',#11085,.F.);
#11085 = EDGE_LOOP('',(#11086,#11087,#11088,#11096));
#11086 = ORIENTED_EDGE('',*,*,#11065,.F.);
#11087 = ORIENTED_EDGE('',*,*,#9695,.T.);
#11088 = ORIENTED_EDGE('',*,*,#11089,.T.);
#11089 = EDGE_CURVE('',#9688,#11090,#11092,.T.);
#11090 = VERTEX_POINT('',#11091);
#11091 = CARTESIAN_POINT('',(1.6,0.175,0.375));
#11092 = LINE('',#11093,#11094);
#11093 = CARTESIAN_POINT('',(1.6,0.,0.375));
#11094 = VECTOR('',#11095,1.);
#11095 = DIRECTION('',(0.,1.,0.));
#11096 = ORIENTED_EDGE('',*,*,#11097,.F.);
#11097 = EDGE_CURVE('',#11066,#11090,#11098,.T.);
#11098 = LINE('',#11099,#11100);
#11099 = CARTESIAN_POINT('',(1.6,0.175,0.125));
#11100 = VECTOR('',#11101,1.);
#11101 = DIRECTION('',(0.,0.,1.));
#11102 = PLANE('',#11103);
#11103 = AXIS2_PLACEMENT_3D('',#11104,#11105,#11106);
#11104 = CARTESIAN_POINT('',(1.6,-2.5E-02,0.125));
#11105 = DIRECTION('',(-1.,0.,0.));
#11106 = DIRECTION('',(0.,0.,1.));
#11107 = ADVANCED_FACE('',(#11108),#11119,.F.);
#11108 = FACE_BOUND('',#11109,.F.);
#11109 = EDGE_LOOP('',(#11110,#11111,#11117,#11118));
#11110 = ORIENTED_EDGE('',*,*,#10787,.T.);
#11111 = ORIENTED_EDGE('',*,*,#11112,.F.);
#11112 = EDGE_CURVE('',#11090,#10780,#11113,.T.);
#11113 = LINE('',#11114,#11115);
#11114 = CARTESIAN_POINT('',(1.6,0.175,0.375));
#11115 = VECTOR('',#11116,1.);
#11116 = DIRECTION('',(1.,0.,0.));
#11117 = ORIENTED_EDGE('',*,*,#11089,.F.);
#11118 = ORIENTED_EDGE('',*,*,#9687,.F.);
#11119 = PLANE('',#11120);
#11120 = AXIS2_PLACEMENT_3D('',#11121,#11122,#11123);
#11121 = CARTESIAN_POINT('',(1.6,-2.5E-02,0.375));
#11122 = DIRECTION('',(0.,0.,1.));
#11123 = DIRECTION('',(1.,0.,-0.));
#11124 = ADVANCED_FACE('',(#11125),#11131,.F.);
#11125 = FACE_BOUND('',#11126,.F.);
#11126 = EDGE_LOOP('',(#11127,#11128,#11129,#11130));
#11127 = ORIENTED_EDGE('',*,*,#10779,.T.);
#11128 = ORIENTED_EDGE('',*,*,#11073,.T.);
#11129 = ORIENTED_EDGE('',*,*,#11097,.T.);
#11130 = ORIENTED_EDGE('',*,*,#11112,.T.);
#11131 = PLANE('',#11132);
#11132 = AXIS2_PLACEMENT_3D('',#11133,#11134,#11135);
#11133 = CARTESIAN_POINT('',(0.,0.175,0.));
#11134 = DIRECTION('',(0.,1.,0.));
#11135 = DIRECTION('',(1.,0.,0.));
#11136 = ADVANCED_FACE('',(#11137),#11155,.F.);
#11137 = FACE_BOUND('',#11138,.F.);
#11138 = EDGE_LOOP('',(#11139,#11140,#11141,#11149));
#11139 = ORIENTED_EDGE('',*,*,#10794,.F.);
#11140 = ORIENTED_EDGE('',*,*,#9671,.T.);
#11141 = ORIENTED_EDGE('',*,*,#11142,.T.);
#11142 = EDGE_CURVE('',#9664,#11143,#11145,.T.);
#11143 = VERTEX_POINT('',#11144);
#11144 = CARTESIAN_POINT('',(1.6,0.175,0.625));
#11145 = LINE('',#11146,#11147);
#11146 = CARTESIAN_POINT('',(1.6,0.,0.625));
#11147 = VECTOR('',#11148,1.);
#11148 = DIRECTION('',(0.,1.,0.));
#11149 = ORIENTED_EDGE('',*,*,#11150,.F.);
#11150 = EDGE_CURVE('',#10795,#11143,#11151,.T.);
#11151 = LINE('',#11152,#11153);
#11152 = CARTESIAN_POINT('',(2.,0.175,0.625));
#11153 = VECTOR('',#11154,1.);
#11154 = DIRECTION('',(-1.,0.,0.));
#11155 = PLANE('',#11156);
#11156 = AXIS2_PLACEMENT_3D('',#11157,#11158,#11159);
#11157 = CARTESIAN_POINT('',(2.,-2.5E-02,0.625));
#11158 = DIRECTION('',(0.,0.,-1.));
#11159 = DIRECTION('',(-1.,0.,0.));
#11160 = ADVANCED_FACE('',(#11161),#11179,.F.);
#11161 = FACE_BOUND('',#11162,.F.);
#11162 = EDGE_LOOP('',(#11163,#11164,#11165,#11173));
#11163 = ORIENTED_EDGE('',*,*,#11142,.F.);
#11164 = ORIENTED_EDGE('',*,*,#9663,.T.);
#11165 = ORIENTED_EDGE('',*,*,#11166,.T.);
#11166 = EDGE_CURVE('',#9656,#11167,#11169,.T.);
#11167 = VERTEX_POINT('',#11168);
#11168 = CARTESIAN_POINT('',(1.6,0.175,0.875));
#11169 = LINE('',#11170,#11171);
#11170 = CARTESIAN_POINT('',(1.6,0.,0.875));
#11171 = VECTOR('',#11172,1.);
#11172 = DIRECTION('',(0.,1.,0.));
#11173 = ORIENTED_EDGE('',*,*,#11174,.F.);
#11174 = EDGE_CURVE('',#11143,#11167,#11175,.T.);
#11175 = LINE('',#11176,#11177);
#11176 = CARTESIAN_POINT('',(1.6,0.175,0.625));
#11177 = VECTOR('',#11178,1.);
#11178 = DIRECTION('',(0.,0.,1.));
#11179 = PLANE('',#11180);
#11180 = AXIS2_PLACEMENT_3D('',#11181,#11182,#11183);
#11181 = CARTESIAN_POINT('',(1.6,-2.5E-02,0.625));
#11182 = DIRECTION('',(-1.,0.,0.));
#11183 = DIRECTION('',(0.,0.,1.));
#11184 = ADVANCED_FACE('',(#11185),#11196,.F.);
#11185 = FACE_BOUND('',#11186,.F.);
#11186 = EDGE_LOOP('',(#11187,#11188,#11194,#11195));
#11187 = ORIENTED_EDGE('',*,*,#10810,.T.);
#11188 = ORIENTED_EDGE('',*,*,#11189,.F.);
#11189 = EDGE_CURVE('',#11167,#10803,#11190,.T.);
#11190 = LINE('',#11191,#11192);
#11191 = CARTESIAN_POINT('',(1.6,0.175,0.875));
#11192 = VECTOR('',#11193,1.);
#11193 = DIRECTION('',(1.,0.,0.));
#11194 = ORIENTED_EDGE('',*,*,#11166,.F.);
#11195 = ORIENTED_EDGE('',*,*,#9655,.F.);
#11196 = PLANE('',#11197);
#11197 = AXIS2_PLACEMENT_3D('',#11198,#11199,#11200);
#11198 = CARTESIAN_POINT('',(1.6,-2.5E-02,0.875));
#11199 = DIRECTION('',(0.,0.,1.));
#11200 = DIRECTION('',(1.,0.,-0.));
#11201 = ADVANCED_FACE('',(#11202),#11208,.F.);
#11202 = FACE_BOUND('',#11203,.F.);
#11203 = EDGE_LOOP('',(#11204,#11205,#11206,#11207));
#11204 = ORIENTED_EDGE('',*,*,#10802,.T.);
#11205 = ORIENTED_EDGE('',*,*,#11150,.T.);
#11206 = ORIENTED_EDGE('',*,*,#11174,.T.);
#11207 = ORIENTED_EDGE('',*,*,#11189,.T.);
#11208 = PLANE('',#11209);
#11209 = AXIS2_PLACEMENT_3D('',#11210,#11211,#11212);
#11210 = CARTESIAN_POINT('',(0.,0.175,0.));
#11211 = DIRECTION('',(0.,1.,0.));
#11212 = DIRECTION('',(1.,0.,0.));
#11213 = ADVANCED_FACE('',(#11214,#11324,#11358),#11392,.T.);
#11214 = FACE_BOUND('',#11215,.F.);
#11215 = EDGE_LOOP('',(#11216,#11226,#11232,#11233,#11241,#11247,#11248,
    #11249,#11257,#11265,#11271,#11272,#11280,#11288,#11294,#11295,
    #11303,#11311,#11317,#11318));
#11216 = ORIENTED_EDGE('',*,*,#11217,.F.);
#11217 = EDGE_CURVE('',#11218,#11220,#11222,.T.);
#11218 = VERTEX_POINT('',#11219);
#11219 = CARTESIAN_POINT('',(-0.875,0.175,2.));
#11220 = VERTEX_POINT('',#11221);
#11221 = CARTESIAN_POINT('',(-0.625,0.175,2.));
#11222 = LINE('',#11223,#11224);
#11223 = CARTESIAN_POINT('',(-0.875,0.175,2.));
#11224 = VECTOR('',#11225,1.);
#11225 = DIRECTION('',(1.,0.,0.));
#11226 = ORIENTED_EDGE('',*,*,#11227,.F.);
#11227 = EDGE_CURVE('',#9512,#11218,#11228,.T.);
#11228 = LINE('',#11229,#11230);
#11229 = CARTESIAN_POINT('',(-0.875,0.,2.));
#11230 = VECTOR('',#11231,1.);
#11231 = DIRECTION('',(0.,1.,0.));
#11232 = ORIENTED_EDGE('',*,*,#9511,.F.);
#11233 = ORIENTED_EDGE('',*,*,#11234,.T.);
#11234 = EDGE_CURVE('',#9504,#11235,#11237,.T.);
#11235 = VERTEX_POINT('',#11236);
#11236 = CARTESIAN_POINT('',(-2.,0.775,2.));
#11237 = LINE('',#11238,#11239);
#11238 = CARTESIAN_POINT('',(-2.,0.,2.));
#11239 = VECTOR('',#11240,1.);
#11240 = DIRECTION('',(0.,1.,0.));
#11241 = ORIENTED_EDGE('',*,*,#11242,.T.);
#11242 = EDGE_CURVE('',#11235,#10818,#11243,.T.);
#11243 = LINE('',#11244,#11245);
#11244 = CARTESIAN_POINT('',(-2.,0.775,2.));
#11245 = VECTOR('',#11246,1.);
#11246 = DIRECTION('',(1.,0.,0.));
#11247 = ORIENTED_EDGE('',*,*,#10817,.F.);
#11248 = ORIENTED_EDGE('',*,*,#9639,.F.);
#11249 = ORIENTED_EDGE('',*,*,#11250,.T.);
#11250 = EDGE_CURVE('',#9632,#11251,#11253,.T.);
#11251 = VERTEX_POINT('',#11252);
#11252 = CARTESIAN_POINT('',(0.875,0.175,2.));
#11253 = LINE('',#11254,#11255);
#11254 = CARTESIAN_POINT('',(0.875,0.,2.));
#11255 = VECTOR('',#11256,1.);
#11256 = DIRECTION('',(0.,1.,0.));
#11257 = ORIENTED_EDGE('',*,*,#11258,.F.);
#11258 = EDGE_CURVE('',#11259,#11251,#11261,.T.);
#11259 = VERTEX_POINT('',#11260);
#11260 = CARTESIAN_POINT('',(0.625,0.175,2.));
#11261 = LINE('',#11262,#11263);
#11262 = CARTESIAN_POINT('',(0.625,0.175,2.));
#11263 = VECTOR('',#11264,1.);
#11264 = DIRECTION('',(1.,0.,0.));
#11265 = ORIENTED_EDGE('',*,*,#11266,.F.);
#11266 = EDGE_CURVE('',#9608,#11259,#11267,.T.);
#11267 = LINE('',#11268,#11269);
#11268 = CARTESIAN_POINT('',(0.625,0.,2.));
#11269 = VECTOR('',#11270,1.);
#11270 = DIRECTION('',(0.,1.,0.));
#11271 = ORIENTED_EDGE('',*,*,#9607,.F.);
#11272 = ORIENTED_EDGE('',*,*,#11273,.T.);
#11273 = EDGE_CURVE('',#9600,#11274,#11276,.T.);
#11274 = VERTEX_POINT('',#11275);
#11275 = CARTESIAN_POINT('',(0.375,0.175,2.));
#11276 = LINE('',#11277,#11278);
#11277 = CARTESIAN_POINT('',(0.375,0.,2.));
#11278 = VECTOR('',#11279,1.);
#11279 = DIRECTION('',(0.,1.,0.));
#11280 = ORIENTED_EDGE('',*,*,#11281,.F.);
#11281 = EDGE_CURVE('',#11282,#11274,#11284,.T.);
#11282 = VERTEX_POINT('',#11283);
#11283 = CARTESIAN_POINT('',(0.125,0.175,2.));
#11284 = LINE('',#11285,#11286);
#11285 = CARTESIAN_POINT('',(0.125,0.175,2.));
#11286 = VECTOR('',#11287,1.);
#11287 = DIRECTION('',(1.,0.,0.));
#11288 = ORIENTED_EDGE('',*,*,#11289,.F.);
#11289 = EDGE_CURVE('',#9576,#11282,#11290,.T.);
#11290 = LINE('',#11291,#11292);
#11291 = CARTESIAN_POINT('',(0.125,0.,2.));
#11292 = VECTOR('',#11293,1.);
#11293 = DIRECTION('',(0.,1.,0.));
#11294 = ORIENTED_EDGE('',*,*,#9575,.F.);
#11295 = ORIENTED_EDGE('',*,*,#11296,.T.);
#11296 = EDGE_CURVE('',#9568,#11297,#11299,.T.);
#11297 = VERTEX_POINT('',#11298);
#11298 = CARTESIAN_POINT('',(-0.125,0.175,2.));
#11299 = LINE('',#11300,#11301);
#11300 = CARTESIAN_POINT('',(-0.125,0.,2.));
#11301 = VECTOR('',#11302,1.);
#11302 = DIRECTION('',(0.,1.,0.));
#11303 = ORIENTED_EDGE('',*,*,#11304,.F.);
#11304 = EDGE_CURVE('',#11305,#11297,#11307,.T.);
#11305 = VERTEX_POINT('',#11306);
#11306 = CARTESIAN_POINT('',(-0.375,0.175,2.));
#11307 = LINE('',#11308,#11309);
#11308 = CARTESIAN_POINT('',(-0.375,0.175,2.));
#11309 = VECTOR('',#11310,1.);
#11310 = DIRECTION('',(1.,0.,0.));
#11311 = ORIENTED_EDGE('',*,*,#11312,.F.);
#11312 = EDGE_CURVE('',#9544,#11305,#11313,.T.);
#11313 = LINE('',#11314,#11315);
#11314 = CARTESIAN_POINT('',(-0.375,0.,2.));
#11315 = VECTOR('',#11316,1.);
#11316 = DIRECTION('',(0.,1.,0.));
#11317 = ORIENTED_EDGE('',*,*,#9543,.F.);
#11318 = ORIENTED_EDGE('',*,*,#11319,.T.);
#11319 = EDGE_CURVE('',#9536,#11220,#11320,.T.);
#11320 = LINE('',#11321,#11322);
#11321 = CARTESIAN_POINT('',(-0.625,0.,2.));
#11322 = VECTOR('',#11323,1.);
#11323 = DIRECTION('',(0.,1.,0.));
#11324 = FACE_BOUND('',#11325,.F.);
#11325 = EDGE_LOOP('',(#11326,#11336,#11344,#11352));
#11326 = ORIENTED_EDGE('',*,*,#11327,.F.);
#11327 = EDGE_CURVE('',#11328,#11330,#11332,.T.);
#11328 = VERTEX_POINT('',#11329);
#11329 = CARTESIAN_POINT('',(-1.75,0.175,2.));
#11330 = VERTEX_POINT('',#11331);
#11331 = CARTESIAN_POINT('',(-1.6,0.175,2.));
#11332 = LINE('',#11333,#11334);
#11333 = CARTESIAN_POINT('',(-1.75,0.175,2.));
#11334 = VECTOR('',#11335,1.);
#11335 = DIRECTION('',(1.,0.,0.));
#11336 = ORIENTED_EDGE('',*,*,#11337,.F.);
#11337 = EDGE_CURVE('',#11338,#11328,#11340,.T.);
#11338 = VERTEX_POINT('',#11339);
#11339 = CARTESIAN_POINT('',(-1.75,7.5E-02,2.));
#11340 = LINE('',#11341,#11342);
#11341 = CARTESIAN_POINT('',(-1.75,7.5E-02,2.));
#11342 = VECTOR('',#11343,1.);
#11343 = DIRECTION('',(0.,1.,0.));
#11344 = ORIENTED_EDGE('',*,*,#11345,.T.);
#11345 = EDGE_CURVE('',#11338,#11346,#11348,.T.);
#11346 = VERTEX_POINT('',#11347);
#11347 = CARTESIAN_POINT('',(-1.6,7.5E-02,2.));
#11348 = LINE('',#11349,#11350);
#11349 = CARTESIAN_POINT('',(-1.75,7.5E-02,2.));
#11350 = VECTOR('',#11351,1.);
#11351 = DIRECTION('',(1.,0.,0.));
#11352 = ORIENTED_EDGE('',*,*,#11353,.T.);
#11353 = EDGE_CURVE('',#11346,#11330,#11354,.T.);
#11354 = LINE('',#11355,#11356);
#11355 = CARTESIAN_POINT('',(-1.6,7.5E-02,2.));
#11356 = VECTOR('',#11357,1.);
#11357 = DIRECTION('',(0.,1.,0.));
#11358 = FACE_BOUND('',#11359,.F.);
#11359 = EDGE_LOOP('',(#11360,#11370,#11378,#11386));
#11360 = ORIENTED_EDGE('',*,*,#11361,.T.);
#11361 = EDGE_CURVE('',#11362,#11364,#11366,.T.);
#11362 = VERTEX_POINT('',#11363);
#11363 = CARTESIAN_POINT('',(1.75,0.175,2.));
#11364 = VERTEX_POINT('',#11365);
#11365 = CARTESIAN_POINT('',(1.6,0.175,2.));
#11366 = LINE('',#11367,#11368);
#11367 = CARTESIAN_POINT('',(1.75,0.175,2.));
#11368 = VECTOR('',#11369,1.);
#11369 = DIRECTION('',(-1.,0.,0.));
#11370 = ORIENTED_EDGE('',*,*,#11371,.F.);
#11371 = EDGE_CURVE('',#11372,#11364,#11374,.T.);
#11372 = VERTEX_POINT('',#11373);
#11373 = CARTESIAN_POINT('',(1.6,7.5E-02,2.));
#11374 = LINE('',#11375,#11376);
#11375 = CARTESIAN_POINT('',(1.6,7.5E-02,2.));
#11376 = VECTOR('',#11377,1.);
#11377 = DIRECTION('',(0.,1.,0.));
#11378 = ORIENTED_EDGE('',*,*,#11379,.F.);
#11379 = EDGE_CURVE('',#11380,#11372,#11382,.T.);
#11380 = VERTEX_POINT('',#11381);
#11381 = CARTESIAN_POINT('',(1.75,7.5E-02,2.));
#11382 = LINE('',#11383,#11384);
#11383 = CARTESIAN_POINT('',(1.75,7.5E-02,2.));
#11384 = VECTOR('',#11385,1.);
#11385 = DIRECTION('',(-1.,0.,0.));
#11386 = ORIENTED_EDGE('',*,*,#11387,.T.);
#11387 = EDGE_CURVE('',#11380,#11362,#11388,.T.);
#11388 = LINE('',#11389,#11390);
#11389 = CARTESIAN_POINT('',(1.75,7.5E-02,2.));
#11390 = VECTOR('',#11391,1.);
#11391 = DIRECTION('',(0.,1.,0.));
#11392 = PLANE('',#11393);
#11393 = AXIS2_PLACEMENT_3D('',#11394,#11395,#11396);
#11394 = CARTESIAN_POINT('',(-2.,0.,2.));
#11395 = DIRECTION('',(0.,0.,1.));
#11396 = DIRECTION('',(1.,0.,-0.));
#11397 = ADVANCED_FACE('',(#11398),#11423,.T.);
#11398 = FACE_BOUND('',#11399,.F.);
#11399 = EDGE_LOOP('',(#11400,#11401,#11409,#11417));
#11400 = ORIENTED_EDGE('',*,*,#11217,.T.);
#11401 = ORIENTED_EDGE('',*,*,#11402,.F.);
#11402 = EDGE_CURVE('',#11403,#11220,#11405,.T.);
#11403 = VERTEX_POINT('',#11404);
#11404 = CARTESIAN_POINT('',(-0.625,0.175,1.6));
#11405 = LINE('',#11406,#11407);
#11406 = CARTESIAN_POINT('',(-0.625,0.175,1.6));
#11407 = VECTOR('',#11408,1.);
#11408 = DIRECTION('',(0.,0.,1.));
#11409 = ORIENTED_EDGE('',*,*,#11410,.F.);
#11410 = EDGE_CURVE('',#11411,#11403,#11413,.T.);
#11411 = VERTEX_POINT('',#11412);
#11412 = CARTESIAN_POINT('',(-0.875,0.175,1.6));
#11413 = LINE('',#11414,#11415);
#11414 = CARTESIAN_POINT('',(-0.875,0.175,1.6));
#11415 = VECTOR('',#11416,1.);
#11416 = DIRECTION('',(1.,0.,0.));
#11417 = ORIENTED_EDGE('',*,*,#11418,.F.);
#11418 = EDGE_CURVE('',#11218,#11411,#11419,.T.);
#11419 = LINE('',#11420,#11421);
#11420 = CARTESIAN_POINT('',(-0.875,0.175,2.));
#11421 = VECTOR('',#11422,1.);
#11422 = DIRECTION('',(0.,0.,-1.));
#11423 = PLANE('',#11424);
#11424 = AXIS2_PLACEMENT_3D('',#11425,#11426,#11427);
#11425 = CARTESIAN_POINT('',(0.,0.175,0.));
#11426 = DIRECTION('',(0.,-1.,0.));
#11427 = DIRECTION('',(1.,0.,0.));
#11428 = ADVANCED_FACE('',(#11429),#11440,.T.);
#11429 = FACE_BOUND('',#11430,.F.);
#11430 = EDGE_LOOP('',(#11431,#11432,#11433,#11439));
#11431 = ORIENTED_EDGE('',*,*,#11319,.F.);
#11432 = ORIENTED_EDGE('',*,*,#9535,.T.);
#11433 = ORIENTED_EDGE('',*,*,#11434,.T.);
#11434 = EDGE_CURVE('',#9528,#11403,#11435,.T.);
#11435 = LINE('',#11436,#11437);
#11436 = CARTESIAN_POINT('',(-0.625,0.,1.6));
#11437 = VECTOR('',#11438,1.);
#11438 = DIRECTION('',(0.,1.,0.));
#11439 = ORIENTED_EDGE('',*,*,#11402,.T.);
#11440 = PLANE('',#11441);
#11441 = AXIS2_PLACEMENT_3D('',#11442,#11443,#11444);
#11442 = CARTESIAN_POINT('',(-0.625,-2.5E-02,1.6));
#11443 = DIRECTION('',(-1.,0.,0.));
#11444 = DIRECTION('',(0.,0.,1.));
#11445 = ADVANCED_FACE('',(#11446),#11457,.T.);
#11446 = FACE_BOUND('',#11447,.F.);
#11447 = EDGE_LOOP('',(#11448,#11454,#11455,#11456));
#11448 = ORIENTED_EDGE('',*,*,#11449,.T.);
#11449 = EDGE_CURVE('',#9520,#11411,#11450,.T.);
#11450 = LINE('',#11451,#11452);
#11451 = CARTESIAN_POINT('',(-0.875,0.,1.6));
#11452 = VECTOR('',#11453,1.);
#11453 = DIRECTION('',(0.,1.,0.));
#11454 = ORIENTED_EDGE('',*,*,#11410,.T.);
#11455 = ORIENTED_EDGE('',*,*,#11434,.F.);
#11456 = ORIENTED_EDGE('',*,*,#9527,.F.);
#11457 = PLANE('',#11458);
#11458 = AXIS2_PLACEMENT_3D('',#11459,#11460,#11461);
#11459 = CARTESIAN_POINT('',(-0.875,-2.5E-02,1.6));
#11460 = DIRECTION('',(0.,0.,1.));
#11461 = DIRECTION('',(1.,0.,-0.));
#11462 = ADVANCED_FACE('',(#11463),#11469,.T.);
#11463 = FACE_BOUND('',#11464,.F.);
#11464 = EDGE_LOOP('',(#11465,#11466,#11467,#11468));
#11465 = ORIENTED_EDGE('',*,*,#11227,.T.);
#11466 = ORIENTED_EDGE('',*,*,#11418,.T.);
#11467 = ORIENTED_EDGE('',*,*,#11449,.F.);
#11468 = ORIENTED_EDGE('',*,*,#9519,.F.);
#11469 = PLANE('',#11470);
#11470 = AXIS2_PLACEMENT_3D('',#11471,#11472,#11473);
#11471 = CARTESIAN_POINT('',(-0.875,-2.5E-02,2.));
#11472 = DIRECTION('',(1.,0.,0.));
#11473 = DIRECTION('',(0.,0.,-1.));
#11474 = ADVANCED_FACE('',(#11475,#11578,#11612),#11646,.T.);
#11475 = FACE_BOUND('',#11476,.F.);
#11476 = EDGE_LOOP('',(#11477,#11487,#11493,#11494,#11495,#11501,#11502,
    #11503,#11511,#11519,#11525,#11526,#11534,#11542,#11548,#11549,
    #11557,#11565,#11571,#11572));
#11477 = ORIENTED_EDGE('',*,*,#11478,.T.);
#11478 = EDGE_CURVE('',#11479,#11481,#11483,.T.);
#11479 = VERTEX_POINT('',#11480);
#11480 = CARTESIAN_POINT('',(-2.,0.175,-0.625));
#11481 = VERTEX_POINT('',#11482);
#11482 = CARTESIAN_POINT('',(-2.,0.175,-0.875));
#11483 = LINE('',#11484,#11485);
#11484 = CARTESIAN_POINT('',(-2.,0.175,-0.625));
#11485 = VECTOR('',#11486,1.);
#11486 = DIRECTION('',(0.,0.,-1.));
#11487 = ORIENTED_EDGE('',*,*,#11488,.F.);
#11488 = EDGE_CURVE('',#9376,#11481,#11489,.T.);
#11489 = LINE('',#11490,#11491);
#11490 = CARTESIAN_POINT('',(-2.,0.,-0.875));
#11491 = VECTOR('',#11492,1.);
#11492 = DIRECTION('',(0.,1.,0.));
#11493 = ORIENTED_EDGE('',*,*,#9375,.F.);
#11494 = ORIENTED_EDGE('',*,*,#10357,.T.);
#11495 = ORIENTED_EDGE('',*,*,#11496,.T.);
#11496 = EDGE_CURVE('',#10350,#11235,#11497,.T.);
#11497 = LINE('',#11498,#11499);
#11498 = CARTESIAN_POINT('',(-2.,0.775,-2.));
#11499 = VECTOR('',#11500,1.);
#11500 = DIRECTION('',(0.,0.,1.));
#11501 = ORIENTED_EDGE('',*,*,#11234,.F.);
#11502 = ORIENTED_EDGE('',*,*,#9503,.F.);
#11503 = ORIENTED_EDGE('',*,*,#11504,.T.);
#11504 = EDGE_CURVE('',#9496,#11505,#11507,.T.);
#11505 = VERTEX_POINT('',#11506);
#11506 = CARTESIAN_POINT('',(-2.,0.175,0.875));
#11507 = LINE('',#11508,#11509);
#11508 = CARTESIAN_POINT('',(-2.,0.,0.875));
#11509 = VECTOR('',#11510,1.);
#11510 = DIRECTION('',(0.,1.,0.));
#11511 = ORIENTED_EDGE('',*,*,#11512,.T.);
#11512 = EDGE_CURVE('',#11505,#11513,#11515,.T.);
#11513 = VERTEX_POINT('',#11514);
#11514 = CARTESIAN_POINT('',(-2.,0.175,0.625));
#11515 = LINE('',#11516,#11517);
#11516 = CARTESIAN_POINT('',(-2.,0.175,0.875));
#11517 = VECTOR('',#11518,1.);
#11518 = DIRECTION('',(0.,0.,-1.));
#11519 = ORIENTED_EDGE('',*,*,#11520,.F.);
#11520 = EDGE_CURVE('',#9472,#11513,#11521,.T.);
#11521 = LINE('',#11522,#11523);
#11522 = CARTESIAN_POINT('',(-2.,0.,0.625));
#11523 = VECTOR('',#11524,1.);
#11524 = DIRECTION('',(0.,1.,0.));
#11525 = ORIENTED_EDGE('',*,*,#9471,.F.);
#11526 = ORIENTED_EDGE('',*,*,#11527,.T.);
#11527 = EDGE_CURVE('',#9464,#11528,#11530,.T.);
#11528 = VERTEX_POINT('',#11529);
#11529 = CARTESIAN_POINT('',(-2.,0.175,0.375));
#11530 = LINE('',#11531,#11532);
#11531 = CARTESIAN_POINT('',(-2.,0.,0.375));
#11532 = VECTOR('',#11533,1.);
#11533 = DIRECTION('',(0.,1.,0.));
#11534 = ORIENTED_EDGE('',*,*,#11535,.T.);
#11535 = EDGE_CURVE('',#11528,#11536,#11538,.T.);
#11536 = VERTEX_POINT('',#11537);
#11537 = CARTESIAN_POINT('',(-2.,0.175,0.125));
#11538 = LINE('',#11539,#11540);
#11539 = CARTESIAN_POINT('',(-2.,0.175,0.375));
#11540 = VECTOR('',#11541,1.);
#11541 = DIRECTION('',(0.,0.,-1.));
#11542 = ORIENTED_EDGE('',*,*,#11543,.F.);
#11543 = EDGE_CURVE('',#9440,#11536,#11544,.T.);
#11544 = LINE('',#11545,#11546);
#11545 = CARTESIAN_POINT('',(-2.,0.,0.125));
#11546 = VECTOR('',#11547,1.);
#11547 = DIRECTION('',(0.,1.,0.));
#11548 = ORIENTED_EDGE('',*,*,#9439,.F.);
#11549 = ORIENTED_EDGE('',*,*,#11550,.T.);
#11550 = EDGE_CURVE('',#9432,#11551,#11553,.T.);
#11551 = VERTEX_POINT('',#11552);
#11552 = CARTESIAN_POINT('',(-2.,0.175,-0.125));
#11553 = LINE('',#11554,#11555);
#11554 = CARTESIAN_POINT('',(-2.,0.,-0.125));
#11555 = VECTOR('',#11556,1.);
#11556 = DIRECTION('',(0.,1.,0.));
#11557 = ORIENTED_EDGE('',*,*,#11558,.T.);
#11558 = EDGE_CURVE('',#11551,#11559,#11561,.T.);
#11559 = VERTEX_POINT('',#11560);
#11560 = CARTESIAN_POINT('',(-2.,0.175,-0.375));
#11561 = LINE('',#11562,#11563);
#11562 = CARTESIAN_POINT('',(-2.,0.175,-0.125));
#11563 = VECTOR('',#11564,1.);
#11564 = DIRECTION('',(0.,0.,-1.));
#11565 = ORIENTED_EDGE('',*,*,#11566,.F.);
#11566 = EDGE_CURVE('',#9408,#11559,#11567,.T.);
#11567 = LINE('',#11568,#11569);
#11568 = CARTESIAN_POINT('',(-2.,0.,-0.375));
#11569 = VECTOR('',#11570,1.);
#11570 = DIRECTION('',(0.,1.,0.));
#11571 = ORIENTED_EDGE('',*,*,#9407,.F.);
#11572 = ORIENTED_EDGE('',*,*,#11573,.T.);
#11573 = EDGE_CURVE('',#9400,#11479,#11574,.T.);
#11574 = LINE('',#11575,#11576);
#11575 = CARTESIAN_POINT('',(-2.,0.,-0.625));
#11576 = VECTOR('',#11577,1.);
#11577 = DIRECTION('',(0.,1.,0.));
#11578 = FACE_BOUND('',#11579,.F.);
#11579 = EDGE_LOOP('',(#11580,#11590,#11598,#11606));
#11580 = ORIENTED_EDGE('',*,*,#11581,.F.);
#11581 = EDGE_CURVE('',#11582,#11584,#11586,.T.);
#11582 = VERTEX_POINT('',#11583);
#11583 = CARTESIAN_POINT('',(-2.,0.175,-1.75));
#11584 = VERTEX_POINT('',#11585);
#11585 = CARTESIAN_POINT('',(-2.,0.175,-1.6));
#11586 = LINE('',#11587,#11588);
#11587 = CARTESIAN_POINT('',(-2.,0.175,-1.75));
#11588 = VECTOR('',#11589,1.);
#11589 = DIRECTION('',(0.,0.,1.));
#11590 = ORIENTED_EDGE('',*,*,#11591,.F.);
#11591 = EDGE_CURVE('',#11592,#11582,#11594,.T.);
#11592 = VERTEX_POINT('',#11593);
#11593 = CARTESIAN_POINT('',(-2.,7.5E-02,-1.75));
#11594 = LINE('',#11595,#11596);
#11595 = CARTESIAN_POINT('',(-2.,7.5E-02,-1.75));
#11596 = VECTOR('',#11597,1.);
#11597 = DIRECTION('',(0.,1.,0.));
#11598 = ORIENTED_EDGE('',*,*,#11599,.T.);
#11599 = EDGE_CURVE('',#11592,#11600,#11602,.T.);
#11600 = VERTEX_POINT('',#11601);
#11601 = CARTESIAN_POINT('',(-2.,7.5E-02,-1.6));
#11602 = LINE('',#11603,#11604);
#11603 = CARTESIAN_POINT('',(-2.,7.5E-02,-1.75));
#11604 = VECTOR('',#11605,1.);
#11605 = DIRECTION('',(0.,0.,1.));
#11606 = ORIENTED_EDGE('',*,*,#11607,.T.);
#11607 = EDGE_CURVE('',#11600,#11584,#11608,.T.);
#11608 = LINE('',#11609,#11610);
#11609 = CARTESIAN_POINT('',(-2.,7.5E-02,-1.6));
#11610 = VECTOR('',#11611,1.);
#11611 = DIRECTION('',(0.,1.,0.));
#11612 = FACE_BOUND('',#11613,.F.);
#11613 = EDGE_LOOP('',(#11614,#11624,#11632,#11640));
#11614 = ORIENTED_EDGE('',*,*,#11615,.T.);
#11615 = EDGE_CURVE('',#11616,#11618,#11620,.T.);
#11616 = VERTEX_POINT('',#11617);
#11617 = CARTESIAN_POINT('',(-2.,0.175,1.75));
#11618 = VERTEX_POINT('',#11619);
#11619 = CARTESIAN_POINT('',(-2.,0.175,1.6));
#11620 = LINE('',#11621,#11622);
#11621 = CARTESIAN_POINT('',(-2.,0.175,1.75));
#11622 = VECTOR('',#11623,1.);
#11623 = DIRECTION('',(0.,0.,-1.));
#11624 = ORIENTED_EDGE('',*,*,#11625,.F.);
#11625 = EDGE_CURVE('',#11626,#11618,#11628,.T.);
#11626 = VERTEX_POINT('',#11627);
#11627 = CARTESIAN_POINT('',(-2.,7.5E-02,1.6));
#11628 = LINE('',#11629,#11630);
#11629 = CARTESIAN_POINT('',(-2.,7.5E-02,1.6));
#11630 = VECTOR('',#11631,1.);
#11631 = DIRECTION('',(0.,1.,0.));
#11632 = ORIENTED_EDGE('',*,*,#11633,.F.);
#11633 = EDGE_CURVE('',#11634,#11626,#11636,.T.);
#11634 = VERTEX_POINT('',#11635);
#11635 = CARTESIAN_POINT('',(-2.,7.5E-02,1.75));
#11636 = LINE('',#11637,#11638);
#11637 = CARTESIAN_POINT('',(-2.,7.5E-02,1.75));
#11638 = VECTOR('',#11639,1.);
#11639 = DIRECTION('',(0.,0.,-1.));
#11640 = ORIENTED_EDGE('',*,*,#11641,.T.);
#11641 = EDGE_CURVE('',#11634,#11616,#11642,.T.);
#11642 = LINE('',#11643,#11644);
#11643 = CARTESIAN_POINT('',(-2.,7.5E-02,1.75));
#11644 = VECTOR('',#11645,1.);
#11645 = DIRECTION('',(0.,1.,0.));
#11646 = PLANE('',#11647);
#11647 = AXIS2_PLACEMENT_3D('',#11648,#11649,#11650);
#11648 = CARTESIAN_POINT('',(-2.,0.,-2.));
#11649 = DIRECTION('',(-1.,0.,0.));
#11650 = DIRECTION('',(0.,0.,1.));
#11651 = ADVANCED_FACE('',(#11652),#11677,.T.);
#11652 = FACE_BOUND('',#11653,.F.);
#11653 = EDGE_LOOP('',(#11654,#11655,#11663,#11671));
#11654 = ORIENTED_EDGE('',*,*,#11478,.F.);
#11655 = ORIENTED_EDGE('',*,*,#11656,.F.);
#11656 = EDGE_CURVE('',#11657,#11479,#11659,.T.);
#11657 = VERTEX_POINT('',#11658);
#11658 = CARTESIAN_POINT('',(-1.6,0.175,-0.625));
#11659 = LINE('',#11660,#11661);
#11660 = CARTESIAN_POINT('',(-1.6,0.175,-0.625));
#11661 = VECTOR('',#11662,1.);
#11662 = DIRECTION('',(-1.,0.,0.));
#11663 = ORIENTED_EDGE('',*,*,#11664,.F.);
#11664 = EDGE_CURVE('',#11665,#11657,#11667,.T.);
#11665 = VERTEX_POINT('',#11666);
#11666 = CARTESIAN_POINT('',(-1.6,0.175,-0.875));
#11667 = LINE('',#11668,#11669);
#11668 = CARTESIAN_POINT('',(-1.6,0.175,-0.875));
#11669 = VECTOR('',#11670,1.);
#11670 = DIRECTION('',(0.,0.,1.));
#11671 = ORIENTED_EDGE('',*,*,#11672,.F.);
#11672 = EDGE_CURVE('',#11481,#11665,#11673,.T.);
#11673 = LINE('',#11674,#11675);
#11674 = CARTESIAN_POINT('',(-2.,0.175,-0.875));
#11675 = VECTOR('',#11676,1.);
#11676 = DIRECTION('',(1.,0.,0.));
#11677 = PLANE('',#11678);
#11678 = AXIS2_PLACEMENT_3D('',#11679,#11680,#11681);
#11679 = CARTESIAN_POINT('',(0.,0.175,0.));
#11680 = DIRECTION('',(0.,-1.,0.));
#11681 = DIRECTION('',(-1.,0.,0.));
#11682 = ADVANCED_FACE('',(#11683),#11694,.T.);
#11683 = FACE_BOUND('',#11684,.F.);
#11684 = EDGE_LOOP('',(#11685,#11686,#11687,#11693));
#11685 = ORIENTED_EDGE('',*,*,#11573,.F.);
#11686 = ORIENTED_EDGE('',*,*,#9399,.T.);
#11687 = ORIENTED_EDGE('',*,*,#11688,.T.);
#11688 = EDGE_CURVE('',#9392,#11657,#11689,.T.);
#11689 = LINE('',#11690,#11691);
#11690 = CARTESIAN_POINT('',(-1.6,0.,-0.625));
#11691 = VECTOR('',#11692,1.);
#11692 = DIRECTION('',(0.,1.,0.));
#11693 = ORIENTED_EDGE('',*,*,#11656,.T.);
#11694 = PLANE('',#11695);
#11695 = AXIS2_PLACEMENT_3D('',#11696,#11697,#11698);
#11696 = CARTESIAN_POINT('',(-1.6,-2.5E-02,-0.625));
#11697 = DIRECTION('',(0.,0.,-1.));
#11698 = DIRECTION('',(-1.,0.,0.));
#11699 = ADVANCED_FACE('',(#11700),#11711,.T.);
#11700 = FACE_BOUND('',#11701,.F.);
#11701 = EDGE_LOOP('',(#11702,#11708,#11709,#11710));
#11702 = ORIENTED_EDGE('',*,*,#11703,.T.);
#11703 = EDGE_CURVE('',#9384,#11665,#11704,.T.);
#11704 = LINE('',#11705,#11706);
#11705 = CARTESIAN_POINT('',(-1.6,0.,-0.875));
#11706 = VECTOR('',#11707,1.);
#11707 = DIRECTION('',(0.,1.,0.));
#11708 = ORIENTED_EDGE('',*,*,#11664,.T.);
#11709 = ORIENTED_EDGE('',*,*,#11688,.F.);
#11710 = ORIENTED_EDGE('',*,*,#9391,.F.);
#11711 = PLANE('',#11712);
#11712 = AXIS2_PLACEMENT_3D('',#11713,#11714,#11715);
#11713 = CARTESIAN_POINT('',(-1.6,-2.5E-02,-0.875));
#11714 = DIRECTION('',(-1.,0.,0.));
#11715 = DIRECTION('',(0.,0.,1.));
#11716 = ADVANCED_FACE('',(#11717),#11723,.T.);
#11717 = FACE_BOUND('',#11718,.F.);
#11718 = EDGE_LOOP('',(#11719,#11720,#11721,#11722));
#11719 = ORIENTED_EDGE('',*,*,#11488,.T.);
#11720 = ORIENTED_EDGE('',*,*,#11672,.T.);
#11721 = ORIENTED_EDGE('',*,*,#11703,.F.);
#11722 = ORIENTED_EDGE('',*,*,#9383,.F.);
#11723 = PLANE('',#11724);
#11724 = AXIS2_PLACEMENT_3D('',#11725,#11726,#11727);
#11725 = CARTESIAN_POINT('',(-2.,-2.5E-02,-0.875));
#11726 = DIRECTION('',(0.,0.,1.));
#11727 = DIRECTION('',(1.,0.,-0.));
#11728 = ADVANCED_FACE('',(#11729),#11735,.T.);
#11729 = FACE_BOUND('',#11730,.F.);
#11730 = EDGE_LOOP('',(#11731,#11732,#11733,#11734));
#11731 = ORIENTED_EDGE('',*,*,#11496,.F.);
#11732 = ORIENTED_EDGE('',*,*,#10349,.F.);
#11733 = ORIENTED_EDGE('',*,*,#10825,.F.);
#11734 = ORIENTED_EDGE('',*,*,#11242,.F.);
#11735 = PLANE('',#11736);
#11736 = AXIS2_PLACEMENT_3D('',#11737,#11738,#11739);
#11737 = CARTESIAN_POINT('',(0.,0.775,0.));
#11738 = DIRECTION('',(0.,1.,0.));
#11739 = DIRECTION('',(1.,0.,0.));
#11740 = ADVANCED_FACE('',(#11741),#11759,.T.);
#11741 = FACE_BOUND('',#11742,.F.);
#11742 = EDGE_LOOP('',(#11743,#11744,#11745,#11753));
#11743 = ORIENTED_EDGE('',*,*,#11504,.F.);
#11744 = ORIENTED_EDGE('',*,*,#9495,.T.);
#11745 = ORIENTED_EDGE('',*,*,#11746,.T.);
#11746 = EDGE_CURVE('',#9488,#11747,#11749,.T.);
#11747 = VERTEX_POINT('',#11748);
#11748 = CARTESIAN_POINT('',(-1.6,0.175,0.875));
#11749 = LINE('',#11750,#11751);
#11750 = CARTESIAN_POINT('',(-1.6,0.,0.875));
#11751 = VECTOR('',#11752,1.);
#11752 = DIRECTION('',(0.,1.,0.));
#11753 = ORIENTED_EDGE('',*,*,#11754,.T.);
#11754 = EDGE_CURVE('',#11747,#11505,#11755,.T.);
#11755 = LINE('',#11756,#11757);
#11756 = CARTESIAN_POINT('',(-1.6,0.175,0.875));
#11757 = VECTOR('',#11758,1.);
#11758 = DIRECTION('',(-1.,0.,0.));
#11759 = PLANE('',#11760);
#11760 = AXIS2_PLACEMENT_3D('',#11761,#11762,#11763);
#11761 = CARTESIAN_POINT('',(-1.6,-2.5E-02,0.875));
#11762 = DIRECTION('',(0.,0.,-1.));
#11763 = DIRECTION('',(-1.,0.,0.));
#11764 = ADVANCED_FACE('',(#11765),#11783,.T.);
#11765 = FACE_BOUND('',#11766,.F.);
#11766 = EDGE_LOOP('',(#11767,#11775,#11781,#11782));
#11767 = ORIENTED_EDGE('',*,*,#11768,.T.);
#11768 = EDGE_CURVE('',#9480,#11769,#11771,.T.);
#11769 = VERTEX_POINT('',#11770);
#11770 = CARTESIAN_POINT('',(-1.6,0.175,0.625));
#11771 = LINE('',#11772,#11773);
#11772 = CARTESIAN_POINT('',(-1.6,0.,0.625));
#11773 = VECTOR('',#11774,1.);
#11774 = DIRECTION('',(0.,1.,0.));
#11775 = ORIENTED_EDGE('',*,*,#11776,.T.);
#11776 = EDGE_CURVE('',#11769,#11747,#11777,.T.);
#11777 = LINE('',#11778,#11779);
#11778 = CARTESIAN_POINT('',(-1.6,0.175,0.625));
#11779 = VECTOR('',#11780,1.);
#11780 = DIRECTION('',(0.,0.,1.));
#11781 = ORIENTED_EDGE('',*,*,#11746,.F.);
#11782 = ORIENTED_EDGE('',*,*,#9487,.F.);
#11783 = PLANE('',#11784);
#11784 = AXIS2_PLACEMENT_3D('',#11785,#11786,#11787);
#11785 = CARTESIAN_POINT('',(-1.6,-2.5E-02,0.625));
#11786 = DIRECTION('',(-1.,0.,0.));
#11787 = DIRECTION('',(0.,0.,1.));
#11788 = ADVANCED_FACE('',(#11789),#11800,.T.);
#11789 = FACE_BOUND('',#11790,.F.);
#11790 = EDGE_LOOP('',(#11791,#11792,#11798,#11799));
#11791 = ORIENTED_EDGE('',*,*,#11520,.T.);
#11792 = ORIENTED_EDGE('',*,*,#11793,.T.);
#11793 = EDGE_CURVE('',#11513,#11769,#11794,.T.);
#11794 = LINE('',#11795,#11796);
#11795 = CARTESIAN_POINT('',(-2.,0.175,0.625));
#11796 = VECTOR('',#11797,1.);
#11797 = DIRECTION('',(1.,0.,0.));
#11798 = ORIENTED_EDGE('',*,*,#11768,.F.);
#11799 = ORIENTED_EDGE('',*,*,#9479,.F.);
#11800 = PLANE('',#11801);
#11801 = AXIS2_PLACEMENT_3D('',#11802,#11803,#11804);
#11802 = CARTESIAN_POINT('',(-2.,-2.5E-02,0.625));
#11803 = DIRECTION('',(0.,0.,1.));
#11804 = DIRECTION('',(1.,0.,-0.));
#11805 = ADVANCED_FACE('',(#11806),#11812,.T.);
#11806 = FACE_BOUND('',#11807,.F.);
#11807 = EDGE_LOOP('',(#11808,#11809,#11810,#11811));
#11808 = ORIENTED_EDGE('',*,*,#11512,.F.);
#11809 = ORIENTED_EDGE('',*,*,#11754,.F.);
#11810 = ORIENTED_EDGE('',*,*,#11776,.F.);
#11811 = ORIENTED_EDGE('',*,*,#11793,.F.);
#11812 = PLANE('',#11813);
#11813 = AXIS2_PLACEMENT_3D('',#11814,#11815,#11816);
#11814 = CARTESIAN_POINT('',(0.,0.175,0.));
#11815 = DIRECTION('',(0.,-1.,0.));
#11816 = DIRECTION('',(-1.,0.,0.));
#11817 = ADVANCED_FACE('',(#11818),#11836,.T.);
#11818 = FACE_BOUND('',#11819,.F.);
#11819 = EDGE_LOOP('',(#11820,#11821,#11822,#11830));
#11820 = ORIENTED_EDGE('',*,*,#11527,.F.);
#11821 = ORIENTED_EDGE('',*,*,#9463,.T.);
#11822 = ORIENTED_EDGE('',*,*,#11823,.T.);
#11823 = EDGE_CURVE('',#9456,#11824,#11826,.T.);
#11824 = VERTEX_POINT('',#11825);
#11825 = CARTESIAN_POINT('',(-1.6,0.175,0.375));
#11826 = LINE('',#11827,#11828);
#11827 = CARTESIAN_POINT('',(-1.6,0.,0.375));
#11828 = VECTOR('',#11829,1.);
#11829 = DIRECTION('',(0.,1.,0.));
#11830 = ORIENTED_EDGE('',*,*,#11831,.T.);
#11831 = EDGE_CURVE('',#11824,#11528,#11832,.T.);
#11832 = LINE('',#11833,#11834);
#11833 = CARTESIAN_POINT('',(-1.6,0.175,0.375));
#11834 = VECTOR('',#11835,1.);
#11835 = DIRECTION('',(-1.,0.,0.));
#11836 = PLANE('',#11837);
#11837 = AXIS2_PLACEMENT_3D('',#11838,#11839,#11840);
#11838 = CARTESIAN_POINT('',(-1.6,-2.5E-02,0.375));
#11839 = DIRECTION('',(0.,0.,-1.));
#11840 = DIRECTION('',(-1.,0.,0.));
#11841 = ADVANCED_FACE('',(#11842),#11860,.T.);
#11842 = FACE_BOUND('',#11843,.F.);
#11843 = EDGE_LOOP('',(#11844,#11852,#11858,#11859));
#11844 = ORIENTED_EDGE('',*,*,#11845,.T.);
#11845 = EDGE_CURVE('',#9448,#11846,#11848,.T.);
#11846 = VERTEX_POINT('',#11847);
#11847 = CARTESIAN_POINT('',(-1.6,0.175,0.125));
#11848 = LINE('',#11849,#11850);
#11849 = CARTESIAN_POINT('',(-1.6,0.,0.125));
#11850 = VECTOR('',#11851,1.);
#11851 = DIRECTION('',(0.,1.,0.));
#11852 = ORIENTED_EDGE('',*,*,#11853,.T.);
#11853 = EDGE_CURVE('',#11846,#11824,#11854,.T.);
#11854 = LINE('',#11855,#11856);
#11855 = CARTESIAN_POINT('',(-1.6,0.175,0.125));
#11856 = VECTOR('',#11857,1.);
#11857 = DIRECTION('',(0.,0.,1.));
#11858 = ORIENTED_EDGE('',*,*,#11823,.F.);
#11859 = ORIENTED_EDGE('',*,*,#9455,.F.);
#11860 = PLANE('',#11861);
#11861 = AXIS2_PLACEMENT_3D('',#11862,#11863,#11864);
#11862 = CARTESIAN_POINT('',(-1.6,-2.5E-02,0.125));
#11863 = DIRECTION('',(-1.,0.,0.));
#11864 = DIRECTION('',(0.,0.,1.));
#11865 = ADVANCED_FACE('',(#11866),#11877,.T.);
#11866 = FACE_BOUND('',#11867,.F.);
#11867 = EDGE_LOOP('',(#11868,#11869,#11875,#11876));
#11868 = ORIENTED_EDGE('',*,*,#11543,.T.);
#11869 = ORIENTED_EDGE('',*,*,#11870,.T.);
#11870 = EDGE_CURVE('',#11536,#11846,#11871,.T.);
#11871 = LINE('',#11872,#11873);
#11872 = CARTESIAN_POINT('',(-2.,0.175,0.125));
#11873 = VECTOR('',#11874,1.);
#11874 = DIRECTION('',(1.,0.,0.));
#11875 = ORIENTED_EDGE('',*,*,#11845,.F.);
#11876 = ORIENTED_EDGE('',*,*,#9447,.F.);
#11877 = PLANE('',#11878);
#11878 = AXIS2_PLACEMENT_3D('',#11879,#11880,#11881);
#11879 = CARTESIAN_POINT('',(-2.,-2.5E-02,0.125));
#11880 = DIRECTION('',(0.,0.,1.));
#11881 = DIRECTION('',(1.,0.,-0.));
#11882 = ADVANCED_FACE('',(#11883),#11889,.T.);
#11883 = FACE_BOUND('',#11884,.F.);
#11884 = EDGE_LOOP('',(#11885,#11886,#11887,#11888));
#11885 = ORIENTED_EDGE('',*,*,#11535,.F.);
#11886 = ORIENTED_EDGE('',*,*,#11831,.F.);
#11887 = ORIENTED_EDGE('',*,*,#11853,.F.);
#11888 = ORIENTED_EDGE('',*,*,#11870,.F.);
#11889 = PLANE('',#11890);
#11890 = AXIS2_PLACEMENT_3D('',#11891,#11892,#11893);
#11891 = CARTESIAN_POINT('',(0.,0.175,0.));
#11892 = DIRECTION('',(0.,-1.,0.));
#11893 = DIRECTION('',(-1.,0.,0.));
#11894 = ADVANCED_FACE('',(#11895),#11913,.T.);
#11895 = FACE_BOUND('',#11896,.F.);
#11896 = EDGE_LOOP('',(#11897,#11898,#11899,#11907));
#11897 = ORIENTED_EDGE('',*,*,#11550,.F.);
#11898 = ORIENTED_EDGE('',*,*,#9431,.T.);
#11899 = ORIENTED_EDGE('',*,*,#11900,.T.);
#11900 = EDGE_CURVE('',#9424,#11901,#11903,.T.);
#11901 = VERTEX_POINT('',#11902);
#11902 = CARTESIAN_POINT('',(-1.6,0.175,-0.125));
#11903 = LINE('',#11904,#11905);
#11904 = CARTESIAN_POINT('',(-1.6,0.,-0.125));
#11905 = VECTOR('',#11906,1.);
#11906 = DIRECTION('',(0.,1.,0.));
#11907 = ORIENTED_EDGE('',*,*,#11908,.T.);
#11908 = EDGE_CURVE('',#11901,#11551,#11909,.T.);
#11909 = LINE('',#11910,#11911);
#11910 = CARTESIAN_POINT('',(-1.6,0.175,-0.125));
#11911 = VECTOR('',#11912,1.);
#11912 = DIRECTION('',(-1.,0.,0.));
#11913 = PLANE('',#11914);
#11914 = AXIS2_PLACEMENT_3D('',#11915,#11916,#11917);
#11915 = CARTESIAN_POINT('',(-1.6,-2.5E-02,-0.125));
#11916 = DIRECTION('',(0.,0.,-1.));
#11917 = DIRECTION('',(-1.,0.,0.));
#11918 = ADVANCED_FACE('',(#11919),#11937,.T.);
#11919 = FACE_BOUND('',#11920,.F.);
#11920 = EDGE_LOOP('',(#11921,#11929,#11935,#11936));
#11921 = ORIENTED_EDGE('',*,*,#11922,.T.);
#11922 = EDGE_CURVE('',#9416,#11923,#11925,.T.);
#11923 = VERTEX_POINT('',#11924);
#11924 = CARTESIAN_POINT('',(-1.6,0.175,-0.375));
#11925 = LINE('',#11926,#11927);
#11926 = CARTESIAN_POINT('',(-1.6,0.,-0.375));
#11927 = VECTOR('',#11928,1.);
#11928 = DIRECTION('',(0.,1.,0.));
#11929 = ORIENTED_EDGE('',*,*,#11930,.T.);
#11930 = EDGE_CURVE('',#11923,#11901,#11931,.T.);
#11931 = LINE('',#11932,#11933);
#11932 = CARTESIAN_POINT('',(-1.6,0.175,-0.375));
#11933 = VECTOR('',#11934,1.);
#11934 = DIRECTION('',(0.,0.,1.));
#11935 = ORIENTED_EDGE('',*,*,#11900,.F.);
#11936 = ORIENTED_EDGE('',*,*,#9423,.F.);
#11937 = PLANE('',#11938);
#11938 = AXIS2_PLACEMENT_3D('',#11939,#11940,#11941);
#11939 = CARTESIAN_POINT('',(-1.6,-2.5E-02,-0.375));
#11940 = DIRECTION('',(-1.,0.,0.));
#11941 = DIRECTION('',(0.,0.,1.));
#11942 = ADVANCED_FACE('',(#11943),#11954,.T.);
#11943 = FACE_BOUND('',#11944,.F.);
#11944 = EDGE_LOOP('',(#11945,#11946,#11952,#11953));
#11945 = ORIENTED_EDGE('',*,*,#11566,.T.);
#11946 = ORIENTED_EDGE('',*,*,#11947,.T.);
#11947 = EDGE_CURVE('',#11559,#11923,#11948,.T.);
#11948 = LINE('',#11949,#11950);
#11949 = CARTESIAN_POINT('',(-2.,0.175,-0.375));
#11950 = VECTOR('',#11951,1.);
#11951 = DIRECTION('',(1.,0.,0.));
#11952 = ORIENTED_EDGE('',*,*,#11922,.F.);
#11953 = ORIENTED_EDGE('',*,*,#9415,.F.);
#11954 = PLANE('',#11955);
#11955 = AXIS2_PLACEMENT_3D('',#11956,#11957,#11958);
#11956 = CARTESIAN_POINT('',(-2.,-2.5E-02,-0.375));
#11957 = DIRECTION('',(0.,0.,1.));
#11958 = DIRECTION('',(1.,0.,-0.));
#11959 = ADVANCED_FACE('',(#11960),#11966,.T.);
#11960 = FACE_BOUND('',#11961,.F.);
#11961 = EDGE_LOOP('',(#11962,#11963,#11964,#11965));
#11962 = ORIENTED_EDGE('',*,*,#11558,.F.);
#11963 = ORIENTED_EDGE('',*,*,#11908,.F.);
#11964 = ORIENTED_EDGE('',*,*,#11930,.F.);
#11965 = ORIENTED_EDGE('',*,*,#11947,.F.);
#11966 = PLANE('',#11967);
#11967 = AXIS2_PLACEMENT_3D('',#11968,#11969,#11970);
#11968 = CARTESIAN_POINT('',(0.,0.175,0.));
#11969 = DIRECTION('',(0.,-1.,0.));
#11970 = DIRECTION('',(-1.,0.,0.));
#11971 = ADVANCED_FACE('',(#11972),#12004,.F.);
#11972 = FACE_BOUND('',#11973,.F.);
#11973 = EDGE_LOOP('',(#11974,#11975,#11983,#11989,#11990,#11998));
#11974 = ORIENTED_EDGE('',*,*,#11581,.T.);
#11975 = ORIENTED_EDGE('',*,*,#11976,.T.);
#11976 = EDGE_CURVE('',#11584,#11977,#11979,.T.);
#11977 = VERTEX_POINT('',#11978);
#11978 = CARTESIAN_POINT('',(-1.6,0.175,-1.6));
#11979 = LINE('',#11980,#11981);
#11980 = CARTESIAN_POINT('',(-2.,0.175,-1.6));
#11981 = VECTOR('',#11982,1.);
#11982 = DIRECTION('',(1.,0.,0.));
#11983 = ORIENTED_EDGE('',*,*,#11984,.T.);
#11984 = EDGE_CURVE('',#11977,#10370,#11985,.T.);
#11985 = LINE('',#11986,#11987);
#11986 = CARTESIAN_POINT('',(-1.6,0.175,-1.6));
#11987 = VECTOR('',#11988,1.);
#11988 = DIRECTION('',(0.,0.,-1.));
#11989 = ORIENTED_EDGE('',*,*,#10367,.F.);
#11990 = ORIENTED_EDGE('',*,*,#11991,.T.);
#11991 = EDGE_CURVE('',#10368,#11992,#11994,.T.);
#11992 = VERTEX_POINT('',#11993);
#11993 = CARTESIAN_POINT('',(-1.75,0.175,-1.75));
#11994 = LINE('',#11995,#11996);
#11995 = CARTESIAN_POINT('',(-1.75,0.175,-2.));
#11996 = VECTOR('',#11997,1.);
#11997 = DIRECTION('',(0.,0.,1.));
#11998 = ORIENTED_EDGE('',*,*,#11999,.T.);
#11999 = EDGE_CURVE('',#11992,#11582,#12000,.T.);
#12000 = LINE('',#12001,#12002);
#12001 = CARTESIAN_POINT('',(-1.75,0.175,-1.75));
#12002 = VECTOR('',#12003,1.);
#12003 = DIRECTION('',(-1.,0.,0.));
#12004 = PLANE('',#12005);
#12005 = AXIS2_PLACEMENT_3D('',#12006,#12007,#12008);
#12006 = CARTESIAN_POINT('',(0.,0.175,0.));
#12007 = DIRECTION('',(0.,1.,0.));
#12008 = DIRECTION('',(1.,0.,0.));
#12009 = ADVANCED_FACE('',(#12010),#12028,.F.);
#12010 = FACE_BOUND('',#12011,.F.);
#12011 = EDGE_LOOP('',(#12012,#12013,#12021,#12027));
#12012 = ORIENTED_EDGE('',*,*,#11607,.F.);
#12013 = ORIENTED_EDGE('',*,*,#12014,.T.);
#12014 = EDGE_CURVE('',#11600,#12015,#12017,.T.);
#12015 = VERTEX_POINT('',#12016);
#12016 = CARTESIAN_POINT('',(-1.6,7.5E-02,-1.6));
#12017 = LINE('',#12018,#12019);
#12018 = CARTESIAN_POINT('',(-2.,7.5E-02,-1.6));
#12019 = VECTOR('',#12020,1.);
#12020 = DIRECTION('',(1.,0.,0.));
#12021 = ORIENTED_EDGE('',*,*,#12022,.T.);
#12022 = EDGE_CURVE('',#12015,#11977,#12023,.T.);
#12023 = LINE('',#12024,#12025);
#12024 = CARTESIAN_POINT('',(-1.6,7.5E-02,-1.6));
#12025 = VECTOR('',#12026,1.);
#12026 = DIRECTION('',(0.,1.,0.));
#12027 = ORIENTED_EDGE('',*,*,#11976,.F.);
#12028 = PLANE('',#12029);
#12029 = AXIS2_PLACEMENT_3D('',#12030,#12031,#12032);
#12030 = CARTESIAN_POINT('',(-2.,7.5E-02,-1.6));
#12031 = DIRECTION('',(0.,0.,1.));
#12032 = DIRECTION('',(1.,0.,-0.));
#12033 = ADVANCED_FACE('',(#12034),#12059,.T.);
#12034 = FACE_BOUND('',#12035,.F.);
#12035 = EDGE_LOOP('',(#12036,#12037,#12045,#12051,#12052,#12058));
#12036 = ORIENTED_EDGE('',*,*,#11599,.F.);
#12037 = ORIENTED_EDGE('',*,*,#12038,.F.);
#12038 = EDGE_CURVE('',#12039,#11592,#12041,.T.);
#12039 = VERTEX_POINT('',#12040);
#12040 = CARTESIAN_POINT('',(-1.75,7.5E-02,-1.75));
#12041 = LINE('',#12042,#12043);
#12042 = CARTESIAN_POINT('',(-1.75,7.5E-02,-1.75));
#12043 = VECTOR('',#12044,1.);
#12044 = DIRECTION('',(-1.,0.,0.));
#12045 = ORIENTED_EDGE('',*,*,#12046,.F.);
#12046 = EDGE_CURVE('',#10386,#12039,#12047,.T.);
#12047 = LINE('',#12048,#12049);
#12048 = CARTESIAN_POINT('',(-1.75,7.5E-02,-2.));
#12049 = VECTOR('',#12050,1.);
#12050 = DIRECTION('',(0.,0.,1.));
#12051 = ORIENTED_EDGE('',*,*,#10385,.T.);
#12052 = ORIENTED_EDGE('',*,*,#12053,.F.);
#12053 = EDGE_CURVE('',#12015,#10378,#12054,.T.);
#12054 = LINE('',#12055,#12056);
#12055 = CARTESIAN_POINT('',(-1.6,7.5E-02,-1.6));
#12056 = VECTOR('',#12057,1.);
#12057 = DIRECTION('',(0.,0.,-1.));
#12058 = ORIENTED_EDGE('',*,*,#12014,.F.);
#12059 = PLANE('',#12060);
#12060 = AXIS2_PLACEMENT_3D('',#12061,#12062,#12063);
#12061 = CARTESIAN_POINT('',(0.,7.5E-02,0.));
#12062 = DIRECTION('',(0.,1.,0.));
#12063 = DIRECTION('',(1.,0.,0.));
#12064 = ADVANCED_FACE('',(#12065),#12076,.F.);
#12065 = FACE_BOUND('',#12066,.F.);
#12066 = EDGE_LOOP('',(#12067,#12068,#12069,#12075));
#12067 = ORIENTED_EDGE('',*,*,#11591,.T.);
#12068 = ORIENTED_EDGE('',*,*,#11999,.F.);
#12069 = ORIENTED_EDGE('',*,*,#12070,.F.);
#12070 = EDGE_CURVE('',#12039,#11992,#12071,.T.);
#12071 = LINE('',#12072,#12073);
#12072 = CARTESIAN_POINT('',(-1.75,7.5E-02,-1.75));
#12073 = VECTOR('',#12074,1.);
#12074 = DIRECTION('',(0.,1.,0.));
#12075 = ORIENTED_EDGE('',*,*,#12038,.T.);
#12076 = PLANE('',#12077);
#12077 = AXIS2_PLACEMENT_3D('',#12078,#12079,#12080);
#12078 = CARTESIAN_POINT('',(-1.75,7.5E-02,-1.75));
#12079 = DIRECTION('',(0.,0.,-1.));
#12080 = DIRECTION('',(-1.,0.,0.));
#12081 = ADVANCED_FACE('',(#12082),#12088,.F.);
#12082 = FACE_BOUND('',#12083,.F.);
#12083 = EDGE_LOOP('',(#12084,#12085,#12086,#12087));
#12084 = ORIENTED_EDGE('',*,*,#10393,.F.);
#12085 = ORIENTED_EDGE('',*,*,#12046,.T.);
#12086 = ORIENTED_EDGE('',*,*,#12070,.T.);
#12087 = ORIENTED_EDGE('',*,*,#11991,.F.);
#12088 = PLANE('',#12089);
#12089 = AXIS2_PLACEMENT_3D('',#12090,#12091,#12092);
#12090 = CARTESIAN_POINT('',(-1.75,7.5E-02,-2.));
#12091 = DIRECTION('',(-1.,0.,0.));
#12092 = DIRECTION('',(0.,0.,1.));
#12093 = ADVANCED_FACE('',(#12094),#12100,.F.);
#12094 = FACE_BOUND('',#12095,.F.);
#12095 = EDGE_LOOP('',(#12096,#12097,#12098,#12099));
#12096 = ORIENTED_EDGE('',*,*,#10377,.T.);
#12097 = ORIENTED_EDGE('',*,*,#11984,.F.);
#12098 = ORIENTED_EDGE('',*,*,#12022,.F.);
#12099 = ORIENTED_EDGE('',*,*,#12053,.T.);
#12100 = PLANE('',#12101);
#12101 = AXIS2_PLACEMENT_3D('',#12102,#12103,#12104);
#12102 = CARTESIAN_POINT('',(-1.6,7.5E-02,-1.6));
#12103 = DIRECTION('',(1.,0.,0.));
#12104 = DIRECTION('',(0.,0.,-1.));
#12105 = ADVANCED_FACE('',(#12106),#12138,.T.);
#12106 = FACE_BOUND('',#12107,.F.);
#12107 = EDGE_LOOP('',(#12108,#12109,#12117,#12123,#12124,#12132));
#12108 = ORIENTED_EDGE('',*,*,#11615,.F.);
#12109 = ORIENTED_EDGE('',*,*,#12110,.F.);
#12110 = EDGE_CURVE('',#12111,#11616,#12113,.T.);
#12111 = VERTEX_POINT('',#12112);
#12112 = CARTESIAN_POINT('',(-1.75,0.175,1.75));
#12113 = LINE('',#12114,#12115);
#12114 = CARTESIAN_POINT('',(-1.75,0.175,1.75));
#12115 = VECTOR('',#12116,1.);
#12116 = DIRECTION('',(-1.,0.,0.));
#12117 = ORIENTED_EDGE('',*,*,#12118,.F.);
#12118 = EDGE_CURVE('',#11328,#12111,#12119,.T.);
#12119 = LINE('',#12120,#12121);
#12120 = CARTESIAN_POINT('',(-1.75,0.175,2.));
#12121 = VECTOR('',#12122,1.);
#12122 = DIRECTION('',(0.,0.,-1.));
#12123 = ORIENTED_EDGE('',*,*,#11327,.T.);
#12124 = ORIENTED_EDGE('',*,*,#12125,.F.);
#12125 = EDGE_CURVE('',#12126,#11330,#12128,.T.);
#12126 = VERTEX_POINT('',#12127);
#12127 = CARTESIAN_POINT('',(-1.6,0.175,1.6));
#12128 = LINE('',#12129,#12130);
#12129 = CARTESIAN_POINT('',(-1.6,0.175,1.6));
#12130 = VECTOR('',#12131,1.);
#12131 = DIRECTION('',(0.,0.,1.));
#12132 = ORIENTED_EDGE('',*,*,#12133,.F.);
#12133 = EDGE_CURVE('',#11618,#12126,#12134,.T.);
#12134 = LINE('',#12135,#12136);
#12135 = CARTESIAN_POINT('',(-2.,0.175,1.6));
#12136 = VECTOR('',#12137,1.);
#12137 = DIRECTION('',(1.,0.,0.));
#12138 = PLANE('',#12139);
#12139 = AXIS2_PLACEMENT_3D('',#12140,#12141,#12142);
#12140 = CARTESIAN_POINT('',(0.,0.175,0.));
#12141 = DIRECTION('',(0.,-1.,0.));
#12142 = DIRECTION('',(1.,0.,0.));
#12143 = ADVANCED_FACE('',(#12144),#12162,.T.);
#12144 = FACE_BOUND('',#12145,.F.);
#12145 = EDGE_LOOP('',(#12146,#12147,#12155,#12161));
#12146 = ORIENTED_EDGE('',*,*,#11641,.F.);
#12147 = ORIENTED_EDGE('',*,*,#12148,.F.);
#12148 = EDGE_CURVE('',#12149,#11634,#12151,.T.);
#12149 = VERTEX_POINT('',#12150);
#12150 = CARTESIAN_POINT('',(-1.75,7.5E-02,1.75));
#12151 = LINE('',#12152,#12153);
#12152 = CARTESIAN_POINT('',(-1.75,7.5E-02,1.75));
#12153 = VECTOR('',#12154,1.);
#12154 = DIRECTION('',(-1.,0.,0.));
#12155 = ORIENTED_EDGE('',*,*,#12156,.T.);
#12156 = EDGE_CURVE('',#12149,#12111,#12157,.T.);
#12157 = LINE('',#12158,#12159);
#12158 = CARTESIAN_POINT('',(-1.75,7.5E-02,1.75));
#12159 = VECTOR('',#12160,1.);
#12160 = DIRECTION('',(0.,1.,0.));
#12161 = ORIENTED_EDGE('',*,*,#12110,.T.);
#12162 = PLANE('',#12163);
#12163 = AXIS2_PLACEMENT_3D('',#12164,#12165,#12166);
#12164 = CARTESIAN_POINT('',(-1.75,7.5E-02,1.75));
#12165 = DIRECTION('',(0.,0.,-1.));
#12166 = DIRECTION('',(-1.,0.,0.));
#12167 = ADVANCED_FACE('',(#12168),#12193,.F.);
#12168 = FACE_BOUND('',#12169,.F.);
#12169 = EDGE_LOOP('',(#12170,#12171,#12179,#12185,#12186,#12192));
#12170 = ORIENTED_EDGE('',*,*,#11633,.T.);
#12171 = ORIENTED_EDGE('',*,*,#12172,.T.);
#12172 = EDGE_CURVE('',#11626,#12173,#12175,.T.);
#12173 = VERTEX_POINT('',#12174);
#12174 = CARTESIAN_POINT('',(-1.6,7.5E-02,1.6));
#12175 = LINE('',#12176,#12177);
#12176 = CARTESIAN_POINT('',(-2.,7.5E-02,1.6));
#12177 = VECTOR('',#12178,1.);
#12178 = DIRECTION('',(1.,0.,0.));
#12179 = ORIENTED_EDGE('',*,*,#12180,.T.);
#12180 = EDGE_CURVE('',#12173,#11346,#12181,.T.);
#12181 = LINE('',#12182,#12183);
#12182 = CARTESIAN_POINT('',(-1.6,7.5E-02,1.6));
#12183 = VECTOR('',#12184,1.);
#12184 = DIRECTION('',(0.,0.,1.));
#12185 = ORIENTED_EDGE('',*,*,#11345,.F.);
#12186 = ORIENTED_EDGE('',*,*,#12187,.T.);
#12187 = EDGE_CURVE('',#11338,#12149,#12188,.T.);
#12188 = LINE('',#12189,#12190);
#12189 = CARTESIAN_POINT('',(-1.75,7.5E-02,2.));
#12190 = VECTOR('',#12191,1.);
#12191 = DIRECTION('',(0.,0.,-1.));
#12192 = ORIENTED_EDGE('',*,*,#12148,.T.);
#12193 = PLANE('',#12194);
#12194 = AXIS2_PLACEMENT_3D('',#12195,#12196,#12197);
#12195 = CARTESIAN_POINT('',(0.,7.5E-02,0.));
#12196 = DIRECTION('',(0.,-1.,0.));
#12197 = DIRECTION('',(1.,0.,0.));
#12198 = ADVANCED_FACE('',(#12199),#12210,.T.);
#12199 = FACE_BOUND('',#12200,.F.);
#12200 = EDGE_LOOP('',(#12201,#12202,#12203,#12209));
#12201 = ORIENTED_EDGE('',*,*,#11625,.T.);
#12202 = ORIENTED_EDGE('',*,*,#12133,.T.);
#12203 = ORIENTED_EDGE('',*,*,#12204,.F.);
#12204 = EDGE_CURVE('',#12173,#12126,#12205,.T.);
#12205 = LINE('',#12206,#12207);
#12206 = CARTESIAN_POINT('',(-1.6,7.5E-02,1.6));
#12207 = VECTOR('',#12208,1.);
#12208 = DIRECTION('',(0.,1.,0.));
#12209 = ORIENTED_EDGE('',*,*,#12172,.F.);
#12210 = PLANE('',#12211);
#12211 = AXIS2_PLACEMENT_3D('',#12212,#12213,#12214);
#12212 = CARTESIAN_POINT('',(-2.,7.5E-02,1.6));
#12213 = DIRECTION('',(0.,0.,1.));
#12214 = DIRECTION('',(1.,0.,-0.));
#12215 = ADVANCED_FACE('',(#12216),#12222,.T.);
#12216 = FACE_BOUND('',#12217,.F.);
#12217 = EDGE_LOOP('',(#12218,#12219,#12220,#12221));
#12218 = ORIENTED_EDGE('',*,*,#11353,.F.);
#12219 = ORIENTED_EDGE('',*,*,#12180,.F.);
#12220 = ORIENTED_EDGE('',*,*,#12204,.T.);
#12221 = ORIENTED_EDGE('',*,*,#12125,.T.);
#12222 = PLANE('',#12223);
#12223 = AXIS2_PLACEMENT_3D('',#12224,#12225,#12226);
#12224 = CARTESIAN_POINT('',(-1.6,7.5E-02,1.6));
#12225 = DIRECTION('',(-1.,0.,0.));
#12226 = DIRECTION('',(0.,0.,1.));
#12227 = ADVANCED_FACE('',(#12228),#12234,.T.);
#12228 = FACE_BOUND('',#12229,.F.);
#12229 = EDGE_LOOP('',(#12230,#12231,#12232,#12233));
#12230 = ORIENTED_EDGE('',*,*,#11337,.T.);
#12231 = ORIENTED_EDGE('',*,*,#12118,.T.);
#12232 = ORIENTED_EDGE('',*,*,#12156,.F.);
#12233 = ORIENTED_EDGE('',*,*,#12187,.F.);
#12234 = PLANE('',#12235);
#12235 = AXIS2_PLACEMENT_3D('',#12236,#12237,#12238);
#12236 = CARTESIAN_POINT('',(-1.75,7.5E-02,2.));
#12237 = DIRECTION('',(1.,0.,0.));
#12238 = DIRECTION('',(0.,0.,-1.));
#12239 = ADVANCED_FACE('',(#12240),#12258,.T.);
#12240 = FACE_BOUND('',#12241,.F.);
#12241 = EDGE_LOOP('',(#12242,#12243,#12244,#12252));
#12242 = ORIENTED_EDGE('',*,*,#11250,.F.);
#12243 = ORIENTED_EDGE('',*,*,#9631,.T.);
#12244 = ORIENTED_EDGE('',*,*,#12245,.T.);
#12245 = EDGE_CURVE('',#9624,#12246,#12248,.T.);
#12246 = VERTEX_POINT('',#12247);
#12247 = CARTESIAN_POINT('',(0.875,0.175,1.6));
#12248 = LINE('',#12249,#12250);
#12249 = CARTESIAN_POINT('',(0.875,0.,1.6));
#12250 = VECTOR('',#12251,1.);
#12251 = DIRECTION('',(0.,1.,0.));
#12252 = ORIENTED_EDGE('',*,*,#12253,.T.);
#12253 = EDGE_CURVE('',#12246,#11251,#12254,.T.);
#12254 = LINE('',#12255,#12256);
#12255 = CARTESIAN_POINT('',(0.875,0.175,1.6));
#12256 = VECTOR('',#12257,1.);
#12257 = DIRECTION('',(0.,0.,1.));
#12258 = PLANE('',#12259);
#12259 = AXIS2_PLACEMENT_3D('',#12260,#12261,#12262);
#12260 = CARTESIAN_POINT('',(0.875,-2.5E-02,1.6));
#12261 = DIRECTION('',(-1.,0.,0.));
#12262 = DIRECTION('',(0.,0.,1.));
#12263 = ADVANCED_FACE('',(#12264),#12282,.T.);
#12264 = FACE_BOUND('',#12265,.F.);
#12265 = EDGE_LOOP('',(#12266,#12274,#12280,#12281));
#12266 = ORIENTED_EDGE('',*,*,#12267,.T.);
#12267 = EDGE_CURVE('',#9616,#12268,#12270,.T.);
#12268 = VERTEX_POINT('',#12269);
#12269 = CARTESIAN_POINT('',(0.625,0.175,1.6));
#12270 = LINE('',#12271,#12272);
#12271 = CARTESIAN_POINT('',(0.625,0.,1.6));
#12272 = VECTOR('',#12273,1.);
#12273 = DIRECTION('',(0.,1.,0.));
#12274 = ORIENTED_EDGE('',*,*,#12275,.T.);
#12275 = EDGE_CURVE('',#12268,#12246,#12276,.T.);
#12276 = LINE('',#12277,#12278);
#12277 = CARTESIAN_POINT('',(0.625,0.175,1.6));
#12278 = VECTOR('',#12279,1.);
#12279 = DIRECTION('',(1.,0.,0.));
#12280 = ORIENTED_EDGE('',*,*,#12245,.F.);
#12281 = ORIENTED_EDGE('',*,*,#9623,.F.);
#12282 = PLANE('',#12283);
#12283 = AXIS2_PLACEMENT_3D('',#12284,#12285,#12286);
#12284 = CARTESIAN_POINT('',(0.625,-2.5E-02,1.6));
#12285 = DIRECTION('',(0.,0.,1.));
#12286 = DIRECTION('',(1.,0.,-0.));
#12287 = ADVANCED_FACE('',(#12288),#12299,.T.);
#12288 = FACE_BOUND('',#12289,.F.);
#12289 = EDGE_LOOP('',(#12290,#12291,#12297,#12298));
#12290 = ORIENTED_EDGE('',*,*,#11266,.T.);
#12291 = ORIENTED_EDGE('',*,*,#12292,.T.);
#12292 = EDGE_CURVE('',#11259,#12268,#12293,.T.);
#12293 = LINE('',#12294,#12295);
#12294 = CARTESIAN_POINT('',(0.625,0.175,2.));
#12295 = VECTOR('',#12296,1.);
#12296 = DIRECTION('',(0.,0.,-1.));
#12297 = ORIENTED_EDGE('',*,*,#12267,.F.);
#12298 = ORIENTED_EDGE('',*,*,#9615,.F.);
#12299 = PLANE('',#12300);
#12300 = AXIS2_PLACEMENT_3D('',#12301,#12302,#12303);
#12301 = CARTESIAN_POINT('',(0.625,-2.5E-02,2.));
#12302 = DIRECTION('',(1.,0.,0.));
#12303 = DIRECTION('',(0.,0.,-1.));
#12304 = ADVANCED_FACE('',(#12305),#12311,.T.);
#12305 = FACE_BOUND('',#12306,.F.);
#12306 = EDGE_LOOP('',(#12307,#12308,#12309,#12310));
#12307 = ORIENTED_EDGE('',*,*,#11258,.T.);
#12308 = ORIENTED_EDGE('',*,*,#12253,.F.);
#12309 = ORIENTED_EDGE('',*,*,#12275,.F.);
#12310 = ORIENTED_EDGE('',*,*,#12292,.F.);
#12311 = PLANE('',#12312);
#12312 = AXIS2_PLACEMENT_3D('',#12313,#12314,#12315);
#12313 = CARTESIAN_POINT('',(0.,0.175,0.));
#12314 = DIRECTION('',(0.,-1.,0.));
#12315 = DIRECTION('',(1.,0.,0.));
#12316 = ADVANCED_FACE('',(#12317),#12335,.T.);
#12317 = FACE_BOUND('',#12318,.F.);
#12318 = EDGE_LOOP('',(#12319,#12320,#12321,#12329));
#12319 = ORIENTED_EDGE('',*,*,#11273,.F.);
#12320 = ORIENTED_EDGE('',*,*,#9599,.T.);
#12321 = ORIENTED_EDGE('',*,*,#12322,.T.);
#12322 = EDGE_CURVE('',#9592,#12323,#12325,.T.);
#12323 = VERTEX_POINT('',#12324);
#12324 = CARTESIAN_POINT('',(0.375,0.175,1.6));
#12325 = LINE('',#12326,#12327);
#12326 = CARTESIAN_POINT('',(0.375,0.,1.6));
#12327 = VECTOR('',#12328,1.);
#12328 = DIRECTION('',(0.,1.,0.));
#12329 = ORIENTED_EDGE('',*,*,#12330,.T.);
#12330 = EDGE_CURVE('',#12323,#11274,#12331,.T.);
#12331 = LINE('',#12332,#12333);
#12332 = CARTESIAN_POINT('',(0.375,0.175,1.6));
#12333 = VECTOR('',#12334,1.);
#12334 = DIRECTION('',(0.,0.,1.));
#12335 = PLANE('',#12336);
#12336 = AXIS2_PLACEMENT_3D('',#12337,#12338,#12339);
#12337 = CARTESIAN_POINT('',(0.375,-2.5E-02,1.6));
#12338 = DIRECTION('',(-1.,0.,0.));
#12339 = DIRECTION('',(0.,0.,1.));
#12340 = ADVANCED_FACE('',(#12341),#12359,.T.);
#12341 = FACE_BOUND('',#12342,.F.);
#12342 = EDGE_LOOP('',(#12343,#12351,#12357,#12358));
#12343 = ORIENTED_EDGE('',*,*,#12344,.T.);
#12344 = EDGE_CURVE('',#9584,#12345,#12347,.T.);
#12345 = VERTEX_POINT('',#12346);
#12346 = CARTESIAN_POINT('',(0.125,0.175,1.6));
#12347 = LINE('',#12348,#12349);
#12348 = CARTESIAN_POINT('',(0.125,0.,1.6));
#12349 = VECTOR('',#12350,1.);
#12350 = DIRECTION('',(0.,1.,0.));
#12351 = ORIENTED_EDGE('',*,*,#12352,.T.);
#12352 = EDGE_CURVE('',#12345,#12323,#12353,.T.);
#12353 = LINE('',#12354,#12355);
#12354 = CARTESIAN_POINT('',(0.125,0.175,1.6));
#12355 = VECTOR('',#12356,1.);
#12356 = DIRECTION('',(1.,0.,0.));
#12357 = ORIENTED_EDGE('',*,*,#12322,.F.);
#12358 = ORIENTED_EDGE('',*,*,#9591,.F.);
#12359 = PLANE('',#12360);
#12360 = AXIS2_PLACEMENT_3D('',#12361,#12362,#12363);
#12361 = CARTESIAN_POINT('',(0.125,-2.5E-02,1.6));
#12362 = DIRECTION('',(0.,0.,1.));
#12363 = DIRECTION('',(1.,0.,-0.));
#12364 = ADVANCED_FACE('',(#12365),#12376,.T.);
#12365 = FACE_BOUND('',#12366,.F.);
#12366 = EDGE_LOOP('',(#12367,#12368,#12374,#12375));
#12367 = ORIENTED_EDGE('',*,*,#11289,.T.);
#12368 = ORIENTED_EDGE('',*,*,#12369,.T.);
#12369 = EDGE_CURVE('',#11282,#12345,#12370,.T.);
#12370 = LINE('',#12371,#12372);
#12371 = CARTESIAN_POINT('',(0.125,0.175,2.));
#12372 = VECTOR('',#12373,1.);
#12373 = DIRECTION('',(0.,0.,-1.));
#12374 = ORIENTED_EDGE('',*,*,#12344,.F.);
#12375 = ORIENTED_EDGE('',*,*,#9583,.F.);
#12376 = PLANE('',#12377);
#12377 = AXIS2_PLACEMENT_3D('',#12378,#12379,#12380);
#12378 = CARTESIAN_POINT('',(0.125,-2.5E-02,2.));
#12379 = DIRECTION('',(1.,0.,0.));
#12380 = DIRECTION('',(0.,0.,-1.));
#12381 = ADVANCED_FACE('',(#12382),#12388,.T.);
#12382 = FACE_BOUND('',#12383,.F.);
#12383 = EDGE_LOOP('',(#12384,#12385,#12386,#12387));
#12384 = ORIENTED_EDGE('',*,*,#11281,.T.);
#12385 = ORIENTED_EDGE('',*,*,#12330,.F.);
#12386 = ORIENTED_EDGE('',*,*,#12352,.F.);
#12387 = ORIENTED_EDGE('',*,*,#12369,.F.);
#12388 = PLANE('',#12389);
#12389 = AXIS2_PLACEMENT_3D('',#12390,#12391,#12392);
#12390 = CARTESIAN_POINT('',(0.,0.175,0.));
#12391 = DIRECTION('',(0.,-1.,0.));
#12392 = DIRECTION('',(1.,0.,0.));
#12393 = ADVANCED_FACE('',(#12394),#12412,.T.);
#12394 = FACE_BOUND('',#12395,.F.);
#12395 = EDGE_LOOP('',(#12396,#12397,#12398,#12406));
#12396 = ORIENTED_EDGE('',*,*,#11296,.F.);
#12397 = ORIENTED_EDGE('',*,*,#9567,.T.);
#12398 = ORIENTED_EDGE('',*,*,#12399,.T.);
#12399 = EDGE_CURVE('',#9560,#12400,#12402,.T.);
#12400 = VERTEX_POINT('',#12401);
#12401 = CARTESIAN_POINT('',(-0.125,0.175,1.6));
#12402 = LINE('',#12403,#12404);
#12403 = CARTESIAN_POINT('',(-0.125,0.,1.6));
#12404 = VECTOR('',#12405,1.);
#12405 = DIRECTION('',(0.,1.,0.));
#12406 = ORIENTED_EDGE('',*,*,#12407,.T.);
#12407 = EDGE_CURVE('',#12400,#11297,#12408,.T.);
#12408 = LINE('',#12409,#12410);
#12409 = CARTESIAN_POINT('',(-0.125,0.175,1.6));
#12410 = VECTOR('',#12411,1.);
#12411 = DIRECTION('',(0.,0.,1.));
#12412 = PLANE('',#12413);
#12413 = AXIS2_PLACEMENT_3D('',#12414,#12415,#12416);
#12414 = CARTESIAN_POINT('',(-0.125,-2.5E-02,1.6));
#12415 = DIRECTION('',(-1.,0.,0.));
#12416 = DIRECTION('',(0.,0.,1.));
#12417 = ADVANCED_FACE('',(#12418),#12436,.T.);
#12418 = FACE_BOUND('',#12419,.F.);
#12419 = EDGE_LOOP('',(#12420,#12428,#12434,#12435));
#12420 = ORIENTED_EDGE('',*,*,#12421,.T.);
#12421 = EDGE_CURVE('',#9552,#12422,#12424,.T.);
#12422 = VERTEX_POINT('',#12423);
#12423 = CARTESIAN_POINT('',(-0.375,0.175,1.6));
#12424 = LINE('',#12425,#12426);
#12425 = CARTESIAN_POINT('',(-0.375,0.,1.6));
#12426 = VECTOR('',#12427,1.);
#12427 = DIRECTION('',(0.,1.,0.));
#12428 = ORIENTED_EDGE('',*,*,#12429,.T.);
#12429 = EDGE_CURVE('',#12422,#12400,#12430,.T.);
#12430 = LINE('',#12431,#12432);
#12431 = CARTESIAN_POINT('',(-0.375,0.175,1.6));
#12432 = VECTOR('',#12433,1.);
#12433 = DIRECTION('',(1.,0.,0.));
#12434 = ORIENTED_EDGE('',*,*,#12399,.F.);
#12435 = ORIENTED_EDGE('',*,*,#9559,.F.);
#12436 = PLANE('',#12437);
#12437 = AXIS2_PLACEMENT_3D('',#12438,#12439,#12440);
#12438 = CARTESIAN_POINT('',(-0.375,-2.5E-02,1.6));
#12439 = DIRECTION('',(0.,0.,1.));
#12440 = DIRECTION('',(1.,0.,-0.));
#12441 = ADVANCED_FACE('',(#12442),#12453,.T.);
#12442 = FACE_BOUND('',#12443,.F.);
#12443 = EDGE_LOOP('',(#12444,#12445,#12451,#12452));
#12444 = ORIENTED_EDGE('',*,*,#11312,.T.);
#12445 = ORIENTED_EDGE('',*,*,#12446,.T.);
#12446 = EDGE_CURVE('',#11305,#12422,#12447,.T.);
#12447 = LINE('',#12448,#12449);
#12448 = CARTESIAN_POINT('',(-0.375,0.175,2.));
#12449 = VECTOR('',#12450,1.);
#12450 = DIRECTION('',(0.,0.,-1.));
#12451 = ORIENTED_EDGE('',*,*,#12421,.F.);
#12452 = ORIENTED_EDGE('',*,*,#9551,.F.);
#12453 = PLANE('',#12454);
#12454 = AXIS2_PLACEMENT_3D('',#12455,#12456,#12457);
#12455 = CARTESIAN_POINT('',(-0.375,-2.5E-02,2.));
#12456 = DIRECTION('',(1.,0.,0.));
#12457 = DIRECTION('',(0.,0.,-1.));
#12458 = ADVANCED_FACE('',(#12459),#12465,.T.);
#12459 = FACE_BOUND('',#12460,.F.);
#12460 = EDGE_LOOP('',(#12461,#12462,#12463,#12464));
#12461 = ORIENTED_EDGE('',*,*,#11304,.T.);
#12462 = ORIENTED_EDGE('',*,*,#12407,.F.);
#12463 = ORIENTED_EDGE('',*,*,#12429,.F.);
#12464 = ORIENTED_EDGE('',*,*,#12446,.F.);
#12465 = PLANE('',#12466);
#12466 = AXIS2_PLACEMENT_3D('',#12467,#12468,#12469);
#12467 = CARTESIAN_POINT('',(0.,0.175,0.));
#12468 = DIRECTION('',(0.,-1.,0.));
#12469 = DIRECTION('',(1.,0.,0.));
#12470 = ADVANCED_FACE('',(#12471),#12503,.F.);
#12471 = FACE_BOUND('',#12472,.F.);
#12472 = EDGE_LOOP('',(#12473,#12474,#12482,#12488,#12489,#12497));
#12473 = ORIENTED_EDGE('',*,*,#11361,.F.);
#12474 = ORIENTED_EDGE('',*,*,#12475,.T.);
#12475 = EDGE_CURVE('',#11362,#12476,#12478,.T.);
#12476 = VERTEX_POINT('',#12477);
#12477 = CARTESIAN_POINT('',(1.75,0.175,1.75));
#12478 = LINE('',#12479,#12480);
#12479 = CARTESIAN_POINT('',(1.75,0.175,2.));
#12480 = VECTOR('',#12481,1.);
#12481 = DIRECTION('',(0.,0.,-1.));
#12482 = ORIENTED_EDGE('',*,*,#12483,.T.);
#12483 = EDGE_CURVE('',#12476,#10870,#12484,.T.);
#12484 = LINE('',#12485,#12486);
#12485 = CARTESIAN_POINT('',(1.75,0.175,1.75));
#12486 = VECTOR('',#12487,1.);
#12487 = DIRECTION('',(1.,0.,0.));
#12488 = ORIENTED_EDGE('',*,*,#10869,.T.);
#12489 = ORIENTED_EDGE('',*,*,#12490,.T.);
#12490 = EDGE_CURVE('',#10872,#12491,#12493,.T.);
#12491 = VERTEX_POINT('',#12492);
#12492 = CARTESIAN_POINT('',(1.6,0.175,1.6));
#12493 = LINE('',#12494,#12495);
#12494 = CARTESIAN_POINT('',(2.,0.175,1.6));
#12495 = VECTOR('',#12496,1.);
#12496 = DIRECTION('',(-1.,0.,0.));
#12497 = ORIENTED_EDGE('',*,*,#12498,.T.);
#12498 = EDGE_CURVE('',#12491,#11364,#12499,.T.);
#12499 = LINE('',#12500,#12501);
#12500 = CARTESIAN_POINT('',(1.6,0.175,1.6));
#12501 = VECTOR('',#12502,1.);
#12502 = DIRECTION('',(0.,0.,1.));
#12503 = PLANE('',#12504);
#12504 = AXIS2_PLACEMENT_3D('',#12505,#12506,#12507);
#12505 = CARTESIAN_POINT('',(0.,0.175,0.));
#12506 = DIRECTION('',(0.,1.,0.));
#12507 = DIRECTION('',(-1.,0.,0.));
#12508 = ADVANCED_FACE('',(#12509),#12527,.F.);
#12509 = FACE_BOUND('',#12510,.F.);
#12510 = EDGE_LOOP('',(#12511,#12512,#12520,#12526));
#12511 = ORIENTED_EDGE('',*,*,#11387,.F.);
#12512 = ORIENTED_EDGE('',*,*,#12513,.T.);
#12513 = EDGE_CURVE('',#11380,#12514,#12516,.T.);
#12514 = VERTEX_POINT('',#12515);
#12515 = CARTESIAN_POINT('',(1.75,7.5E-02,1.75));
#12516 = LINE('',#12517,#12518);
#12517 = CARTESIAN_POINT('',(1.75,7.5E-02,2.));
#12518 = VECTOR('',#12519,1.);
#12519 = DIRECTION('',(0.,0.,-1.));
#12520 = ORIENTED_EDGE('',*,*,#12521,.T.);
#12521 = EDGE_CURVE('',#12514,#12476,#12522,.T.);
#12522 = LINE('',#12523,#12524);
#12523 = CARTESIAN_POINT('',(1.75,7.5E-02,1.75));
#12524 = VECTOR('',#12525,1.);
#12525 = DIRECTION('',(0.,1.,0.));
#12526 = ORIENTED_EDGE('',*,*,#12475,.F.);
#12527 = PLANE('',#12528);
#12528 = AXIS2_PLACEMENT_3D('',#12529,#12530,#12531);
#12529 = CARTESIAN_POINT('',(1.75,7.5E-02,2.));
#12530 = DIRECTION('',(1.,0.,0.));
#12531 = DIRECTION('',(0.,0.,-1.));
#12532 = ADVANCED_FACE('',(#12533),#12558,.T.);
#12533 = FACE_BOUND('',#12534,.F.);
#12534 = EDGE_LOOP('',(#12535,#12536,#12544,#12550,#12551,#12557));
#12535 = ORIENTED_EDGE('',*,*,#11379,.T.);
#12536 = ORIENTED_EDGE('',*,*,#12537,.F.);
#12537 = EDGE_CURVE('',#12538,#11372,#12540,.T.);
#12538 = VERTEX_POINT('',#12539);
#12539 = CARTESIAN_POINT('',(1.6,7.5E-02,1.6));
#12540 = LINE('',#12541,#12542);
#12541 = CARTESIAN_POINT('',(1.6,7.5E-02,1.6));
#12542 = VECTOR('',#12543,1.);
#12543 = DIRECTION('',(0.,0.,1.));
#12544 = ORIENTED_EDGE('',*,*,#12545,.F.);
#12545 = EDGE_CURVE('',#10888,#12538,#12546,.T.);
#12546 = LINE('',#12547,#12548);
#12547 = CARTESIAN_POINT('',(2.,7.5E-02,1.6));
#12548 = VECTOR('',#12549,1.);
#12549 = DIRECTION('',(-1.,0.,0.));
#12550 = ORIENTED_EDGE('',*,*,#10887,.F.);
#12551 = ORIENTED_EDGE('',*,*,#12552,.F.);
#12552 = EDGE_CURVE('',#12514,#10880,#12553,.T.);
#12553 = LINE('',#12554,#12555);
#12554 = CARTESIAN_POINT('',(1.75,7.5E-02,1.75));
#12555 = VECTOR('',#12556,1.);
#12556 = DIRECTION('',(1.,0.,0.));
#12557 = ORIENTED_EDGE('',*,*,#12513,.F.);
#12558 = PLANE('',#12559);
#12559 = AXIS2_PLACEMENT_3D('',#12560,#12561,#12562);
#12560 = CARTESIAN_POINT('',(0.,7.5E-02,0.));
#12561 = DIRECTION('',(0.,1.,0.));
#12562 = DIRECTION('',(-1.,0.,0.));
#12563 = ADVANCED_FACE('',(#12564),#12575,.F.);
#12564 = FACE_BOUND('',#12565,.F.);
#12565 = EDGE_LOOP('',(#12566,#12567,#12568,#12574));
#12566 = ORIENTED_EDGE('',*,*,#11371,.T.);
#12567 = ORIENTED_EDGE('',*,*,#12498,.F.);
#12568 = ORIENTED_EDGE('',*,*,#12569,.F.);
#12569 = EDGE_CURVE('',#12538,#12491,#12570,.T.);
#12570 = LINE('',#12571,#12572);
#12571 = CARTESIAN_POINT('',(1.6,7.5E-02,1.6));
#12572 = VECTOR('',#12573,1.);
#12573 = DIRECTION('',(0.,1.,0.));
#12574 = ORIENTED_EDGE('',*,*,#12537,.T.);
#12575 = PLANE('',#12576);
#12576 = AXIS2_PLACEMENT_3D('',#12577,#12578,#12579);
#12577 = CARTESIAN_POINT('',(1.6,7.5E-02,1.6));
#12578 = DIRECTION('',(-1.,0.,0.));
#12579 = DIRECTION('',(0.,0.,1.));
#12580 = ADVANCED_FACE('',(#12581),#12587,.F.);
#12581 = FACE_BOUND('',#12582,.F.);
#12582 = EDGE_LOOP('',(#12583,#12584,#12585,#12586));
#12583 = ORIENTED_EDGE('',*,*,#10895,.F.);
#12584 = ORIENTED_EDGE('',*,*,#12545,.T.);
#12585 = ORIENTED_EDGE('',*,*,#12569,.T.);
#12586 = ORIENTED_EDGE('',*,*,#12490,.F.);
#12587 = PLANE('',#12588);
#12588 = AXIS2_PLACEMENT_3D('',#12589,#12590,#12591);
#12589 = CARTESIAN_POINT('',(2.,7.5E-02,1.6));
#12590 = DIRECTION('',(0.,0.,-1.));
#12591 = DIRECTION('',(-1.,0.,0.));
#12592 = ADVANCED_FACE('',(#12593),#12599,.F.);
#12593 = FACE_BOUND('',#12594,.F.);
#12594 = EDGE_LOOP('',(#12595,#12596,#12597,#12598));
#12595 = ORIENTED_EDGE('',*,*,#10879,.T.);
#12596 = ORIENTED_EDGE('',*,*,#12483,.F.);
#12597 = ORIENTED_EDGE('',*,*,#12521,.F.);
#12598 = ORIENTED_EDGE('',*,*,#12552,.T.);
#12599 = PLANE('',#12600);
#12600 = AXIS2_PLACEMENT_3D('',#12601,#12602,#12603);
#12601 = CARTESIAN_POINT('',(1.75,7.5E-02,1.75));
#12602 = DIRECTION('',(0.,0.,1.));
#12603 = DIRECTION('',(1.,0.,-0.));
#12604 = ADVANCED_FACE('',(#12605),#12637,.T.);
#12605 = FACE_BOUND('',#12606,.F.);
#12606 = EDGE_LOOP('',(#12607,#12608,#12616,#12622,#12623,#12631));
#12607 = ORIENTED_EDGE('',*,*,#10835,.F.);
#12608 = ORIENTED_EDGE('',*,*,#12609,.F.);
#12609 = EDGE_CURVE('',#12610,#10836,#12612,.T.);
#12610 = VERTEX_POINT('',#12611);
#12611 = CARTESIAN_POINT('',(1.75,0.175,-1.75));
#12612 = LINE('',#12613,#12614);
#12613 = CARTESIAN_POINT('',(1.75,0.175,-1.75));
#12614 = VECTOR('',#12615,1.);
#12615 = DIRECTION('',(1.,0.,0.));
#12616 = ORIENTED_EDGE('',*,*,#12617,.F.);
#12617 = EDGE_CURVE('',#10402,#12610,#12618,.T.);
#12618 = LINE('',#12619,#12620);
#12619 = CARTESIAN_POINT('',(1.75,0.175,-2.));
#12620 = VECTOR('',#12621,1.);
#12621 = DIRECTION('',(0.,0.,1.));
#12622 = ORIENTED_EDGE('',*,*,#10401,.T.);
#12623 = ORIENTED_EDGE('',*,*,#12624,.F.);
#12624 = EDGE_CURVE('',#12625,#10404,#12627,.T.);
#12625 = VERTEX_POINT('',#12626);
#12626 = CARTESIAN_POINT('',(1.6,0.175,-1.6));
#12627 = LINE('',#12628,#12629);
#12628 = CARTESIAN_POINT('',(1.6,0.175,-1.6));
#12629 = VECTOR('',#12630,1.);
#12630 = DIRECTION('',(0.,0.,-1.));
#12631 = ORIENTED_EDGE('',*,*,#12632,.F.);
#12632 = EDGE_CURVE('',#10838,#12625,#12633,.T.);
#12633 = LINE('',#12634,#12635);
#12634 = CARTESIAN_POINT('',(2.,0.175,-1.6));
#12635 = VECTOR('',#12636,1.);
#12636 = DIRECTION('',(-1.,0.,0.));
#12637 = PLANE('',#12638);
#12638 = AXIS2_PLACEMENT_3D('',#12639,#12640,#12641);
#12639 = CARTESIAN_POINT('',(0.,0.175,0.));
#12640 = DIRECTION('',(0.,-1.,0.));
#12641 = DIRECTION('',(-1.,0.,0.));
#12642 = ADVANCED_FACE('',(#12643),#12661,.T.);
#12643 = FACE_BOUND('',#12644,.F.);
#12644 = EDGE_LOOP('',(#12645,#12646,#12654,#12660));
#12645 = ORIENTED_EDGE('',*,*,#10861,.F.);
#12646 = ORIENTED_EDGE('',*,*,#12647,.F.);
#12647 = EDGE_CURVE('',#12648,#10854,#12650,.T.);
#12648 = VERTEX_POINT('',#12649);
#12649 = CARTESIAN_POINT('',(1.75,7.5E-02,-1.75));
#12650 = LINE('',#12651,#12652);
#12651 = CARTESIAN_POINT('',(1.75,7.5E-02,-1.75));
#12652 = VECTOR('',#12653,1.);
#12653 = DIRECTION('',(1.,0.,0.));
#12654 = ORIENTED_EDGE('',*,*,#12655,.T.);
#12655 = EDGE_CURVE('',#12648,#12610,#12656,.T.);
#12656 = LINE('',#12657,#12658);
#12657 = CARTESIAN_POINT('',(1.75,7.5E-02,-1.75));
#12658 = VECTOR('',#12659,1.);
#12659 = DIRECTION('',(0.,1.,0.));
#12660 = ORIENTED_EDGE('',*,*,#12609,.T.);
#12661 = PLANE('',#12662);
#12662 = AXIS2_PLACEMENT_3D('',#12663,#12664,#12665);
#12663 = CARTESIAN_POINT('',(1.75,7.5E-02,-1.75));
#12664 = DIRECTION('',(0.,0.,1.));
#12665 = DIRECTION('',(1.,0.,-0.));
#12666 = ADVANCED_FACE('',(#12667),#12692,.F.);
#12667 = FACE_BOUND('',#12668,.F.);
#12668 = EDGE_LOOP('',(#12669,#12670,#12678,#12684,#12685,#12691));
#12669 = ORIENTED_EDGE('',*,*,#10853,.T.);
#12670 = ORIENTED_EDGE('',*,*,#12671,.T.);
#12671 = EDGE_CURVE('',#10846,#12672,#12674,.T.);
#12672 = VERTEX_POINT('',#12673);
#12673 = CARTESIAN_POINT('',(1.6,7.5E-02,-1.6));
#12674 = LINE('',#12675,#12676);
#12675 = CARTESIAN_POINT('',(2.,7.5E-02,-1.6));
#12676 = VECTOR('',#12677,1.);
#12677 = DIRECTION('',(-1.,0.,0.));
#12678 = ORIENTED_EDGE('',*,*,#12679,.T.);
#12679 = EDGE_CURVE('',#12672,#10420,#12680,.T.);
#12680 = LINE('',#12681,#12682);
#12681 = CARTESIAN_POINT('',(1.6,7.5E-02,-1.6));
#12682 = VECTOR('',#12683,1.);
#12683 = DIRECTION('',(0.,0.,-1.));
#12684 = ORIENTED_EDGE('',*,*,#10419,.F.);
#12685 = ORIENTED_EDGE('',*,*,#12686,.T.);
#12686 = EDGE_CURVE('',#10412,#12648,#12687,.T.);
#12687 = LINE('',#12688,#12689);
#12688 = CARTESIAN_POINT('',(1.75,7.5E-02,-2.));
#12689 = VECTOR('',#12690,1.);
#12690 = DIRECTION('',(0.,0.,1.));
#12691 = ORIENTED_EDGE('',*,*,#12647,.T.);
#12692 = PLANE('',#12693);
#12693 = AXIS2_PLACEMENT_3D('',#12694,#12695,#12696);
#12694 = CARTESIAN_POINT('',(0.,7.5E-02,0.));
#12695 = DIRECTION('',(0.,-1.,0.));
#12696 = DIRECTION('',(-1.,0.,0.));
#12697 = ADVANCED_FACE('',(#12698),#12709,.T.);
#12698 = FACE_BOUND('',#12699,.F.);
#12699 = EDGE_LOOP('',(#12700,#12701,#12702,#12708));
#12700 = ORIENTED_EDGE('',*,*,#10845,.T.);
#12701 = ORIENTED_EDGE('',*,*,#12632,.T.);
#12702 = ORIENTED_EDGE('',*,*,#12703,.F.);
#12703 = EDGE_CURVE('',#12672,#12625,#12704,.T.);
#12704 = LINE('',#12705,#12706);
#12705 = CARTESIAN_POINT('',(1.6,7.5E-02,-1.6));
#12706 = VECTOR('',#12707,1.);
#12707 = DIRECTION('',(0.,1.,0.));
#12708 = ORIENTED_EDGE('',*,*,#12671,.F.);
#12709 = PLANE('',#12710);
#12710 = AXIS2_PLACEMENT_3D('',#12711,#12712,#12713);
#12711 = CARTESIAN_POINT('',(2.,7.5E-02,-1.6));
#12712 = DIRECTION('',(0.,0.,-1.));
#12713 = DIRECTION('',(-1.,0.,0.));
#12714 = ADVANCED_FACE('',(#12715),#12721,.T.);
#12715 = FACE_BOUND('',#12716,.F.);
#12716 = EDGE_LOOP('',(#12717,#12718,#12719,#12720));
#12717 = ORIENTED_EDGE('',*,*,#10427,.F.);
#12718 = ORIENTED_EDGE('',*,*,#12679,.F.);
#12719 = ORIENTED_EDGE('',*,*,#12703,.T.);
#12720 = ORIENTED_EDGE('',*,*,#12624,.T.);
#12721 = PLANE('',#12722);
#12722 = AXIS2_PLACEMENT_3D('',#12723,#12724,#12725);
#12723 = CARTESIAN_POINT('',(1.6,7.5E-02,-1.6));
#12724 = DIRECTION('',(1.,0.,0.));
#12725 = DIRECTION('',(0.,0.,-1.));
#12726 = ADVANCED_FACE('',(#12727),#12733,.T.);
#12727 = FACE_BOUND('',#12728,.F.);
#12728 = EDGE_LOOP('',(#12729,#12730,#12731,#12732));
#12729 = ORIENTED_EDGE('',*,*,#10411,.T.);
#12730 = ORIENTED_EDGE('',*,*,#12617,.T.);
#12731 = ORIENTED_EDGE('',*,*,#12655,.F.);
#12732 = ORIENTED_EDGE('',*,*,#12686,.F.);
#12733 = PLANE('',#12734);
#12734 = AXIS2_PLACEMENT_3D('',#12735,#12736,#12737);
#12735 = CARTESIAN_POINT('',(1.75,7.5E-02,-2.));
#12736 = DIRECTION('',(-1.,0.,0.));
#12737 = DIRECTION('',(0.,0.,1.));
#12738 = ( GEOMETRIC_REPRESENTATION_CONTEXT(3) 
GLOBAL_UNCERTAINTY_ASSIGNED_CONTEXT((#12742)) 
GLOBAL_UNIT_ASSIGNED_CONTEXT((#12739,#12740,#12741)) 
REPRESENTATION_CONTEXT('Context #1',
  '3D Context with UNIT and UNCERTAINTY') );
#12739 = ( LENGTH_UNIT() NAMED_UNIT(*) SI_UNIT(.MILLI.,.METRE.) );
#12740 = ( NAMED_UNIT(*) PLANE_ANGLE_UNIT() SI_UNIT($,.RADIAN.) );
#12741 = ( NAMED_UNIT(*) SI_UNIT($,.STERADIAN.) SOLID_ANGLE_UNIT() );
#12742 = UNCERTAINTY_MEASURE_WITH_UNIT(LENGTH_MEASURE(1.E-07),#12739,
  'distance_accuracy_value','confusion accuracy');
#12743 = CONTEXT_DEPENDENT_SHAPE_REPRESENTATION(#12744,#12746);
#12744 = ( REPRESENTATION_RELATIONSHIP('','',#9350,#9319) 
REPRESENTATION_RELATIONSHIP_WITH_TRANSFORMATION(#12745) 
SHAPE_REPRESENTATION_RELATIONSHIP() );
#12745 = ITEM_DEFINED_TRANSFORMATION('','',#11,#9320);
#12746 = PRODUCT_DEFINITION_SHAPE('Placement','Placement of an item',
  #12747);
#12747 = NEXT_ASSEMBLY_USAGE_OCCURRENCE('12','BODY-QFN','',#9314,#9345,$
  );
#12748 = PRODUCT_RELATED_PRODUCT_CATEGORY('part',$,(#9347));
#12749 = SHAPE_DEFINITION_REPRESENTATION(#12750,#12756);
#12750 = PRODUCT_DEFINITION_SHAPE('','',#12751);
#12751 = PRODUCT_DEFINITION('design','',#12752,#12755);
#12752 = PRODUCT_DEFINITION_FORMATION('','',#12753);
#12753 = PRODUCT('FRAME-RGH0016A','FRAME-RGH0016A','',(#12754));
#12754 = PRODUCT_CONTEXT('',#2,'mechanical');
#12755 = PRODUCT_DEFINITION_CONTEXT('part definition',#2,'design');
#12756 = SHAPE_REPRESENTATION('',(#11,#12757,#12761,#12765,#12769,#12773
    ,#12777,#12781,#12785,#12789,#12793,#12797,#12801,#12805,#12809,
    #12813,#12817,#12821,#12825,#12829,#12833,#12837),#12841);
#12757 = AXIS2_PLACEMENT_3D('',#12758,#12759,#12760);
#12758 = CARTESIAN_POINT('',(0.,0.,0.));
#12759 = DIRECTION('',(0.,0.,1.));
#12760 = DIRECTION('',(1.,0.,-0.));
#12761 = AXIS2_PLACEMENT_3D('',#12762,#12763,#12764);
#12762 = CARTESIAN_POINT('',(0.,0.,0.));
#12763 = DIRECTION('',(0.,0.,1.));
#12764 = DIRECTION('',(1.,0.,-0.));
#12765 = AXIS2_PLACEMENT_3D('',#12766,#12767,#12768);
#12766 = CARTESIAN_POINT('',(0.,0.,0.));
#12767 = DIRECTION('',(0.,0.,1.));
#12768 = DIRECTION('',(1.,0.,-0.));
#12769 = AXIS2_PLACEMENT_3D('',#12770,#12771,#12772);
#12770 = CARTESIAN_POINT('',(0.,0.,0.));
#12771 = DIRECTION('',(0.,0.,1.));
#12772 = DIRECTION('',(1.,0.,-0.));
#12773 = AXIS2_PLACEMENT_3D('',#12774,#12775,#12776);
#12774 = CARTESIAN_POINT('',(0.,0.,0.));
#12775 = DIRECTION('',(0.,0.,1.));
#12776 = DIRECTION('',(1.,0.,-0.));
#12777 = AXIS2_PLACEMENT_3D('',#12778,#12779,#12780);
#12778 = CARTESIAN_POINT('',(0.,0.,0.));
#12779 = DIRECTION('',(0.,0.,1.));
#12780 = DIRECTION('',(1.,0.,-0.));
#12781 = AXIS2_PLACEMENT_3D('',#12782,#12783,#12784);
#12782 = CARTESIAN_POINT('',(0.,0.,0.));
#12783 = DIRECTION('',(0.,0.,1.));
#12784 = DIRECTION('',(1.,0.,-0.));
#12785 = AXIS2_PLACEMENT_3D('',#12786,#12787,#12788);
#12786 = CARTESIAN_POINT('',(0.,0.,0.));
#12787 = DIRECTION('',(0.,0.,1.));
#12788 = DIRECTION('',(1.,0.,-0.));
#12789 = AXIS2_PLACEMENT_3D('',#12790,#12791,#12792);
#12790 = CARTESIAN_POINT('',(0.,0.,0.));
#12791 = DIRECTION('',(0.,0.,1.));
#12792 = DIRECTION('',(1.,0.,-0.));
#12793 = AXIS2_PLACEMENT_3D('',#12794,#12795,#12796);
#12794 = CARTESIAN_POINT('',(0.,0.,0.));
#12795 = DIRECTION('',(0.,0.,1.));
#12796 = DIRECTION('',(1.,0.,-0.));
#12797 = AXIS2_PLACEMENT_3D('',#12798,#12799,#12800);
#12798 = CARTESIAN_POINT('',(0.,0.,0.));
#12799 = DIRECTION('',(0.,0.,1.));
#12800 = DIRECTION('',(1.,0.,-0.));
#12801 = AXIS2_PLACEMENT_3D('',#12802,#12803,#12804);
#12802 = CARTESIAN_POINT('',(0.,0.,0.));
#12803 = DIRECTION('',(0.,0.,1.));
#12804 = DIRECTION('',(1.,0.,-0.));
#12805 = AXIS2_PLACEMENT_3D('',#12806,#12807,#12808);
#12806 = CARTESIAN_POINT('',(0.,0.,0.));
#12807 = DIRECTION('',(0.,0.,1.));
#12808 = DIRECTION('',(1.,0.,-0.));
#12809 = AXIS2_PLACEMENT_3D('',#12810,#12811,#12812);
#12810 = CARTESIAN_POINT('',(0.,0.,0.));
#12811 = DIRECTION('',(0.,0.,1.));
#12812 = DIRECTION('',(1.,0.,-0.));
#12813 = AXIS2_PLACEMENT_3D('',#12814,#12815,#12816);
#12814 = CARTESIAN_POINT('',(0.,0.,0.));
#12815 = DIRECTION('',(0.,0.,1.));
#12816 = DIRECTION('',(1.,0.,-0.));
#12817 = AXIS2_PLACEMENT_3D('',#12818,#12819,#12820);
#12818 = CARTESIAN_POINT('',(0.,0.,0.));
#12819 = DIRECTION('',(0.,0.,1.));
#12820 = DIRECTION('',(1.,0.,-0.));
#12821 = AXIS2_PLACEMENT_3D('',#12822,#12823,#12824);
#12822 = CARTESIAN_POINT('',(0.,0.,0.));
#12823 = DIRECTION('',(0.,0.,1.));
#12824 = DIRECTION('',(1.,0.,-0.));
#12825 = AXIS2_PLACEMENT_3D('',#12826,#12827,#12828);
#12826 = CARTESIAN_POINT('',(0.,0.,0.));
#12827 = DIRECTION('',(0.,0.,1.));
#12828 = DIRECTION('',(1.,0.,-0.));
#12829 = AXIS2_PLACEMENT_3D('',#12830,#12831,#12832);
#12830 = CARTESIAN_POINT('',(0.,0.,0.));
#12831 = DIRECTION('',(0.,0.,1.));
#12832 = DIRECTION('',(1.,0.,-0.));
#12833 = AXIS2_PLACEMENT_3D('',#12834,#12835,#12836);
#12834 = CARTESIAN_POINT('',(0.,0.,0.));
#12835 = DIRECTION('',(0.,0.,1.));
#12836 = DIRECTION('',(1.,0.,-0.));
#12837 = AXIS2_PLACEMENT_3D('',#12838,#12839,#12840);
#12838 = CARTESIAN_POINT('',(0.,0.,0.));
#12839 = DIRECTION('',(0.,0.,1.));
#12840 = DIRECTION('',(1.,0.,-0.));
#12841 = ( GEOMETRIC_REPRESENTATION_CONTEXT(3) 
GLOBAL_UNCERTAINTY_ASSIGNED_CONTEXT((#12845)) 
GLOBAL_UNIT_ASSIGNED_CONTEXT((#12842,#12843,#12844)) 
REPRESENTATION_CONTEXT('Context #1',
  '3D Context with UNIT and UNCERTAINTY') );
#12842 = ( LENGTH_UNIT() NAMED_UNIT(*) SI_UNIT(.MILLI.,.METRE.) );
#12843 = ( NAMED_UNIT(*) PLANE_ANGLE_UNIT() SI_UNIT($,.RADIAN.) );
#12844 = ( NAMED_UNIT(*) SI_UNIT($,.STERADIAN.) SOLID_ANGLE_UNIT() );
#12845 = UNCERTAINTY_MEASURE_WITH_UNIT(LENGTH_MEASURE(1.E-07),#12842,
  'distance_accuracy_value','confusion accuracy');
#12846 = CONTEXT_DEPENDENT_SHAPE_REPRESENTATION(#12847,#12849);
#12847 = ( REPRESENTATION_RELATIONSHIP('','',#12756,#9319) 
REPRESENTATION_RELATIONSHIP_WITH_TRANSFORMATION(#12848) 
SHAPE_REPRESENTATION_RELATIONSHIP() );
#12848 = ITEM_DEFINED_TRANSFORMATION('','',#11,#9324);
#12849 = PRODUCT_DEFINITION_SHAPE('Placement','Placement of an item',
  #12850);
#12850 = NEXT_ASSEMBLY_USAGE_OCCURRENCE('34','FRAME-RGH0016A','',#9314,
  #12751,$);
#12851 = PRODUCT_RELATED_PRODUCT_CATEGORY('part',$,(#12753));
#12852 = SHAPE_DEFINITION_REPRESENTATION(#12853,#12859);
#12853 = PRODUCT_DEFINITION_SHAPE('','',#12854);
#12854 = PRODUCT_DEFINITION('design','',#12855,#12858);
#12855 = PRODUCT_DEFINITION_FORMATION('','',#12856);
#12856 = PRODUCT('SOLID','SOLID','',(#12857));
#12857 = PRODUCT_CONTEXT('',#2,'mechanical');
#12858 = PRODUCT_DEFINITION_CONTEXT('part definition',#2,'design');
#12859 = ADVANCED_BREP_SHAPE_REPRESENTATION('',(#11,#12860),#13185);
#12860 = MANIFOLD_SOLID_BREP('',#12861);
#12861 = CLOSED_SHELL('',(#12862,#12902,#12933,#12999,#13030,#13054,
    #13078,#13095,#13107,#13131,#13156,#13173));
#12862 = ADVANCED_FACE('',(#12863),#12897,.T.);
#12863 = FACE_BOUND('',#12864,.F.);
#12864 = EDGE_LOOP('',(#12865,#12875,#12883,#12891));
#12865 = ORIENTED_EDGE('',*,*,#12866,.F.);
#12866 = EDGE_CURVE('',#12867,#12869,#12871,.T.);
#12867 = VERTEX_POINT('',#12868);
#12868 = CARTESIAN_POINT('',(-1.3,0.,-0.95));
#12869 = VERTEX_POINT('',#12870);
#12870 = CARTESIAN_POINT('',(-1.3,0.1,-0.95));
#12871 = LINE('',#12872,#12873);
#12872 = CARTESIAN_POINT('',(-1.3,0.,-0.95));
#12873 = VECTOR('',#12874,1.);
#12874 = DIRECTION('',(0.,1.,0.));
#12875 = ORIENTED_EDGE('',*,*,#12876,.T.);
#12876 = EDGE_CURVE('',#12867,#12877,#12879,.T.);
#12877 = VERTEX_POINT('',#12878);
#12878 = CARTESIAN_POINT('',(-0.95,0.,-1.3));
#12879 = LINE('',#12880,#12881);
#12880 = CARTESIAN_POINT('',(-1.3,0.,-0.95));
#12881 = VECTOR('',#12882,1.);
#12882 = DIRECTION('',(0.707106781187,0.,-0.707106781187));
#12883 = ORIENTED_EDGE('',*,*,#12884,.T.);
#12884 = EDGE_CURVE('',#12877,#12885,#12887,.T.);
#12885 = VERTEX_POINT('',#12886);
#12886 = CARTESIAN_POINT('',(-0.95,0.1,-1.3));
#12887 = LINE('',#12888,#12889);
#12888 = CARTESIAN_POINT('',(-0.95,0.,-1.3));
#12889 = VECTOR('',#12890,1.);
#12890 = DIRECTION('',(0.,1.,0.));
#12891 = ORIENTED_EDGE('',*,*,#12892,.T.);
#12892 = EDGE_CURVE('',#12885,#12869,#12893,.T.);
#12893 = LINE('',#12894,#12895);
#12894 = CARTESIAN_POINT('',(-0.95,0.1,-1.3));
#12895 = VECTOR('',#12896,1.);
#12896 = DIRECTION('',(-0.707106781187,0.,0.707106781187));
#12897 = PLANE('',#12898);
#12898 = AXIS2_PLACEMENT_3D('',#12899,#12900,#12901);
#12899 = CARTESIAN_POINT('',(-1.125,5.E-02,-1.125));
#12900 = DIRECTION('',(-0.707106781187,0.,-0.707106781187));
#12901 = DIRECTION('',(-0.707106781187,0.,0.707106781187));
#12902 = ADVANCED_FACE('',(#12903),#12928,.T.);
#12903 = FACE_BOUND('',#12904,.F.);
#12904 = EDGE_LOOP('',(#12905,#12906,#12914,#12922));
#12905 = ORIENTED_EDGE('',*,*,#12866,.T.);
#12906 = ORIENTED_EDGE('',*,*,#12907,.F.);
#12907 = EDGE_CURVE('',#12908,#12869,#12910,.T.);
#12908 = VERTEX_POINT('',#12909);
#12909 = CARTESIAN_POINT('',(-1.3,0.1,1.3));
#12910 = LINE('',#12911,#12912);
#12911 = CARTESIAN_POINT('',(-1.3,0.1,1.3));
#12912 = VECTOR('',#12913,1.);
#12913 = DIRECTION('',(0.,0.,-1.));
#12914 = ORIENTED_EDGE('',*,*,#12915,.T.);
#12915 = EDGE_CURVE('',#12908,#12916,#12918,.T.);
#12916 = VERTEX_POINT('',#12917);
#12917 = CARTESIAN_POINT('',(-1.3,0.,1.3));
#12918 = LINE('',#12919,#12920);
#12919 = CARTESIAN_POINT('',(-1.3,0.1,1.3));
#12920 = VECTOR('',#12921,1.);
#12921 = DIRECTION('',(0.,-1.,0.));
#12922 = ORIENTED_EDGE('',*,*,#12923,.T.);
#12923 = EDGE_CURVE('',#12916,#12867,#12924,.T.);
#12924 = LINE('',#12925,#12926);
#12925 = CARTESIAN_POINT('',(-1.3,0.,1.3));
#12926 = VECTOR('',#12927,1.);
#12927 = DIRECTION('',(0.,0.,-1.));
#12928 = PLANE('',#12929);
#12929 = AXIS2_PLACEMENT_3D('',#12930,#12931,#12932);
#12930 = CARTESIAN_POINT('',(-1.3,0.1,1.3));
#12931 = DIRECTION('',(-1.,0.,0.));
#12932 = DIRECTION('',(0.,0.,-1.));
#12933 = ADVANCED_FACE('',(#12934,#12968),#12994,.F.);
#12934 = FACE_BOUND('',#12935,.F.);
#12935 = EDGE_LOOP('',(#12936,#12946,#12954,#12962));
#12936 = ORIENTED_EDGE('',*,*,#12937,.T.);
#12937 = EDGE_CURVE('',#12938,#12940,#12942,.T.);
#12938 = VERTEX_POINT('',#12939);
#12939 = CARTESIAN_POINT('',(-1.4,0.1,-1.4));
#12940 = VERTEX_POINT('',#12941);
#12941 = CARTESIAN_POINT('',(-1.4,0.1,1.4));
#12942 = LINE('',#12943,#12944);
#12943 = CARTESIAN_POINT('',(-1.4,0.1,-1.4));
#12944 = VECTOR('',#12945,1.);
#12945 = DIRECTION('',(0.,0.,1.));
#12946 = ORIENTED_EDGE('',*,*,#12947,.T.);
#12947 = EDGE_CURVE('',#12940,#12948,#12950,.T.);
#12948 = VERTEX_POINT('',#12949);
#12949 = CARTESIAN_POINT('',(1.4,0.1,1.4));
#12950 = LINE('',#12951,#12952);
#12951 = CARTESIAN_POINT('',(-1.4,0.1,1.4));
#12952 = VECTOR('',#12953,1.);
#12953 = DIRECTION('',(1.,0.,0.));
#12954 = ORIENTED_EDGE('',*,*,#12955,.T.);
#12955 = EDGE_CURVE('',#12948,#12956,#12958,.T.);
#12956 = VERTEX_POINT('',#12957);
#12957 = CARTESIAN_POINT('',(1.4,0.1,-1.4));
#12958 = LINE('',#12959,#12960);
#12959 = CARTESIAN_POINT('',(1.4,0.1,1.4));
#12960 = VECTOR('',#12961,1.);
#12961 = DIRECTION('',(0.,0.,-1.));
#12962 = ORIENTED_EDGE('',*,*,#12963,.T.);
#12963 = EDGE_CURVE('',#12956,#12938,#12964,.T.);
#12964 = LINE('',#12965,#12966);
#12965 = CARTESIAN_POINT('',(1.4,0.1,-1.4));
#12966 = VECTOR('',#12967,1.);
#12967 = DIRECTION('',(-1.,0.,0.));
#12968 = FACE_BOUND('',#12969,.F.);
#12969 = EDGE_LOOP('',(#12970,#12971,#12972,#12980,#12988));
#12970 = ORIENTED_EDGE('',*,*,#12907,.T.);
#12971 = ORIENTED_EDGE('',*,*,#12892,.F.);
#12972 = ORIENTED_EDGE('',*,*,#12973,.T.);
#12973 = EDGE_CURVE('',#12885,#12974,#12976,.T.);
#12974 = VERTEX_POINT('',#12975);
#12975 = CARTESIAN_POINT('',(1.3,0.1,-1.3));
#12976 = LINE('',#12977,#12978);
#12977 = CARTESIAN_POINT('',(-0.95,0.1,-1.3));
#12978 = VECTOR('',#12979,1.);
#12979 = DIRECTION('',(1.,0.,0.));
#12980 = ORIENTED_EDGE('',*,*,#12981,.T.);
#12981 = EDGE_CURVE('',#12974,#12982,#12984,.T.);
#12982 = VERTEX_POINT('',#12983);
#12983 = CARTESIAN_POINT('',(1.3,0.1,1.3));
#12984 = LINE('',#12985,#12986);
#12985 = CARTESIAN_POINT('',(1.3,0.1,-1.3));
#12986 = VECTOR('',#12987,1.);
#12987 = DIRECTION('',(0.,0.,1.));
#12988 = ORIENTED_EDGE('',*,*,#12989,.T.);
#12989 = EDGE_CURVE('',#12982,#12908,#12990,.T.);
#12990 = LINE('',#12991,#12992);
#12991 = CARTESIAN_POINT('',(1.3,0.1,1.3));
#12992 = VECTOR('',#12993,1.);
#12993 = DIRECTION('',(-1.,0.,0.));
#12994 = PLANE('',#12995);
#12995 = AXIS2_PLACEMENT_3D('',#12996,#12997,#12998);
#12996 = CARTESIAN_POINT('',(0.,0.1,0.));
#12997 = DIRECTION('',(0.,1.,0.));
#12998 = DIRECTION('',(1.,0.,0.));
#12999 = ADVANCED_FACE('',(#13000),#13025,.T.);
#13000 = FACE_BOUND('',#13001,.F.);
#13001 = EDGE_LOOP('',(#13002,#13003,#13011,#13019));
#13002 = ORIENTED_EDGE('',*,*,#12937,.F.);
#13003 = ORIENTED_EDGE('',*,*,#13004,.T.);
#13004 = EDGE_CURVE('',#12938,#13005,#13007,.T.);
#13005 = VERTEX_POINT('',#13006);
#13006 = CARTESIAN_POINT('',(-1.4,0.2,-1.4));
#13007 = LINE('',#13008,#13009);
#13008 = CARTESIAN_POINT('',(-1.4,0.1,-1.4));
#13009 = VECTOR('',#13010,1.);
#13010 = DIRECTION('',(0.,1.,0.));
#13011 = ORIENTED_EDGE('',*,*,#13012,.T.);
#13012 = EDGE_CURVE('',#13005,#13013,#13015,.T.);
#13013 = VERTEX_POINT('',#13014);
#13014 = CARTESIAN_POINT('',(-1.4,0.2,1.4));
#13015 = LINE('',#13016,#13017);
#13016 = CARTESIAN_POINT('',(-1.4,0.2,-1.4));
#13017 = VECTOR('',#13018,1.);
#13018 = DIRECTION('',(0.,0.,1.));
#13019 = ORIENTED_EDGE('',*,*,#13020,.F.);
#13020 = EDGE_CURVE('',#12940,#13013,#13021,.T.);
#13021 = LINE('',#13022,#13023);
#13022 = CARTESIAN_POINT('',(-1.4,0.1,1.4));
#13023 = VECTOR('',#13024,1.);
#13024 = DIRECTION('',(0.,1.,0.));
#13025 = PLANE('',#13026);
#13026 = AXIS2_PLACEMENT_3D('',#13027,#13028,#13029);
#13027 = CARTESIAN_POINT('',(-1.4,0.1,-1.4));
#13028 = DIRECTION('',(-1.,0.,0.));
#13029 = DIRECTION('',(0.,0.,1.));
#13030 = ADVANCED_FACE('',(#13031),#13049,.T.);
#13031 = FACE_BOUND('',#13032,.F.);
#13032 = EDGE_LOOP('',(#13033,#13034,#13042,#13048));
#13033 = ORIENTED_EDGE('',*,*,#12963,.F.);
#13034 = ORIENTED_EDGE('',*,*,#13035,.T.);
#13035 = EDGE_CURVE('',#12956,#13036,#13038,.T.);
#13036 = VERTEX_POINT('',#13037);
#13037 = CARTESIAN_POINT('',(1.4,0.2,-1.4));
#13038 = LINE('',#13039,#13040);
#13039 = CARTESIAN_POINT('',(1.4,0.1,-1.4));
#13040 = VECTOR('',#13041,1.);
#13041 = DIRECTION('',(0.,1.,0.));
#13042 = ORIENTED_EDGE('',*,*,#13043,.T.);
#13043 = EDGE_CURVE('',#13036,#13005,#13044,.T.);
#13044 = LINE('',#13045,#13046);
#13045 = CARTESIAN_POINT('',(1.4,0.2,-1.4));
#13046 = VECTOR('',#13047,1.);
#13047 = DIRECTION('',(-1.,0.,0.));
#13048 = ORIENTED_EDGE('',*,*,#13004,.F.);
#13049 = PLANE('',#13050);
#13050 = AXIS2_PLACEMENT_3D('',#13051,#13052,#13053);
#13051 = CARTESIAN_POINT('',(1.4,0.1,-1.4));
#13052 = DIRECTION('',(0.,0.,-1.));
#13053 = DIRECTION('',(-1.,0.,0.));
#13054 = ADVANCED_FACE('',(#13055),#13073,.T.);
#13055 = FACE_BOUND('',#13056,.F.);
#13056 = EDGE_LOOP('',(#13057,#13058,#13066,#13072));
#13057 = ORIENTED_EDGE('',*,*,#12955,.F.);
#13058 = ORIENTED_EDGE('',*,*,#13059,.T.);
#13059 = EDGE_CURVE('',#12948,#13060,#13062,.T.);
#13060 = VERTEX_POINT('',#13061);
#13061 = CARTESIAN_POINT('',(1.4,0.2,1.4));
#13062 = LINE('',#13063,#13064);
#13063 = CARTESIAN_POINT('',(1.4,0.1,1.4));
#13064 = VECTOR('',#13065,1.);
#13065 = DIRECTION('',(0.,1.,0.));
#13066 = ORIENTED_EDGE('',*,*,#13067,.T.);
#13067 = EDGE_CURVE('',#13060,#13036,#13068,.T.);
#13068 = LINE('',#13069,#13070);
#13069 = CARTESIAN_POINT('',(1.4,0.2,1.4));
#13070 = VECTOR('',#13071,1.);
#13071 = DIRECTION('',(0.,0.,-1.));
#13072 = ORIENTED_EDGE('',*,*,#13035,.F.);
#13073 = PLANE('',#13074);
#13074 = AXIS2_PLACEMENT_3D('',#13075,#13076,#13077);
#13075 = CARTESIAN_POINT('',(1.4,0.1,1.4));
#13076 = DIRECTION('',(1.,0.,0.));
#13077 = DIRECTION('',(0.,0.,-1.));
#13078 = ADVANCED_FACE('',(#13079),#13090,.T.);
#13079 = FACE_BOUND('',#13080,.F.);
#13080 = EDGE_LOOP('',(#13081,#13082,#13083,#13089));
#13081 = ORIENTED_EDGE('',*,*,#12947,.F.);
#13082 = ORIENTED_EDGE('',*,*,#13020,.T.);
#13083 = ORIENTED_EDGE('',*,*,#13084,.T.);
#13084 = EDGE_CURVE('',#13013,#13060,#13085,.T.);
#13085 = LINE('',#13086,#13087);
#13086 = CARTESIAN_POINT('',(-1.4,0.2,1.4));
#13087 = VECTOR('',#13088,1.);
#13088 = DIRECTION('',(1.,0.,0.));
#13089 = ORIENTED_EDGE('',*,*,#13059,.F.);
#13090 = PLANE('',#13091);
#13091 = AXIS2_PLACEMENT_3D('',#13092,#13093,#13094);
#13092 = CARTESIAN_POINT('',(-1.4,0.1,1.4));
#13093 = DIRECTION('',(0.,0.,1.));
#13094 = DIRECTION('',(1.,0.,-0.));
#13095 = ADVANCED_FACE('',(#13096),#13102,.T.);
#13096 = FACE_BOUND('',#13097,.F.);
#13097 = EDGE_LOOP('',(#13098,#13099,#13100,#13101));
#13098 = ORIENTED_EDGE('',*,*,#13012,.F.);
#13099 = ORIENTED_EDGE('',*,*,#13043,.F.);
#13100 = ORIENTED_EDGE('',*,*,#13067,.F.);
#13101 = ORIENTED_EDGE('',*,*,#13084,.F.);
#13102 = PLANE('',#13103);
#13103 = AXIS2_PLACEMENT_3D('',#13104,#13105,#13106);
#13104 = CARTESIAN_POINT('',(0.,0.2,0.));
#13105 = DIRECTION('',(0.,1.,0.));
#13106 = DIRECTION('',(1.,0.,0.));
#13107 = ADVANCED_FACE('',(#13108),#13126,.T.);
#13108 = FACE_BOUND('',#13109,.F.);
#13109 = EDGE_LOOP('',(#13110,#13111,#13119,#13125));
#13110 = ORIENTED_EDGE('',*,*,#12884,.F.);
#13111 = ORIENTED_EDGE('',*,*,#13112,.T.);
#13112 = EDGE_CURVE('',#12877,#13113,#13115,.T.);
#13113 = VERTEX_POINT('',#13114);
#13114 = CARTESIAN_POINT('',(1.3,0.,-1.3));
#13115 = LINE('',#13116,#13117);
#13116 = CARTESIAN_POINT('',(-0.95,0.,-1.3));
#13117 = VECTOR('',#13118,1.);
#13118 = DIRECTION('',(1.,0.,0.));
#13119 = ORIENTED_EDGE('',*,*,#13120,.F.);
#13120 = EDGE_CURVE('',#12974,#13113,#13121,.T.);
#13121 = LINE('',#13122,#13123);
#13122 = CARTESIAN_POINT('',(1.3,0.1,-1.3));
#13123 = VECTOR('',#13124,1.);
#13124 = DIRECTION('',(0.,-1.,0.));
#13125 = ORIENTED_EDGE('',*,*,#12973,.F.);
#13126 = PLANE('',#13127);
#13127 = AXIS2_PLACEMENT_3D('',#13128,#13129,#13130);
#13128 = CARTESIAN_POINT('',(-1.3,0.1,-1.3));
#13129 = DIRECTION('',(0.,0.,-1.));
#13130 = DIRECTION('',(1.,0.,0.));
#13131 = ADVANCED_FACE('',(#13132),#13151,.T.);
#13132 = FACE_BOUND('',#13133,.F.);
#13133 = EDGE_LOOP('',(#13134,#13135,#13136,#13144,#13150));
#13134 = ORIENTED_EDGE('',*,*,#12876,.F.);
#13135 = ORIENTED_EDGE('',*,*,#12923,.F.);
#13136 = ORIENTED_EDGE('',*,*,#13137,.F.);
#13137 = EDGE_CURVE('',#13138,#12916,#13140,.T.);
#13138 = VERTEX_POINT('',#13139);
#13139 = CARTESIAN_POINT('',(1.3,0.,1.3));
#13140 = LINE('',#13141,#13142);
#13141 = CARTESIAN_POINT('',(1.3,0.,1.3));
#13142 = VECTOR('',#13143,1.);
#13143 = DIRECTION('',(-1.,0.,0.));
#13144 = ORIENTED_EDGE('',*,*,#13145,.F.);
#13145 = EDGE_CURVE('',#13113,#13138,#13146,.T.);
#13146 = LINE('',#13147,#13148);
#13147 = CARTESIAN_POINT('',(1.3,0.,-1.3));
#13148 = VECTOR('',#13149,1.);
#13149 = DIRECTION('',(0.,0.,1.));
#13150 = ORIENTED_EDGE('',*,*,#13112,.F.);
#13151 = PLANE('',#13152);
#13152 = AXIS2_PLACEMENT_3D('',#13153,#13154,#13155);
#13153 = CARTESIAN_POINT('',(0.,0.,0.));
#13154 = DIRECTION('',(0.,-1.,0.));
#13155 = DIRECTION('',(-1.,0.,0.));
#13156 = ADVANCED_FACE('',(#13157),#13168,.T.);
#13157 = FACE_BOUND('',#13158,.F.);
#13158 = EDGE_LOOP('',(#13159,#13160,#13166,#13167));
#13159 = ORIENTED_EDGE('',*,*,#12989,.F.);
#13160 = ORIENTED_EDGE('',*,*,#13161,.T.);
#13161 = EDGE_CURVE('',#12982,#13138,#13162,.T.);
#13162 = LINE('',#13163,#13164);
#13163 = CARTESIAN_POINT('',(1.3,0.1,1.3));
#13164 = VECTOR('',#13165,1.);
#13165 = DIRECTION('',(0.,-1.,0.));
#13166 = ORIENTED_EDGE('',*,*,#13137,.T.);
#13167 = ORIENTED_EDGE('',*,*,#12915,.F.);
#13168 = PLANE('',#13169);
#13169 = AXIS2_PLACEMENT_3D('',#13170,#13171,#13172);
#13170 = CARTESIAN_POINT('',(1.3,0.1,1.3));
#13171 = DIRECTION('',(0.,0.,1.));
#13172 = DIRECTION('',(-1.,0.,0.));
#13173 = ADVANCED_FACE('',(#13174),#13180,.T.);
#13174 = FACE_BOUND('',#13175,.F.);
#13175 = EDGE_LOOP('',(#13176,#13177,#13178,#13179));
#13176 = ORIENTED_EDGE('',*,*,#12981,.F.);
#13177 = ORIENTED_EDGE('',*,*,#13120,.T.);
#13178 = ORIENTED_EDGE('',*,*,#13145,.T.);
#13179 = ORIENTED_EDGE('',*,*,#13161,.F.);
#13180 = PLANE('',#13181);
#13181 = AXIS2_PLACEMENT_3D('',#13182,#13183,#13184);
#13182 = CARTESIAN_POINT('',(1.3,0.1,-1.3));
#13183 = DIRECTION('',(1.,0.,0.));
#13184 = DIRECTION('',(0.,0.,1.));
#13185 = ( GEOMETRIC_REPRESENTATION_CONTEXT(3) 
GLOBAL_UNCERTAINTY_ASSIGNED_CONTEXT((#13189)) 
GLOBAL_UNIT_ASSIGNED_CONTEXT((#13186,#13187,#13188)) 
REPRESENTATION_CONTEXT('Context #1',
  '3D Context with UNIT and UNCERTAINTY') );
#13186 = ( LENGTH_UNIT() NAMED_UNIT(*) SI_UNIT(.MILLI.,.METRE.) );
#13187 = ( NAMED_UNIT(*) PLANE_ANGLE_UNIT() SI_UNIT($,.RADIAN.) );
#13188 = ( NAMED_UNIT(*) SI_UNIT($,.STERADIAN.) SOLID_ANGLE_UNIT() );
#13189 = UNCERTAINTY_MEASURE_WITH_UNIT(LENGTH_MEASURE(1.E-07),#13186,
  'distance_accuracy_value','confusion accuracy');
#13190 = CONTEXT_DEPENDENT_SHAPE_REPRESENTATION(#13191,#13193);
#13191 = ( REPRESENTATION_RELATIONSHIP('','',#12859,#12756) 
REPRESENTATION_RELATIONSHIP_WITH_TRANSFORMATION(#13192) 
SHAPE_REPRESENTATION_RELATIONSHIP() );
#13192 = ITEM_DEFINED_TRANSFORMATION('','',#11,#12757);
#13193 = PRODUCT_DEFINITION_SHAPE('Placement','Placement of an item',
  #13194);
#13194 = NEXT_ASSEMBLY_USAGE_OCCURRENCE('13','=>0:1:1:14','',#12751,
  #12854,$);
#13195 = PRODUCT_RELATED_PRODUCT_CATEGORY('part',$,(#12856));
#13196 = SHAPE_DEFINITION_REPRESENTATION(#13197,#13203);
#13197 = PRODUCT_DEFINITION_SHAPE('','',#13198);
#13198 = PRODUCT_DEFINITION('design','',#13199,#13202);
#13199 = PRODUCT_DEFINITION_FORMATION('','',#13200);
#13200 = PRODUCT('SOLID','SOLID','',(#13201));
#13201 = PRODUCT_CONTEXT('',#2,'mechanical');
#13202 = PRODUCT_DEFINITION_CONTEXT('part definition',#2,'design');
#13203 = ADVANCED_BREP_SHAPE_REPRESENTATION('',(#11,#13204),#13354);
#13204 = MANIFOLD_SOLID_BREP('',#13205);
#13205 = CLOSED_SHELL('',(#13206,#13246,#13277,#13301,#13325,#13342));
#13206 = ADVANCED_FACE('',(#13207),#13241,.F.);
#13207 = FACE_BOUND('',#13208,.F.);
#13208 = EDGE_LOOP('',(#13209,#13219,#13227,#13235));
#13209 = ORIENTED_EDGE('',*,*,#13210,.T.);
#13210 = EDGE_CURVE('',#13211,#13213,#13215,.T.);
#13211 = VERTEX_POINT('',#13212);
#13212 = CARTESIAN_POINT('',(2.,0.,-0.875));
#13213 = VERTEX_POINT('',#13214);
#13214 = CARTESIAN_POINT('',(1.6,0.,-0.875));
#13215 = LINE('',#13216,#13217);
#13216 = CARTESIAN_POINT('',(2.,0.,-0.875));
#13217 = VECTOR('',#13218,1.);
#13218 = DIRECTION('',(-1.,0.,0.));
#13219 = ORIENTED_EDGE('',*,*,#13220,.T.);
#13220 = EDGE_CURVE('',#13213,#13221,#13223,.T.);
#13221 = VERTEX_POINT('',#13222);
#13222 = CARTESIAN_POINT('',(1.6,0.,-0.625));
#13223 = LINE('',#13224,#13225);
#13224 = CARTESIAN_POINT('',(1.6,0.,-0.875));
#13225 = VECTOR('',#13226,1.);
#13226 = DIRECTION('',(0.,0.,1.));
#13227 = ORIENTED_EDGE('',*,*,#13228,.T.);
#13228 = EDGE_CURVE('',#13221,#13229,#13231,.T.);
#13229 = VERTEX_POINT('',#13230);
#13230 = CARTESIAN_POINT('',(2.,0.,-0.625));
#13231 = LINE('',#13232,#13233);
#13232 = CARTESIAN_POINT('',(1.6,0.,-0.625));
#13233 = VECTOR('',#13234,1.);
#13234 = DIRECTION('',(1.,0.,0.));
#13235 = ORIENTED_EDGE('',*,*,#13236,.T.);
#13236 = EDGE_CURVE('',#13229,#13211,#13237,.T.);
#13237 = LINE('',#13238,#13239);
#13238 = CARTESIAN_POINT('',(2.,0.,-0.625));
#13239 = VECTOR('',#13240,1.);
#13240 = DIRECTION('',(0.,0.,-1.));
#13241 = PLANE('',#13242);
#13242 = AXIS2_PLACEMENT_3D('',#13243,#13244,#13245);
#13243 = CARTESIAN_POINT('',(0.,0.,0.));
#13244 = DIRECTION('',(0.,1.,0.));
#13245 = DIRECTION('',(1.,0.,0.));
#13246 = ADVANCED_FACE('',(#13247),#13272,.T.);
#13247 = FACE_BOUND('',#13248,.F.);
#13248 = EDGE_LOOP('',(#13249,#13250,#13258,#13266));
#13249 = ORIENTED_EDGE('',*,*,#13210,.F.);
#13250 = ORIENTED_EDGE('',*,*,#13251,.T.);
#13251 = EDGE_CURVE('',#13211,#13252,#13254,.T.);
#13252 = VERTEX_POINT('',#13253);
#13253 = CARTESIAN_POINT('',(2.,0.2,-0.875));
#13254 = LINE('',#13255,#13256);
#13255 = CARTESIAN_POINT('',(2.,0.,-0.875));
#13256 = VECTOR('',#13257,1.);
#13257 = DIRECTION('',(0.,1.,0.));
#13258 = ORIENTED_EDGE('',*,*,#13259,.T.);
#13259 = EDGE_CURVE('',#13252,#13260,#13262,.T.);
#13260 = VERTEX_POINT('',#13261);
#13261 = CARTESIAN_POINT('',(1.6,0.2,-0.875));
#13262 = LINE('',#13263,#13264);
#13263 = CARTESIAN_POINT('',(2.,0.2,-0.875));
#13264 = VECTOR('',#13265,1.);
#13265 = DIRECTION('',(-1.,0.,0.));
#13266 = ORIENTED_EDGE('',*,*,#13267,.F.);
#13267 = EDGE_CURVE('',#13213,#13260,#13268,.T.);
#13268 = LINE('',#13269,#13270);
#13269 = CARTESIAN_POINT('',(1.6,0.,-0.875));
#13270 = VECTOR('',#13271,1.);
#13271 = DIRECTION('',(0.,1.,0.));
#13272 = PLANE('',#13273);
#13273 = AXIS2_PLACEMENT_3D('',#13274,#13275,#13276);
#13274 = CARTESIAN_POINT('',(2.,0.,-0.875));
#13275 = DIRECTION('',(0.,0.,-1.));
#13276 = DIRECTION('',(-1.,0.,0.));
#13277 = ADVANCED_FACE('',(#13278),#13296,.T.);
#13278 = FACE_BOUND('',#13279,.F.);
#13279 = EDGE_LOOP('',(#13280,#13281,#13289,#13295));
#13280 = ORIENTED_EDGE('',*,*,#13236,.F.);
#13281 = ORIENTED_EDGE('',*,*,#13282,.T.);
#13282 = EDGE_CURVE('',#13229,#13283,#13285,.T.);
#13283 = VERTEX_POINT('',#13284);
#13284 = CARTESIAN_POINT('',(2.,0.2,-0.625));
#13285 = LINE('',#13286,#13287);
#13286 = CARTESIAN_POINT('',(2.,0.,-0.625));
#13287 = VECTOR('',#13288,1.);
#13288 = DIRECTION('',(0.,1.,0.));
#13289 = ORIENTED_EDGE('',*,*,#13290,.T.);
#13290 = EDGE_CURVE('',#13283,#13252,#13291,.T.);
#13291 = LINE('',#13292,#13293);
#13292 = CARTESIAN_POINT('',(2.,0.2,-0.625));
#13293 = VECTOR('',#13294,1.);
#13294 = DIRECTION('',(0.,0.,-1.));
#13295 = ORIENTED_EDGE('',*,*,#13251,.F.);
#13296 = PLANE('',#13297);
#13297 = AXIS2_PLACEMENT_3D('',#13298,#13299,#13300);
#13298 = CARTESIAN_POINT('',(2.,0.,-0.625));
#13299 = DIRECTION('',(1.,0.,0.));
#13300 = DIRECTION('',(0.,0.,-1.));
#13301 = ADVANCED_FACE('',(#13302),#13320,.T.);
#13302 = FACE_BOUND('',#13303,.F.);
#13303 = EDGE_LOOP('',(#13304,#13305,#13313,#13319));
#13304 = ORIENTED_EDGE('',*,*,#13228,.F.);
#13305 = ORIENTED_EDGE('',*,*,#13306,.T.);
#13306 = EDGE_CURVE('',#13221,#13307,#13309,.T.);
#13307 = VERTEX_POINT('',#13308);
#13308 = CARTESIAN_POINT('',(1.6,0.2,-0.625));
#13309 = LINE('',#13310,#13311);
#13310 = CARTESIAN_POINT('',(1.6,0.,-0.625));
#13311 = VECTOR('',#13312,1.);
#13312 = DIRECTION('',(0.,1.,0.));
#13313 = ORIENTED_EDGE('',*,*,#13314,.T.);
#13314 = EDGE_CURVE('',#13307,#13283,#13315,.T.);
#13315 = LINE('',#13316,#13317);
#13316 = CARTESIAN_POINT('',(1.6,0.2,-0.625));
#13317 = VECTOR('',#13318,1.);
#13318 = DIRECTION('',(1.,0.,0.));
#13319 = ORIENTED_EDGE('',*,*,#13282,.F.);
#13320 = PLANE('',#13321);
#13321 = AXIS2_PLACEMENT_3D('',#13322,#13323,#13324);
#13322 = CARTESIAN_POINT('',(1.6,0.,-0.625));
#13323 = DIRECTION('',(0.,0.,1.));
#13324 = DIRECTION('',(1.,0.,-0.));
#13325 = ADVANCED_FACE('',(#13326),#13337,.T.);
#13326 = FACE_BOUND('',#13327,.F.);
#13327 = EDGE_LOOP('',(#13328,#13329,#13330,#13336));
#13328 = ORIENTED_EDGE('',*,*,#13220,.F.);
#13329 = ORIENTED_EDGE('',*,*,#13267,.T.);
#13330 = ORIENTED_EDGE('',*,*,#13331,.T.);
#13331 = EDGE_CURVE('',#13260,#13307,#13332,.T.);
#13332 = LINE('',#13333,#13334);
#13333 = CARTESIAN_POINT('',(1.6,0.2,-0.875));
#13334 = VECTOR('',#13335,1.);
#13335 = DIRECTION('',(0.,0.,1.));
#13336 = ORIENTED_EDGE('',*,*,#13306,.F.);
#13337 = PLANE('',#13338);
#13338 = AXIS2_PLACEMENT_3D('',#13339,#13340,#13341);
#13339 = CARTESIAN_POINT('',(1.6,0.,-0.875));
#13340 = DIRECTION('',(-1.,0.,0.));
#13341 = DIRECTION('',(0.,0.,1.));
#13342 = ADVANCED_FACE('',(#13343),#13349,.T.);
#13343 = FACE_BOUND('',#13344,.F.);
#13344 = EDGE_LOOP('',(#13345,#13346,#13347,#13348));
#13345 = ORIENTED_EDGE('',*,*,#13259,.F.);
#13346 = ORIENTED_EDGE('',*,*,#13290,.F.);
#13347 = ORIENTED_EDGE('',*,*,#13314,.F.);
#13348 = ORIENTED_EDGE('',*,*,#13331,.F.);
#13349 = PLANE('',#13350);
#13350 = AXIS2_PLACEMENT_3D('',#13351,#13352,#13353);
#13351 = CARTESIAN_POINT('',(0.,0.2,0.));
#13352 = DIRECTION('',(0.,1.,0.));
#13353 = DIRECTION('',(1.,0.,0.));
#13354 = ( GEOMETRIC_REPRESENTATION_CONTEXT(3) 
GLOBAL_UNCERTAINTY_ASSIGNED_CONTEXT((#13358)) 
GLOBAL_UNIT_ASSIGNED_CONTEXT((#13355,#13356,#13357)) 
REPRESENTATION_CONTEXT('Context #1',
  '3D Context with UNIT and UNCERTAINTY') );
#13355 = ( LENGTH_UNIT() NAMED_UNIT(*) SI_UNIT(.MILLI.,.METRE.) );
#13356 = ( NAMED_UNIT(*) PLANE_ANGLE_UNIT() SI_UNIT($,.RADIAN.) );
#13357 = ( NAMED_UNIT(*) SI_UNIT($,.STERADIAN.) SOLID_ANGLE_UNIT() );
#13358 = UNCERTAINTY_MEASURE_WITH_UNIT(LENGTH_MEASURE(1.E-07),#13355,
  'distance_accuracy_value','confusion accuracy');
#13359 = CONTEXT_DEPENDENT_SHAPE_REPRESENTATION(#13360,#13362);
#13360 = ( REPRESENTATION_RELATIONSHIP('','',#13203,#12756) 
REPRESENTATION_RELATIONSHIP_WITH_TRANSFORMATION(#13361) 
SHAPE_REPRESENTATION_RELATIONSHIP() );
#13361 = ITEM_DEFINED_TRANSFORMATION('','',#11,#12761);
#13362 = PRODUCT_DEFINITION_SHAPE('Placement','Placement of an item',
  #13363);
#13363 = NEXT_ASSEMBLY_USAGE_OCCURRENCE('14','=>0:1:1:15','',#12751,
  #13198,$);
#13364 = PRODUCT_RELATED_PRODUCT_CATEGORY('part',$,(#13200));
#13365 = SHAPE_DEFINITION_REPRESENTATION(#13366,#13372);
#13366 = PRODUCT_DEFINITION_SHAPE('','',#13367);
#13367 = PRODUCT_DEFINITION('design','',#13368,#13371);
#13368 = PRODUCT_DEFINITION_FORMATION('','',#13369);
#13369 = PRODUCT('SOLID','SOLID','',(#13370));
#13370 = PRODUCT_CONTEXT('',#2,'mechanical');
#13371 = PRODUCT_DEFINITION_CONTEXT('part definition',#2,'design');
#13372 = ADVANCED_BREP_SHAPE_REPRESENTATION('',(#11,#13373),#13523);
#13373 = MANIFOLD_SOLID_BREP('',#13374);
#13374 = CLOSED_SHELL('',(#13375,#13415,#13446,#13470,#13494,#13511));
#13375 = ADVANCED_FACE('',(#13376),#13410,.F.);
#13376 = FACE_BOUND('',#13377,.F.);
#13377 = EDGE_LOOP('',(#13378,#13388,#13396,#13404));
#13378 = ORIENTED_EDGE('',*,*,#13379,.T.);
#13379 = EDGE_CURVE('',#13380,#13382,#13384,.T.);
#13380 = VERTEX_POINT('',#13381);
#13381 = CARTESIAN_POINT('',(-0.875,0.,-2.));
#13382 = VERTEX_POINT('',#13383);
#13383 = CARTESIAN_POINT('',(-0.875,0.,-1.6));
#13384 = LINE('',#13385,#13386);
#13385 = CARTESIAN_POINT('',(-0.875,0.,-2.));
#13386 = VECTOR('',#13387,1.);
#13387 = DIRECTION('',(0.,0.,1.));
#13388 = ORIENTED_EDGE('',*,*,#13389,.T.);
#13389 = EDGE_CURVE('',#13382,#13390,#13392,.T.);
#13390 = VERTEX_POINT('',#13391);
#13391 = CARTESIAN_POINT('',(-0.625,0.,-1.6));
#13392 = LINE('',#13393,#13394);
#13393 = CARTESIAN_POINT('',(-0.875,0.,-1.6));
#13394 = VECTOR('',#13395,1.);
#13395 = DIRECTION('',(1.,0.,0.));
#13396 = ORIENTED_EDGE('',*,*,#13397,.T.);
#13397 = EDGE_CURVE('',#13390,#13398,#13400,.T.);
#13398 = VERTEX_POINT('',#13399);
#13399 = CARTESIAN_POINT('',(-0.625,0.,-2.));
#13400 = LINE('',#13401,#13402);
#13401 = CARTESIAN_POINT('',(-0.625,0.,-1.6));
#13402 = VECTOR('',#13403,1.);
#13403 = DIRECTION('',(0.,0.,-1.));
#13404 = ORIENTED_EDGE('',*,*,#13405,.T.);
#13405 = EDGE_CURVE('',#13398,#13380,#13406,.T.);
#13406 = LINE('',#13407,#13408);
#13407 = CARTESIAN_POINT('',(-0.625,0.,-2.));
#13408 = VECTOR('',#13409,1.);
#13409 = DIRECTION('',(-1.,0.,0.));
#13410 = PLANE('',#13411);
#13411 = AXIS2_PLACEMENT_3D('',#13412,#13413,#13414);
#13412 = CARTESIAN_POINT('',(0.,0.,0.));
#13413 = DIRECTION('',(0.,1.,0.));
#13414 = DIRECTION('',(1.,0.,0.));
#13415 = ADVANCED_FACE('',(#13416),#13441,.T.);
#13416 = FACE_BOUND('',#13417,.F.);
#13417 = EDGE_LOOP('',(#13418,#13419,#13427,#13435));
#13418 = ORIENTED_EDGE('',*,*,#13379,.F.);
#13419 = ORIENTED_EDGE('',*,*,#13420,.T.);
#13420 = EDGE_CURVE('',#13380,#13421,#13423,.T.);
#13421 = VERTEX_POINT('',#13422);
#13422 = CARTESIAN_POINT('',(-0.875,0.2,-2.));
#13423 = LINE('',#13424,#13425);
#13424 = CARTESIAN_POINT('',(-0.875,0.,-2.));
#13425 = VECTOR('',#13426,1.);
#13426 = DIRECTION('',(0.,1.,0.));
#13427 = ORIENTED_EDGE('',*,*,#13428,.T.);
#13428 = EDGE_CURVE('',#13421,#13429,#13431,.T.);
#13429 = VERTEX_POINT('',#13430);
#13430 = CARTESIAN_POINT('',(-0.875,0.2,-1.6));
#13431 = LINE('',#13432,#13433);
#13432 = CARTESIAN_POINT('',(-0.875,0.2,-2.));
#13433 = VECTOR('',#13434,1.);
#13434 = DIRECTION('',(0.,0.,1.));
#13435 = ORIENTED_EDGE('',*,*,#13436,.F.);
#13436 = EDGE_CURVE('',#13382,#13429,#13437,.T.);
#13437 = LINE('',#13438,#13439);
#13438 = CARTESIAN_POINT('',(-0.875,0.,-1.6));
#13439 = VECTOR('',#13440,1.);
#13440 = DIRECTION('',(0.,1.,0.));
#13441 = PLANE('',#13442);
#13442 = AXIS2_PLACEMENT_3D('',#13443,#13444,#13445);
#13443 = CARTESIAN_POINT('',(-0.875,0.,-2.));
#13444 = DIRECTION('',(-1.,0.,0.));
#13445 = DIRECTION('',(0.,0.,1.));
#13446 = ADVANCED_FACE('',(#13447),#13465,.T.);
#13447 = FACE_BOUND('',#13448,.F.);
#13448 = EDGE_LOOP('',(#13449,#13450,#13458,#13464));
#13449 = ORIENTED_EDGE('',*,*,#13405,.F.);
#13450 = ORIENTED_EDGE('',*,*,#13451,.T.);
#13451 = EDGE_CURVE('',#13398,#13452,#13454,.T.);
#13452 = VERTEX_POINT('',#13453);
#13453 = CARTESIAN_POINT('',(-0.625,0.2,-2.));
#13454 = LINE('',#13455,#13456);
#13455 = CARTESIAN_POINT('',(-0.625,0.,-2.));
#13456 = VECTOR('',#13457,1.);
#13457 = DIRECTION('',(0.,1.,0.));
#13458 = ORIENTED_EDGE('',*,*,#13459,.T.);
#13459 = EDGE_CURVE('',#13452,#13421,#13460,.T.);
#13460 = LINE('',#13461,#13462);
#13461 = CARTESIAN_POINT('',(-0.625,0.2,-2.));
#13462 = VECTOR('',#13463,1.);
#13463 = DIRECTION('',(-1.,0.,0.));
#13464 = ORIENTED_EDGE('',*,*,#13420,.F.);
#13465 = PLANE('',#13466);
#13466 = AXIS2_PLACEMENT_3D('',#13467,#13468,#13469);
#13467 = CARTESIAN_POINT('',(-0.625,0.,-2.));
#13468 = DIRECTION('',(0.,0.,-1.));
#13469 = DIRECTION('',(-1.,0.,0.));
#13470 = ADVANCED_FACE('',(#13471),#13489,.T.);
#13471 = FACE_BOUND('',#13472,.F.);
#13472 = EDGE_LOOP('',(#13473,#13474,#13482,#13488));
#13473 = ORIENTED_EDGE('',*,*,#13397,.F.);
#13474 = ORIENTED_EDGE('',*,*,#13475,.T.);
#13475 = EDGE_CURVE('',#13390,#13476,#13478,.T.);
#13476 = VERTEX_POINT('',#13477);
#13477 = CARTESIAN_POINT('',(-0.625,0.2,-1.6));
#13478 = LINE('',#13479,#13480);
#13479 = CARTESIAN_POINT('',(-0.625,0.,-1.6));
#13480 = VECTOR('',#13481,1.);
#13481 = DIRECTION('',(0.,1.,0.));
#13482 = ORIENTED_EDGE('',*,*,#13483,.T.);
#13483 = EDGE_CURVE('',#13476,#13452,#13484,.T.);
#13484 = LINE('',#13485,#13486);
#13485 = CARTESIAN_POINT('',(-0.625,0.2,-1.6));
#13486 = VECTOR('',#13487,1.);
#13487 = DIRECTION('',(0.,0.,-1.));
#13488 = ORIENTED_EDGE('',*,*,#13451,.F.);
#13489 = PLANE('',#13490);
#13490 = AXIS2_PLACEMENT_3D('',#13491,#13492,#13493);
#13491 = CARTESIAN_POINT('',(-0.625,0.,-1.6));
#13492 = DIRECTION('',(1.,0.,0.));
#13493 = DIRECTION('',(0.,0.,-1.));
#13494 = ADVANCED_FACE('',(#13495),#13506,.T.);
#13495 = FACE_BOUND('',#13496,.F.);
#13496 = EDGE_LOOP('',(#13497,#13498,#13499,#13505));
#13497 = ORIENTED_EDGE('',*,*,#13389,.F.);
#13498 = ORIENTED_EDGE('',*,*,#13436,.T.);
#13499 = ORIENTED_EDGE('',*,*,#13500,.T.);
#13500 = EDGE_CURVE('',#13429,#13476,#13501,.T.);
#13501 = LINE('',#13502,#13503);
#13502 = CARTESIAN_POINT('',(-0.875,0.2,-1.6));
#13503 = VECTOR('',#13504,1.);
#13504 = DIRECTION('',(1.,0.,0.));
#13505 = ORIENTED_EDGE('',*,*,#13475,.F.);
#13506 = PLANE('',#13507);
#13507 = AXIS2_PLACEMENT_3D('',#13508,#13509,#13510);
#13508 = CARTESIAN_POINT('',(-0.875,0.,-1.6));
#13509 = DIRECTION('',(0.,0.,1.));
#13510 = DIRECTION('',(1.,0.,-0.));
#13511 = ADVANCED_FACE('',(#13512),#13518,.T.);
#13512 = FACE_BOUND('',#13513,.F.);
#13513 = EDGE_LOOP('',(#13514,#13515,#13516,#13517));
#13514 = ORIENTED_EDGE('',*,*,#13428,.F.);
#13515 = ORIENTED_EDGE('',*,*,#13459,.F.);
#13516 = ORIENTED_EDGE('',*,*,#13483,.F.);
#13517 = ORIENTED_EDGE('',*,*,#13500,.F.);
#13518 = PLANE('',#13519);
#13519 = AXIS2_PLACEMENT_3D('',#13520,#13521,#13522);
#13520 = CARTESIAN_POINT('',(0.,0.2,0.));
#13521 = DIRECTION('',(0.,1.,0.));
#13522 = DIRECTION('',(1.,0.,0.));
#13523 = ( GEOMETRIC_REPRESENTATION_CONTEXT(3) 
GLOBAL_UNCERTAINTY_ASSIGNED_CONTEXT((#13527)) 
GLOBAL_UNIT_ASSIGNED_CONTEXT((#13524,#13525,#13526)) 
REPRESENTATION_CONTEXT('Context #1',
  '3D Context with UNIT and UNCERTAINTY') );
#13524 = ( LENGTH_UNIT() NAMED_UNIT(*) SI_UNIT(.MILLI.,.METRE.) );
#13525 = ( NAMED_UNIT(*) PLANE_ANGLE_UNIT() SI_UNIT($,.RADIAN.) );
#13526 = ( NAMED_UNIT(*) SI_UNIT($,.STERADIAN.) SOLID_ANGLE_UNIT() );
#13527 = UNCERTAINTY_MEASURE_WITH_UNIT(LENGTH_MEASURE(1.E-07),#13524,
  'distance_accuracy_value','confusion accuracy');
#13528 = CONTEXT_DEPENDENT_SHAPE_REPRESENTATION(#13529,#13531);
#13529 = ( REPRESENTATION_RELATIONSHIP('','',#13372,#12756) 
REPRESENTATION_RELATIONSHIP_WITH_TRANSFORMATION(#13530) 
SHAPE_REPRESENTATION_RELATIONSHIP() );
#13530 = ITEM_DEFINED_TRANSFORMATION('','',#11,#12765);
#13531 = PRODUCT_DEFINITION_SHAPE('Placement','Placement of an item',
  #13532);
#13532 = NEXT_ASSEMBLY_USAGE_OCCURRENCE('15','=>0:1:1:16','',#12751,
  #13367,$);
#13533 = PRODUCT_RELATED_PRODUCT_CATEGORY('part',$,(#13369));
#13534 = SHAPE_DEFINITION_REPRESENTATION(#13535,#13541);
#13535 = PRODUCT_DEFINITION_SHAPE('','',#13536);
#13536 = PRODUCT_DEFINITION('design','',#13537,#13540);
#13537 = PRODUCT_DEFINITION_FORMATION('','',#13538);
#13538 = PRODUCT('SOLID','SOLID','',(#13539));
#13539 = PRODUCT_CONTEXT('',#2,'mechanical');
#13540 = PRODUCT_DEFINITION_CONTEXT('part definition',#2,'design');
#13541 = ADVANCED_BREP_SHAPE_REPRESENTATION('',(#11,#13542),#13692);
#13542 = MANIFOLD_SOLID_BREP('',#13543);
#13543 = CLOSED_SHELL('',(#13544,#13584,#13615,#13639,#13663,#13680));
#13544 = ADVANCED_FACE('',(#13545),#13579,.F.);
#13545 = FACE_BOUND('',#13546,.F.);
#13546 = EDGE_LOOP('',(#13547,#13557,#13565,#13573));
#13547 = ORIENTED_EDGE('',*,*,#13548,.T.);
#13548 = EDGE_CURVE('',#13549,#13551,#13553,.T.);
#13549 = VERTEX_POINT('',#13550);
#13550 = CARTESIAN_POINT('',(-0.375,0.,-2.));
#13551 = VERTEX_POINT('',#13552);
#13552 = CARTESIAN_POINT('',(-0.375,0.,-1.6));
#13553 = LINE('',#13554,#13555);
#13554 = CARTESIAN_POINT('',(-0.375,0.,-2.));
#13555 = VECTOR('',#13556,1.);
#13556 = DIRECTION('',(0.,0.,1.));
#13557 = ORIENTED_EDGE('',*,*,#13558,.T.);
#13558 = EDGE_CURVE('',#13551,#13559,#13561,.T.);
#13559 = VERTEX_POINT('',#13560);
#13560 = CARTESIAN_POINT('',(-0.125,0.,-1.6));
#13561 = LINE('',#13562,#13563);
#13562 = CARTESIAN_POINT('',(-0.375,0.,-1.6));
#13563 = VECTOR('',#13564,1.);
#13564 = DIRECTION('',(1.,0.,0.));
#13565 = ORIENTED_EDGE('',*,*,#13566,.T.);
#13566 = EDGE_CURVE('',#13559,#13567,#13569,.T.);
#13567 = VERTEX_POINT('',#13568);
#13568 = CARTESIAN_POINT('',(-0.125,0.,-2.));
#13569 = LINE('',#13570,#13571);
#13570 = CARTESIAN_POINT('',(-0.125,0.,-1.6));
#13571 = VECTOR('',#13572,1.);
#13572 = DIRECTION('',(0.,0.,-1.));
#13573 = ORIENTED_EDGE('',*,*,#13574,.T.);
#13574 = EDGE_CURVE('',#13567,#13549,#13575,.T.);
#13575 = LINE('',#13576,#13577);
#13576 = CARTESIAN_POINT('',(-0.125,0.,-2.));
#13577 = VECTOR('',#13578,1.);
#13578 = DIRECTION('',(-1.,0.,0.));
#13579 = PLANE('',#13580);
#13580 = AXIS2_PLACEMENT_3D('',#13581,#13582,#13583);
#13581 = CARTESIAN_POINT('',(0.,0.,0.));
#13582 = DIRECTION('',(0.,1.,0.));
#13583 = DIRECTION('',(1.,0.,0.));
#13584 = ADVANCED_FACE('',(#13585),#13610,.T.);
#13585 = FACE_BOUND('',#13586,.F.);
#13586 = EDGE_LOOP('',(#13587,#13588,#13596,#13604));
#13587 = ORIENTED_EDGE('',*,*,#13548,.F.);
#13588 = ORIENTED_EDGE('',*,*,#13589,.T.);
#13589 = EDGE_CURVE('',#13549,#13590,#13592,.T.);
#13590 = VERTEX_POINT('',#13591);
#13591 = CARTESIAN_POINT('',(-0.375,0.2,-2.));
#13592 = LINE('',#13593,#13594);
#13593 = CARTESIAN_POINT('',(-0.375,0.,-2.));
#13594 = VECTOR('',#13595,1.);
#13595 = DIRECTION('',(0.,1.,0.));
#13596 = ORIENTED_EDGE('',*,*,#13597,.T.);
#13597 = EDGE_CURVE('',#13590,#13598,#13600,.T.);
#13598 = VERTEX_POINT('',#13599);
#13599 = CARTESIAN_POINT('',(-0.375,0.2,-1.6));
#13600 = LINE('',#13601,#13602);
#13601 = CARTESIAN_POINT('',(-0.375,0.2,-2.));
#13602 = VECTOR('',#13603,1.);
#13603 = DIRECTION('',(0.,0.,1.));
#13604 = ORIENTED_EDGE('',*,*,#13605,.F.);
#13605 = EDGE_CURVE('',#13551,#13598,#13606,.T.);
#13606 = LINE('',#13607,#13608);
#13607 = CARTESIAN_POINT('',(-0.375,0.,-1.6));
#13608 = VECTOR('',#13609,1.);
#13609 = DIRECTION('',(0.,1.,0.));
#13610 = PLANE('',#13611);
#13611 = AXIS2_PLACEMENT_3D('',#13612,#13613,#13614);
#13612 = CARTESIAN_POINT('',(-0.375,0.,-2.));
#13613 = DIRECTION('',(-1.,0.,0.));
#13614 = DIRECTION('',(0.,0.,1.));
#13615 = ADVANCED_FACE('',(#13616),#13634,.T.);
#13616 = FACE_BOUND('',#13617,.F.);
#13617 = EDGE_LOOP('',(#13618,#13619,#13627,#13633));
#13618 = ORIENTED_EDGE('',*,*,#13574,.F.);
#13619 = ORIENTED_EDGE('',*,*,#13620,.T.);
#13620 = EDGE_CURVE('',#13567,#13621,#13623,.T.);
#13621 = VERTEX_POINT('',#13622);
#13622 = CARTESIAN_POINT('',(-0.125,0.2,-2.));
#13623 = LINE('',#13624,#13625);
#13624 = CARTESIAN_POINT('',(-0.125,0.,-2.));
#13625 = VECTOR('',#13626,1.);
#13626 = DIRECTION('',(0.,1.,0.));
#13627 = ORIENTED_EDGE('',*,*,#13628,.T.);
#13628 = EDGE_CURVE('',#13621,#13590,#13629,.T.);
#13629 = LINE('',#13630,#13631);
#13630 = CARTESIAN_POINT('',(-0.125,0.2,-2.));
#13631 = VECTOR('',#13632,1.);
#13632 = DIRECTION('',(-1.,0.,0.));
#13633 = ORIENTED_EDGE('',*,*,#13589,.F.);
#13634 = PLANE('',#13635);
#13635 = AXIS2_PLACEMENT_3D('',#13636,#13637,#13638);
#13636 = CARTESIAN_POINT('',(-0.125,0.,-2.));
#13637 = DIRECTION('',(0.,0.,-1.));
#13638 = DIRECTION('',(-1.,0.,0.));
#13639 = ADVANCED_FACE('',(#13640),#13658,.T.);
#13640 = FACE_BOUND('',#13641,.F.);
#13641 = EDGE_LOOP('',(#13642,#13643,#13651,#13657));
#13642 = ORIENTED_EDGE('',*,*,#13566,.F.);
#13643 = ORIENTED_EDGE('',*,*,#13644,.T.);
#13644 = EDGE_CURVE('',#13559,#13645,#13647,.T.);
#13645 = VERTEX_POINT('',#13646);
#13646 = CARTESIAN_POINT('',(-0.125,0.2,-1.6));
#13647 = LINE('',#13648,#13649);
#13648 = CARTESIAN_POINT('',(-0.125,0.,-1.6));
#13649 = VECTOR('',#13650,1.);
#13650 = DIRECTION('',(0.,1.,0.));
#13651 = ORIENTED_EDGE('',*,*,#13652,.T.);
#13652 = EDGE_CURVE('',#13645,#13621,#13653,.T.);
#13653 = LINE('',#13654,#13655);
#13654 = CARTESIAN_POINT('',(-0.125,0.2,-1.6));
#13655 = VECTOR('',#13656,1.);
#13656 = DIRECTION('',(0.,0.,-1.));
#13657 = ORIENTED_EDGE('',*,*,#13620,.F.);
#13658 = PLANE('',#13659);
#13659 = AXIS2_PLACEMENT_3D('',#13660,#13661,#13662);
#13660 = CARTESIAN_POINT('',(-0.125,0.,-1.6));
#13661 = DIRECTION('',(1.,0.,0.));
#13662 = DIRECTION('',(0.,0.,-1.));
#13663 = ADVANCED_FACE('',(#13664),#13675,.T.);
#13664 = FACE_BOUND('',#13665,.F.);
#13665 = EDGE_LOOP('',(#13666,#13667,#13668,#13674));
#13666 = ORIENTED_EDGE('',*,*,#13558,.F.);
#13667 = ORIENTED_EDGE('',*,*,#13605,.T.);
#13668 = ORIENTED_EDGE('',*,*,#13669,.T.);
#13669 = EDGE_CURVE('',#13598,#13645,#13670,.T.);
#13670 = LINE('',#13671,#13672);
#13671 = CARTESIAN_POINT('',(-0.375,0.2,-1.6));
#13672 = VECTOR('',#13673,1.);
#13673 = DIRECTION('',(1.,0.,0.));
#13674 = ORIENTED_EDGE('',*,*,#13644,.F.);
#13675 = PLANE('',#13676);
#13676 = AXIS2_PLACEMENT_3D('',#13677,#13678,#13679);
#13677 = CARTESIAN_POINT('',(-0.375,0.,-1.6));
#13678 = DIRECTION('',(0.,0.,1.));
#13679 = DIRECTION('',(1.,0.,-0.));
#13680 = ADVANCED_FACE('',(#13681),#13687,.T.);
#13681 = FACE_BOUND('',#13682,.F.);
#13682 = EDGE_LOOP('',(#13683,#13684,#13685,#13686));
#13683 = ORIENTED_EDGE('',*,*,#13597,.F.);
#13684 = ORIENTED_EDGE('',*,*,#13628,.F.);
#13685 = ORIENTED_EDGE('',*,*,#13652,.F.);
#13686 = ORIENTED_EDGE('',*,*,#13669,.F.);
#13687 = PLANE('',#13688);
#13688 = AXIS2_PLACEMENT_3D('',#13689,#13690,#13691);
#13689 = CARTESIAN_POINT('',(0.,0.2,0.));
#13690 = DIRECTION('',(0.,1.,0.));
#13691 = DIRECTION('',(1.,0.,0.));
#13692 = ( GEOMETRIC_REPRESENTATION_CONTEXT(3) 
GLOBAL_UNCERTAINTY_ASSIGNED_CONTEXT((#13696)) 
GLOBAL_UNIT_ASSIGNED_CONTEXT((#13693,#13694,#13695)) 
REPRESENTATION_CONTEXT('Context #1',
  '3D Context with UNIT and UNCERTAINTY') );
#13693 = ( LENGTH_UNIT() NAMED_UNIT(*) SI_UNIT(.MILLI.,.METRE.) );
#13694 = ( NAMED_UNIT(*) PLANE_ANGLE_UNIT() SI_UNIT($,.RADIAN.) );
#13695 = ( NAMED_UNIT(*) SI_UNIT($,.STERADIAN.) SOLID_ANGLE_UNIT() );
#13696 = UNCERTAINTY_MEASURE_WITH_UNIT(LENGTH_MEASURE(1.E-07),#13693,
  'distance_accuracy_value','confusion accuracy');
#13697 = CONTEXT_DEPENDENT_SHAPE_REPRESENTATION(#13698,#13700);
#13698 = ( REPRESENTATION_RELATIONSHIP('','',#13541,#12756) 
REPRESENTATION_RELATIONSHIP_WITH_TRANSFORMATION(#13699) 
SHAPE_REPRESENTATION_RELATIONSHIP() );
#13699 = ITEM_DEFINED_TRANSFORMATION('','',#11,#12769);
#13700 = PRODUCT_DEFINITION_SHAPE('Placement','Placement of an item',
  #13701);
#13701 = NEXT_ASSEMBLY_USAGE_OCCURRENCE('16','=>0:1:1:17','',#12751,
  #13536,$);
#13702 = PRODUCT_RELATED_PRODUCT_CATEGORY('part',$,(#13538));
#13703 = SHAPE_DEFINITION_REPRESENTATION(#13704,#13710);
#13704 = PRODUCT_DEFINITION_SHAPE('','',#13705);
#13705 = PRODUCT_DEFINITION('design','',#13706,#13709);
#13706 = PRODUCT_DEFINITION_FORMATION('','',#13707);
#13707 = PRODUCT('SOLID','SOLID','',(#13708));
#13708 = PRODUCT_CONTEXT('',#2,'mechanical');
#13709 = PRODUCT_DEFINITION_CONTEXT('part definition',#2,'design');
#13710 = ADVANCED_BREP_SHAPE_REPRESENTATION('',(#11,#13711),#13861);
#13711 = MANIFOLD_SOLID_BREP('',#13712);
#13712 = CLOSED_SHELL('',(#13713,#13753,#13784,#13808,#13832,#13849));
#13713 = ADVANCED_FACE('',(#13714),#13748,.F.);
#13714 = FACE_BOUND('',#13715,.F.);
#13715 = EDGE_LOOP('',(#13716,#13726,#13734,#13742));
#13716 = ORIENTED_EDGE('',*,*,#13717,.T.);
#13717 = EDGE_CURVE('',#13718,#13720,#13722,.T.);
#13718 = VERTEX_POINT('',#13719);
#13719 = CARTESIAN_POINT('',(0.125,0.,-2.));
#13720 = VERTEX_POINT('',#13721);
#13721 = CARTESIAN_POINT('',(0.125,0.,-1.6));
#13722 = LINE('',#13723,#13724);
#13723 = CARTESIAN_POINT('',(0.125,0.,-2.));
#13724 = VECTOR('',#13725,1.);
#13725 = DIRECTION('',(0.,0.,1.));
#13726 = ORIENTED_EDGE('',*,*,#13727,.T.);
#13727 = EDGE_CURVE('',#13720,#13728,#13730,.T.);
#13728 = VERTEX_POINT('',#13729);
#13729 = CARTESIAN_POINT('',(0.375,0.,-1.6));
#13730 = LINE('',#13731,#13732);
#13731 = CARTESIAN_POINT('',(0.125,0.,-1.6));
#13732 = VECTOR('',#13733,1.);
#13733 = DIRECTION('',(1.,0.,0.));
#13734 = ORIENTED_EDGE('',*,*,#13735,.T.);
#13735 = EDGE_CURVE('',#13728,#13736,#13738,.T.);
#13736 = VERTEX_POINT('',#13737);
#13737 = CARTESIAN_POINT('',(0.375,0.,-2.));
#13738 = LINE('',#13739,#13740);
#13739 = CARTESIAN_POINT('',(0.375,0.,-1.6));
#13740 = VECTOR('',#13741,1.);
#13741 = DIRECTION('',(0.,0.,-1.));
#13742 = ORIENTED_EDGE('',*,*,#13743,.T.);
#13743 = EDGE_CURVE('',#13736,#13718,#13744,.T.);
#13744 = LINE('',#13745,#13746);
#13745 = CARTESIAN_POINT('',(0.375,0.,-2.));
#13746 = VECTOR('',#13747,1.);
#13747 = DIRECTION('',(-1.,0.,0.));
#13748 = PLANE('',#13749);
#13749 = AXIS2_PLACEMENT_3D('',#13750,#13751,#13752);
#13750 = CARTESIAN_POINT('',(0.,0.,0.));
#13751 = DIRECTION('',(0.,1.,0.));
#13752 = DIRECTION('',(1.,0.,0.));
#13753 = ADVANCED_FACE('',(#13754),#13779,.T.);
#13754 = FACE_BOUND('',#13755,.F.);
#13755 = EDGE_LOOP('',(#13756,#13757,#13765,#13773));
#13756 = ORIENTED_EDGE('',*,*,#13717,.F.);
#13757 = ORIENTED_EDGE('',*,*,#13758,.T.);
#13758 = EDGE_CURVE('',#13718,#13759,#13761,.T.);
#13759 = VERTEX_POINT('',#13760);
#13760 = CARTESIAN_POINT('',(0.125,0.2,-2.));
#13761 = LINE('',#13762,#13763);
#13762 = CARTESIAN_POINT('',(0.125,0.,-2.));
#13763 = VECTOR('',#13764,1.);
#13764 = DIRECTION('',(0.,1.,0.));
#13765 = ORIENTED_EDGE('',*,*,#13766,.T.);
#13766 = EDGE_CURVE('',#13759,#13767,#13769,.T.);
#13767 = VERTEX_POINT('',#13768);
#13768 = CARTESIAN_POINT('',(0.125,0.2,-1.6));
#13769 = LINE('',#13770,#13771);
#13770 = CARTESIAN_POINT('',(0.125,0.2,-2.));
#13771 = VECTOR('',#13772,1.);
#13772 = DIRECTION('',(0.,0.,1.));
#13773 = ORIENTED_EDGE('',*,*,#13774,.F.);
#13774 = EDGE_CURVE('',#13720,#13767,#13775,.T.);
#13775 = LINE('',#13776,#13777);
#13776 = CARTESIAN_POINT('',(0.125,0.,-1.6));
#13777 = VECTOR('',#13778,1.);
#13778 = DIRECTION('',(0.,1.,0.));
#13779 = PLANE('',#13780);
#13780 = AXIS2_PLACEMENT_3D('',#13781,#13782,#13783);
#13781 = CARTESIAN_POINT('',(0.125,0.,-2.));
#13782 = DIRECTION('',(-1.,0.,0.));
#13783 = DIRECTION('',(0.,0.,1.));
#13784 = ADVANCED_FACE('',(#13785),#13803,.T.);
#13785 = FACE_BOUND('',#13786,.F.);
#13786 = EDGE_LOOP('',(#13787,#13788,#13796,#13802));
#13787 = ORIENTED_EDGE('',*,*,#13743,.F.);
#13788 = ORIENTED_EDGE('',*,*,#13789,.T.);
#13789 = EDGE_CURVE('',#13736,#13790,#13792,.T.);
#13790 = VERTEX_POINT('',#13791);
#13791 = CARTESIAN_POINT('',(0.375,0.2,-2.));
#13792 = LINE('',#13793,#13794);
#13793 = CARTESIAN_POINT('',(0.375,0.,-2.));
#13794 = VECTOR('',#13795,1.);
#13795 = DIRECTION('',(0.,1.,0.));
#13796 = ORIENTED_EDGE('',*,*,#13797,.T.);
#13797 = EDGE_CURVE('',#13790,#13759,#13798,.T.);
#13798 = LINE('',#13799,#13800);
#13799 = CARTESIAN_POINT('',(0.375,0.2,-2.));
#13800 = VECTOR('',#13801,1.);
#13801 = DIRECTION('',(-1.,0.,0.));
#13802 = ORIENTED_EDGE('',*,*,#13758,.F.);
#13803 = PLANE('',#13804);
#13804 = AXIS2_PLACEMENT_3D('',#13805,#13806,#13807);
#13805 = CARTESIAN_POINT('',(0.375,0.,-2.));
#13806 = DIRECTION('',(0.,0.,-1.));
#13807 = DIRECTION('',(-1.,0.,0.));
#13808 = ADVANCED_FACE('',(#13809),#13827,.T.);
#13809 = FACE_BOUND('',#13810,.F.);
#13810 = EDGE_LOOP('',(#13811,#13812,#13820,#13826));
#13811 = ORIENTED_EDGE('',*,*,#13735,.F.);
#13812 = ORIENTED_EDGE('',*,*,#13813,.T.);
#13813 = EDGE_CURVE('',#13728,#13814,#13816,.T.);
#13814 = VERTEX_POINT('',#13815);
#13815 = CARTESIAN_POINT('',(0.375,0.2,-1.6));
#13816 = LINE('',#13817,#13818);
#13817 = CARTESIAN_POINT('',(0.375,0.,-1.6));
#13818 = VECTOR('',#13819,1.);
#13819 = DIRECTION('',(0.,1.,0.));
#13820 = ORIENTED_EDGE('',*,*,#13821,.T.);
#13821 = EDGE_CURVE('',#13814,#13790,#13822,.T.);
#13822 = LINE('',#13823,#13824);
#13823 = CARTESIAN_POINT('',(0.375,0.2,-1.6));
#13824 = VECTOR('',#13825,1.);
#13825 = DIRECTION('',(0.,0.,-1.));
#13826 = ORIENTED_EDGE('',*,*,#13789,.F.);
#13827 = PLANE('',#13828);
#13828 = AXIS2_PLACEMENT_3D('',#13829,#13830,#13831);
#13829 = CARTESIAN_POINT('',(0.375,0.,-1.6));
#13830 = DIRECTION('',(1.,0.,0.));
#13831 = DIRECTION('',(0.,0.,-1.));
#13832 = ADVANCED_FACE('',(#13833),#13844,.T.);
#13833 = FACE_BOUND('',#13834,.F.);
#13834 = EDGE_LOOP('',(#13835,#13836,#13837,#13843));
#13835 = ORIENTED_EDGE('',*,*,#13727,.F.);
#13836 = ORIENTED_EDGE('',*,*,#13774,.T.);
#13837 = ORIENTED_EDGE('',*,*,#13838,.T.);
#13838 = EDGE_CURVE('',#13767,#13814,#13839,.T.);
#13839 = LINE('',#13840,#13841);
#13840 = CARTESIAN_POINT('',(0.125,0.2,-1.6));
#13841 = VECTOR('',#13842,1.);
#13842 = DIRECTION('',(1.,0.,0.));
#13843 = ORIENTED_EDGE('',*,*,#13813,.F.);
#13844 = PLANE('',#13845);
#13845 = AXIS2_PLACEMENT_3D('',#13846,#13847,#13848);
#13846 = CARTESIAN_POINT('',(0.125,0.,-1.6));
#13847 = DIRECTION('',(0.,0.,1.));
#13848 = DIRECTION('',(1.,0.,-0.));
#13849 = ADVANCED_FACE('',(#13850),#13856,.T.);
#13850 = FACE_BOUND('',#13851,.F.);
#13851 = EDGE_LOOP('',(#13852,#13853,#13854,#13855));
#13852 = ORIENTED_EDGE('',*,*,#13766,.F.);
#13853 = ORIENTED_EDGE('',*,*,#13797,.F.);
#13854 = ORIENTED_EDGE('',*,*,#13821,.F.);
#13855 = ORIENTED_EDGE('',*,*,#13838,.F.);
#13856 = PLANE('',#13857);
#13857 = AXIS2_PLACEMENT_3D('',#13858,#13859,#13860);
#13858 = CARTESIAN_POINT('',(0.,0.2,0.));
#13859 = DIRECTION('',(0.,1.,0.));
#13860 = DIRECTION('',(1.,0.,0.));
#13861 = ( GEOMETRIC_REPRESENTATION_CONTEXT(3) 
GLOBAL_UNCERTAINTY_ASSIGNED_CONTEXT((#13865)) 
GLOBAL_UNIT_ASSIGNED_CONTEXT((#13862,#13863,#13864)) 
REPRESENTATION_CONTEXT('Context #1',
  '3D Context with UNIT and UNCERTAINTY') );
#13862 = ( LENGTH_UNIT() NAMED_UNIT(*) SI_UNIT(.MILLI.,.METRE.) );
#13863 = ( NAMED_UNIT(*) PLANE_ANGLE_UNIT() SI_UNIT($,.RADIAN.) );
#13864 = ( NAMED_UNIT(*) SI_UNIT($,.STERADIAN.) SOLID_ANGLE_UNIT() );
#13865 = UNCERTAINTY_MEASURE_WITH_UNIT(LENGTH_MEASURE(1.E-07),#13862,
  'distance_accuracy_value','confusion accuracy');
#13866 = CONTEXT_DEPENDENT_SHAPE_REPRESENTATION(#13867,#13869);
#13867 = ( REPRESENTATION_RELATIONSHIP('','',#13710,#12756) 
REPRESENTATION_RELATIONSHIP_WITH_TRANSFORMATION(#13868) 
SHAPE_REPRESENTATION_RELATIONSHIP() );
#13868 = ITEM_DEFINED_TRANSFORMATION('','',#11,#12773);
#13869 = PRODUCT_DEFINITION_SHAPE('Placement','Placement of an item',
  #13870);
#13870 = NEXT_ASSEMBLY_USAGE_OCCURRENCE('17','=>0:1:1:18','',#12751,
  #13705,$);
#13871 = PRODUCT_RELATED_PRODUCT_CATEGORY('part',$,(#13707));
#13872 = SHAPE_DEFINITION_REPRESENTATION(#13873,#13879);
#13873 = PRODUCT_DEFINITION_SHAPE('','',#13874);
#13874 = PRODUCT_DEFINITION('design','',#13875,#13878);
#13875 = PRODUCT_DEFINITION_FORMATION('','',#13876);
#13876 = PRODUCT('SOLID','SOLID','',(#13877));
#13877 = PRODUCT_CONTEXT('',#2,'mechanical');
#13878 = PRODUCT_DEFINITION_CONTEXT('part definition',#2,'design');
#13879 = ADVANCED_BREP_SHAPE_REPRESENTATION('',(#11,#13880),#14030);
#13880 = MANIFOLD_SOLID_BREP('',#13881);
#13881 = CLOSED_SHELL('',(#13882,#13922,#13953,#13977,#14001,#14018));
#13882 = ADVANCED_FACE('',(#13883),#13917,.F.);
#13883 = FACE_BOUND('',#13884,.F.);
#13884 = EDGE_LOOP('',(#13885,#13895,#13903,#13911));
#13885 = ORIENTED_EDGE('',*,*,#13886,.T.);
#13886 = EDGE_CURVE('',#13887,#13889,#13891,.T.);
#13887 = VERTEX_POINT('',#13888);
#13888 = CARTESIAN_POINT('',(0.625,0.,-2.));
#13889 = VERTEX_POINT('',#13890);
#13890 = CARTESIAN_POINT('',(0.625,0.,-1.6));
#13891 = LINE('',#13892,#13893);
#13892 = CARTESIAN_POINT('',(0.625,0.,-2.));
#13893 = VECTOR('',#13894,1.);
#13894 = DIRECTION('',(0.,0.,1.));
#13895 = ORIENTED_EDGE('',*,*,#13896,.T.);
#13896 = EDGE_CURVE('',#13889,#13897,#13899,.T.);
#13897 = VERTEX_POINT('',#13898);
#13898 = CARTESIAN_POINT('',(0.875,0.,-1.6));
#13899 = LINE('',#13900,#13901);
#13900 = CARTESIAN_POINT('',(0.625,0.,-1.6));
#13901 = VECTOR('',#13902,1.);
#13902 = DIRECTION('',(1.,0.,0.));
#13903 = ORIENTED_EDGE('',*,*,#13904,.T.);
#13904 = EDGE_CURVE('',#13897,#13905,#13907,.T.);
#13905 = VERTEX_POINT('',#13906);
#13906 = CARTESIAN_POINT('',(0.875,0.,-2.));
#13907 = LINE('',#13908,#13909);
#13908 = CARTESIAN_POINT('',(0.875,0.,-1.6));
#13909 = VECTOR('',#13910,1.);
#13910 = DIRECTION('',(0.,0.,-1.));
#13911 = ORIENTED_EDGE('',*,*,#13912,.T.);
#13912 = EDGE_CURVE('',#13905,#13887,#13913,.T.);
#13913 = LINE('',#13914,#13915);
#13914 = CARTESIAN_POINT('',(0.875,0.,-2.));
#13915 = VECTOR('',#13916,1.);
#13916 = DIRECTION('',(-1.,0.,0.));
#13917 = PLANE('',#13918);
#13918 = AXIS2_PLACEMENT_3D('',#13919,#13920,#13921);
#13919 = CARTESIAN_POINT('',(0.,0.,0.));
#13920 = DIRECTION('',(0.,1.,0.));
#13921 = DIRECTION('',(1.,0.,0.));
#13922 = ADVANCED_FACE('',(#13923),#13948,.T.);
#13923 = FACE_BOUND('',#13924,.F.);
#13924 = EDGE_LOOP('',(#13925,#13926,#13934,#13942));
#13925 = ORIENTED_EDGE('',*,*,#13886,.F.);
#13926 = ORIENTED_EDGE('',*,*,#13927,.T.);
#13927 = EDGE_CURVE('',#13887,#13928,#13930,.T.);
#13928 = VERTEX_POINT('',#13929);
#13929 = CARTESIAN_POINT('',(0.625,0.2,-2.));
#13930 = LINE('',#13931,#13932);
#13931 = CARTESIAN_POINT('',(0.625,0.,-2.));
#13932 = VECTOR('',#13933,1.);
#13933 = DIRECTION('',(0.,1.,0.));
#13934 = ORIENTED_EDGE('',*,*,#13935,.T.);
#13935 = EDGE_CURVE('',#13928,#13936,#13938,.T.);
#13936 = VERTEX_POINT('',#13937);
#13937 = CARTESIAN_POINT('',(0.625,0.2,-1.6));
#13938 = LINE('',#13939,#13940);
#13939 = CARTESIAN_POINT('',(0.625,0.2,-2.));
#13940 = VECTOR('',#13941,1.);
#13941 = DIRECTION('',(0.,0.,1.));
#13942 = ORIENTED_EDGE('',*,*,#13943,.F.);
#13943 = EDGE_CURVE('',#13889,#13936,#13944,.T.);
#13944 = LINE('',#13945,#13946);
#13945 = CARTESIAN_POINT('',(0.625,0.,-1.6));
#13946 = VECTOR('',#13947,1.);
#13947 = DIRECTION('',(0.,1.,0.));
#13948 = PLANE('',#13949);
#13949 = AXIS2_PLACEMENT_3D('',#13950,#13951,#13952);
#13950 = CARTESIAN_POINT('',(0.625,0.,-2.));
#13951 = DIRECTION('',(-1.,0.,0.));
#13952 = DIRECTION('',(0.,0.,1.));
#13953 = ADVANCED_FACE('',(#13954),#13972,.T.);
#13954 = FACE_BOUND('',#13955,.F.);
#13955 = EDGE_LOOP('',(#13956,#13957,#13965,#13971));
#13956 = ORIENTED_EDGE('',*,*,#13912,.F.);
#13957 = ORIENTED_EDGE('',*,*,#13958,.T.);
#13958 = EDGE_CURVE('',#13905,#13959,#13961,.T.);
#13959 = VERTEX_POINT('',#13960);
#13960 = CARTESIAN_POINT('',(0.875,0.2,-2.));
#13961 = LINE('',#13962,#13963);
#13962 = CARTESIAN_POINT('',(0.875,0.,-2.));
#13963 = VECTOR('',#13964,1.);
#13964 = DIRECTION('',(0.,1.,0.));
#13965 = ORIENTED_EDGE('',*,*,#13966,.T.);
#13966 = EDGE_CURVE('',#13959,#13928,#13967,.T.);
#13967 = LINE('',#13968,#13969);
#13968 = CARTESIAN_POINT('',(0.875,0.2,-2.));
#13969 = VECTOR('',#13970,1.);
#13970 = DIRECTION('',(-1.,0.,0.));
#13971 = ORIENTED_EDGE('',*,*,#13927,.F.);
#13972 = PLANE('',#13973);
#13973 = AXIS2_PLACEMENT_3D('',#13974,#13975,#13976);
#13974 = CARTESIAN_POINT('',(0.875,0.,-2.));
#13975 = DIRECTION('',(0.,0.,-1.));
#13976 = DIRECTION('',(-1.,0.,0.));
#13977 = ADVANCED_FACE('',(#13978),#13996,.T.);
#13978 = FACE_BOUND('',#13979,.F.);
#13979 = EDGE_LOOP('',(#13980,#13981,#13989,#13995));
#13980 = ORIENTED_EDGE('',*,*,#13904,.F.);
#13981 = ORIENTED_EDGE('',*,*,#13982,.T.);
#13982 = EDGE_CURVE('',#13897,#13983,#13985,.T.);
#13983 = VERTEX_POINT('',#13984);
#13984 = CARTESIAN_POINT('',(0.875,0.2,-1.6));
#13985 = LINE('',#13986,#13987);
#13986 = CARTESIAN_POINT('',(0.875,0.,-1.6));
#13987 = VECTOR('',#13988,1.);
#13988 = DIRECTION('',(0.,1.,0.));
#13989 = ORIENTED_EDGE('',*,*,#13990,.T.);
#13990 = EDGE_CURVE('',#13983,#13959,#13991,.T.);
#13991 = LINE('',#13992,#13993);
#13992 = CARTESIAN_POINT('',(0.875,0.2,-1.6));
#13993 = VECTOR('',#13994,1.);
#13994 = DIRECTION('',(0.,0.,-1.));
#13995 = ORIENTED_EDGE('',*,*,#13958,.F.);
#13996 = PLANE('',#13997);
#13997 = AXIS2_PLACEMENT_3D('',#13998,#13999,#14000);
#13998 = CARTESIAN_POINT('',(0.875,0.,-1.6));
#13999 = DIRECTION('',(1.,0.,0.));
#14000 = DIRECTION('',(0.,0.,-1.));
#14001 = ADVANCED_FACE('',(#14002),#14013,.T.);
#14002 = FACE_BOUND('',#14003,.F.);
#14003 = EDGE_LOOP('',(#14004,#14005,#14006,#14012));
#14004 = ORIENTED_EDGE('',*,*,#13896,.F.);
#14005 = ORIENTED_EDGE('',*,*,#13943,.T.);
#14006 = ORIENTED_EDGE('',*,*,#14007,.T.);
#14007 = EDGE_CURVE('',#13936,#13983,#14008,.T.);
#14008 = LINE('',#14009,#14010);
#14009 = CARTESIAN_POINT('',(0.625,0.2,-1.6));
#14010 = VECTOR('',#14011,1.);
#14011 = DIRECTION('',(1.,0.,0.));
#14012 = ORIENTED_EDGE('',*,*,#13982,.F.);
#14013 = PLANE('',#14014);
#14014 = AXIS2_PLACEMENT_3D('',#14015,#14016,#14017);
#14015 = CARTESIAN_POINT('',(0.625,0.,-1.6));
#14016 = DIRECTION('',(0.,0.,1.));
#14017 = DIRECTION('',(1.,0.,-0.));
#14018 = ADVANCED_FACE('',(#14019),#14025,.T.);
#14019 = FACE_BOUND('',#14020,.F.);
#14020 = EDGE_LOOP('',(#14021,#14022,#14023,#14024));
#14021 = ORIENTED_EDGE('',*,*,#13935,.F.);
#14022 = ORIENTED_EDGE('',*,*,#13966,.F.);
#14023 = ORIENTED_EDGE('',*,*,#13990,.F.);
#14024 = ORIENTED_EDGE('',*,*,#14007,.F.);
#14025 = PLANE('',#14026);
#14026 = AXIS2_PLACEMENT_3D('',#14027,#14028,#14029);
#14027 = CARTESIAN_POINT('',(0.,0.2,0.));
#14028 = DIRECTION('',(0.,1.,0.));
#14029 = DIRECTION('',(1.,0.,0.));
#14030 = ( GEOMETRIC_REPRESENTATION_CONTEXT(3) 
GLOBAL_UNCERTAINTY_ASSIGNED_CONTEXT((#14034)) 
GLOBAL_UNIT_ASSIGNED_CONTEXT((#14031,#14032,#14033)) 
REPRESENTATION_CONTEXT('Context #1',
  '3D Context with UNIT and UNCERTAINTY') );
#14031 = ( LENGTH_UNIT() NAMED_UNIT(*) SI_UNIT(.MILLI.,.METRE.) );
#14032 = ( NAMED_UNIT(*) PLANE_ANGLE_UNIT() SI_UNIT($,.RADIAN.) );
#14033 = ( NAMED_UNIT(*) SI_UNIT($,.STERADIAN.) SOLID_ANGLE_UNIT() );
#14034 = UNCERTAINTY_MEASURE_WITH_UNIT(LENGTH_MEASURE(1.E-07),#14031,
  'distance_accuracy_value','confusion accuracy');
#14035 = CONTEXT_DEPENDENT_SHAPE_REPRESENTATION(#14036,#14038);
#14036 = ( REPRESENTATION_RELATIONSHIP('','',#13879,#12756) 
REPRESENTATION_RELATIONSHIP_WITH_TRANSFORMATION(#14037) 
SHAPE_REPRESENTATION_RELATIONSHIP() );
#14037 = ITEM_DEFINED_TRANSFORMATION('','',#11,#12777);
#14038 = PRODUCT_DEFINITION_SHAPE('Placement','Placement of an item',
  #14039);
#14039 = NEXT_ASSEMBLY_USAGE_OCCURRENCE('18','=>0:1:1:19','',#12751,
  #13874,$);
#14040 = PRODUCT_RELATED_PRODUCT_CATEGORY('part',$,(#13876));
#14041 = SHAPE_DEFINITION_REPRESENTATION(#14042,#14048);
#14042 = PRODUCT_DEFINITION_SHAPE('','',#14043);
#14043 = PRODUCT_DEFINITION('design','',#14044,#14047);
#14044 = PRODUCT_DEFINITION_FORMATION('','',#14045);
#14045 = PRODUCT('SOLID','SOLID','',(#14046));
#14046 = PRODUCT_CONTEXT('',#2,'mechanical');
#14047 = PRODUCT_DEFINITION_CONTEXT('part definition',#2,'design');
#14048 = ADVANCED_BREP_SHAPE_REPRESENTATION('',(#11,#14049),#14199);
#14049 = MANIFOLD_SOLID_BREP('',#14050);
#14050 = CLOSED_SHELL('',(#14051,#14091,#14122,#14146,#14170,#14187));
#14051 = ADVANCED_FACE('',(#14052),#14086,.T.);
#14052 = FACE_BOUND('',#14053,.F.);
#14053 = EDGE_LOOP('',(#14054,#14064,#14072,#14080));
#14054 = ORIENTED_EDGE('',*,*,#14055,.F.);
#14055 = EDGE_CURVE('',#14056,#14058,#14060,.T.);
#14056 = VERTEX_POINT('',#14057);
#14057 = CARTESIAN_POINT('',(-0.875,0.,2.));
#14058 = VERTEX_POINT('',#14059);
#14059 = CARTESIAN_POINT('',(-0.875,0.,1.6));
#14060 = LINE('',#14061,#14062);
#14061 = CARTESIAN_POINT('',(-0.875,0.,2.));
#14062 = VECTOR('',#14063,1.);
#14063 = DIRECTION('',(0.,0.,-1.));
#14064 = ORIENTED_EDGE('',*,*,#14065,.F.);
#14065 = EDGE_CURVE('',#14066,#14056,#14068,.T.);
#14066 = VERTEX_POINT('',#14067);
#14067 = CARTESIAN_POINT('',(-0.625,0.,2.));
#14068 = LINE('',#14069,#14070);
#14069 = CARTESIAN_POINT('',(-0.625,0.,2.));
#14070 = VECTOR('',#14071,1.);
#14071 = DIRECTION('',(-1.,0.,0.));
#14072 = ORIENTED_EDGE('',*,*,#14073,.F.);
#14073 = EDGE_CURVE('',#14074,#14066,#14076,.T.);
#14074 = VERTEX_POINT('',#14075);
#14075 = CARTESIAN_POINT('',(-0.625,0.,1.6));
#14076 = LINE('',#14077,#14078);
#14077 = CARTESIAN_POINT('',(-0.625,0.,1.6));
#14078 = VECTOR('',#14079,1.);
#14079 = DIRECTION('',(0.,0.,1.));
#14080 = ORIENTED_EDGE('',*,*,#14081,.F.);
#14081 = EDGE_CURVE('',#14058,#14074,#14082,.T.);
#14082 = LINE('',#14083,#14084);
#14083 = CARTESIAN_POINT('',(-0.875,0.,1.6));
#14084 = VECTOR('',#14085,1.);
#14085 = DIRECTION('',(1.,0.,0.));
#14086 = PLANE('',#14087);
#14087 = AXIS2_PLACEMENT_3D('',#14088,#14089,#14090);
#14088 = CARTESIAN_POINT('',(0.,0.,0.));
#14089 = DIRECTION('',(0.,-1.,0.));
#14090 = DIRECTION('',(1.,0.,0.));
#14091 = ADVANCED_FACE('',(#14092),#14117,.F.);
#14092 = FACE_BOUND('',#14093,.F.);
#14093 = EDGE_LOOP('',(#14094,#14095,#14103,#14111));
#14094 = ORIENTED_EDGE('',*,*,#14055,.T.);
#14095 = ORIENTED_EDGE('',*,*,#14096,.T.);
#14096 = EDGE_CURVE('',#14058,#14097,#14099,.T.);
#14097 = VERTEX_POINT('',#14098);
#14098 = CARTESIAN_POINT('',(-0.875,0.2,1.6));
#14099 = LINE('',#14100,#14101);
#14100 = CARTESIAN_POINT('',(-0.875,0.,1.6));
#14101 = VECTOR('',#14102,1.);
#14102 = DIRECTION('',(0.,1.,0.));
#14103 = ORIENTED_EDGE('',*,*,#14104,.F.);
#14104 = EDGE_CURVE('',#14105,#14097,#14107,.T.);
#14105 = VERTEX_POINT('',#14106);
#14106 = CARTESIAN_POINT('',(-0.875,0.2,2.));
#14107 = LINE('',#14108,#14109);
#14108 = CARTESIAN_POINT('',(-0.875,0.2,2.));
#14109 = VECTOR('',#14110,1.);
#14110 = DIRECTION('',(0.,0.,-1.));
#14111 = ORIENTED_EDGE('',*,*,#14112,.F.);
#14112 = EDGE_CURVE('',#14056,#14105,#14113,.T.);
#14113 = LINE('',#14114,#14115);
#14114 = CARTESIAN_POINT('',(-0.875,0.,2.));
#14115 = VECTOR('',#14116,1.);
#14116 = DIRECTION('',(0.,1.,0.));
#14117 = PLANE('',#14118);
#14118 = AXIS2_PLACEMENT_3D('',#14119,#14120,#14121);
#14119 = CARTESIAN_POINT('',(-0.875,0.,2.));
#14120 = DIRECTION('',(1.,0.,0.));
#14121 = DIRECTION('',(0.,0.,-1.));
#14122 = ADVANCED_FACE('',(#14123),#14141,.F.);
#14123 = FACE_BOUND('',#14124,.F.);
#14124 = EDGE_LOOP('',(#14125,#14126,#14134,#14140));
#14125 = ORIENTED_EDGE('',*,*,#14081,.T.);
#14126 = ORIENTED_EDGE('',*,*,#14127,.T.);
#14127 = EDGE_CURVE('',#14074,#14128,#14130,.T.);
#14128 = VERTEX_POINT('',#14129);
#14129 = CARTESIAN_POINT('',(-0.625,0.2,1.6));
#14130 = LINE('',#14131,#14132);
#14131 = CARTESIAN_POINT('',(-0.625,0.,1.6));
#14132 = VECTOR('',#14133,1.);
#14133 = DIRECTION('',(0.,1.,0.));
#14134 = ORIENTED_EDGE('',*,*,#14135,.F.);
#14135 = EDGE_CURVE('',#14097,#14128,#14136,.T.);
#14136 = LINE('',#14137,#14138);
#14137 = CARTESIAN_POINT('',(-0.875,0.2,1.6));
#14138 = VECTOR('',#14139,1.);
#14139 = DIRECTION('',(1.,0.,0.));
#14140 = ORIENTED_EDGE('',*,*,#14096,.F.);
#14141 = PLANE('',#14142);
#14142 = AXIS2_PLACEMENT_3D('',#14143,#14144,#14145);
#14143 = CARTESIAN_POINT('',(-0.875,0.,1.6));
#14144 = DIRECTION('',(0.,0.,1.));
#14145 = DIRECTION('',(1.,0.,-0.));
#14146 = ADVANCED_FACE('',(#14147),#14165,.F.);
#14147 = FACE_BOUND('',#14148,.F.);
#14148 = EDGE_LOOP('',(#14149,#14150,#14158,#14164));
#14149 = ORIENTED_EDGE('',*,*,#14073,.T.);
#14150 = ORIENTED_EDGE('',*,*,#14151,.T.);
#14151 = EDGE_CURVE('',#14066,#14152,#14154,.T.);
#14152 = VERTEX_POINT('',#14153);
#14153 = CARTESIAN_POINT('',(-0.625,0.2,2.));
#14154 = LINE('',#14155,#14156);
#14155 = CARTESIAN_POINT('',(-0.625,0.,2.));
#14156 = VECTOR('',#14157,1.);
#14157 = DIRECTION('',(0.,1.,0.));
#14158 = ORIENTED_EDGE('',*,*,#14159,.F.);
#14159 = EDGE_CURVE('',#14128,#14152,#14160,.T.);
#14160 = LINE('',#14161,#14162);
#14161 = CARTESIAN_POINT('',(-0.625,0.2,1.6));
#14162 = VECTOR('',#14163,1.);
#14163 = DIRECTION('',(0.,0.,1.));
#14164 = ORIENTED_EDGE('',*,*,#14127,.F.);
#14165 = PLANE('',#14166);
#14166 = AXIS2_PLACEMENT_3D('',#14167,#14168,#14169);
#14167 = CARTESIAN_POINT('',(-0.625,0.,1.6));
#14168 = DIRECTION('',(-1.,0.,0.));
#14169 = DIRECTION('',(0.,0.,1.));
#14170 = ADVANCED_FACE('',(#14171),#14182,.F.);
#14171 = FACE_BOUND('',#14172,.F.);
#14172 = EDGE_LOOP('',(#14173,#14174,#14175,#14181));
#14173 = ORIENTED_EDGE('',*,*,#14065,.T.);
#14174 = ORIENTED_EDGE('',*,*,#14112,.T.);
#14175 = ORIENTED_EDGE('',*,*,#14176,.F.);
#14176 = EDGE_CURVE('',#14152,#14105,#14177,.T.);
#14177 = LINE('',#14178,#14179);
#14178 = CARTESIAN_POINT('',(-0.625,0.2,2.));
#14179 = VECTOR('',#14180,1.);
#14180 = DIRECTION('',(-1.,0.,0.));
#14181 = ORIENTED_EDGE('',*,*,#14151,.F.);
#14182 = PLANE('',#14183);
#14183 = AXIS2_PLACEMENT_3D('',#14184,#14185,#14186);
#14184 = CARTESIAN_POINT('',(-0.625,0.,2.));
#14185 = DIRECTION('',(0.,0.,-1.));
#14186 = DIRECTION('',(-1.,0.,0.));
#14187 = ADVANCED_FACE('',(#14188),#14194,.F.);
#14188 = FACE_BOUND('',#14189,.F.);
#14189 = EDGE_LOOP('',(#14190,#14191,#14192,#14193));
#14190 = ORIENTED_EDGE('',*,*,#14104,.T.);
#14191 = ORIENTED_EDGE('',*,*,#14135,.T.);
#14192 = ORIENTED_EDGE('',*,*,#14159,.T.);
#14193 = ORIENTED_EDGE('',*,*,#14176,.T.);
#14194 = PLANE('',#14195);
#14195 = AXIS2_PLACEMENT_3D('',#14196,#14197,#14198);
#14196 = CARTESIAN_POINT('',(0.,0.2,0.));
#14197 = DIRECTION('',(0.,-1.,0.));
#14198 = DIRECTION('',(1.,0.,0.));
#14199 = ( GEOMETRIC_REPRESENTATION_CONTEXT(3) 
GLOBAL_UNCERTAINTY_ASSIGNED_CONTEXT((#14203)) 
GLOBAL_UNIT_ASSIGNED_CONTEXT((#14200,#14201,#14202)) 
REPRESENTATION_CONTEXT('Context #1',
  '3D Context with UNIT and UNCERTAINTY') );
#14200 = ( LENGTH_UNIT() NAMED_UNIT(*) SI_UNIT(.MILLI.,.METRE.) );
#14201 = ( NAMED_UNIT(*) PLANE_ANGLE_UNIT() SI_UNIT($,.RADIAN.) );
#14202 = ( NAMED_UNIT(*) SI_UNIT($,.STERADIAN.) SOLID_ANGLE_UNIT() );
#14203 = UNCERTAINTY_MEASURE_WITH_UNIT(LENGTH_MEASURE(1.E-07),#14200,
  'distance_accuracy_value','confusion accuracy');
#14204 = CONTEXT_DEPENDENT_SHAPE_REPRESENTATION(#14205,#14207);
#14205 = ( REPRESENTATION_RELATIONSHIP('','',#14048,#12756) 
REPRESENTATION_RELATIONSHIP_WITH_TRANSFORMATION(#14206) 
SHAPE_REPRESENTATION_RELATIONSHIP() );
#14206 = ITEM_DEFINED_TRANSFORMATION('','',#11,#12781);
#14207 = PRODUCT_DEFINITION_SHAPE('Placement','Placement of an item',
  #14208);
#14208 = NEXT_ASSEMBLY_USAGE_OCCURRENCE('19','=>0:1:1:20','',#12751,
  #14043,$);
#14209 = PRODUCT_RELATED_PRODUCT_CATEGORY('part',$,(#14045));
#14210 = SHAPE_DEFINITION_REPRESENTATION(#14211,#14217);
#14211 = PRODUCT_DEFINITION_SHAPE('','',#14212);
#14212 = PRODUCT_DEFINITION('design','',#14213,#14216);
#14213 = PRODUCT_DEFINITION_FORMATION('','',#14214);
#14214 = PRODUCT('SOLID','SOLID','',(#14215));
#14215 = PRODUCT_CONTEXT('',#2,'mechanical');
#14216 = PRODUCT_DEFINITION_CONTEXT('part definition',#2,'design');
#14217 = ADVANCED_BREP_SHAPE_REPRESENTATION('',(#11,#14218),#14368);
#14218 = MANIFOLD_SOLID_BREP('',#14219);
#14219 = CLOSED_SHELL('',(#14220,#14260,#14291,#14315,#14339,#14356));
#14220 = ADVANCED_FACE('',(#14221),#14255,.T.);
#14221 = FACE_BOUND('',#14222,.F.);
#14222 = EDGE_LOOP('',(#14223,#14233,#14241,#14249));
#14223 = ORIENTED_EDGE('',*,*,#14224,.F.);
#14224 = EDGE_CURVE('',#14225,#14227,#14229,.T.);
#14225 = VERTEX_POINT('',#14226);
#14226 = CARTESIAN_POINT('',(-0.375,0.,2.));
#14227 = VERTEX_POINT('',#14228);
#14228 = CARTESIAN_POINT('',(-0.375,0.,1.6));
#14229 = LINE('',#14230,#14231);
#14230 = CARTESIAN_POINT('',(-0.375,0.,2.));
#14231 = VECTOR('',#14232,1.);
#14232 = DIRECTION('',(0.,0.,-1.));
#14233 = ORIENTED_EDGE('',*,*,#14234,.F.);
#14234 = EDGE_CURVE('',#14235,#14225,#14237,.T.);
#14235 = VERTEX_POINT('',#14236);
#14236 = CARTESIAN_POINT('',(-0.125,0.,2.));
#14237 = LINE('',#14238,#14239);
#14238 = CARTESIAN_POINT('',(-0.125,0.,2.));
#14239 = VECTOR('',#14240,1.);
#14240 = DIRECTION('',(-1.,0.,0.));
#14241 = ORIENTED_EDGE('',*,*,#14242,.F.);
#14242 = EDGE_CURVE('',#14243,#14235,#14245,.T.);
#14243 = VERTEX_POINT('',#14244);
#14244 = CARTESIAN_POINT('',(-0.125,0.,1.6));
#14245 = LINE('',#14246,#14247);
#14246 = CARTESIAN_POINT('',(-0.125,0.,1.6));
#14247 = VECTOR('',#14248,1.);
#14248 = DIRECTION('',(0.,0.,1.));
#14249 = ORIENTED_EDGE('',*,*,#14250,.F.);
#14250 = EDGE_CURVE('',#14227,#14243,#14251,.T.);
#14251 = LINE('',#14252,#14253);
#14252 = CARTESIAN_POINT('',(-0.375,0.,1.6));
#14253 = VECTOR('',#14254,1.);
#14254 = DIRECTION('',(1.,0.,0.));
#14255 = PLANE('',#14256);
#14256 = AXIS2_PLACEMENT_3D('',#14257,#14258,#14259);
#14257 = CARTESIAN_POINT('',(0.,0.,0.));
#14258 = DIRECTION('',(0.,-1.,0.));
#14259 = DIRECTION('',(1.,0.,0.));
#14260 = ADVANCED_FACE('',(#14261),#14286,.F.);
#14261 = FACE_BOUND('',#14262,.F.);
#14262 = EDGE_LOOP('',(#14263,#14264,#14272,#14280));
#14263 = ORIENTED_EDGE('',*,*,#14224,.T.);
#14264 = ORIENTED_EDGE('',*,*,#14265,.T.);
#14265 = EDGE_CURVE('',#14227,#14266,#14268,.T.);
#14266 = VERTEX_POINT('',#14267);
#14267 = CARTESIAN_POINT('',(-0.375,0.2,1.6));
#14268 = LINE('',#14269,#14270);
#14269 = CARTESIAN_POINT('',(-0.375,0.,1.6));
#14270 = VECTOR('',#14271,1.);
#14271 = DIRECTION('',(0.,1.,0.));
#14272 = ORIENTED_EDGE('',*,*,#14273,.F.);
#14273 = EDGE_CURVE('',#14274,#14266,#14276,.T.);
#14274 = VERTEX_POINT('',#14275);
#14275 = CARTESIAN_POINT('',(-0.375,0.2,2.));
#14276 = LINE('',#14277,#14278);
#14277 = CARTESIAN_POINT('',(-0.375,0.2,2.));
#14278 = VECTOR('',#14279,1.);
#14279 = DIRECTION('',(0.,0.,-1.));
#14280 = ORIENTED_EDGE('',*,*,#14281,.F.);
#14281 = EDGE_CURVE('',#14225,#14274,#14282,.T.);
#14282 = LINE('',#14283,#14284);
#14283 = CARTESIAN_POINT('',(-0.375,0.,2.));
#14284 = VECTOR('',#14285,1.);
#14285 = DIRECTION('',(0.,1.,0.));
#14286 = PLANE('',#14287);
#14287 = AXIS2_PLACEMENT_3D('',#14288,#14289,#14290);
#14288 = CARTESIAN_POINT('',(-0.375,0.,2.));
#14289 = DIRECTION('',(1.,0.,0.));
#14290 = DIRECTION('',(0.,0.,-1.));
#14291 = ADVANCED_FACE('',(#14292),#14310,.F.);
#14292 = FACE_BOUND('',#14293,.F.);
#14293 = EDGE_LOOP('',(#14294,#14295,#14303,#14309));
#14294 = ORIENTED_EDGE('',*,*,#14250,.T.);
#14295 = ORIENTED_EDGE('',*,*,#14296,.T.);
#14296 = EDGE_CURVE('',#14243,#14297,#14299,.T.);
#14297 = VERTEX_POINT('',#14298);
#14298 = CARTESIAN_POINT('',(-0.125,0.2,1.6));
#14299 = LINE('',#14300,#14301);
#14300 = CARTESIAN_POINT('',(-0.125,0.,1.6));
#14301 = VECTOR('',#14302,1.);
#14302 = DIRECTION('',(0.,1.,0.));
#14303 = ORIENTED_EDGE('',*,*,#14304,.F.);
#14304 = EDGE_CURVE('',#14266,#14297,#14305,.T.);
#14305 = LINE('',#14306,#14307);
#14306 = CARTESIAN_POINT('',(-0.375,0.2,1.6));
#14307 = VECTOR('',#14308,1.);
#14308 = DIRECTION('',(1.,0.,0.));
#14309 = ORIENTED_EDGE('',*,*,#14265,.F.);
#14310 = PLANE('',#14311);
#14311 = AXIS2_PLACEMENT_3D('',#14312,#14313,#14314);
#14312 = CARTESIAN_POINT('',(-0.375,0.,1.6));
#14313 = DIRECTION('',(0.,0.,1.));
#14314 = DIRECTION('',(1.,0.,-0.));
#14315 = ADVANCED_FACE('',(#14316),#14334,.F.);
#14316 = FACE_BOUND('',#14317,.F.);
#14317 = EDGE_LOOP('',(#14318,#14319,#14327,#14333));
#14318 = ORIENTED_EDGE('',*,*,#14242,.T.);
#14319 = ORIENTED_EDGE('',*,*,#14320,.T.);
#14320 = EDGE_CURVE('',#14235,#14321,#14323,.T.);
#14321 = VERTEX_POINT('',#14322);
#14322 = CARTESIAN_POINT('',(-0.125,0.2,2.));
#14323 = LINE('',#14324,#14325);
#14324 = CARTESIAN_POINT('',(-0.125,0.,2.));
#14325 = VECTOR('',#14326,1.);
#14326 = DIRECTION('',(0.,1.,0.));
#14327 = ORIENTED_EDGE('',*,*,#14328,.F.);
#14328 = EDGE_CURVE('',#14297,#14321,#14329,.T.);
#14329 = LINE('',#14330,#14331);
#14330 = CARTESIAN_POINT('',(-0.125,0.2,1.6));
#14331 = VECTOR('',#14332,1.);
#14332 = DIRECTION('',(0.,0.,1.));
#14333 = ORIENTED_EDGE('',*,*,#14296,.F.);
#14334 = PLANE('',#14335);
#14335 = AXIS2_PLACEMENT_3D('',#14336,#14337,#14338);
#14336 = CARTESIAN_POINT('',(-0.125,0.,1.6));
#14337 = DIRECTION('',(-1.,0.,0.));
#14338 = DIRECTION('',(0.,0.,1.));
#14339 = ADVANCED_FACE('',(#14340),#14351,.F.);
#14340 = FACE_BOUND('',#14341,.F.);
#14341 = EDGE_LOOP('',(#14342,#14343,#14344,#14350));
#14342 = ORIENTED_EDGE('',*,*,#14234,.T.);
#14343 = ORIENTED_EDGE('',*,*,#14281,.T.);
#14344 = ORIENTED_EDGE('',*,*,#14345,.F.);
#14345 = EDGE_CURVE('',#14321,#14274,#14346,.T.);
#14346 = LINE('',#14347,#14348);
#14347 = CARTESIAN_POINT('',(-0.125,0.2,2.));
#14348 = VECTOR('',#14349,1.);
#14349 = DIRECTION('',(-1.,0.,0.));
#14350 = ORIENTED_EDGE('',*,*,#14320,.F.);
#14351 = PLANE('',#14352);
#14352 = AXIS2_PLACEMENT_3D('',#14353,#14354,#14355);
#14353 = CARTESIAN_POINT('',(-0.125,0.,2.));
#14354 = DIRECTION('',(0.,0.,-1.));
#14355 = DIRECTION('',(-1.,0.,0.));
#14356 = ADVANCED_FACE('',(#14357),#14363,.F.);
#14357 = FACE_BOUND('',#14358,.F.);
#14358 = EDGE_LOOP('',(#14359,#14360,#14361,#14362));
#14359 = ORIENTED_EDGE('',*,*,#14273,.T.);
#14360 = ORIENTED_EDGE('',*,*,#14304,.T.);
#14361 = ORIENTED_EDGE('',*,*,#14328,.T.);
#14362 = ORIENTED_EDGE('',*,*,#14345,.T.);
#14363 = PLANE('',#14364);
#14364 = AXIS2_PLACEMENT_3D('',#14365,#14366,#14367);
#14365 = CARTESIAN_POINT('',(0.,0.2,0.));
#14366 = DIRECTION('',(0.,-1.,0.));
#14367 = DIRECTION('',(1.,0.,0.));
#14368 = ( GEOMETRIC_REPRESENTATION_CONTEXT(3) 
GLOBAL_UNCERTAINTY_ASSIGNED_CONTEXT((#14372)) 
GLOBAL_UNIT_ASSIGNED_CONTEXT((#14369,#14370,#14371)) 
REPRESENTATION_CONTEXT('Context #1',
  '3D Context with UNIT and UNCERTAINTY') );
#14369 = ( LENGTH_UNIT() NAMED_UNIT(*) SI_UNIT(.MILLI.,.METRE.) );
#14370 = ( NAMED_UNIT(*) PLANE_ANGLE_UNIT() SI_UNIT($,.RADIAN.) );
#14371 = ( NAMED_UNIT(*) SI_UNIT($,.STERADIAN.) SOLID_ANGLE_UNIT() );
#14372 = UNCERTAINTY_MEASURE_WITH_UNIT(LENGTH_MEASURE(1.E-07),#14369,
  'distance_accuracy_value','confusion accuracy');
#14373 = CONTEXT_DEPENDENT_SHAPE_REPRESENTATION(#14374,#14376);
#14374 = ( REPRESENTATION_RELATIONSHIP('','',#14217,#12756) 
REPRESENTATION_RELATIONSHIP_WITH_TRANSFORMATION(#14375) 
SHAPE_REPRESENTATION_RELATIONSHIP() );
#14375 = ITEM_DEFINED_TRANSFORMATION('','',#11,#12785);
#14376 = PRODUCT_DEFINITION_SHAPE('Placement','Placement of an item',
  #14377);
#14377 = NEXT_ASSEMBLY_USAGE_OCCURRENCE('20','=>0:1:1:21','',#12751,
  #14212,$);
#14378 = PRODUCT_RELATED_PRODUCT_CATEGORY('part',$,(#14214));
#14379 = SHAPE_DEFINITION_REPRESENTATION(#14380,#14386);
#14380 = PRODUCT_DEFINITION_SHAPE('','',#14381);
#14381 = PRODUCT_DEFINITION('design','',#14382,#14385);
#14382 = PRODUCT_DEFINITION_FORMATION('','',#14383);
#14383 = PRODUCT('SOLID','SOLID','',(#14384));
#14384 = PRODUCT_CONTEXT('',#2,'mechanical');
#14385 = PRODUCT_DEFINITION_CONTEXT('part definition',#2,'design');
#14386 = ADVANCED_BREP_SHAPE_REPRESENTATION('',(#11,#14387),#14537);
#14387 = MANIFOLD_SOLID_BREP('',#14388);
#14388 = CLOSED_SHELL('',(#14389,#14429,#14460,#14484,#14508,#14525));
#14389 = ADVANCED_FACE('',(#14390),#14424,.T.);
#14390 = FACE_BOUND('',#14391,.F.);
#14391 = EDGE_LOOP('',(#14392,#14402,#14410,#14418));
#14392 = ORIENTED_EDGE('',*,*,#14393,.F.);
#14393 = EDGE_CURVE('',#14394,#14396,#14398,.T.);
#14394 = VERTEX_POINT('',#14395);
#14395 = CARTESIAN_POINT('',(0.125,0.,2.));
#14396 = VERTEX_POINT('',#14397);
#14397 = CARTESIAN_POINT('',(0.125,0.,1.6));
#14398 = LINE('',#14399,#14400);
#14399 = CARTESIAN_POINT('',(0.125,0.,2.));
#14400 = VECTOR('',#14401,1.);
#14401 = DIRECTION('',(0.,0.,-1.));
#14402 = ORIENTED_EDGE('',*,*,#14403,.F.);
#14403 = EDGE_CURVE('',#14404,#14394,#14406,.T.);
#14404 = VERTEX_POINT('',#14405);
#14405 = CARTESIAN_POINT('',(0.375,0.,2.));
#14406 = LINE('',#14407,#14408);
#14407 = CARTESIAN_POINT('',(0.375,0.,2.));
#14408 = VECTOR('',#14409,1.);
#14409 = DIRECTION('',(-1.,0.,0.));
#14410 = ORIENTED_EDGE('',*,*,#14411,.F.);
#14411 = EDGE_CURVE('',#14412,#14404,#14414,.T.);
#14412 = VERTEX_POINT('',#14413);
#14413 = CARTESIAN_POINT('',(0.375,0.,1.6));
#14414 = LINE('',#14415,#14416);
#14415 = CARTESIAN_POINT('',(0.375,0.,1.6));
#14416 = VECTOR('',#14417,1.);
#14417 = DIRECTION('',(0.,0.,1.));
#14418 = ORIENTED_EDGE('',*,*,#14419,.F.);
#14419 = EDGE_CURVE('',#14396,#14412,#14420,.T.);
#14420 = LINE('',#14421,#14422);
#14421 = CARTESIAN_POINT('',(0.125,0.,1.6));
#14422 = VECTOR('',#14423,1.);
#14423 = DIRECTION('',(1.,0.,0.));
#14424 = PLANE('',#14425);
#14425 = AXIS2_PLACEMENT_3D('',#14426,#14427,#14428);
#14426 = CARTESIAN_POINT('',(0.,0.,0.));
#14427 = DIRECTION('',(0.,-1.,0.));
#14428 = DIRECTION('',(1.,0.,0.));
#14429 = ADVANCED_FACE('',(#14430),#14455,.F.);
#14430 = FACE_BOUND('',#14431,.F.);
#14431 = EDGE_LOOP('',(#14432,#14433,#14441,#14449));
#14432 = ORIENTED_EDGE('',*,*,#14393,.T.);
#14433 = ORIENTED_EDGE('',*,*,#14434,.T.);
#14434 = EDGE_CURVE('',#14396,#14435,#14437,.T.);
#14435 = VERTEX_POINT('',#14436);
#14436 = CARTESIAN_POINT('',(0.125,0.2,1.6));
#14437 = LINE('',#14438,#14439);
#14438 = CARTESIAN_POINT('',(0.125,0.,1.6));
#14439 = VECTOR('',#14440,1.);
#14440 = DIRECTION('',(0.,1.,0.));
#14441 = ORIENTED_EDGE('',*,*,#14442,.F.);
#14442 = EDGE_CURVE('',#14443,#14435,#14445,.T.);
#14443 = VERTEX_POINT('',#14444);
#14444 = CARTESIAN_POINT('',(0.125,0.2,2.));
#14445 = LINE('',#14446,#14447);
#14446 = CARTESIAN_POINT('',(0.125,0.2,2.));
#14447 = VECTOR('',#14448,1.);
#14448 = DIRECTION('',(0.,0.,-1.));
#14449 = ORIENTED_EDGE('',*,*,#14450,.F.);
#14450 = EDGE_CURVE('',#14394,#14443,#14451,.T.);
#14451 = LINE('',#14452,#14453);
#14452 = CARTESIAN_POINT('',(0.125,0.,2.));
#14453 = VECTOR('',#14454,1.);
#14454 = DIRECTION('',(0.,1.,0.));
#14455 = PLANE('',#14456);
#14456 = AXIS2_PLACEMENT_3D('',#14457,#14458,#14459);
#14457 = CARTESIAN_POINT('',(0.125,0.,2.));
#14458 = DIRECTION('',(1.,0.,0.));
#14459 = DIRECTION('',(0.,0.,-1.));
#14460 = ADVANCED_FACE('',(#14461),#14479,.F.);
#14461 = FACE_BOUND('',#14462,.F.);
#14462 = EDGE_LOOP('',(#14463,#14464,#14472,#14478));
#14463 = ORIENTED_EDGE('',*,*,#14419,.T.);
#14464 = ORIENTED_EDGE('',*,*,#14465,.T.);
#14465 = EDGE_CURVE('',#14412,#14466,#14468,.T.);
#14466 = VERTEX_POINT('',#14467);
#14467 = CARTESIAN_POINT('',(0.375,0.2,1.6));
#14468 = LINE('',#14469,#14470);
#14469 = CARTESIAN_POINT('',(0.375,0.,1.6));
#14470 = VECTOR('',#14471,1.);
#14471 = DIRECTION('',(0.,1.,0.));
#14472 = ORIENTED_EDGE('',*,*,#14473,.F.);
#14473 = EDGE_CURVE('',#14435,#14466,#14474,.T.);
#14474 = LINE('',#14475,#14476);
#14475 = CARTESIAN_POINT('',(0.125,0.2,1.6));
#14476 = VECTOR('',#14477,1.);
#14477 = DIRECTION('',(1.,0.,0.));
#14478 = ORIENTED_EDGE('',*,*,#14434,.F.);
#14479 = PLANE('',#14480);
#14480 = AXIS2_PLACEMENT_3D('',#14481,#14482,#14483);
#14481 = CARTESIAN_POINT('',(0.125,0.,1.6));
#14482 = DIRECTION('',(0.,0.,1.));
#14483 = DIRECTION('',(1.,0.,-0.));
#14484 = ADVANCED_FACE('',(#14485),#14503,.F.);
#14485 = FACE_BOUND('',#14486,.F.);
#14486 = EDGE_LOOP('',(#14487,#14488,#14496,#14502));
#14487 = ORIENTED_EDGE('',*,*,#14411,.T.);
#14488 = ORIENTED_EDGE('',*,*,#14489,.T.);
#14489 = EDGE_CURVE('',#14404,#14490,#14492,.T.);
#14490 = VERTEX_POINT('',#14491);
#14491 = CARTESIAN_POINT('',(0.375,0.2,2.));
#14492 = LINE('',#14493,#14494);
#14493 = CARTESIAN_POINT('',(0.375,0.,2.));
#14494 = VECTOR('',#14495,1.);
#14495 = DIRECTION('',(0.,1.,0.));
#14496 = ORIENTED_EDGE('',*,*,#14497,.F.);
#14497 = EDGE_CURVE('',#14466,#14490,#14498,.T.);
#14498 = LINE('',#14499,#14500);
#14499 = CARTESIAN_POINT('',(0.375,0.2,1.6));
#14500 = VECTOR('',#14501,1.);
#14501 = DIRECTION('',(0.,0.,1.));
#14502 = ORIENTED_EDGE('',*,*,#14465,.F.);
#14503 = PLANE('',#14504);
#14504 = AXIS2_PLACEMENT_3D('',#14505,#14506,#14507);
#14505 = CARTESIAN_POINT('',(0.375,0.,1.6));
#14506 = DIRECTION('',(-1.,0.,0.));
#14507 = DIRECTION('',(0.,0.,1.));
#14508 = ADVANCED_FACE('',(#14509),#14520,.F.);
#14509 = FACE_BOUND('',#14510,.F.);
#14510 = EDGE_LOOP('',(#14511,#14512,#14513,#14519));
#14511 = ORIENTED_EDGE('',*,*,#14403,.T.);
#14512 = ORIENTED_EDGE('',*,*,#14450,.T.);
#14513 = ORIENTED_EDGE('',*,*,#14514,.F.);
#14514 = EDGE_CURVE('',#14490,#14443,#14515,.T.);
#14515 = LINE('',#14516,#14517);
#14516 = CARTESIAN_POINT('',(0.375,0.2,2.));
#14517 = VECTOR('',#14518,1.);
#14518 = DIRECTION('',(-1.,0.,0.));
#14519 = ORIENTED_EDGE('',*,*,#14489,.F.);
#14520 = PLANE('',#14521);
#14521 = AXIS2_PLACEMENT_3D('',#14522,#14523,#14524);
#14522 = CARTESIAN_POINT('',(0.375,0.,2.));
#14523 = DIRECTION('',(0.,0.,-1.));
#14524 = DIRECTION('',(-1.,0.,0.));
#14525 = ADVANCED_FACE('',(#14526),#14532,.F.);
#14526 = FACE_BOUND('',#14527,.F.);
#14527 = EDGE_LOOP('',(#14528,#14529,#14530,#14531));
#14528 = ORIENTED_EDGE('',*,*,#14442,.T.);
#14529 = ORIENTED_EDGE('',*,*,#14473,.T.);
#14530 = ORIENTED_EDGE('',*,*,#14497,.T.);
#14531 = ORIENTED_EDGE('',*,*,#14514,.T.);
#14532 = PLANE('',#14533);
#14533 = AXIS2_PLACEMENT_3D('',#14534,#14535,#14536);
#14534 = CARTESIAN_POINT('',(0.,0.2,0.));
#14535 = DIRECTION('',(0.,-1.,0.));
#14536 = DIRECTION('',(1.,0.,0.));
#14537 = ( GEOMETRIC_REPRESENTATION_CONTEXT(3) 
GLOBAL_UNCERTAINTY_ASSIGNED_CONTEXT((#14541)) 
GLOBAL_UNIT_ASSIGNED_CONTEXT((#14538,#14539,#14540)) 
REPRESENTATION_CONTEXT('Context #1',
  '3D Context with UNIT and UNCERTAINTY') );
#14538 = ( LENGTH_UNIT() NAMED_UNIT(*) SI_UNIT(.MILLI.,.METRE.) );
#14539 = ( NAMED_UNIT(*) PLANE_ANGLE_UNIT() SI_UNIT($,.RADIAN.) );
#14540 = ( NAMED_UNIT(*) SI_UNIT($,.STERADIAN.) SOLID_ANGLE_UNIT() );
#14541 = UNCERTAINTY_MEASURE_WITH_UNIT(LENGTH_MEASURE(1.E-07),#14538,
  'distance_accuracy_value','confusion accuracy');
#14542 = CONTEXT_DEPENDENT_SHAPE_REPRESENTATION(#14543,#14545);
#14543 = ( REPRESENTATION_RELATIONSHIP('','',#14386,#12756) 
REPRESENTATION_RELATIONSHIP_WITH_TRANSFORMATION(#14544) 
SHAPE_REPRESENTATION_RELATIONSHIP() );
#14544 = ITEM_DEFINED_TRANSFORMATION('','',#11,#12789);
#14545 = PRODUCT_DEFINITION_SHAPE('Placement','Placement of an item',
  #14546);
#14546 = NEXT_ASSEMBLY_USAGE_OCCURRENCE('21','=>0:1:1:22','',#12751,
  #14381,$);
#14547 = PRODUCT_RELATED_PRODUCT_CATEGORY('part',$,(#14383));
#14548 = SHAPE_DEFINITION_REPRESENTATION(#14549,#14555);
#14549 = PRODUCT_DEFINITION_SHAPE('','',#14550);
#14550 = PRODUCT_DEFINITION('design','',#14551,#14554);
#14551 = PRODUCT_DEFINITION_FORMATION('','',#14552);
#14552 = PRODUCT('SOLID','SOLID','',(#14553));
#14553 = PRODUCT_CONTEXT('',#2,'mechanical');
#14554 = PRODUCT_DEFINITION_CONTEXT('part definition',#2,'design');
#14555 = ADVANCED_BREP_SHAPE_REPRESENTATION('',(#11,#14556),#14706);
#14556 = MANIFOLD_SOLID_BREP('',#14557);
#14557 = CLOSED_SHELL('',(#14558,#14598,#14629,#14653,#14677,#14694));
#14558 = ADVANCED_FACE('',(#14559),#14593,.T.);
#14559 = FACE_BOUND('',#14560,.F.);
#14560 = EDGE_LOOP('',(#14561,#14571,#14579,#14587));
#14561 = ORIENTED_EDGE('',*,*,#14562,.F.);
#14562 = EDGE_CURVE('',#14563,#14565,#14567,.T.);
#14563 = VERTEX_POINT('',#14564);
#14564 = CARTESIAN_POINT('',(0.625,0.,2.));
#14565 = VERTEX_POINT('',#14566);
#14566 = CARTESIAN_POINT('',(0.625,0.,1.6));
#14567 = LINE('',#14568,#14569);
#14568 = CARTESIAN_POINT('',(0.625,0.,2.));
#14569 = VECTOR('',#14570,1.);
#14570 = DIRECTION('',(0.,0.,-1.));
#14571 = ORIENTED_EDGE('',*,*,#14572,.F.);
#14572 = EDGE_CURVE('',#14573,#14563,#14575,.T.);
#14573 = VERTEX_POINT('',#14574);
#14574 = CARTESIAN_POINT('',(0.875,0.,2.));
#14575 = LINE('',#14576,#14577);
#14576 = CARTESIAN_POINT('',(0.875,0.,2.));
#14577 = VECTOR('',#14578,1.);
#14578 = DIRECTION('',(-1.,0.,0.));
#14579 = ORIENTED_EDGE('',*,*,#14580,.F.);
#14580 = EDGE_CURVE('',#14581,#14573,#14583,.T.);
#14581 = VERTEX_POINT('',#14582);
#14582 = CARTESIAN_POINT('',(0.875,0.,1.6));
#14583 = LINE('',#14584,#14585);
#14584 = CARTESIAN_POINT('',(0.875,0.,1.6));
#14585 = VECTOR('',#14586,1.);
#14586 = DIRECTION('',(0.,0.,1.));
#14587 = ORIENTED_EDGE('',*,*,#14588,.F.);
#14588 = EDGE_CURVE('',#14565,#14581,#14589,.T.);
#14589 = LINE('',#14590,#14591);
#14590 = CARTESIAN_POINT('',(0.625,0.,1.6));
#14591 = VECTOR('',#14592,1.);
#14592 = DIRECTION('',(1.,0.,0.));
#14593 = PLANE('',#14594);
#14594 = AXIS2_PLACEMENT_3D('',#14595,#14596,#14597);
#14595 = CARTESIAN_POINT('',(0.,0.,0.));
#14596 = DIRECTION('',(0.,-1.,0.));
#14597 = DIRECTION('',(1.,0.,0.));
#14598 = ADVANCED_FACE('',(#14599),#14624,.F.);
#14599 = FACE_BOUND('',#14600,.F.);
#14600 = EDGE_LOOP('',(#14601,#14602,#14610,#14618));
#14601 = ORIENTED_EDGE('',*,*,#14562,.T.);
#14602 = ORIENTED_EDGE('',*,*,#14603,.T.);
#14603 = EDGE_CURVE('',#14565,#14604,#14606,.T.);
#14604 = VERTEX_POINT('',#14605);
#14605 = CARTESIAN_POINT('',(0.625,0.2,1.6));
#14606 = LINE('',#14607,#14608);
#14607 = CARTESIAN_POINT('',(0.625,0.,1.6));
#14608 = VECTOR('',#14609,1.);
#14609 = DIRECTION('',(0.,1.,0.));
#14610 = ORIENTED_EDGE('',*,*,#14611,.F.);
#14611 = EDGE_CURVE('',#14612,#14604,#14614,.T.);
#14612 = VERTEX_POINT('',#14613);
#14613 = CARTESIAN_POINT('',(0.625,0.2,2.));
#14614 = LINE('',#14615,#14616);
#14615 = CARTESIAN_POINT('',(0.625,0.2,2.));
#14616 = VECTOR('',#14617,1.);
#14617 = DIRECTION('',(0.,0.,-1.));
#14618 = ORIENTED_EDGE('',*,*,#14619,.F.);
#14619 = EDGE_CURVE('',#14563,#14612,#14620,.T.);
#14620 = LINE('',#14621,#14622);
#14621 = CARTESIAN_POINT('',(0.625,0.,2.));
#14622 = VECTOR('',#14623,1.);
#14623 = DIRECTION('',(0.,1.,0.));
#14624 = PLANE('',#14625);
#14625 = AXIS2_PLACEMENT_3D('',#14626,#14627,#14628);
#14626 = CARTESIAN_POINT('',(0.625,0.,2.));
#14627 = DIRECTION('',(1.,0.,0.));
#14628 = DIRECTION('',(0.,0.,-1.));
#14629 = ADVANCED_FACE('',(#14630),#14648,.F.);
#14630 = FACE_BOUND('',#14631,.F.);
#14631 = EDGE_LOOP('',(#14632,#14633,#14641,#14647));
#14632 = ORIENTED_EDGE('',*,*,#14588,.T.);
#14633 = ORIENTED_EDGE('',*,*,#14634,.T.);
#14634 = EDGE_CURVE('',#14581,#14635,#14637,.T.);
#14635 = VERTEX_POINT('',#14636);
#14636 = CARTESIAN_POINT('',(0.875,0.2,1.6));
#14637 = LINE('',#14638,#14639);
#14638 = CARTESIAN_POINT('',(0.875,0.,1.6));
#14639 = VECTOR('',#14640,1.);
#14640 = DIRECTION('',(0.,1.,0.));
#14641 = ORIENTED_EDGE('',*,*,#14642,.F.);
#14642 = EDGE_CURVE('',#14604,#14635,#14643,.T.);
#14643 = LINE('',#14644,#14645);
#14644 = CARTESIAN_POINT('',(0.625,0.2,1.6));
#14645 = VECTOR('',#14646,1.);
#14646 = DIRECTION('',(1.,0.,0.));
#14647 = ORIENTED_EDGE('',*,*,#14603,.F.);
#14648 = PLANE('',#14649);
#14649 = AXIS2_PLACEMENT_3D('',#14650,#14651,#14652);
#14650 = CARTESIAN_POINT('',(0.625,0.,1.6));
#14651 = DIRECTION('',(0.,0.,1.));
#14652 = DIRECTION('',(1.,0.,-0.));
#14653 = ADVANCED_FACE('',(#14654),#14672,.F.);
#14654 = FACE_BOUND('',#14655,.F.);
#14655 = EDGE_LOOP('',(#14656,#14657,#14665,#14671));
#14656 = ORIENTED_EDGE('',*,*,#14580,.T.);
#14657 = ORIENTED_EDGE('',*,*,#14658,.T.);
#14658 = EDGE_CURVE('',#14573,#14659,#14661,.T.);
#14659 = VERTEX_POINT('',#14660);
#14660 = CARTESIAN_POINT('',(0.875,0.2,2.));
#14661 = LINE('',#14662,#14663);
#14662 = CARTESIAN_POINT('',(0.875,0.,2.));
#14663 = VECTOR('',#14664,1.);
#14664 = DIRECTION('',(0.,1.,0.));
#14665 = ORIENTED_EDGE('',*,*,#14666,.F.);
#14666 = EDGE_CURVE('',#14635,#14659,#14667,.T.);
#14667 = LINE('',#14668,#14669);
#14668 = CARTESIAN_POINT('',(0.875,0.2,1.6));
#14669 = VECTOR('',#14670,1.);
#14670 = DIRECTION('',(0.,0.,1.));
#14671 = ORIENTED_EDGE('',*,*,#14634,.F.);
#14672 = PLANE('',#14673);
#14673 = AXIS2_PLACEMENT_3D('',#14674,#14675,#14676);
#14674 = CARTESIAN_POINT('',(0.875,0.,1.6));
#14675 = DIRECTION('',(-1.,0.,0.));
#14676 = DIRECTION('',(0.,0.,1.));
#14677 = ADVANCED_FACE('',(#14678),#14689,.F.);
#14678 = FACE_BOUND('',#14679,.F.);
#14679 = EDGE_LOOP('',(#14680,#14681,#14682,#14688));
#14680 = ORIENTED_EDGE('',*,*,#14572,.T.);
#14681 = ORIENTED_EDGE('',*,*,#14619,.T.);
#14682 = ORIENTED_EDGE('',*,*,#14683,.F.);
#14683 = EDGE_CURVE('',#14659,#14612,#14684,.T.);
#14684 = LINE('',#14685,#14686);
#14685 = CARTESIAN_POINT('',(0.875,0.2,2.));
#14686 = VECTOR('',#14687,1.);
#14687 = DIRECTION('',(-1.,0.,0.));
#14688 = ORIENTED_EDGE('',*,*,#14658,.F.);
#14689 = PLANE('',#14690);
#14690 = AXIS2_PLACEMENT_3D('',#14691,#14692,#14693);
#14691 = CARTESIAN_POINT('',(0.875,0.,2.));
#14692 = DIRECTION('',(0.,0.,-1.));
#14693 = DIRECTION('',(-1.,0.,0.));
#14694 = ADVANCED_FACE('',(#14695),#14701,.F.);
#14695 = FACE_BOUND('',#14696,.F.);
#14696 = EDGE_LOOP('',(#14697,#14698,#14699,#14700));
#14697 = ORIENTED_EDGE('',*,*,#14611,.T.);
#14698 = ORIENTED_EDGE('',*,*,#14642,.T.);
#14699 = ORIENTED_EDGE('',*,*,#14666,.T.);
#14700 = ORIENTED_EDGE('',*,*,#14683,.T.);
#14701 = PLANE('',#14702);
#14702 = AXIS2_PLACEMENT_3D('',#14703,#14704,#14705);
#14703 = CARTESIAN_POINT('',(0.,0.2,0.));
#14704 = DIRECTION('',(0.,-1.,0.));
#14705 = DIRECTION('',(1.,0.,0.));
#14706 = ( GEOMETRIC_REPRESENTATION_CONTEXT(3) 
GLOBAL_UNCERTAINTY_ASSIGNED_CONTEXT((#14710)) 
GLOBAL_UNIT_ASSIGNED_CONTEXT((#14707,#14708,#14709)) 
REPRESENTATION_CONTEXT('Context #1',
  '3D Context with UNIT and UNCERTAINTY') );
#14707 = ( LENGTH_UNIT() NAMED_UNIT(*) SI_UNIT(.MILLI.,.METRE.) );
#14708 = ( NAMED_UNIT(*) PLANE_ANGLE_UNIT() SI_UNIT($,.RADIAN.) );
#14709 = ( NAMED_UNIT(*) SI_UNIT($,.STERADIAN.) SOLID_ANGLE_UNIT() );
#14710 = UNCERTAINTY_MEASURE_WITH_UNIT(LENGTH_MEASURE(1.E-07),#14707,
  'distance_accuracy_value','confusion accuracy');
#14711 = CONTEXT_DEPENDENT_SHAPE_REPRESENTATION(#14712,#14714);
#14712 = ( REPRESENTATION_RELATIONSHIP('','',#14555,#12756) 
REPRESENTATION_RELATIONSHIP_WITH_TRANSFORMATION(#14713) 
SHAPE_REPRESENTATION_RELATIONSHIP() );
#14713 = ITEM_DEFINED_TRANSFORMATION('','',#11,#12793);
#14714 = PRODUCT_DEFINITION_SHAPE('Placement','Placement of an item',
  #14715);
#14715 = NEXT_ASSEMBLY_USAGE_OCCURRENCE('22','=>0:1:1:23','',#12751,
  #14550,$);
#14716 = PRODUCT_RELATED_PRODUCT_CATEGORY('part',$,(#14552));
#14717 = SHAPE_DEFINITION_REPRESENTATION(#14718,#14724);
#14718 = PRODUCT_DEFINITION_SHAPE('','',#14719);
#14719 = PRODUCT_DEFINITION('design','',#14720,#14723);
#14720 = PRODUCT_DEFINITION_FORMATION('','',#14721);
#14721 = PRODUCT('SOLID','SOLID','',(#14722));
#14722 = PRODUCT_CONTEXT('',#2,'mechanical');
#14723 = PRODUCT_DEFINITION_CONTEXT('part definition',#2,'design');
#14724 = ADVANCED_BREP_SHAPE_REPRESENTATION('',(#11,#14725),#14875);
#14725 = MANIFOLD_SOLID_BREP('',#14726);
#14726 = CLOSED_SHELL('',(#14727,#14767,#14798,#14822,#14846,#14863));
#14727 = ADVANCED_FACE('',(#14728),#14762,.F.);
#14728 = FACE_BOUND('',#14729,.F.);
#14729 = EDGE_LOOP('',(#14730,#14740,#14748,#14756));
#14730 = ORIENTED_EDGE('',*,*,#14731,.T.);
#14731 = EDGE_CURVE('',#14732,#14734,#14736,.T.);
#14732 = VERTEX_POINT('',#14733);
#14733 = CARTESIAN_POINT('',(2.,0.,-0.375));
#14734 = VERTEX_POINT('',#14735);
#14735 = CARTESIAN_POINT('',(1.6,0.,-0.375));
#14736 = LINE('',#14737,#14738);
#14737 = CARTESIAN_POINT('',(2.,0.,-0.375));
#14738 = VECTOR('',#14739,1.);
#14739 = DIRECTION('',(-1.,0.,0.));
#14740 = ORIENTED_EDGE('',*,*,#14741,.T.);
#14741 = EDGE_CURVE('',#14734,#14742,#14744,.T.);
#14742 = VERTEX_POINT('',#14743);
#14743 = CARTESIAN_POINT('',(1.6,0.,-0.125));
#14744 = LINE('',#14745,#14746);
#14745 = CARTESIAN_POINT('',(1.6,0.,-0.375));
#14746 = VECTOR('',#14747,1.);
#14747 = DIRECTION('',(0.,0.,1.));
#14748 = ORIENTED_EDGE('',*,*,#14749,.T.);
#14749 = EDGE_CURVE('',#14742,#14750,#14752,.T.);
#14750 = VERTEX_POINT('',#14751);
#14751 = CARTESIAN_POINT('',(2.,0.,-0.125));
#14752 = LINE('',#14753,#14754);
#14753 = CARTESIAN_POINT('',(1.6,0.,-0.125));
#14754 = VECTOR('',#14755,1.);
#14755 = DIRECTION('',(1.,0.,0.));
#14756 = ORIENTED_EDGE('',*,*,#14757,.T.);
#14757 = EDGE_CURVE('',#14750,#14732,#14758,.T.);
#14758 = LINE('',#14759,#14760);
#14759 = CARTESIAN_POINT('',(2.,0.,-0.125));
#14760 = VECTOR('',#14761,1.);
#14761 = DIRECTION('',(0.,0.,-1.));
#14762 = PLANE('',#14763);
#14763 = AXIS2_PLACEMENT_3D('',#14764,#14765,#14766);
#14764 = CARTESIAN_POINT('',(0.,0.,0.));
#14765 = DIRECTION('',(0.,1.,0.));
#14766 = DIRECTION('',(1.,0.,0.));
#14767 = ADVANCED_FACE('',(#14768),#14793,.T.);
#14768 = FACE_BOUND('',#14769,.F.);
#14769 = EDGE_LOOP('',(#14770,#14771,#14779,#14787));
#14770 = ORIENTED_EDGE('',*,*,#14731,.F.);
#14771 = ORIENTED_EDGE('',*,*,#14772,.T.);
#14772 = EDGE_CURVE('',#14732,#14773,#14775,.T.);
#14773 = VERTEX_POINT('',#14774);
#14774 = CARTESIAN_POINT('',(2.,0.2,-0.375));
#14775 = LINE('',#14776,#14777);
#14776 = CARTESIAN_POINT('',(2.,0.,-0.375));
#14777 = VECTOR('',#14778,1.);
#14778 = DIRECTION('',(0.,1.,0.));
#14779 = ORIENTED_EDGE('',*,*,#14780,.T.);
#14780 = EDGE_CURVE('',#14773,#14781,#14783,.T.);
#14781 = VERTEX_POINT('',#14782);
#14782 = CARTESIAN_POINT('',(1.6,0.2,-0.375));
#14783 = LINE('',#14784,#14785);
#14784 = CARTESIAN_POINT('',(2.,0.2,-0.375));
#14785 = VECTOR('',#14786,1.);
#14786 = DIRECTION('',(-1.,0.,0.));
#14787 = ORIENTED_EDGE('',*,*,#14788,.F.);
#14788 = EDGE_CURVE('',#14734,#14781,#14789,.T.);
#14789 = LINE('',#14790,#14791);
#14790 = CARTESIAN_POINT('',(1.6,0.,-0.375));
#14791 = VECTOR('',#14792,1.);
#14792 = DIRECTION('',(0.,1.,0.));
#14793 = PLANE('',#14794);
#14794 = AXIS2_PLACEMENT_3D('',#14795,#14796,#14797);
#14795 = CARTESIAN_POINT('',(2.,0.,-0.375));
#14796 = DIRECTION('',(0.,0.,-1.));
#14797 = DIRECTION('',(-1.,0.,0.));
#14798 = ADVANCED_FACE('',(#14799),#14817,.T.);
#14799 = FACE_BOUND('',#14800,.F.);
#14800 = EDGE_LOOP('',(#14801,#14802,#14810,#14816));
#14801 = ORIENTED_EDGE('',*,*,#14757,.F.);
#14802 = ORIENTED_EDGE('',*,*,#14803,.T.);
#14803 = EDGE_CURVE('',#14750,#14804,#14806,.T.);
#14804 = VERTEX_POINT('',#14805);
#14805 = CARTESIAN_POINT('',(2.,0.2,-0.125));
#14806 = LINE('',#14807,#14808);
#14807 = CARTESIAN_POINT('',(2.,0.,-0.125));
#14808 = VECTOR('',#14809,1.);
#14809 = DIRECTION('',(0.,1.,0.));
#14810 = ORIENTED_EDGE('',*,*,#14811,.T.);
#14811 = EDGE_CURVE('',#14804,#14773,#14812,.T.);
#14812 = LINE('',#14813,#14814);
#14813 = CARTESIAN_POINT('',(2.,0.2,-0.125));
#14814 = VECTOR('',#14815,1.);
#14815 = DIRECTION('',(0.,0.,-1.));
#14816 = ORIENTED_EDGE('',*,*,#14772,.F.);
#14817 = PLANE('',#14818);
#14818 = AXIS2_PLACEMENT_3D('',#14819,#14820,#14821);
#14819 = CARTESIAN_POINT('',(2.,0.,-0.125));
#14820 = DIRECTION('',(1.,0.,0.));
#14821 = DIRECTION('',(0.,0.,-1.));
#14822 = ADVANCED_FACE('',(#14823),#14841,.T.);
#14823 = FACE_BOUND('',#14824,.F.);
#14824 = EDGE_LOOP('',(#14825,#14826,#14834,#14840));
#14825 = ORIENTED_EDGE('',*,*,#14749,.F.);
#14826 = ORIENTED_EDGE('',*,*,#14827,.T.);
#14827 = EDGE_CURVE('',#14742,#14828,#14830,.T.);
#14828 = VERTEX_POINT('',#14829);
#14829 = CARTESIAN_POINT('',(1.6,0.2,-0.125));
#14830 = LINE('',#14831,#14832);
#14831 = CARTESIAN_POINT('',(1.6,0.,-0.125));
#14832 = VECTOR('',#14833,1.);
#14833 = DIRECTION('',(0.,1.,0.));
#14834 = ORIENTED_EDGE('',*,*,#14835,.T.);
#14835 = EDGE_CURVE('',#14828,#14804,#14836,.T.);
#14836 = LINE('',#14837,#14838);
#14837 = CARTESIAN_POINT('',(1.6,0.2,-0.125));
#14838 = VECTOR('',#14839,1.);
#14839 = DIRECTION('',(1.,0.,0.));
#14840 = ORIENTED_EDGE('',*,*,#14803,.F.);
#14841 = PLANE('',#14842);
#14842 = AXIS2_PLACEMENT_3D('',#14843,#14844,#14845);
#14843 = CARTESIAN_POINT('',(1.6,0.,-0.125));
#14844 = DIRECTION('',(0.,0.,1.));
#14845 = DIRECTION('',(1.,0.,-0.));
#14846 = ADVANCED_FACE('',(#14847),#14858,.T.);
#14847 = FACE_BOUND('',#14848,.F.);
#14848 = EDGE_LOOP('',(#14849,#14850,#14851,#14857));
#14849 = ORIENTED_EDGE('',*,*,#14741,.F.);
#14850 = ORIENTED_EDGE('',*,*,#14788,.T.);
#14851 = ORIENTED_EDGE('',*,*,#14852,.T.);
#14852 = EDGE_CURVE('',#14781,#14828,#14853,.T.);
#14853 = LINE('',#14854,#14855);
#14854 = CARTESIAN_POINT('',(1.6,0.2,-0.375));
#14855 = VECTOR('',#14856,1.);
#14856 = DIRECTION('',(0.,0.,1.));
#14857 = ORIENTED_EDGE('',*,*,#14827,.F.);
#14858 = PLANE('',#14859);
#14859 = AXIS2_PLACEMENT_3D('',#14860,#14861,#14862);
#14860 = CARTESIAN_POINT('',(1.6,0.,-0.375));
#14861 = DIRECTION('',(-1.,0.,0.));
#14862 = DIRECTION('',(0.,0.,1.));
#14863 = ADVANCED_FACE('',(#14864),#14870,.T.);
#14864 = FACE_BOUND('',#14865,.F.);
#14865 = EDGE_LOOP('',(#14866,#14867,#14868,#14869));
#14866 = ORIENTED_EDGE('',*,*,#14780,.F.);
#14867 = ORIENTED_EDGE('',*,*,#14811,.F.);
#14868 = ORIENTED_EDGE('',*,*,#14835,.F.);
#14869 = ORIENTED_EDGE('',*,*,#14852,.F.);
#14870 = PLANE('',#14871);
#14871 = AXIS2_PLACEMENT_3D('',#14872,#14873,#14874);
#14872 = CARTESIAN_POINT('',(0.,0.2,0.));
#14873 = DIRECTION('',(0.,1.,0.));
#14874 = DIRECTION('',(1.,0.,0.));
#14875 = ( GEOMETRIC_REPRESENTATION_CONTEXT(3) 
GLOBAL_UNCERTAINTY_ASSIGNED_CONTEXT((#14879)) 
GLOBAL_UNIT_ASSIGNED_CONTEXT((#14876,#14877,#14878)) 
REPRESENTATION_CONTEXT('Context #1',
  '3D Context with UNIT and UNCERTAINTY') );
#14876 = ( LENGTH_UNIT() NAMED_UNIT(*) SI_UNIT(.MILLI.,.METRE.) );
#14877 = ( NAMED_UNIT(*) PLANE_ANGLE_UNIT() SI_UNIT($,.RADIAN.) );
#14878 = ( NAMED_UNIT(*) SI_UNIT($,.STERADIAN.) SOLID_ANGLE_UNIT() );
#14879 = UNCERTAINTY_MEASURE_WITH_UNIT(LENGTH_MEASURE(1.E-07),#14876,
  'distance_accuracy_value','confusion accuracy');
#14880 = CONTEXT_DEPENDENT_SHAPE_REPRESENTATION(#14881,#14883);
#14881 = ( REPRESENTATION_RELATIONSHIP('','',#14724,#12756) 
REPRESENTATION_RELATIONSHIP_WITH_TRANSFORMATION(#14882) 
SHAPE_REPRESENTATION_RELATIONSHIP() );
#14882 = ITEM_DEFINED_TRANSFORMATION('','',#11,#12797);
#14883 = PRODUCT_DEFINITION_SHAPE('Placement','Placement of an item',
  #14884);
#14884 = NEXT_ASSEMBLY_USAGE_OCCURRENCE('23','=>0:1:1:24','',#12751,
  #14719,$);
#14885 = PRODUCT_RELATED_PRODUCT_CATEGORY('part',$,(#14721));
#14886 = SHAPE_DEFINITION_REPRESENTATION(#14887,#14893);
#14887 = PRODUCT_DEFINITION_SHAPE('','',#14888);
#14888 = PRODUCT_DEFINITION('design','',#14889,#14892);
#14889 = PRODUCT_DEFINITION_FORMATION('','',#14890);
#14890 = PRODUCT('SOLID','SOLID','',(#14891));
#14891 = PRODUCT_CONTEXT('',#2,'mechanical');
#14892 = PRODUCT_DEFINITION_CONTEXT('part definition',#2,'design');
#14893 = ADVANCED_BREP_SHAPE_REPRESENTATION('',(#11,#14894),#15044);
#14894 = MANIFOLD_SOLID_BREP('',#14895);
#14895 = CLOSED_SHELL('',(#14896,#14936,#14967,#14991,#15015,#15032));
#14896 = ADVANCED_FACE('',(#14897),#14931,.F.);
#14897 = FACE_BOUND('',#14898,.F.);
#14898 = EDGE_LOOP('',(#14899,#14909,#14917,#14925));
#14899 = ORIENTED_EDGE('',*,*,#14900,.T.);
#14900 = EDGE_CURVE('',#14901,#14903,#14905,.T.);
#14901 = VERTEX_POINT('',#14902);
#14902 = CARTESIAN_POINT('',(2.,0.,0.125));
#14903 = VERTEX_POINT('',#14904);
#14904 = CARTESIAN_POINT('',(1.6,0.,0.125));
#14905 = LINE('',#14906,#14907);
#14906 = CARTESIAN_POINT('',(2.,0.,0.125));
#14907 = VECTOR('',#14908,1.);
#14908 = DIRECTION('',(-1.,0.,0.));
#14909 = ORIENTED_EDGE('',*,*,#14910,.T.);
#14910 = EDGE_CURVE('',#14903,#14911,#14913,.T.);
#14911 = VERTEX_POINT('',#14912);
#14912 = CARTESIAN_POINT('',(1.6,0.,0.375));
#14913 = LINE('',#14914,#14915);
#14914 = CARTESIAN_POINT('',(1.6,0.,0.125));
#14915 = VECTOR('',#14916,1.);
#14916 = DIRECTION('',(0.,0.,1.));
#14917 = ORIENTED_EDGE('',*,*,#14918,.T.);
#14918 = EDGE_CURVE('',#14911,#14919,#14921,.T.);
#14919 = VERTEX_POINT('',#14920);
#14920 = CARTESIAN_POINT('',(2.,0.,0.375));
#14921 = LINE('',#14922,#14923);
#14922 = CARTESIAN_POINT('',(1.6,0.,0.375));
#14923 = VECTOR('',#14924,1.);
#14924 = DIRECTION('',(1.,0.,0.));
#14925 = ORIENTED_EDGE('',*,*,#14926,.T.);
#14926 = EDGE_CURVE('',#14919,#14901,#14927,.T.);
#14927 = LINE('',#14928,#14929);
#14928 = CARTESIAN_POINT('',(2.,0.,0.375));
#14929 = VECTOR('',#14930,1.);
#14930 = DIRECTION('',(0.,0.,-1.));
#14931 = PLANE('',#14932);
#14932 = AXIS2_PLACEMENT_3D('',#14933,#14934,#14935);
#14933 = CARTESIAN_POINT('',(0.,0.,0.));
#14934 = DIRECTION('',(0.,1.,0.));
#14935 = DIRECTION('',(1.,0.,0.));
#14936 = ADVANCED_FACE('',(#14937),#14962,.T.);
#14937 = FACE_BOUND('',#14938,.F.);
#14938 = EDGE_LOOP('',(#14939,#14940,#14948,#14956));
#14939 = ORIENTED_EDGE('',*,*,#14900,.F.);
#14940 = ORIENTED_EDGE('',*,*,#14941,.T.);
#14941 = EDGE_CURVE('',#14901,#14942,#14944,.T.);
#14942 = VERTEX_POINT('',#14943);
#14943 = CARTESIAN_POINT('',(2.,0.2,0.125));
#14944 = LINE('',#14945,#14946);
#14945 = CARTESIAN_POINT('',(2.,0.,0.125));
#14946 = VECTOR('',#14947,1.);
#14947 = DIRECTION('',(0.,1.,0.));
#14948 = ORIENTED_EDGE('',*,*,#14949,.T.);
#14949 = EDGE_CURVE('',#14942,#14950,#14952,.T.);
#14950 = VERTEX_POINT('',#14951);
#14951 = CARTESIAN_POINT('',(1.6,0.2,0.125));
#14952 = LINE('',#14953,#14954);
#14953 = CARTESIAN_POINT('',(2.,0.2,0.125));
#14954 = VECTOR('',#14955,1.);
#14955 = DIRECTION('',(-1.,0.,0.));
#14956 = ORIENTED_EDGE('',*,*,#14957,.F.);
#14957 = EDGE_CURVE('',#14903,#14950,#14958,.T.);
#14958 = LINE('',#14959,#14960);
#14959 = CARTESIAN_POINT('',(1.6,0.,0.125));
#14960 = VECTOR('',#14961,1.);
#14961 = DIRECTION('',(0.,1.,0.));
#14962 = PLANE('',#14963);
#14963 = AXIS2_PLACEMENT_3D('',#14964,#14965,#14966);
#14964 = CARTESIAN_POINT('',(2.,0.,0.125));
#14965 = DIRECTION('',(0.,0.,-1.));
#14966 = DIRECTION('',(-1.,0.,0.));
#14967 = ADVANCED_FACE('',(#14968),#14986,.T.);
#14968 = FACE_BOUND('',#14969,.F.);
#14969 = EDGE_LOOP('',(#14970,#14971,#14979,#14985));
#14970 = ORIENTED_EDGE('',*,*,#14926,.F.);
#14971 = ORIENTED_EDGE('',*,*,#14972,.T.);
#14972 = EDGE_CURVE('',#14919,#14973,#14975,.T.);
#14973 = VERTEX_POINT('',#14974);
#14974 = CARTESIAN_POINT('',(2.,0.2,0.375));
#14975 = LINE('',#14976,#14977);
#14976 = CARTESIAN_POINT('',(2.,0.,0.375));
#14977 = VECTOR('',#14978,1.);
#14978 = DIRECTION('',(0.,1.,0.));
#14979 = ORIENTED_EDGE('',*,*,#14980,.T.);
#14980 = EDGE_CURVE('',#14973,#14942,#14981,.T.);
#14981 = LINE('',#14982,#14983);
#14982 = CARTESIAN_POINT('',(2.,0.2,0.375));
#14983 = VECTOR('',#14984,1.);
#14984 = DIRECTION('',(0.,0.,-1.));
#14985 = ORIENTED_EDGE('',*,*,#14941,.F.);
#14986 = PLANE('',#14987);
#14987 = AXIS2_PLACEMENT_3D('',#14988,#14989,#14990);
#14988 = CARTESIAN_POINT('',(2.,0.,0.375));
#14989 = DIRECTION('',(1.,0.,0.));
#14990 = DIRECTION('',(0.,0.,-1.));
#14991 = ADVANCED_FACE('',(#14992),#15010,.T.);
#14992 = FACE_BOUND('',#14993,.F.);
#14993 = EDGE_LOOP('',(#14994,#14995,#15003,#15009));
#14994 = ORIENTED_EDGE('',*,*,#14918,.F.);
#14995 = ORIENTED_EDGE('',*,*,#14996,.T.);
#14996 = EDGE_CURVE('',#14911,#14997,#14999,.T.);
#14997 = VERTEX_POINT('',#14998);
#14998 = CARTESIAN_POINT('',(1.6,0.2,0.375));
#14999 = LINE('',#15000,#15001);
#15000 = CARTESIAN_POINT('',(1.6,0.,0.375));
#15001 = VECTOR('',#15002,1.);
#15002 = DIRECTION('',(0.,1.,0.));
#15003 = ORIENTED_EDGE('',*,*,#15004,.T.);
#15004 = EDGE_CURVE('',#14997,#14973,#15005,.T.);
#15005 = LINE('',#15006,#15007);
#15006 = CARTESIAN_POINT('',(1.6,0.2,0.375));
#15007 = VECTOR('',#15008,1.);
#15008 = DIRECTION('',(1.,0.,0.));
#15009 = ORIENTED_EDGE('',*,*,#14972,.F.);
#15010 = PLANE('',#15011);
#15011 = AXIS2_PLACEMENT_3D('',#15012,#15013,#15014);
#15012 = CARTESIAN_POINT('',(1.6,0.,0.375));
#15013 = DIRECTION('',(0.,0.,1.));
#15014 = DIRECTION('',(1.,0.,-0.));
#15015 = ADVANCED_FACE('',(#15016),#15027,.T.);
#15016 = FACE_BOUND('',#15017,.F.);
#15017 = EDGE_LOOP('',(#15018,#15019,#15020,#15026));
#15018 = ORIENTED_EDGE('',*,*,#14910,.F.);
#15019 = ORIENTED_EDGE('',*,*,#14957,.T.);
#15020 = ORIENTED_EDGE('',*,*,#15021,.T.);
#15021 = EDGE_CURVE('',#14950,#14997,#15022,.T.);
#15022 = LINE('',#15023,#15024);
#15023 = CARTESIAN_POINT('',(1.6,0.2,0.125));
#15024 = VECTOR('',#15025,1.);
#15025 = DIRECTION('',(0.,0.,1.));
#15026 = ORIENTED_EDGE('',*,*,#14996,.F.);
#15027 = PLANE('',#15028);
#15028 = AXIS2_PLACEMENT_3D('',#15029,#15030,#15031);
#15029 = CARTESIAN_POINT('',(1.6,0.,0.125));
#15030 = DIRECTION('',(-1.,0.,0.));
#15031 = DIRECTION('',(0.,0.,1.));
#15032 = ADVANCED_FACE('',(#15033),#15039,.T.);
#15033 = FACE_BOUND('',#15034,.F.);
#15034 = EDGE_LOOP('',(#15035,#15036,#15037,#15038));
#15035 = ORIENTED_EDGE('',*,*,#14949,.F.);
#15036 = ORIENTED_EDGE('',*,*,#14980,.F.);
#15037 = ORIENTED_EDGE('',*,*,#15004,.F.);
#15038 = ORIENTED_EDGE('',*,*,#15021,.F.);
#15039 = PLANE('',#15040);
#15040 = AXIS2_PLACEMENT_3D('',#15041,#15042,#15043);
#15041 = CARTESIAN_POINT('',(0.,0.2,0.));
#15042 = DIRECTION('',(0.,1.,0.));
#15043 = DIRECTION('',(1.,0.,0.));
#15044 = ( GEOMETRIC_REPRESENTATION_CONTEXT(3) 
GLOBAL_UNCERTAINTY_ASSIGNED_CONTEXT((#15048)) 
GLOBAL_UNIT_ASSIGNED_CONTEXT((#15045,#15046,#15047)) 
REPRESENTATION_CONTEXT('Context #1',
  '3D Context with UNIT and UNCERTAINTY') );
#15045 = ( LENGTH_UNIT() NAMED_UNIT(*) SI_UNIT(.MILLI.,.METRE.) );
#15046 = ( NAMED_UNIT(*) PLANE_ANGLE_UNIT() SI_UNIT($,.RADIAN.) );
#15047 = ( NAMED_UNIT(*) SI_UNIT($,.STERADIAN.) SOLID_ANGLE_UNIT() );
#15048 = UNCERTAINTY_MEASURE_WITH_UNIT(LENGTH_MEASURE(1.E-07),#15045,
  'distance_accuracy_value','confusion accuracy');
#15049 = CONTEXT_DEPENDENT_SHAPE_REPRESENTATION(#15050,#15052);
#15050 = ( REPRESENTATION_RELATIONSHIP('','',#14893,#12756) 
REPRESENTATION_RELATIONSHIP_WITH_TRANSFORMATION(#15051) 
SHAPE_REPRESENTATION_RELATIONSHIP() );
#15051 = ITEM_DEFINED_TRANSFORMATION('','',#11,#12801);
#15052 = PRODUCT_DEFINITION_SHAPE('Placement','Placement of an item',
  #15053);
#15053 = NEXT_ASSEMBLY_USAGE_OCCURRENCE('24','=>0:1:1:25','',#12751,
  #14888,$);
#15054 = PRODUCT_RELATED_PRODUCT_CATEGORY('part',$,(#14890));
#15055 = SHAPE_DEFINITION_REPRESENTATION(#15056,#15062);
#15056 = PRODUCT_DEFINITION_SHAPE('','',#15057);
#15057 = PRODUCT_DEFINITION('design','',#15058,#15061);
#15058 = PRODUCT_DEFINITION_FORMATION('','',#15059);
#15059 = PRODUCT('SOLID','SOLID','',(#15060));
#15060 = PRODUCT_CONTEXT('',#2,'mechanical');
#15061 = PRODUCT_DEFINITION_CONTEXT('part definition',#2,'design');
#15062 = ADVANCED_BREP_SHAPE_REPRESENTATION('',(#11,#15063),#15213);
#15063 = MANIFOLD_SOLID_BREP('',#15064);
#15064 = CLOSED_SHELL('',(#15065,#15105,#15136,#15160,#15184,#15201));
#15065 = ADVANCED_FACE('',(#15066),#15100,.F.);
#15066 = FACE_BOUND('',#15067,.F.);
#15067 = EDGE_LOOP('',(#15068,#15078,#15086,#15094));
#15068 = ORIENTED_EDGE('',*,*,#15069,.T.);
#15069 = EDGE_CURVE('',#15070,#15072,#15074,.T.);
#15070 = VERTEX_POINT('',#15071);
#15071 = CARTESIAN_POINT('',(2.,0.,0.625));
#15072 = VERTEX_POINT('',#15073);
#15073 = CARTESIAN_POINT('',(1.6,0.,0.625));
#15074 = LINE('',#15075,#15076);
#15075 = CARTESIAN_POINT('',(2.,0.,0.625));
#15076 = VECTOR('',#15077,1.);
#15077 = DIRECTION('',(-1.,0.,0.));
#15078 = ORIENTED_EDGE('',*,*,#15079,.T.);
#15079 = EDGE_CURVE('',#15072,#15080,#15082,.T.);
#15080 = VERTEX_POINT('',#15081);
#15081 = CARTESIAN_POINT('',(1.6,0.,0.875));
#15082 = LINE('',#15083,#15084);
#15083 = CARTESIAN_POINT('',(1.6,0.,0.625));
#15084 = VECTOR('',#15085,1.);
#15085 = DIRECTION('',(0.,0.,1.));
#15086 = ORIENTED_EDGE('',*,*,#15087,.T.);
#15087 = EDGE_CURVE('',#15080,#15088,#15090,.T.);
#15088 = VERTEX_POINT('',#15089);
#15089 = CARTESIAN_POINT('',(2.,0.,0.875));
#15090 = LINE('',#15091,#15092);
#15091 = CARTESIAN_POINT('',(1.6,0.,0.875));
#15092 = VECTOR('',#15093,1.);
#15093 = DIRECTION('',(1.,0.,0.));
#15094 = ORIENTED_EDGE('',*,*,#15095,.T.);
#15095 = EDGE_CURVE('',#15088,#15070,#15096,.T.);
#15096 = LINE('',#15097,#15098);
#15097 = CARTESIAN_POINT('',(2.,0.,0.875));
#15098 = VECTOR('',#15099,1.);
#15099 = DIRECTION('',(0.,0.,-1.));
#15100 = PLANE('',#15101);
#15101 = AXIS2_PLACEMENT_3D('',#15102,#15103,#15104);
#15102 = CARTESIAN_POINT('',(0.,0.,0.));
#15103 = DIRECTION('',(0.,1.,0.));
#15104 = DIRECTION('',(1.,0.,0.));
#15105 = ADVANCED_FACE('',(#15106),#15131,.T.);
#15106 = FACE_BOUND('',#15107,.F.);
#15107 = EDGE_LOOP('',(#15108,#15109,#15117,#15125));
#15108 = ORIENTED_EDGE('',*,*,#15069,.F.);
#15109 = ORIENTED_EDGE('',*,*,#15110,.T.);
#15110 = EDGE_CURVE('',#15070,#15111,#15113,.T.);
#15111 = VERTEX_POINT('',#15112);
#15112 = CARTESIAN_POINT('',(2.,0.2,0.625));
#15113 = LINE('',#15114,#15115);
#15114 = CARTESIAN_POINT('',(2.,0.,0.625));
#15115 = VECTOR('',#15116,1.);
#15116 = DIRECTION('',(0.,1.,0.));
#15117 = ORIENTED_EDGE('',*,*,#15118,.T.);
#15118 = EDGE_CURVE('',#15111,#15119,#15121,.T.);
#15119 = VERTEX_POINT('',#15120);
#15120 = CARTESIAN_POINT('',(1.6,0.2,0.625));
#15121 = LINE('',#15122,#15123);
#15122 = CARTESIAN_POINT('',(2.,0.2,0.625));
#15123 = VECTOR('',#15124,1.);
#15124 = DIRECTION('',(-1.,0.,0.));
#15125 = ORIENTED_EDGE('',*,*,#15126,.F.);
#15126 = EDGE_CURVE('',#15072,#15119,#15127,.T.);
#15127 = LINE('',#15128,#15129);
#15128 = CARTESIAN_POINT('',(1.6,0.,0.625));
#15129 = VECTOR('',#15130,1.);
#15130 = DIRECTION('',(0.,1.,0.));
#15131 = PLANE('',#15132);
#15132 = AXIS2_PLACEMENT_3D('',#15133,#15134,#15135);
#15133 = CARTESIAN_POINT('',(2.,0.,0.625));
#15134 = DIRECTION('',(0.,0.,-1.));
#15135 = DIRECTION('',(-1.,0.,0.));
#15136 = ADVANCED_FACE('',(#15137),#15155,.T.);
#15137 = FACE_BOUND('',#15138,.F.);
#15138 = EDGE_LOOP('',(#15139,#15140,#15148,#15154));
#15139 = ORIENTED_EDGE('',*,*,#15095,.F.);
#15140 = ORIENTED_EDGE('',*,*,#15141,.T.);
#15141 = EDGE_CURVE('',#15088,#15142,#15144,.T.);
#15142 = VERTEX_POINT('',#15143);
#15143 = CARTESIAN_POINT('',(2.,0.2,0.875));
#15144 = LINE('',#15145,#15146);
#15145 = CARTESIAN_POINT('',(2.,0.,0.875));
#15146 = VECTOR('',#15147,1.);
#15147 = DIRECTION('',(0.,1.,0.));
#15148 = ORIENTED_EDGE('',*,*,#15149,.T.);
#15149 = EDGE_CURVE('',#15142,#15111,#15150,.T.);
#15150 = LINE('',#15151,#15152);
#15151 = CARTESIAN_POINT('',(2.,0.2,0.875));
#15152 = VECTOR('',#15153,1.);
#15153 = DIRECTION('',(0.,0.,-1.));
#15154 = ORIENTED_EDGE('',*,*,#15110,.F.);
#15155 = PLANE('',#15156);
#15156 = AXIS2_PLACEMENT_3D('',#15157,#15158,#15159);
#15157 = CARTESIAN_POINT('',(2.,0.,0.875));
#15158 = DIRECTION('',(1.,0.,0.));
#15159 = DIRECTION('',(0.,0.,-1.));
#15160 = ADVANCED_FACE('',(#15161),#15179,.T.);
#15161 = FACE_BOUND('',#15162,.F.);
#15162 = EDGE_LOOP('',(#15163,#15164,#15172,#15178));
#15163 = ORIENTED_EDGE('',*,*,#15087,.F.);
#15164 = ORIENTED_EDGE('',*,*,#15165,.T.);
#15165 = EDGE_CURVE('',#15080,#15166,#15168,.T.);
#15166 = VERTEX_POINT('',#15167);
#15167 = CARTESIAN_POINT('',(1.6,0.2,0.875));
#15168 = LINE('',#15169,#15170);
#15169 = CARTESIAN_POINT('',(1.6,0.,0.875));
#15170 = VECTOR('',#15171,1.);
#15171 = DIRECTION('',(0.,1.,0.));
#15172 = ORIENTED_EDGE('',*,*,#15173,.T.);
#15173 = EDGE_CURVE('',#15166,#15142,#15174,.T.);
#15174 = LINE('',#15175,#15176);
#15175 = CARTESIAN_POINT('',(1.6,0.2,0.875));
#15176 = VECTOR('',#15177,1.);
#15177 = DIRECTION('',(1.,0.,0.));
#15178 = ORIENTED_EDGE('',*,*,#15141,.F.);
#15179 = PLANE('',#15180);
#15180 = AXIS2_PLACEMENT_3D('',#15181,#15182,#15183);
#15181 = CARTESIAN_POINT('',(1.6,0.,0.875));
#15182 = DIRECTION('',(0.,0.,1.));
#15183 = DIRECTION('',(1.,0.,-0.));
#15184 = ADVANCED_FACE('',(#15185),#15196,.T.);
#15185 = FACE_BOUND('',#15186,.F.);
#15186 = EDGE_LOOP('',(#15187,#15188,#15189,#15195));
#15187 = ORIENTED_EDGE('',*,*,#15079,.F.);
#15188 = ORIENTED_EDGE('',*,*,#15126,.T.);
#15189 = ORIENTED_EDGE('',*,*,#15190,.T.);
#15190 = EDGE_CURVE('',#15119,#15166,#15191,.T.);
#15191 = LINE('',#15192,#15193);
#15192 = CARTESIAN_POINT('',(1.6,0.2,0.625));
#15193 = VECTOR('',#15194,1.);
#15194 = DIRECTION('',(0.,0.,1.));
#15195 = ORIENTED_EDGE('',*,*,#15165,.F.);
#15196 = PLANE('',#15197);
#15197 = AXIS2_PLACEMENT_3D('',#15198,#15199,#15200);
#15198 = CARTESIAN_POINT('',(1.6,0.,0.625));
#15199 = DIRECTION('',(-1.,0.,0.));
#15200 = DIRECTION('',(0.,0.,1.));
#15201 = ADVANCED_FACE('',(#15202),#15208,.T.);
#15202 = FACE_BOUND('',#15203,.F.);
#15203 = EDGE_LOOP('',(#15204,#15205,#15206,#15207));
#15204 = ORIENTED_EDGE('',*,*,#15118,.F.);
#15205 = ORIENTED_EDGE('',*,*,#15149,.F.);
#15206 = ORIENTED_EDGE('',*,*,#15173,.F.);
#15207 = ORIENTED_EDGE('',*,*,#15190,.F.);
#15208 = PLANE('',#15209);
#15209 = AXIS2_PLACEMENT_3D('',#15210,#15211,#15212);
#15210 = CARTESIAN_POINT('',(0.,0.2,0.));
#15211 = DIRECTION('',(0.,1.,0.));
#15212 = DIRECTION('',(1.,0.,0.));
#15213 = ( GEOMETRIC_REPRESENTATION_CONTEXT(3) 
GLOBAL_UNCERTAINTY_ASSIGNED_CONTEXT((#15217)) 
GLOBAL_UNIT_ASSIGNED_CONTEXT((#15214,#15215,#15216)) 
REPRESENTATION_CONTEXT('Context #1',
  '3D Context with UNIT and UNCERTAINTY') );
#15214 = ( LENGTH_UNIT() NAMED_UNIT(*) SI_UNIT(.MILLI.,.METRE.) );
#15215 = ( NAMED_UNIT(*) PLANE_ANGLE_UNIT() SI_UNIT($,.RADIAN.) );
#15216 = ( NAMED_UNIT(*) SI_UNIT($,.STERADIAN.) SOLID_ANGLE_UNIT() );
#15217 = UNCERTAINTY_MEASURE_WITH_UNIT(LENGTH_MEASURE(1.E-07),#15214,
  'distance_accuracy_value','confusion accuracy');
#15218 = CONTEXT_DEPENDENT_SHAPE_REPRESENTATION(#15219,#15221);
#15219 = ( REPRESENTATION_RELATIONSHIP('','',#15062,#12756) 
REPRESENTATION_RELATIONSHIP_WITH_TRANSFORMATION(#15220) 
SHAPE_REPRESENTATION_RELATIONSHIP() );
#15220 = ITEM_DEFINED_TRANSFORMATION('','',#11,#12805);
#15221 = PRODUCT_DEFINITION_SHAPE('Placement','Placement of an item',
  #15222);
#15222 = NEXT_ASSEMBLY_USAGE_OCCURRENCE('25','=>0:1:1:26','',#12751,
  #15057,$);
#15223 = PRODUCT_RELATED_PRODUCT_CATEGORY('part',$,(#15059));
#15224 = SHAPE_DEFINITION_REPRESENTATION(#15225,#15231);
#15225 = PRODUCT_DEFINITION_SHAPE('','',#15226);
#15226 = PRODUCT_DEFINITION('design','',#15227,#15230);
#15227 = PRODUCT_DEFINITION_FORMATION('','',#15228);
#15228 = PRODUCT('SOLID','SOLID','',(#15229));
#15229 = PRODUCT_CONTEXT('',#2,'mechanical');
#15230 = PRODUCT_DEFINITION_CONTEXT('part definition',#2,'design');
#15231 = ADVANCED_BREP_SHAPE_REPRESENTATION('',(#11,#15232),#15382);
#15232 = MANIFOLD_SOLID_BREP('',#15233);
#15233 = CLOSED_SHELL('',(#15234,#15274,#15305,#15329,#15353,#15370));
#15234 = ADVANCED_FACE('',(#15235),#15269,.T.);
#15235 = FACE_BOUND('',#15236,.F.);
#15236 = EDGE_LOOP('',(#15237,#15247,#15255,#15263));
#15237 = ORIENTED_EDGE('',*,*,#15238,.F.);
#15238 = EDGE_CURVE('',#15239,#15241,#15243,.T.);
#15239 = VERTEX_POINT('',#15240);
#15240 = CARTESIAN_POINT('',(-2.,0.,-0.875));
#15241 = VERTEX_POINT('',#15242);
#15242 = CARTESIAN_POINT('',(-1.6,0.,-0.875));
#15243 = LINE('',#15244,#15245);
#15244 = CARTESIAN_POINT('',(-2.,0.,-0.875));
#15245 = VECTOR('',#15246,1.);
#15246 = DIRECTION('',(1.,0.,0.));
#15247 = ORIENTED_EDGE('',*,*,#15248,.F.);
#15248 = EDGE_CURVE('',#15249,#15239,#15251,.T.);
#15249 = VERTEX_POINT('',#15250);
#15250 = CARTESIAN_POINT('',(-2.,0.,-0.625));
#15251 = LINE('',#15252,#15253);
#15252 = CARTESIAN_POINT('',(-2.,0.,-0.625));
#15253 = VECTOR('',#15254,1.);
#15254 = DIRECTION('',(0.,0.,-1.));
#15255 = ORIENTED_EDGE('',*,*,#15256,.F.);
#15256 = EDGE_CURVE('',#15257,#15249,#15259,.T.);
#15257 = VERTEX_POINT('',#15258);
#15258 = CARTESIAN_POINT('',(-1.6,0.,-0.625));
#15259 = LINE('',#15260,#15261);
#15260 = CARTESIAN_POINT('',(-1.6,0.,-0.625));
#15261 = VECTOR('',#15262,1.);
#15262 = DIRECTION('',(-1.,0.,0.));
#15263 = ORIENTED_EDGE('',*,*,#15264,.F.);
#15264 = EDGE_CURVE('',#15241,#15257,#15265,.T.);
#15265 = LINE('',#15266,#15267);
#15266 = CARTESIAN_POINT('',(-1.6,0.,-0.875));
#15267 = VECTOR('',#15268,1.);
#15268 = DIRECTION('',(0.,0.,1.));
#15269 = PLANE('',#15270);
#15270 = AXIS2_PLACEMENT_3D('',#15271,#15272,#15273);
#15271 = CARTESIAN_POINT('',(0.,0.,0.));
#15272 = DIRECTION('',(0.,-1.,0.));
#15273 = DIRECTION('',(-1.,0.,0.));
#15274 = ADVANCED_FACE('',(#15275),#15300,.F.);
#15275 = FACE_BOUND('',#15276,.F.);
#15276 = EDGE_LOOP('',(#15277,#15278,#15286,#15294));
#15277 = ORIENTED_EDGE('',*,*,#15238,.T.);
#15278 = ORIENTED_EDGE('',*,*,#15279,.T.);
#15279 = EDGE_CURVE('',#15241,#15280,#15282,.T.);
#15280 = VERTEX_POINT('',#15281);
#15281 = CARTESIAN_POINT('',(-1.6,0.2,-0.875));
#15282 = LINE('',#15283,#15284);
#15283 = CARTESIAN_POINT('',(-1.6,0.,-0.875));
#15284 = VECTOR('',#15285,1.);
#15285 = DIRECTION('',(0.,1.,0.));
#15286 = ORIENTED_EDGE('',*,*,#15287,.F.);
#15287 = EDGE_CURVE('',#15288,#15280,#15290,.T.);
#15288 = VERTEX_POINT('',#15289);
#15289 = CARTESIAN_POINT('',(-2.,0.2,-0.875));
#15290 = LINE('',#15291,#15292);
#15291 = CARTESIAN_POINT('',(-2.,0.2,-0.875));
#15292 = VECTOR('',#15293,1.);
#15293 = DIRECTION('',(1.,0.,0.));
#15294 = ORIENTED_EDGE('',*,*,#15295,.F.);
#15295 = EDGE_CURVE('',#15239,#15288,#15296,.T.);
#15296 = LINE('',#15297,#15298);
#15297 = CARTESIAN_POINT('',(-2.,0.,-0.875));
#15298 = VECTOR('',#15299,1.);
#15299 = DIRECTION('',(0.,1.,0.));
#15300 = PLANE('',#15301);
#15301 = AXIS2_PLACEMENT_3D('',#15302,#15303,#15304);
#15302 = CARTESIAN_POINT('',(-2.,0.,-0.875));
#15303 = DIRECTION('',(0.,0.,1.));
#15304 = DIRECTION('',(1.,0.,-0.));
#15305 = ADVANCED_FACE('',(#15306),#15324,.F.);
#15306 = FACE_BOUND('',#15307,.F.);
#15307 = EDGE_LOOP('',(#15308,#15309,#15317,#15323));
#15308 = ORIENTED_EDGE('',*,*,#15264,.T.);
#15309 = ORIENTED_EDGE('',*,*,#15310,.T.);
#15310 = EDGE_CURVE('',#15257,#15311,#15313,.T.);
#15311 = VERTEX_POINT('',#15312);
#15312 = CARTESIAN_POINT('',(-1.6,0.2,-0.625));
#15313 = LINE('',#15314,#15315);
#15314 = CARTESIAN_POINT('',(-1.6,0.,-0.625));
#15315 = VECTOR('',#15316,1.);
#15316 = DIRECTION('',(0.,1.,0.));
#15317 = ORIENTED_EDGE('',*,*,#15318,.F.);
#15318 = EDGE_CURVE('',#15280,#15311,#15319,.T.);
#15319 = LINE('',#15320,#15321);
#15320 = CARTESIAN_POINT('',(-1.6,0.2,-0.875));
#15321 = VECTOR('',#15322,1.);
#15322 = DIRECTION('',(0.,0.,1.));
#15323 = ORIENTED_EDGE('',*,*,#15279,.F.);
#15324 = PLANE('',#15325);
#15325 = AXIS2_PLACEMENT_3D('',#15326,#15327,#15328);
#15326 = CARTESIAN_POINT('',(-1.6,0.,-0.875));
#15327 = DIRECTION('',(-1.,0.,0.));
#15328 = DIRECTION('',(0.,0.,1.));
#15329 = ADVANCED_FACE('',(#15330),#15348,.F.);
#15330 = FACE_BOUND('',#15331,.F.);
#15331 = EDGE_LOOP('',(#15332,#15333,#15341,#15347));
#15332 = ORIENTED_EDGE('',*,*,#15256,.T.);
#15333 = ORIENTED_EDGE('',*,*,#15334,.T.);
#15334 = EDGE_CURVE('',#15249,#15335,#15337,.T.);
#15335 = VERTEX_POINT('',#15336);
#15336 = CARTESIAN_POINT('',(-2.,0.2,-0.625));
#15337 = LINE('',#15338,#15339);
#15338 = CARTESIAN_POINT('',(-2.,0.,-0.625));
#15339 = VECTOR('',#15340,1.);
#15340 = DIRECTION('',(0.,1.,0.));
#15341 = ORIENTED_EDGE('',*,*,#15342,.F.);
#15342 = EDGE_CURVE('',#15311,#15335,#15343,.T.);
#15343 = LINE('',#15344,#15345);
#15344 = CARTESIAN_POINT('',(-1.6,0.2,-0.625));
#15345 = VECTOR('',#15346,1.);
#15346 = DIRECTION('',(-1.,0.,0.));
#15347 = ORIENTED_EDGE('',*,*,#15310,.F.);
#15348 = PLANE('',#15349);
#15349 = AXIS2_PLACEMENT_3D('',#15350,#15351,#15352);
#15350 = CARTESIAN_POINT('',(-1.6,0.,-0.625));
#15351 = DIRECTION('',(0.,0.,-1.));
#15352 = DIRECTION('',(-1.,0.,0.));
#15353 = ADVANCED_FACE('',(#15354),#15365,.F.);
#15354 = FACE_BOUND('',#15355,.F.);
#15355 = EDGE_LOOP('',(#15356,#15357,#15358,#15364));
#15356 = ORIENTED_EDGE('',*,*,#15248,.T.);
#15357 = ORIENTED_EDGE('',*,*,#15295,.T.);
#15358 = ORIENTED_EDGE('',*,*,#15359,.F.);
#15359 = EDGE_CURVE('',#15335,#15288,#15360,.T.);
#15360 = LINE('',#15361,#15362);
#15361 = CARTESIAN_POINT('',(-2.,0.2,-0.625));
#15362 = VECTOR('',#15363,1.);
#15363 = DIRECTION('',(0.,0.,-1.));
#15364 = ORIENTED_EDGE('',*,*,#15334,.F.);
#15365 = PLANE('',#15366);
#15366 = AXIS2_PLACEMENT_3D('',#15367,#15368,#15369);
#15367 = CARTESIAN_POINT('',(-2.,0.,-0.625));
#15368 = DIRECTION('',(1.,0.,0.));
#15369 = DIRECTION('',(0.,0.,-1.));
#15370 = ADVANCED_FACE('',(#15371),#15377,.F.);
#15371 = FACE_BOUND('',#15372,.F.);
#15372 = EDGE_LOOP('',(#15373,#15374,#15375,#15376));
#15373 = ORIENTED_EDGE('',*,*,#15287,.T.);
#15374 = ORIENTED_EDGE('',*,*,#15318,.T.);
#15375 = ORIENTED_EDGE('',*,*,#15342,.T.);
#15376 = ORIENTED_EDGE('',*,*,#15359,.T.);
#15377 = PLANE('',#15378);
#15378 = AXIS2_PLACEMENT_3D('',#15379,#15380,#15381);
#15379 = CARTESIAN_POINT('',(0.,0.2,0.));
#15380 = DIRECTION('',(0.,-1.,0.));
#15381 = DIRECTION('',(-1.,0.,0.));
#15382 = ( GEOMETRIC_REPRESENTATION_CONTEXT(3) 
GLOBAL_UNCERTAINTY_ASSIGNED_CONTEXT((#15386)) 
GLOBAL_UNIT_ASSIGNED_CONTEXT((#15383,#15384,#15385)) 
REPRESENTATION_CONTEXT('Context #1',
  '3D Context with UNIT and UNCERTAINTY') );
#15383 = ( LENGTH_UNIT() NAMED_UNIT(*) SI_UNIT(.MILLI.,.METRE.) );
#15384 = ( NAMED_UNIT(*) PLANE_ANGLE_UNIT() SI_UNIT($,.RADIAN.) );
#15385 = ( NAMED_UNIT(*) SI_UNIT($,.STERADIAN.) SOLID_ANGLE_UNIT() );
#15386 = UNCERTAINTY_MEASURE_WITH_UNIT(LENGTH_MEASURE(1.E-07),#15383,
  'distance_accuracy_value','confusion accuracy');
#15387 = CONTEXT_DEPENDENT_SHAPE_REPRESENTATION(#15388,#15390);
#15388 = ( REPRESENTATION_RELATIONSHIP('','',#15231,#12756) 
REPRESENTATION_RELATIONSHIP_WITH_TRANSFORMATION(#15389) 
SHAPE_REPRESENTATION_RELATIONSHIP() );
#15389 = ITEM_DEFINED_TRANSFORMATION('','',#11,#12809);
#15390 = PRODUCT_DEFINITION_SHAPE('Placement','Placement of an item',
  #15391);
#15391 = NEXT_ASSEMBLY_USAGE_OCCURRENCE('26','=>0:1:1:27','',#12751,
  #15226,$);
#15392 = PRODUCT_RELATED_PRODUCT_CATEGORY('part',$,(#15228));
#15393 = SHAPE_DEFINITION_REPRESENTATION(#15394,#15400);
#15394 = PRODUCT_DEFINITION_SHAPE('','',#15395);
#15395 = PRODUCT_DEFINITION('design','',#15396,#15399);
#15396 = PRODUCT_DEFINITION_FORMATION('','',#15397);
#15397 = PRODUCT('SOLID','SOLID','',(#15398));
#15398 = PRODUCT_CONTEXT('',#2,'mechanical');
#15399 = PRODUCT_DEFINITION_CONTEXT('part definition',#2,'design');
#15400 = ADVANCED_BREP_SHAPE_REPRESENTATION('',(#11,#15401),#15551);
#15401 = MANIFOLD_SOLID_BREP('',#15402);
#15402 = CLOSED_SHELL('',(#15403,#15443,#15474,#15498,#15522,#15539));
#15403 = ADVANCED_FACE('',(#15404),#15438,.T.);
#15404 = FACE_BOUND('',#15405,.F.);
#15405 = EDGE_LOOP('',(#15406,#15416,#15424,#15432));
#15406 = ORIENTED_EDGE('',*,*,#15407,.F.);
#15407 = EDGE_CURVE('',#15408,#15410,#15412,.T.);
#15408 = VERTEX_POINT('',#15409);
#15409 = CARTESIAN_POINT('',(-2.,0.,-0.375));
#15410 = VERTEX_POINT('',#15411);
#15411 = CARTESIAN_POINT('',(-1.6,0.,-0.375));
#15412 = LINE('',#15413,#15414);
#15413 = CARTESIAN_POINT('',(-2.,0.,-0.375));
#15414 = VECTOR('',#15415,1.);
#15415 = DIRECTION('',(1.,0.,0.));
#15416 = ORIENTED_EDGE('',*,*,#15417,.F.);
#15417 = EDGE_CURVE('',#15418,#15408,#15420,.T.);
#15418 = VERTEX_POINT('',#15419);
#15419 = CARTESIAN_POINT('',(-2.,0.,-0.125));
#15420 = LINE('',#15421,#15422);
#15421 = CARTESIAN_POINT('',(-2.,0.,-0.125));
#15422 = VECTOR('',#15423,1.);
#15423 = DIRECTION('',(0.,0.,-1.));
#15424 = ORIENTED_EDGE('',*,*,#15425,.F.);
#15425 = EDGE_CURVE('',#15426,#15418,#15428,.T.);
#15426 = VERTEX_POINT('',#15427);
#15427 = CARTESIAN_POINT('',(-1.6,0.,-0.125));
#15428 = LINE('',#15429,#15430);
#15429 = CARTESIAN_POINT('',(-1.6,0.,-0.125));
#15430 = VECTOR('',#15431,1.);
#15431 = DIRECTION('',(-1.,0.,0.));
#15432 = ORIENTED_EDGE('',*,*,#15433,.F.);
#15433 = EDGE_CURVE('',#15410,#15426,#15434,.T.);
#15434 = LINE('',#15435,#15436);
#15435 = CARTESIAN_POINT('',(-1.6,0.,-0.375));
#15436 = VECTOR('',#15437,1.);
#15437 = DIRECTION('',(0.,0.,1.));
#15438 = PLANE('',#15439);
#15439 = AXIS2_PLACEMENT_3D('',#15440,#15441,#15442);
#15440 = CARTESIAN_POINT('',(0.,0.,0.));
#15441 = DIRECTION('',(0.,-1.,0.));
#15442 = DIRECTION('',(-1.,0.,0.));
#15443 = ADVANCED_FACE('',(#15444),#15469,.F.);
#15444 = FACE_BOUND('',#15445,.F.);
#15445 = EDGE_LOOP('',(#15446,#15447,#15455,#15463));
#15446 = ORIENTED_EDGE('',*,*,#15407,.T.);
#15447 = ORIENTED_EDGE('',*,*,#15448,.T.);
#15448 = EDGE_CURVE('',#15410,#15449,#15451,.T.);
#15449 = VERTEX_POINT('',#15450);
#15450 = CARTESIAN_POINT('',(-1.6,0.2,-0.375));
#15451 = LINE('',#15452,#15453);
#15452 = CARTESIAN_POINT('',(-1.6,0.,-0.375));
#15453 = VECTOR('',#15454,1.);
#15454 = DIRECTION('',(0.,1.,0.));
#15455 = ORIENTED_EDGE('',*,*,#15456,.F.);
#15456 = EDGE_CURVE('',#15457,#15449,#15459,.T.);
#15457 = VERTEX_POINT('',#15458);
#15458 = CARTESIAN_POINT('',(-2.,0.2,-0.375));
#15459 = LINE('',#15460,#15461);
#15460 = CARTESIAN_POINT('',(-2.,0.2,-0.375));
#15461 = VECTOR('',#15462,1.);
#15462 = DIRECTION('',(1.,0.,0.));
#15463 = ORIENTED_EDGE('',*,*,#15464,.F.);
#15464 = EDGE_CURVE('',#15408,#15457,#15465,.T.);
#15465 = LINE('',#15466,#15467);
#15466 = CARTESIAN_POINT('',(-2.,0.,-0.375));
#15467 = VECTOR('',#15468,1.);
#15468 = DIRECTION('',(0.,1.,0.));
#15469 = PLANE('',#15470);
#15470 = AXIS2_PLACEMENT_3D('',#15471,#15472,#15473);
#15471 = CARTESIAN_POINT('',(-2.,0.,-0.375));
#15472 = DIRECTION('',(0.,0.,1.));
#15473 = DIRECTION('',(1.,0.,-0.));
#15474 = ADVANCED_FACE('',(#15475),#15493,.F.);
#15475 = FACE_BOUND('',#15476,.F.);
#15476 = EDGE_LOOP('',(#15477,#15478,#15486,#15492));
#15477 = ORIENTED_EDGE('',*,*,#15433,.T.);
#15478 = ORIENTED_EDGE('',*,*,#15479,.T.);
#15479 = EDGE_CURVE('',#15426,#15480,#15482,.T.);
#15480 = VERTEX_POINT('',#15481);
#15481 = CARTESIAN_POINT('',(-1.6,0.2,-0.125));
#15482 = LINE('',#15483,#15484);
#15483 = CARTESIAN_POINT('',(-1.6,0.,-0.125));
#15484 = VECTOR('',#15485,1.);
#15485 = DIRECTION('',(0.,1.,0.));
#15486 = ORIENTED_EDGE('',*,*,#15487,.F.);
#15487 = EDGE_CURVE('',#15449,#15480,#15488,.T.);
#15488 = LINE('',#15489,#15490);
#15489 = CARTESIAN_POINT('',(-1.6,0.2,-0.375));
#15490 = VECTOR('',#15491,1.);
#15491 = DIRECTION('',(0.,0.,1.));
#15492 = ORIENTED_EDGE('',*,*,#15448,.F.);
#15493 = PLANE('',#15494);
#15494 = AXIS2_PLACEMENT_3D('',#15495,#15496,#15497);
#15495 = CARTESIAN_POINT('',(-1.6,0.,-0.375));
#15496 = DIRECTION('',(-1.,0.,0.));
#15497 = DIRECTION('',(0.,0.,1.));
#15498 = ADVANCED_FACE('',(#15499),#15517,.F.);
#15499 = FACE_BOUND('',#15500,.F.);
#15500 = EDGE_LOOP('',(#15501,#15502,#15510,#15516));
#15501 = ORIENTED_EDGE('',*,*,#15425,.T.);
#15502 = ORIENTED_EDGE('',*,*,#15503,.T.);
#15503 = EDGE_CURVE('',#15418,#15504,#15506,.T.);
#15504 = VERTEX_POINT('',#15505);
#15505 = CARTESIAN_POINT('',(-2.,0.2,-0.125));
#15506 = LINE('',#15507,#15508);
#15507 = CARTESIAN_POINT('',(-2.,0.,-0.125));
#15508 = VECTOR('',#15509,1.);
#15509 = DIRECTION('',(0.,1.,0.));
#15510 = ORIENTED_EDGE('',*,*,#15511,.F.);
#15511 = EDGE_CURVE('',#15480,#15504,#15512,.T.);
#15512 = LINE('',#15513,#15514);
#15513 = CARTESIAN_POINT('',(-1.6,0.2,-0.125));
#15514 = VECTOR('',#15515,1.);
#15515 = DIRECTION('',(-1.,0.,0.));
#15516 = ORIENTED_EDGE('',*,*,#15479,.F.);
#15517 = PLANE('',#15518);
#15518 = AXIS2_PLACEMENT_3D('',#15519,#15520,#15521);
#15519 = CARTESIAN_POINT('',(-1.6,0.,-0.125));
#15520 = DIRECTION('',(0.,0.,-1.));
#15521 = DIRECTION('',(-1.,0.,0.));
#15522 = ADVANCED_FACE('',(#15523),#15534,.F.);
#15523 = FACE_BOUND('',#15524,.F.);
#15524 = EDGE_LOOP('',(#15525,#15526,#15527,#15533));
#15525 = ORIENTED_EDGE('',*,*,#15417,.T.);
#15526 = ORIENTED_EDGE('',*,*,#15464,.T.);
#15527 = ORIENTED_EDGE('',*,*,#15528,.F.);
#15528 = EDGE_CURVE('',#15504,#15457,#15529,.T.);
#15529 = LINE('',#15530,#15531);
#15530 = CARTESIAN_POINT('',(-2.,0.2,-0.125));
#15531 = VECTOR('',#15532,1.);
#15532 = DIRECTION('',(0.,0.,-1.));
#15533 = ORIENTED_EDGE('',*,*,#15503,.F.);
#15534 = PLANE('',#15535);
#15535 = AXIS2_PLACEMENT_3D('',#15536,#15537,#15538);
#15536 = CARTESIAN_POINT('',(-2.,0.,-0.125));
#15537 = DIRECTION('',(1.,0.,0.));
#15538 = DIRECTION('',(0.,0.,-1.));
#15539 = ADVANCED_FACE('',(#15540),#15546,.F.);
#15540 = FACE_BOUND('',#15541,.F.);
#15541 = EDGE_LOOP('',(#15542,#15543,#15544,#15545));
#15542 = ORIENTED_EDGE('',*,*,#15456,.T.);
#15543 = ORIENTED_EDGE('',*,*,#15487,.T.);
#15544 = ORIENTED_EDGE('',*,*,#15511,.T.);
#15545 = ORIENTED_EDGE('',*,*,#15528,.T.);
#15546 = PLANE('',#15547);
#15547 = AXIS2_PLACEMENT_3D('',#15548,#15549,#15550);
#15548 = CARTESIAN_POINT('',(0.,0.2,0.));
#15549 = DIRECTION('',(0.,-1.,0.));
#15550 = DIRECTION('',(-1.,0.,0.));
#15551 = ( GEOMETRIC_REPRESENTATION_CONTEXT(3) 
GLOBAL_UNCERTAINTY_ASSIGNED_CONTEXT((#15555)) 
GLOBAL_UNIT_ASSIGNED_CONTEXT((#15552,#15553,#15554)) 
REPRESENTATION_CONTEXT('Context #1',
  '3D Context with UNIT and UNCERTAINTY') );
#15552 = ( LENGTH_UNIT() NAMED_UNIT(*) SI_UNIT(.MILLI.,.METRE.) );
#15553 = ( NAMED_UNIT(*) PLANE_ANGLE_UNIT() SI_UNIT($,.RADIAN.) );
#15554 = ( NAMED_UNIT(*) SI_UNIT($,.STERADIAN.) SOLID_ANGLE_UNIT() );
#15555 = UNCERTAINTY_MEASURE_WITH_UNIT(LENGTH_MEASURE(1.E-07),#15552,
  'distance_accuracy_value','confusion accuracy');
#15556 = CONTEXT_DEPENDENT_SHAPE_REPRESENTATION(#15557,#15559);
#15557 = ( REPRESENTATION_RELATIONSHIP('','',#15400,#12756) 
REPRESENTATION_RELATIONSHIP_WITH_TRANSFORMATION(#15558) 
SHAPE_REPRESENTATION_RELATIONSHIP() );
#15558 = ITEM_DEFINED_TRANSFORMATION('','',#11,#12813);
#15559 = PRODUCT_DEFINITION_SHAPE('Placement','Placement of an item',
  #15560);
#15560 = NEXT_ASSEMBLY_USAGE_OCCURRENCE('27','=>0:1:1:28','',#12751,
  #15395,$);
#15561 = PRODUCT_RELATED_PRODUCT_CATEGORY('part',$,(#15397));
#15562 = SHAPE_DEFINITION_REPRESENTATION(#15563,#15569);
#15563 = PRODUCT_DEFINITION_SHAPE('','',#15564);
#15564 = PRODUCT_DEFINITION('design','',#15565,#15568);
#15565 = PRODUCT_DEFINITION_FORMATION('','',#15566);
#15566 = PRODUCT('SOLID','SOLID','',(#15567));
#15567 = PRODUCT_CONTEXT('',#2,'mechanical');
#15568 = PRODUCT_DEFINITION_CONTEXT('part definition',#2,'design');
#15569 = ADVANCED_BREP_SHAPE_REPRESENTATION('',(#11,#15570),#15720);
#15570 = MANIFOLD_SOLID_BREP('',#15571);
#15571 = CLOSED_SHELL('',(#15572,#15612,#15643,#15667,#15691,#15708));
#15572 = ADVANCED_FACE('',(#15573),#15607,.T.);
#15573 = FACE_BOUND('',#15574,.F.);
#15574 = EDGE_LOOP('',(#15575,#15585,#15593,#15601));
#15575 = ORIENTED_EDGE('',*,*,#15576,.F.);
#15576 = EDGE_CURVE('',#15577,#15579,#15581,.T.);
#15577 = VERTEX_POINT('',#15578);
#15578 = CARTESIAN_POINT('',(-2.,0.,0.125));
#15579 = VERTEX_POINT('',#15580);
#15580 = CARTESIAN_POINT('',(-1.6,0.,0.125));
#15581 = LINE('',#15582,#15583);
#15582 = CARTESIAN_POINT('',(-2.,0.,0.125));
#15583 = VECTOR('',#15584,1.);
#15584 = DIRECTION('',(1.,0.,0.));
#15585 = ORIENTED_EDGE('',*,*,#15586,.F.);
#15586 = EDGE_CURVE('',#15587,#15577,#15589,.T.);
#15587 = VERTEX_POINT('',#15588);
#15588 = CARTESIAN_POINT('',(-2.,0.,0.375));
#15589 = LINE('',#15590,#15591);
#15590 = CARTESIAN_POINT('',(-2.,0.,0.375));
#15591 = VECTOR('',#15592,1.);
#15592 = DIRECTION('',(0.,0.,-1.));
#15593 = ORIENTED_EDGE('',*,*,#15594,.F.);
#15594 = EDGE_CURVE('',#15595,#15587,#15597,.T.);
#15595 = VERTEX_POINT('',#15596);
#15596 = CARTESIAN_POINT('',(-1.6,0.,0.375));
#15597 = LINE('',#15598,#15599);
#15598 = CARTESIAN_POINT('',(-1.6,0.,0.375));
#15599 = VECTOR('',#15600,1.);
#15600 = DIRECTION('',(-1.,0.,0.));
#15601 = ORIENTED_EDGE('',*,*,#15602,.F.);
#15602 = EDGE_CURVE('',#15579,#15595,#15603,.T.);
#15603 = LINE('',#15604,#15605);
#15604 = CARTESIAN_POINT('',(-1.6,0.,0.125));
#15605 = VECTOR('',#15606,1.);
#15606 = DIRECTION('',(0.,0.,1.));
#15607 = PLANE('',#15608);
#15608 = AXIS2_PLACEMENT_3D('',#15609,#15610,#15611);
#15609 = CARTESIAN_POINT('',(0.,0.,0.));
#15610 = DIRECTION('',(0.,-1.,0.));
#15611 = DIRECTION('',(-1.,0.,0.));
#15612 = ADVANCED_FACE('',(#15613),#15638,.F.);
#15613 = FACE_BOUND('',#15614,.F.);
#15614 = EDGE_LOOP('',(#15615,#15616,#15624,#15632));
#15615 = ORIENTED_EDGE('',*,*,#15576,.T.);
#15616 = ORIENTED_EDGE('',*,*,#15617,.T.);
#15617 = EDGE_CURVE('',#15579,#15618,#15620,.T.);
#15618 = VERTEX_POINT('',#15619);
#15619 = CARTESIAN_POINT('',(-1.6,0.2,0.125));
#15620 = LINE('',#15621,#15622);
#15621 = CARTESIAN_POINT('',(-1.6,0.,0.125));
#15622 = VECTOR('',#15623,1.);
#15623 = DIRECTION('',(0.,1.,0.));
#15624 = ORIENTED_EDGE('',*,*,#15625,.F.);
#15625 = EDGE_CURVE('',#15626,#15618,#15628,.T.);
#15626 = VERTEX_POINT('',#15627);
#15627 = CARTESIAN_POINT('',(-2.,0.2,0.125));
#15628 = LINE('',#15629,#15630);
#15629 = CARTESIAN_POINT('',(-2.,0.2,0.125));
#15630 = VECTOR('',#15631,1.);
#15631 = DIRECTION('',(1.,0.,0.));
#15632 = ORIENTED_EDGE('',*,*,#15633,.F.);
#15633 = EDGE_CURVE('',#15577,#15626,#15634,.T.);
#15634 = LINE('',#15635,#15636);
#15635 = CARTESIAN_POINT('',(-2.,0.,0.125));
#15636 = VECTOR('',#15637,1.);
#15637 = DIRECTION('',(0.,1.,0.));
#15638 = PLANE('',#15639);
#15639 = AXIS2_PLACEMENT_3D('',#15640,#15641,#15642);
#15640 = CARTESIAN_POINT('',(-2.,0.,0.125));
#15641 = DIRECTION('',(0.,0.,1.));
#15642 = DIRECTION('',(1.,0.,-0.));
#15643 = ADVANCED_FACE('',(#15644),#15662,.F.);
#15644 = FACE_BOUND('',#15645,.F.);
#15645 = EDGE_LOOP('',(#15646,#15647,#15655,#15661));
#15646 = ORIENTED_EDGE('',*,*,#15602,.T.);
#15647 = ORIENTED_EDGE('',*,*,#15648,.T.);
#15648 = EDGE_CURVE('',#15595,#15649,#15651,.T.);
#15649 = VERTEX_POINT('',#15650);
#15650 = CARTESIAN_POINT('',(-1.6,0.2,0.375));
#15651 = LINE('',#15652,#15653);
#15652 = CARTESIAN_POINT('',(-1.6,0.,0.375));
#15653 = VECTOR('',#15654,1.);
#15654 = DIRECTION('',(0.,1.,0.));
#15655 = ORIENTED_EDGE('',*,*,#15656,.F.);
#15656 = EDGE_CURVE('',#15618,#15649,#15657,.T.);
#15657 = LINE('',#15658,#15659);
#15658 = CARTESIAN_POINT('',(-1.6,0.2,0.125));
#15659 = VECTOR('',#15660,1.);
#15660 = DIRECTION('',(0.,0.,1.));
#15661 = ORIENTED_EDGE('',*,*,#15617,.F.);
#15662 = PLANE('',#15663);
#15663 = AXIS2_PLACEMENT_3D('',#15664,#15665,#15666);
#15664 = CARTESIAN_POINT('',(-1.6,0.,0.125));
#15665 = DIRECTION('',(-1.,0.,0.));
#15666 = DIRECTION('',(0.,0.,1.));
#15667 = ADVANCED_FACE('',(#15668),#15686,.F.);
#15668 = FACE_BOUND('',#15669,.F.);
#15669 = EDGE_LOOP('',(#15670,#15671,#15679,#15685));
#15670 = ORIENTED_EDGE('',*,*,#15594,.T.);
#15671 = ORIENTED_EDGE('',*,*,#15672,.T.);
#15672 = EDGE_CURVE('',#15587,#15673,#15675,.T.);
#15673 = VERTEX_POINT('',#15674);
#15674 = CARTESIAN_POINT('',(-2.,0.2,0.375));
#15675 = LINE('',#15676,#15677);
#15676 = CARTESIAN_POINT('',(-2.,0.,0.375));
#15677 = VECTOR('',#15678,1.);
#15678 = DIRECTION('',(0.,1.,0.));
#15679 = ORIENTED_EDGE('',*,*,#15680,.F.);
#15680 = EDGE_CURVE('',#15649,#15673,#15681,.T.);
#15681 = LINE('',#15682,#15683);
#15682 = CARTESIAN_POINT('',(-1.6,0.2,0.375));
#15683 = VECTOR('',#15684,1.);
#15684 = DIRECTION('',(-1.,0.,0.));
#15685 = ORIENTED_EDGE('',*,*,#15648,.F.);
#15686 = PLANE('',#15687);
#15687 = AXIS2_PLACEMENT_3D('',#15688,#15689,#15690);
#15688 = CARTESIAN_POINT('',(-1.6,0.,0.375));
#15689 = DIRECTION('',(0.,0.,-1.));
#15690 = DIRECTION('',(-1.,0.,0.));
#15691 = ADVANCED_FACE('',(#15692),#15703,.F.);
#15692 = FACE_BOUND('',#15693,.F.);
#15693 = EDGE_LOOP('',(#15694,#15695,#15696,#15702));
#15694 = ORIENTED_EDGE('',*,*,#15586,.T.);
#15695 = ORIENTED_EDGE('',*,*,#15633,.T.);
#15696 = ORIENTED_EDGE('',*,*,#15697,.F.);
#15697 = EDGE_CURVE('',#15673,#15626,#15698,.T.);
#15698 = LINE('',#15699,#15700);
#15699 = CARTESIAN_POINT('',(-2.,0.2,0.375));
#15700 = VECTOR('',#15701,1.);
#15701 = DIRECTION('',(0.,0.,-1.));
#15702 = ORIENTED_EDGE('',*,*,#15672,.F.);
#15703 = PLANE('',#15704);
#15704 = AXIS2_PLACEMENT_3D('',#15705,#15706,#15707);
#15705 = CARTESIAN_POINT('',(-2.,0.,0.375));
#15706 = DIRECTION('',(1.,0.,0.));
#15707 = DIRECTION('',(0.,0.,-1.));
#15708 = ADVANCED_FACE('',(#15709),#15715,.F.);
#15709 = FACE_BOUND('',#15710,.F.);
#15710 = EDGE_LOOP('',(#15711,#15712,#15713,#15714));
#15711 = ORIENTED_EDGE('',*,*,#15625,.T.);
#15712 = ORIENTED_EDGE('',*,*,#15656,.T.);
#15713 = ORIENTED_EDGE('',*,*,#15680,.T.);
#15714 = ORIENTED_EDGE('',*,*,#15697,.T.);
#15715 = PLANE('',#15716);
#15716 = AXIS2_PLACEMENT_3D('',#15717,#15718,#15719);
#15717 = CARTESIAN_POINT('',(0.,0.2,0.));
#15718 = DIRECTION('',(0.,-1.,0.));
#15719 = DIRECTION('',(-1.,0.,0.));
#15720 = ( GEOMETRIC_REPRESENTATION_CONTEXT(3) 
GLOBAL_UNCERTAINTY_ASSIGNED_CONTEXT((#15724)) 
GLOBAL_UNIT_ASSIGNED_CONTEXT((#15721,#15722,#15723)) 
REPRESENTATION_CONTEXT('Context #1',
  '3D Context with UNIT and UNCERTAINTY') );
#15721 = ( LENGTH_UNIT() NAMED_UNIT(*) SI_UNIT(.MILLI.,.METRE.) );
#15722 = ( NAMED_UNIT(*) PLANE_ANGLE_UNIT() SI_UNIT($,.RADIAN.) );
#15723 = ( NAMED_UNIT(*) SI_UNIT($,.STERADIAN.) SOLID_ANGLE_UNIT() );
#15724 = UNCERTAINTY_MEASURE_WITH_UNIT(LENGTH_MEASURE(1.E-07),#15721,
  'distance_accuracy_value','confusion accuracy');
#15725 = CONTEXT_DEPENDENT_SHAPE_REPRESENTATION(#15726,#15728);
#15726 = ( REPRESENTATION_RELATIONSHIP('','',#15569,#12756) 
REPRESENTATION_RELATIONSHIP_WITH_TRANSFORMATION(#15727) 
SHAPE_REPRESENTATION_RELATIONSHIP() );
#15727 = ITEM_DEFINED_TRANSFORMATION('','',#11,#12817);
#15728 = PRODUCT_DEFINITION_SHAPE('Placement','Placement of an item',
  #15729);
#15729 = NEXT_ASSEMBLY_USAGE_OCCURRENCE('28','=>0:1:1:29','',#12751,
  #15564,$);
#15730 = PRODUCT_RELATED_PRODUCT_CATEGORY('part',$,(#15566));
#15731 = SHAPE_DEFINITION_REPRESENTATION(#15732,#15738);
#15732 = PRODUCT_DEFINITION_SHAPE('','',#15733);
#15733 = PRODUCT_DEFINITION('design','',#15734,#15737);
#15734 = PRODUCT_DEFINITION_FORMATION('','',#15735);
#15735 = PRODUCT('SOLID','SOLID','',(#15736));
#15736 = PRODUCT_CONTEXT('',#2,'mechanical');
#15737 = PRODUCT_DEFINITION_CONTEXT('part definition',#2,'design');
#15738 = ADVANCED_BREP_SHAPE_REPRESENTATION('',(#11,#15739),#15889);
#15739 = MANIFOLD_SOLID_BREP('',#15740);
#15740 = CLOSED_SHELL('',(#15741,#15781,#15812,#15836,#15860,#15877));
#15741 = ADVANCED_FACE('',(#15742),#15776,.T.);
#15742 = FACE_BOUND('',#15743,.F.);
#15743 = EDGE_LOOP('',(#15744,#15754,#15762,#15770));
#15744 = ORIENTED_EDGE('',*,*,#15745,.F.);
#15745 = EDGE_CURVE('',#15746,#15748,#15750,.T.);
#15746 = VERTEX_POINT('',#15747);
#15747 = CARTESIAN_POINT('',(-2.,0.,0.625));
#15748 = VERTEX_POINT('',#15749);
#15749 = CARTESIAN_POINT('',(-1.6,0.,0.625));
#15750 = LINE('',#15751,#15752);
#15751 = CARTESIAN_POINT('',(-2.,0.,0.625));
#15752 = VECTOR('',#15753,1.);
#15753 = DIRECTION('',(1.,0.,0.));
#15754 = ORIENTED_EDGE('',*,*,#15755,.F.);
#15755 = EDGE_CURVE('',#15756,#15746,#15758,.T.);
#15756 = VERTEX_POINT('',#15757);
#15757 = CARTESIAN_POINT('',(-2.,0.,0.875));
#15758 = LINE('',#15759,#15760);
#15759 = CARTESIAN_POINT('',(-2.,0.,0.875));
#15760 = VECTOR('',#15761,1.);
#15761 = DIRECTION('',(0.,0.,-1.));
#15762 = ORIENTED_EDGE('',*,*,#15763,.F.);
#15763 = EDGE_CURVE('',#15764,#15756,#15766,.T.);
#15764 = VERTEX_POINT('',#15765);
#15765 = CARTESIAN_POINT('',(-1.6,0.,0.875));
#15766 = LINE('',#15767,#15768);
#15767 = CARTESIAN_POINT('',(-1.6,0.,0.875));
#15768 = VECTOR('',#15769,1.);
#15769 = DIRECTION('',(-1.,0.,0.));
#15770 = ORIENTED_EDGE('',*,*,#15771,.F.);
#15771 = EDGE_CURVE('',#15748,#15764,#15772,.T.);
#15772 = LINE('',#15773,#15774);
#15773 = CARTESIAN_POINT('',(-1.6,0.,0.625));
#15774 = VECTOR('',#15775,1.);
#15775 = DIRECTION('',(0.,0.,1.));
#15776 = PLANE('',#15777);
#15777 = AXIS2_PLACEMENT_3D('',#15778,#15779,#15780);
#15778 = CARTESIAN_POINT('',(0.,0.,0.));
#15779 = DIRECTION('',(0.,-1.,0.));
#15780 = DIRECTION('',(-1.,0.,0.));
#15781 = ADVANCED_FACE('',(#15782),#15807,.F.);
#15782 = FACE_BOUND('',#15783,.F.);
#15783 = EDGE_LOOP('',(#15784,#15785,#15793,#15801));
#15784 = ORIENTED_EDGE('',*,*,#15745,.T.);
#15785 = ORIENTED_EDGE('',*,*,#15786,.T.);
#15786 = EDGE_CURVE('',#15748,#15787,#15789,.T.);
#15787 = VERTEX_POINT('',#15788);
#15788 = CARTESIAN_POINT('',(-1.6,0.2,0.625));
#15789 = LINE('',#15790,#15791);
#15790 = CARTESIAN_POINT('',(-1.6,0.,0.625));
#15791 = VECTOR('',#15792,1.);
#15792 = DIRECTION('',(0.,1.,0.));
#15793 = ORIENTED_EDGE('',*,*,#15794,.F.);
#15794 = EDGE_CURVE('',#15795,#15787,#15797,.T.);
#15795 = VERTEX_POINT('',#15796);
#15796 = CARTESIAN_POINT('',(-2.,0.2,0.625));
#15797 = LINE('',#15798,#15799);
#15798 = CARTESIAN_POINT('',(-2.,0.2,0.625));
#15799 = VECTOR('',#15800,1.);
#15800 = DIRECTION('',(1.,0.,0.));
#15801 = ORIENTED_EDGE('',*,*,#15802,.F.);
#15802 = EDGE_CURVE('',#15746,#15795,#15803,.T.);
#15803 = LINE('',#15804,#15805);
#15804 = CARTESIAN_POINT('',(-2.,0.,0.625));
#15805 = VECTOR('',#15806,1.);
#15806 = DIRECTION('',(0.,1.,0.));
#15807 = PLANE('',#15808);
#15808 = AXIS2_PLACEMENT_3D('',#15809,#15810,#15811);
#15809 = CARTESIAN_POINT('',(-2.,0.,0.625));
#15810 = DIRECTION('',(0.,0.,1.));
#15811 = DIRECTION('',(1.,0.,-0.));
#15812 = ADVANCED_FACE('',(#15813),#15831,.F.);
#15813 = FACE_BOUND('',#15814,.F.);
#15814 = EDGE_LOOP('',(#15815,#15816,#15824,#15830));
#15815 = ORIENTED_EDGE('',*,*,#15771,.T.);
#15816 = ORIENTED_EDGE('',*,*,#15817,.T.);
#15817 = EDGE_CURVE('',#15764,#15818,#15820,.T.);
#15818 = VERTEX_POINT('',#15819);
#15819 = CARTESIAN_POINT('',(-1.6,0.2,0.875));
#15820 = LINE('',#15821,#15822);
#15821 = CARTESIAN_POINT('',(-1.6,0.,0.875));
#15822 = VECTOR('',#15823,1.);
#15823 = DIRECTION('',(0.,1.,0.));
#15824 = ORIENTED_EDGE('',*,*,#15825,.F.);
#15825 = EDGE_CURVE('',#15787,#15818,#15826,.T.);
#15826 = LINE('',#15827,#15828);
#15827 = CARTESIAN_POINT('',(-1.6,0.2,0.625));
#15828 = VECTOR('',#15829,1.);
#15829 = DIRECTION('',(0.,0.,1.));
#15830 = ORIENTED_EDGE('',*,*,#15786,.F.);
#15831 = PLANE('',#15832);
#15832 = AXIS2_PLACEMENT_3D('',#15833,#15834,#15835);
#15833 = CARTESIAN_POINT('',(-1.6,0.,0.625));
#15834 = DIRECTION('',(-1.,0.,0.));
#15835 = DIRECTION('',(0.,0.,1.));
#15836 = ADVANCED_FACE('',(#15837),#15855,.F.);
#15837 = FACE_BOUND('',#15838,.F.);
#15838 = EDGE_LOOP('',(#15839,#15840,#15848,#15854));
#15839 = ORIENTED_EDGE('',*,*,#15763,.T.);
#15840 = ORIENTED_EDGE('',*,*,#15841,.T.);
#15841 = EDGE_CURVE('',#15756,#15842,#15844,.T.);
#15842 = VERTEX_POINT('',#15843);
#15843 = CARTESIAN_POINT('',(-2.,0.2,0.875));
#15844 = LINE('',#15845,#15846);
#15845 = CARTESIAN_POINT('',(-2.,0.,0.875));
#15846 = VECTOR('',#15847,1.);
#15847 = DIRECTION('',(0.,1.,0.));
#15848 = ORIENTED_EDGE('',*,*,#15849,.F.);
#15849 = EDGE_CURVE('',#15818,#15842,#15850,.T.);
#15850 = LINE('',#15851,#15852);
#15851 = CARTESIAN_POINT('',(-1.6,0.2,0.875));
#15852 = VECTOR('',#15853,1.);
#15853 = DIRECTION('',(-1.,0.,0.));
#15854 = ORIENTED_EDGE('',*,*,#15817,.F.);
#15855 = PLANE('',#15856);
#15856 = AXIS2_PLACEMENT_3D('',#15857,#15858,#15859);
#15857 = CARTESIAN_POINT('',(-1.6,0.,0.875));
#15858 = DIRECTION('',(0.,0.,-1.));
#15859 = DIRECTION('',(-1.,0.,0.));
#15860 = ADVANCED_FACE('',(#15861),#15872,.F.);
#15861 = FACE_BOUND('',#15862,.F.);
#15862 = EDGE_LOOP('',(#15863,#15864,#15865,#15871));
#15863 = ORIENTED_EDGE('',*,*,#15755,.T.);
#15864 = ORIENTED_EDGE('',*,*,#15802,.T.);
#15865 = ORIENTED_EDGE('',*,*,#15866,.F.);
#15866 = EDGE_CURVE('',#15842,#15795,#15867,.T.);
#15867 = LINE('',#15868,#15869);
#15868 = CARTESIAN_POINT('',(-2.,0.2,0.875));
#15869 = VECTOR('',#15870,1.);
#15870 = DIRECTION('',(0.,0.,-1.));
#15871 = ORIENTED_EDGE('',*,*,#15841,.F.);
#15872 = PLANE('',#15873);
#15873 = AXIS2_PLACEMENT_3D('',#15874,#15875,#15876);
#15874 = CARTESIAN_POINT('',(-2.,0.,0.875));
#15875 = DIRECTION('',(1.,0.,0.));
#15876 = DIRECTION('',(0.,0.,-1.));
#15877 = ADVANCED_FACE('',(#15878),#15884,.F.);
#15878 = FACE_BOUND('',#15879,.F.);
#15879 = EDGE_LOOP('',(#15880,#15881,#15882,#15883));
#15880 = ORIENTED_EDGE('',*,*,#15794,.T.);
#15881 = ORIENTED_EDGE('',*,*,#15825,.T.);
#15882 = ORIENTED_EDGE('',*,*,#15849,.T.);
#15883 = ORIENTED_EDGE('',*,*,#15866,.T.);
#15884 = PLANE('',#15885);
#15885 = AXIS2_PLACEMENT_3D('',#15886,#15887,#15888);
#15886 = CARTESIAN_POINT('',(0.,0.2,0.));
#15887 = DIRECTION('',(0.,-1.,0.));
#15888 = DIRECTION('',(-1.,0.,0.));
#15889 = ( GEOMETRIC_REPRESENTATION_CONTEXT(3) 
GLOBAL_UNCERTAINTY_ASSIGNED_CONTEXT((#15893)) 
GLOBAL_UNIT_ASSIGNED_CONTEXT((#15890,#15891,#15892)) 
REPRESENTATION_CONTEXT('Context #1',
  '3D Context with UNIT and UNCERTAINTY') );
#15890 = ( LENGTH_UNIT() NAMED_UNIT(*) SI_UNIT(.MILLI.,.METRE.) );
#15891 = ( NAMED_UNIT(*) PLANE_ANGLE_UNIT() SI_UNIT($,.RADIAN.) );
#15892 = ( NAMED_UNIT(*) SI_UNIT($,.STERADIAN.) SOLID_ANGLE_UNIT() );
#15893 = UNCERTAINTY_MEASURE_WITH_UNIT(LENGTH_MEASURE(1.E-07),#15890,
  'distance_accuracy_value','confusion accuracy');
#15894 = CONTEXT_DEPENDENT_SHAPE_REPRESENTATION(#15895,#15897);
#15895 = ( REPRESENTATION_RELATIONSHIP('','',#15738,#12756) 
REPRESENTATION_RELATIONSHIP_WITH_TRANSFORMATION(#15896) 
SHAPE_REPRESENTATION_RELATIONSHIP() );
#15896 = ITEM_DEFINED_TRANSFORMATION('','',#11,#12821);
#15897 = PRODUCT_DEFINITION_SHAPE('Placement','Placement of an item',
  #15898);
#15898 = NEXT_ASSEMBLY_USAGE_OCCURRENCE('29','=>0:1:1:30','',#12751,
  #15733,$);
#15899 = PRODUCT_RELATED_PRODUCT_CATEGORY('part',$,(#15735));
#15900 = SHAPE_DEFINITION_REPRESENTATION(#15901,#15907);
#15901 = PRODUCT_DEFINITION_SHAPE('','',#15902);
#15902 = PRODUCT_DEFINITION('design','',#15903,#15906);
#15903 = PRODUCT_DEFINITION_FORMATION('','',#15904);
#15904 = PRODUCT('SOLID','SOLID','',(#15905));
#15905 = PRODUCT_CONTEXT('',#2,'mechanical');
#15906 = PRODUCT_DEFINITION_CONTEXT('part definition',#2,'design');
#15907 = ADVANCED_BREP_SHAPE_REPRESENTATION('',(#11,#15908),#16124);
#15908 = MANIFOLD_SOLID_BREP('',#15909);
#15909 = CLOSED_SHELL('',(#15910,#15966,#15997,#16021,#16045,#16069,
    #16093,#16110));
#15910 = ADVANCED_FACE('',(#15911),#15961,.F.);
#15911 = FACE_BOUND('',#15912,.F.);
#15912 = EDGE_LOOP('',(#15913,#15923,#15931,#15939,#15947,#15955));
#15913 = ORIENTED_EDGE('',*,*,#15914,.T.);
#15914 = EDGE_CURVE('',#15915,#15917,#15919,.T.);
#15915 = VERTEX_POINT('',#15916);
#15916 = CARTESIAN_POINT('',(-2.,0.1,-1.6));
#15917 = VERTEX_POINT('',#15918);
#15918 = CARTESIAN_POINT('',(-1.6,0.1,-1.6));
#15919 = LINE('',#15920,#15921);
#15920 = CARTESIAN_POINT('',(-2.,0.1,-1.6));
#15921 = VECTOR('',#15922,1.);
#15922 = DIRECTION('',(1.,0.,0.));
#15923 = ORIENTED_EDGE('',*,*,#15924,.T.);
#15924 = EDGE_CURVE('',#15917,#15925,#15927,.T.);
#15925 = VERTEX_POINT('',#15926);
#15926 = CARTESIAN_POINT('',(-1.6,0.1,-2.));
#15927 = LINE('',#15928,#15929);
#15928 = CARTESIAN_POINT('',(-1.6,0.1,-1.6));
#15929 = VECTOR('',#15930,1.);
#15930 = DIRECTION('',(0.,0.,-1.));
#15931 = ORIENTED_EDGE('',*,*,#15932,.T.);
#15932 = EDGE_CURVE('',#15925,#15933,#15935,.T.);
#15933 = VERTEX_POINT('',#15934);
#15934 = CARTESIAN_POINT('',(-1.75,0.1,-2.));
#15935 = LINE('',#15936,#15937);
#15936 = CARTESIAN_POINT('',(-1.6,0.1,-2.));
#15937 = VECTOR('',#15938,1.);
#15938 = DIRECTION('',(-1.,0.,0.));
#15939 = ORIENTED_EDGE('',*,*,#15940,.T.);
#15940 = EDGE_CURVE('',#15933,#15941,#15943,.T.);
#15941 = VERTEX_POINT('',#15942);
#15942 = CARTESIAN_POINT('',(-1.75,0.1,-1.75));
#15943 = LINE('',#15944,#15945);
#15944 = CARTESIAN_POINT('',(-1.75,0.1,-2.));
#15945 = VECTOR('',#15946,1.);
#15946 = DIRECTION('',(0.,0.,1.));
#15947 = ORIENTED_EDGE('',*,*,#15948,.T.);
#15948 = EDGE_CURVE('',#15941,#15949,#15951,.T.);
#15949 = VERTEX_POINT('',#15950);
#15950 = CARTESIAN_POINT('',(-2.,0.1,-1.75));
#15951 = LINE('',#15952,#15953);
#15952 = CARTESIAN_POINT('',(-1.75,0.1,-1.75));
#15953 = VECTOR('',#15954,1.);
#15954 = DIRECTION('',(-1.,0.,0.));
#15955 = ORIENTED_EDGE('',*,*,#15956,.T.);
#15956 = EDGE_CURVE('',#15949,#15915,#15957,.T.);
#15957 = LINE('',#15958,#15959);
#15958 = CARTESIAN_POINT('',(-2.,0.1,-1.75));
#15959 = VECTOR('',#15960,1.);
#15960 = DIRECTION('',(0.,0.,1.));
#15961 = PLANE('',#15962);
#15962 = AXIS2_PLACEMENT_3D('',#15963,#15964,#15965);
#15963 = CARTESIAN_POINT('',(0.,0.1,0.));
#15964 = DIRECTION('',(0.,1.,0.));
#15965 = DIRECTION('',(1.,0.,0.));
#15966 = ADVANCED_FACE('',(#15967),#15992,.T.);
#15967 = FACE_BOUND('',#15968,.F.);
#15968 = EDGE_LOOP('',(#15969,#15970,#15978,#15986));
#15969 = ORIENTED_EDGE('',*,*,#15914,.F.);
#15970 = ORIENTED_EDGE('',*,*,#15971,.T.);
#15971 = EDGE_CURVE('',#15915,#15972,#15974,.T.);
#15972 = VERTEX_POINT('',#15973);
#15973 = CARTESIAN_POINT('',(-2.,0.2,-1.6));
#15974 = LINE('',#15975,#15976);
#15975 = CARTESIAN_POINT('',(-2.,0.1,-1.6));
#15976 = VECTOR('',#15977,1.);
#15977 = DIRECTION('',(0.,1.,0.));
#15978 = ORIENTED_EDGE('',*,*,#15979,.T.);
#15979 = EDGE_CURVE('',#15972,#15980,#15982,.T.);
#15980 = VERTEX_POINT('',#15981);
#15981 = CARTESIAN_POINT('',(-1.6,0.2,-1.6));
#15982 = LINE('',#15983,#15984);
#15983 = CARTESIAN_POINT('',(-2.,0.2,-1.6));
#15984 = VECTOR('',#15985,1.);
#15985 = DIRECTION('',(1.,0.,0.));
#15986 = ORIENTED_EDGE('',*,*,#15987,.F.);
#15987 = EDGE_CURVE('',#15917,#15980,#15988,.T.);
#15988 = LINE('',#15989,#15990);
#15989 = CARTESIAN_POINT('',(-1.6,0.1,-1.6));
#15990 = VECTOR('',#15991,1.);
#15991 = DIRECTION('',(0.,1.,0.));
#15992 = PLANE('',#15993);
#15993 = AXIS2_PLACEMENT_3D('',#15994,#15995,#15996);
#15994 = CARTESIAN_POINT('',(-2.,0.1,-1.6));
#15995 = DIRECTION('',(0.,0.,1.));
#15996 = DIRECTION('',(1.,0.,-0.));
#15997 = ADVANCED_FACE('',(#15998),#16016,.T.);
#15998 = FACE_BOUND('',#15999,.F.);
#15999 = EDGE_LOOP('',(#16000,#16001,#16009,#16015));
#16000 = ORIENTED_EDGE('',*,*,#15956,.F.);
#16001 = ORIENTED_EDGE('',*,*,#16002,.T.);
#16002 = EDGE_CURVE('',#15949,#16003,#16005,.T.);
#16003 = VERTEX_POINT('',#16004);
#16004 = CARTESIAN_POINT('',(-2.,0.2,-1.75));
#16005 = LINE('',#16006,#16007);
#16006 = CARTESIAN_POINT('',(-2.,0.1,-1.75));
#16007 = VECTOR('',#16008,1.);
#16008 = DIRECTION('',(0.,1.,0.));
#16009 = ORIENTED_EDGE('',*,*,#16010,.T.);
#16010 = EDGE_CURVE('',#16003,#15972,#16011,.T.);
#16011 = LINE('',#16012,#16013);
#16012 = CARTESIAN_POINT('',(-2.,0.2,-1.75));
#16013 = VECTOR('',#16014,1.);
#16014 = DIRECTION('',(0.,0.,1.));
#16015 = ORIENTED_EDGE('',*,*,#15971,.F.);
#16016 = PLANE('',#16017);
#16017 = AXIS2_PLACEMENT_3D('',#16018,#16019,#16020);
#16018 = CARTESIAN_POINT('',(-2.,0.1,-1.75));
#16019 = DIRECTION('',(-1.,0.,0.));
#16020 = DIRECTION('',(0.,0.,1.));
#16021 = ADVANCED_FACE('',(#16022),#16040,.T.);
#16022 = FACE_BOUND('',#16023,.F.);
#16023 = EDGE_LOOP('',(#16024,#16025,#16033,#16039));
#16024 = ORIENTED_EDGE('',*,*,#15948,.F.);
#16025 = ORIENTED_EDGE('',*,*,#16026,.T.);
#16026 = EDGE_CURVE('',#15941,#16027,#16029,.T.);
#16027 = VERTEX_POINT('',#16028);
#16028 = CARTESIAN_POINT('',(-1.75,0.2,-1.75));
#16029 = LINE('',#16030,#16031);
#16030 = CARTESIAN_POINT('',(-1.75,0.1,-1.75));
#16031 = VECTOR('',#16032,1.);
#16032 = DIRECTION('',(0.,1.,0.));
#16033 = ORIENTED_EDGE('',*,*,#16034,.T.);
#16034 = EDGE_CURVE('',#16027,#16003,#16035,.T.);
#16035 = LINE('',#16036,#16037);
#16036 = CARTESIAN_POINT('',(-1.75,0.2,-1.75));
#16037 = VECTOR('',#16038,1.);
#16038 = DIRECTION('',(-1.,0.,0.));
#16039 = ORIENTED_EDGE('',*,*,#16002,.F.);
#16040 = PLANE('',#16041);
#16041 = AXIS2_PLACEMENT_3D('',#16042,#16043,#16044);
#16042 = CARTESIAN_POINT('',(-1.75,0.1,-1.75));
#16043 = DIRECTION('',(0.,0.,-1.));
#16044 = DIRECTION('',(-1.,0.,0.));
#16045 = ADVANCED_FACE('',(#16046),#16064,.T.);
#16046 = FACE_BOUND('',#16047,.F.);
#16047 = EDGE_LOOP('',(#16048,#16049,#16057,#16063));
#16048 = ORIENTED_EDGE('',*,*,#15940,.F.);
#16049 = ORIENTED_EDGE('',*,*,#16050,.T.);
#16050 = EDGE_CURVE('',#15933,#16051,#16053,.T.);
#16051 = VERTEX_POINT('',#16052);
#16052 = CARTESIAN_POINT('',(-1.75,0.2,-2.));
#16053 = LINE('',#16054,#16055);
#16054 = CARTESIAN_POINT('',(-1.75,0.1,-2.));
#16055 = VECTOR('',#16056,1.);
#16056 = DIRECTION('',(0.,1.,0.));
#16057 = ORIENTED_EDGE('',*,*,#16058,.T.);
#16058 = EDGE_CURVE('',#16051,#16027,#16059,.T.);
#16059 = LINE('',#16060,#16061);
#16060 = CARTESIAN_POINT('',(-1.75,0.2,-2.));
#16061 = VECTOR('',#16062,1.);
#16062 = DIRECTION('',(0.,0.,1.));
#16063 = ORIENTED_EDGE('',*,*,#16026,.F.);
#16064 = PLANE('',#16065);
#16065 = AXIS2_PLACEMENT_3D('',#16066,#16067,#16068);
#16066 = CARTESIAN_POINT('',(-1.75,0.1,-2.));
#16067 = DIRECTION('',(-1.,0.,0.));
#16068 = DIRECTION('',(0.,0.,1.));
#16069 = ADVANCED_FACE('',(#16070),#16088,.T.);
#16070 = FACE_BOUND('',#16071,.F.);
#16071 = EDGE_LOOP('',(#16072,#16073,#16081,#16087));
#16072 = ORIENTED_EDGE('',*,*,#15932,.F.);
#16073 = ORIENTED_EDGE('',*,*,#16074,.T.);
#16074 = EDGE_CURVE('',#15925,#16075,#16077,.T.);
#16075 = VERTEX_POINT('',#16076);
#16076 = CARTESIAN_POINT('',(-1.6,0.2,-2.));
#16077 = LINE('',#16078,#16079);
#16078 = CARTESIAN_POINT('',(-1.6,0.1,-2.));
#16079 = VECTOR('',#16080,1.);
#16080 = DIRECTION('',(0.,1.,0.));
#16081 = ORIENTED_EDGE('',*,*,#16082,.T.);
#16082 = EDGE_CURVE('',#16075,#16051,#16083,.T.);
#16083 = LINE('',#16084,#16085);
#16084 = CARTESIAN_POINT('',(-1.6,0.2,-2.));
#16085 = VECTOR('',#16086,1.);
#16086 = DIRECTION('',(-1.,0.,0.));
#16087 = ORIENTED_EDGE('',*,*,#16050,.F.);
#16088 = PLANE('',#16089);
#16089 = AXIS2_PLACEMENT_3D('',#16090,#16091,#16092);
#16090 = CARTESIAN_POINT('',(-1.6,0.1,-2.));
#16091 = DIRECTION('',(0.,0.,-1.));
#16092 = DIRECTION('',(-1.,0.,0.));
#16093 = ADVANCED_FACE('',(#16094),#16105,.T.);
#16094 = FACE_BOUND('',#16095,.F.);
#16095 = EDGE_LOOP('',(#16096,#16097,#16098,#16104));
#16096 = ORIENTED_EDGE('',*,*,#15924,.F.);
#16097 = ORIENTED_EDGE('',*,*,#15987,.T.);
#16098 = ORIENTED_EDGE('',*,*,#16099,.T.);
#16099 = EDGE_CURVE('',#15980,#16075,#16100,.T.);
#16100 = LINE('',#16101,#16102);
#16101 = CARTESIAN_POINT('',(-1.6,0.2,-1.6));
#16102 = VECTOR('',#16103,1.);
#16103 = DIRECTION('',(0.,0.,-1.));
#16104 = ORIENTED_EDGE('',*,*,#16074,.F.);
#16105 = PLANE('',#16106);
#16106 = AXIS2_PLACEMENT_3D('',#16107,#16108,#16109);
#16107 = CARTESIAN_POINT('',(-1.6,0.1,-1.6));
#16108 = DIRECTION('',(1.,0.,0.));
#16109 = DIRECTION('',(0.,0.,-1.));
#16110 = ADVANCED_FACE('',(#16111),#16119,.T.);
#16111 = FACE_BOUND('',#16112,.F.);
#16112 = EDGE_LOOP('',(#16113,#16114,#16115,#16116,#16117,#16118));
#16113 = ORIENTED_EDGE('',*,*,#15979,.F.);
#16114 = ORIENTED_EDGE('',*,*,#16010,.F.);
#16115 = ORIENTED_EDGE('',*,*,#16034,.F.);
#16116 = ORIENTED_EDGE('',*,*,#16058,.F.);
#16117 = ORIENTED_EDGE('',*,*,#16082,.F.);
#16118 = ORIENTED_EDGE('',*,*,#16099,.F.);
#16119 = PLANE('',#16120);
#16120 = AXIS2_PLACEMENT_3D('',#16121,#16122,#16123);
#16121 = CARTESIAN_POINT('',(0.,0.2,0.));
#16122 = DIRECTION('',(0.,1.,0.));
#16123 = DIRECTION('',(1.,0.,0.));
#16124 = ( GEOMETRIC_REPRESENTATION_CONTEXT(3) 
GLOBAL_UNCERTAINTY_ASSIGNED_CONTEXT((#16128)) 
GLOBAL_UNIT_ASSIGNED_CONTEXT((#16125,#16126,#16127)) 
REPRESENTATION_CONTEXT('Context #1',
  '3D Context with UNIT and UNCERTAINTY') );
#16125 = ( LENGTH_UNIT() NAMED_UNIT(*) SI_UNIT(.MILLI.,.METRE.) );
#16126 = ( NAMED_UNIT(*) PLANE_ANGLE_UNIT() SI_UNIT($,.RADIAN.) );
#16127 = ( NAMED_UNIT(*) SI_UNIT($,.STERADIAN.) SOLID_ANGLE_UNIT() );
#16128 = UNCERTAINTY_MEASURE_WITH_UNIT(LENGTH_MEASURE(1.E-07),#16125,
  'distance_accuracy_value','confusion accuracy');
#16129 = CONTEXT_DEPENDENT_SHAPE_REPRESENTATION(#16130,#16132);
#16130 = ( REPRESENTATION_RELATIONSHIP('','',#15907,#12756) 
REPRESENTATION_RELATIONSHIP_WITH_TRANSFORMATION(#16131) 
SHAPE_REPRESENTATION_RELATIONSHIP() );
#16131 = ITEM_DEFINED_TRANSFORMATION('','',#11,#12825);
#16132 = PRODUCT_DEFINITION_SHAPE('Placement','Placement of an item',
  #16133);
#16133 = NEXT_ASSEMBLY_USAGE_OCCURRENCE('30','=>0:1:1:31','',#12751,
  #15902,$);
#16134 = PRODUCT_RELATED_PRODUCT_CATEGORY('part',$,(#15904));
#16135 = SHAPE_DEFINITION_REPRESENTATION(#16136,#16142);
#16136 = PRODUCT_DEFINITION_SHAPE('','',#16137);
#16137 = PRODUCT_DEFINITION('design','',#16138,#16141);
#16138 = PRODUCT_DEFINITION_FORMATION('','',#16139);
#16139 = PRODUCT('SOLID','SOLID','',(#16140));
#16140 = PRODUCT_CONTEXT('',#2,'mechanical');
#16141 = PRODUCT_DEFINITION_CONTEXT('part definition',#2,'design');
#16142 = ADVANCED_BREP_SHAPE_REPRESENTATION('',(#11,#16143),#16359);
#16143 = MANIFOLD_SOLID_BREP('',#16144);
#16144 = CLOSED_SHELL('',(#16145,#16201,#16232,#16256,#16280,#16304,
    #16328,#16345));
#16145 = ADVANCED_FACE('',(#16146),#16196,.T.);
#16146 = FACE_BOUND('',#16147,.F.);
#16147 = EDGE_LOOP('',(#16148,#16158,#16166,#16174,#16182,#16190));
#16148 = ORIENTED_EDGE('',*,*,#16149,.F.);
#16149 = EDGE_CURVE('',#16150,#16152,#16154,.T.);
#16150 = VERTEX_POINT('',#16151);
#16151 = CARTESIAN_POINT('',(2.,0.1,-1.6));
#16152 = VERTEX_POINT('',#16153);
#16153 = CARTESIAN_POINT('',(1.6,0.1,-1.6));
#16154 = LINE('',#16155,#16156);
#16155 = CARTESIAN_POINT('',(2.,0.1,-1.6));
#16156 = VECTOR('',#16157,1.);
#16157 = DIRECTION('',(-1.,0.,0.));
#16158 = ORIENTED_EDGE('',*,*,#16159,.F.);
#16159 = EDGE_CURVE('',#16160,#16150,#16162,.T.);
#16160 = VERTEX_POINT('',#16161);
#16161 = CARTESIAN_POINT('',(2.,0.1,-1.75));
#16162 = LINE('',#16163,#16164);
#16163 = CARTESIAN_POINT('',(2.,0.1,-1.75));
#16164 = VECTOR('',#16165,1.);
#16165 = DIRECTION('',(0.,0.,1.));
#16166 = ORIENTED_EDGE('',*,*,#16167,.F.);
#16167 = EDGE_CURVE('',#16168,#16160,#16170,.T.);
#16168 = VERTEX_POINT('',#16169);
#16169 = CARTESIAN_POINT('',(1.75,0.1,-1.75));
#16170 = LINE('',#16171,#16172);
#16171 = CARTESIAN_POINT('',(1.75,0.1,-1.75));
#16172 = VECTOR('',#16173,1.);
#16173 = DIRECTION('',(1.,0.,0.));
#16174 = ORIENTED_EDGE('',*,*,#16175,.F.);
#16175 = EDGE_CURVE('',#16176,#16168,#16178,.T.);
#16176 = VERTEX_POINT('',#16177);
#16177 = CARTESIAN_POINT('',(1.75,0.1,-2.));
#16178 = LINE('',#16179,#16180);
#16179 = CARTESIAN_POINT('',(1.75,0.1,-2.));
#16180 = VECTOR('',#16181,1.);
#16181 = DIRECTION('',(0.,0.,1.));
#16182 = ORIENTED_EDGE('',*,*,#16183,.F.);
#16183 = EDGE_CURVE('',#16184,#16176,#16186,.T.);
#16184 = VERTEX_POINT('',#16185);
#16185 = CARTESIAN_POINT('',(1.6,0.1,-2.));
#16186 = LINE('',#16187,#16188);
#16187 = CARTESIAN_POINT('',(1.6,0.1,-2.));
#16188 = VECTOR('',#16189,1.);
#16189 = DIRECTION('',(1.,0.,0.));
#16190 = ORIENTED_EDGE('',*,*,#16191,.F.);
#16191 = EDGE_CURVE('',#16152,#16184,#16192,.T.);
#16192 = LINE('',#16193,#16194);
#16193 = CARTESIAN_POINT('',(1.6,0.1,-1.6));
#16194 = VECTOR('',#16195,1.);
#16195 = DIRECTION('',(0.,0.,-1.));
#16196 = PLANE('',#16197);
#16197 = AXIS2_PLACEMENT_3D('',#16198,#16199,#16200);
#16198 = CARTESIAN_POINT('',(0.,0.1,0.));
#16199 = DIRECTION('',(0.,-1.,0.));
#16200 = DIRECTION('',(-1.,0.,0.));
#16201 = ADVANCED_FACE('',(#16202),#16227,.F.);
#16202 = FACE_BOUND('',#16203,.F.);
#16203 = EDGE_LOOP('',(#16204,#16205,#16213,#16221));
#16204 = ORIENTED_EDGE('',*,*,#16149,.T.);
#16205 = ORIENTED_EDGE('',*,*,#16206,.T.);
#16206 = EDGE_CURVE('',#16152,#16207,#16209,.T.);
#16207 = VERTEX_POINT('',#16208);
#16208 = CARTESIAN_POINT('',(1.6,0.2,-1.6));
#16209 = LINE('',#16210,#16211);
#16210 = CARTESIAN_POINT('',(1.6,0.1,-1.6));
#16211 = VECTOR('',#16212,1.);
#16212 = DIRECTION('',(0.,1.,0.));
#16213 = ORIENTED_EDGE('',*,*,#16214,.F.);
#16214 = EDGE_CURVE('',#16215,#16207,#16217,.T.);
#16215 = VERTEX_POINT('',#16216);
#16216 = CARTESIAN_POINT('',(2.,0.2,-1.6));
#16217 = LINE('',#16218,#16219);
#16218 = CARTESIAN_POINT('',(2.,0.2,-1.6));
#16219 = VECTOR('',#16220,1.);
#16220 = DIRECTION('',(-1.,0.,0.));
#16221 = ORIENTED_EDGE('',*,*,#16222,.F.);
#16222 = EDGE_CURVE('',#16150,#16215,#16223,.T.);
#16223 = LINE('',#16224,#16225);
#16224 = CARTESIAN_POINT('',(2.,0.1,-1.6));
#16225 = VECTOR('',#16226,1.);
#16226 = DIRECTION('',(0.,1.,0.));
#16227 = PLANE('',#16228);
#16228 = AXIS2_PLACEMENT_3D('',#16229,#16230,#16231);
#16229 = CARTESIAN_POINT('',(2.,0.1,-1.6));
#16230 = DIRECTION('',(0.,0.,-1.));
#16231 = DIRECTION('',(-1.,0.,0.));
#16232 = ADVANCED_FACE('',(#16233),#16251,.F.);
#16233 = FACE_BOUND('',#16234,.F.);
#16234 = EDGE_LOOP('',(#16235,#16236,#16244,#16250));
#16235 = ORIENTED_EDGE('',*,*,#16191,.T.);
#16236 = ORIENTED_EDGE('',*,*,#16237,.T.);
#16237 = EDGE_CURVE('',#16184,#16238,#16240,.T.);
#16238 = VERTEX_POINT('',#16239);
#16239 = CARTESIAN_POINT('',(1.6,0.2,-2.));
#16240 = LINE('',#16241,#16242);
#16241 = CARTESIAN_POINT('',(1.6,0.1,-2.));
#16242 = VECTOR('',#16243,1.);
#16243 = DIRECTION('',(0.,1.,0.));
#16244 = ORIENTED_EDGE('',*,*,#16245,.F.);
#16245 = EDGE_CURVE('',#16207,#16238,#16246,.T.);
#16246 = LINE('',#16247,#16248);
#16247 = CARTESIAN_POINT('',(1.6,0.2,-1.6));
#16248 = VECTOR('',#16249,1.);
#16249 = DIRECTION('',(0.,0.,-1.));
#16250 = ORIENTED_EDGE('',*,*,#16206,.F.);
#16251 = PLANE('',#16252);
#16252 = AXIS2_PLACEMENT_3D('',#16253,#16254,#16255);
#16253 = CARTESIAN_POINT('',(1.6,0.1,-1.6));
#16254 = DIRECTION('',(1.,0.,0.));
#16255 = DIRECTION('',(0.,0.,-1.));
#16256 = ADVANCED_FACE('',(#16257),#16275,.F.);
#16257 = FACE_BOUND('',#16258,.F.);
#16258 = EDGE_LOOP('',(#16259,#16260,#16268,#16274));
#16259 = ORIENTED_EDGE('',*,*,#16183,.T.);
#16260 = ORIENTED_EDGE('',*,*,#16261,.T.);
#16261 = EDGE_CURVE('',#16176,#16262,#16264,.T.);
#16262 = VERTEX_POINT('',#16263);
#16263 = CARTESIAN_POINT('',(1.75,0.2,-2.));
#16264 = LINE('',#16265,#16266);
#16265 = CARTESIAN_POINT('',(1.75,0.1,-2.));
#16266 = VECTOR('',#16267,1.);
#16267 = DIRECTION('',(0.,1.,0.));
#16268 = ORIENTED_EDGE('',*,*,#16269,.F.);
#16269 = EDGE_CURVE('',#16238,#16262,#16270,.T.);
#16270 = LINE('',#16271,#16272);
#16271 = CARTESIAN_POINT('',(1.6,0.2,-2.));
#16272 = VECTOR('',#16273,1.);
#16273 = DIRECTION('',(1.,0.,0.));
#16274 = ORIENTED_EDGE('',*,*,#16237,.F.);
#16275 = PLANE('',#16276);
#16276 = AXIS2_PLACEMENT_3D('',#16277,#16278,#16279);
#16277 = CARTESIAN_POINT('',(1.6,0.1,-2.));
#16278 = DIRECTION('',(0.,0.,1.));
#16279 = DIRECTION('',(1.,0.,-0.));
#16280 = ADVANCED_FACE('',(#16281),#16299,.F.);
#16281 = FACE_BOUND('',#16282,.F.);
#16282 = EDGE_LOOP('',(#16283,#16284,#16292,#16298));
#16283 = ORIENTED_EDGE('',*,*,#16175,.T.);
#16284 = ORIENTED_EDGE('',*,*,#16285,.T.);
#16285 = EDGE_CURVE('',#16168,#16286,#16288,.T.);
#16286 = VERTEX_POINT('',#16287);
#16287 = CARTESIAN_POINT('',(1.75,0.2,-1.75));
#16288 = LINE('',#16289,#16290);
#16289 = CARTESIAN_POINT('',(1.75,0.1,-1.75));
#16290 = VECTOR('',#16291,1.);
#16291 = DIRECTION('',(0.,1.,0.));
#16292 = ORIENTED_EDGE('',*,*,#16293,.F.);
#16293 = EDGE_CURVE('',#16262,#16286,#16294,.T.);
#16294 = LINE('',#16295,#16296);
#16295 = CARTESIAN_POINT('',(1.75,0.2,-2.));
#16296 = VECTOR('',#16297,1.);
#16297 = DIRECTION('',(0.,0.,1.));
#16298 = ORIENTED_EDGE('',*,*,#16261,.F.);
#16299 = PLANE('',#16300);
#16300 = AXIS2_PLACEMENT_3D('',#16301,#16302,#16303);
#16301 = CARTESIAN_POINT('',(1.75,0.1,-2.));
#16302 = DIRECTION('',(-1.,0.,0.));
#16303 = DIRECTION('',(0.,0.,1.));
#16304 = ADVANCED_FACE('',(#16305),#16323,.F.);
#16305 = FACE_BOUND('',#16306,.F.);
#16306 = EDGE_LOOP('',(#16307,#16308,#16316,#16322));
#16307 = ORIENTED_EDGE('',*,*,#16167,.T.);
#16308 = ORIENTED_EDGE('',*,*,#16309,.T.);
#16309 = EDGE_CURVE('',#16160,#16310,#16312,.T.);
#16310 = VERTEX_POINT('',#16311);
#16311 = CARTESIAN_POINT('',(2.,0.2,-1.75));
#16312 = LINE('',#16313,#16314);
#16313 = CARTESIAN_POINT('',(2.,0.1,-1.75));
#16314 = VECTOR('',#16315,1.);
#16315 = DIRECTION('',(0.,1.,0.));
#16316 = ORIENTED_EDGE('',*,*,#16317,.F.);
#16317 = EDGE_CURVE('',#16286,#16310,#16318,.T.);
#16318 = LINE('',#16319,#16320);
#16319 = CARTESIAN_POINT('',(1.75,0.2,-1.75));
#16320 = VECTOR('',#16321,1.);
#16321 = DIRECTION('',(1.,0.,0.));
#16322 = ORIENTED_EDGE('',*,*,#16285,.F.);
#16323 = PLANE('',#16324);
#16324 = AXIS2_PLACEMENT_3D('',#16325,#16326,#16327);
#16325 = CARTESIAN_POINT('',(1.75,0.1,-1.75));
#16326 = DIRECTION('',(0.,0.,1.));
#16327 = DIRECTION('',(1.,0.,-0.));
#16328 = ADVANCED_FACE('',(#16329),#16340,.F.);
#16329 = FACE_BOUND('',#16330,.F.);
#16330 = EDGE_LOOP('',(#16331,#16332,#16333,#16339));
#16331 = ORIENTED_EDGE('',*,*,#16159,.T.);
#16332 = ORIENTED_EDGE('',*,*,#16222,.T.);
#16333 = ORIENTED_EDGE('',*,*,#16334,.F.);
#16334 = EDGE_CURVE('',#16310,#16215,#16335,.T.);
#16335 = LINE('',#16336,#16337);
#16336 = CARTESIAN_POINT('',(2.,0.2,-1.75));
#16337 = VECTOR('',#16338,1.);
#16338 = DIRECTION('',(0.,0.,1.));
#16339 = ORIENTED_EDGE('',*,*,#16309,.F.);
#16340 = PLANE('',#16341);
#16341 = AXIS2_PLACEMENT_3D('',#16342,#16343,#16344);
#16342 = CARTESIAN_POINT('',(2.,0.1,-1.75));
#16343 = DIRECTION('',(-1.,0.,0.));
#16344 = DIRECTION('',(0.,0.,1.));
#16345 = ADVANCED_FACE('',(#16346),#16354,.F.);
#16346 = FACE_BOUND('',#16347,.F.);
#16347 = EDGE_LOOP('',(#16348,#16349,#16350,#16351,#16352,#16353));
#16348 = ORIENTED_EDGE('',*,*,#16214,.T.);
#16349 = ORIENTED_EDGE('',*,*,#16245,.T.);
#16350 = ORIENTED_EDGE('',*,*,#16269,.T.);
#16351 = ORIENTED_EDGE('',*,*,#16293,.T.);
#16352 = ORIENTED_EDGE('',*,*,#16317,.T.);
#16353 = ORIENTED_EDGE('',*,*,#16334,.T.);
#16354 = PLANE('',#16355);
#16355 = AXIS2_PLACEMENT_3D('',#16356,#16357,#16358);
#16356 = CARTESIAN_POINT('',(0.,0.2,0.));
#16357 = DIRECTION('',(0.,-1.,0.));
#16358 = DIRECTION('',(-1.,0.,0.));
#16359 = ( GEOMETRIC_REPRESENTATION_CONTEXT(3) 
GLOBAL_UNCERTAINTY_ASSIGNED_CONTEXT((#16363)) 
GLOBAL_UNIT_ASSIGNED_CONTEXT((#16360,#16361,#16362)) 
REPRESENTATION_CONTEXT('Context #1',
  '3D Context with UNIT and UNCERTAINTY') );
#16360 = ( LENGTH_UNIT() NAMED_UNIT(*) SI_UNIT(.MILLI.,.METRE.) );
#16361 = ( NAMED_UNIT(*) PLANE_ANGLE_UNIT() SI_UNIT($,.RADIAN.) );
#16362 = ( NAMED_UNIT(*) SI_UNIT($,.STERADIAN.) SOLID_ANGLE_UNIT() );
#16363 = UNCERTAINTY_MEASURE_WITH_UNIT(LENGTH_MEASURE(1.E-07),#16360,
  'distance_accuracy_value','confusion accuracy');
#16364 = CONTEXT_DEPENDENT_SHAPE_REPRESENTATION(#16365,#16367);
#16365 = ( REPRESENTATION_RELATIONSHIP('','',#16142,#12756) 
REPRESENTATION_RELATIONSHIP_WITH_TRANSFORMATION(#16366) 
SHAPE_REPRESENTATION_RELATIONSHIP() );
#16366 = ITEM_DEFINED_TRANSFORMATION('','',#11,#12829);
#16367 = PRODUCT_DEFINITION_SHAPE('Placement','Placement of an item',
  #16368);
#16368 = NEXT_ASSEMBLY_USAGE_OCCURRENCE('31','=>0:1:1:32','',#12751,
  #16137,$);
#16369 = PRODUCT_RELATED_PRODUCT_CATEGORY('part',$,(#16139));
#16370 = SHAPE_DEFINITION_REPRESENTATION(#16371,#16377);
#16371 = PRODUCT_DEFINITION_SHAPE('','',#16372);
#16372 = PRODUCT_DEFINITION('design','',#16373,#16376);
#16373 = PRODUCT_DEFINITION_FORMATION('','',#16374);
#16374 = PRODUCT('SOLID','SOLID','',(#16375));
#16375 = PRODUCT_CONTEXT('',#2,'mechanical');
#16376 = PRODUCT_DEFINITION_CONTEXT('part definition',#2,'design');
#16377 = ADVANCED_BREP_SHAPE_REPRESENTATION('',(#11,#16378),#16594);
#16378 = MANIFOLD_SOLID_BREP('',#16379);
#16379 = CLOSED_SHELL('',(#16380,#16436,#16467,#16491,#16515,#16539,
    #16563,#16580));
#16380 = ADVANCED_FACE('',(#16381),#16431,.T.);
#16381 = FACE_BOUND('',#16382,.F.);
#16382 = EDGE_LOOP('',(#16383,#16393,#16401,#16409,#16417,#16425));
#16383 = ORIENTED_EDGE('',*,*,#16384,.F.);
#16384 = EDGE_CURVE('',#16385,#16387,#16389,.T.);
#16385 = VERTEX_POINT('',#16386);
#16386 = CARTESIAN_POINT('',(-2.,0.1,1.6));
#16387 = VERTEX_POINT('',#16388);
#16388 = CARTESIAN_POINT('',(-1.6,0.1,1.6));
#16389 = LINE('',#16390,#16391);
#16390 = CARTESIAN_POINT('',(-2.,0.1,1.6));
#16391 = VECTOR('',#16392,1.);
#16392 = DIRECTION('',(1.,0.,0.));
#16393 = ORIENTED_EDGE('',*,*,#16394,.F.);
#16394 = EDGE_CURVE('',#16395,#16385,#16397,.T.);
#16395 = VERTEX_POINT('',#16396);
#16396 = CARTESIAN_POINT('',(-2.,0.1,1.75));
#16397 = LINE('',#16398,#16399);
#16398 = CARTESIAN_POINT('',(-2.,0.1,1.75));
#16399 = VECTOR('',#16400,1.);
#16400 = DIRECTION('',(0.,0.,-1.));
#16401 = ORIENTED_EDGE('',*,*,#16402,.F.);
#16402 = EDGE_CURVE('',#16403,#16395,#16405,.T.);
#16403 = VERTEX_POINT('',#16404);
#16404 = CARTESIAN_POINT('',(-1.75,0.1,1.75));
#16405 = LINE('',#16406,#16407);
#16406 = CARTESIAN_POINT('',(-1.75,0.1,1.75));
#16407 = VECTOR('',#16408,1.);
#16408 = DIRECTION('',(-1.,0.,0.));
#16409 = ORIENTED_EDGE('',*,*,#16410,.F.);
#16410 = EDGE_CURVE('',#16411,#16403,#16413,.T.);
#16411 = VERTEX_POINT('',#16412);
#16412 = CARTESIAN_POINT('',(-1.75,0.1,2.));
#16413 = LINE('',#16414,#16415);
#16414 = CARTESIAN_POINT('',(-1.75,0.1,2.));
#16415 = VECTOR('',#16416,1.);
#16416 = DIRECTION('',(0.,0.,-1.));
#16417 = ORIENTED_EDGE('',*,*,#16418,.F.);
#16418 = EDGE_CURVE('',#16419,#16411,#16421,.T.);
#16419 = VERTEX_POINT('',#16420);
#16420 = CARTESIAN_POINT('',(-1.6,0.1,2.));
#16421 = LINE('',#16422,#16423);
#16422 = CARTESIAN_POINT('',(-1.6,0.1,2.));
#16423 = VECTOR('',#16424,1.);
#16424 = DIRECTION('',(-1.,0.,0.));
#16425 = ORIENTED_EDGE('',*,*,#16426,.F.);
#16426 = EDGE_CURVE('',#16387,#16419,#16427,.T.);
#16427 = LINE('',#16428,#16429);
#16428 = CARTESIAN_POINT('',(-1.6,0.1,1.6));
#16429 = VECTOR('',#16430,1.);
#16430 = DIRECTION('',(0.,0.,1.));
#16431 = PLANE('',#16432);
#16432 = AXIS2_PLACEMENT_3D('',#16433,#16434,#16435);
#16433 = CARTESIAN_POINT('',(0.,0.1,0.));
#16434 = DIRECTION('',(0.,-1.,0.));
#16435 = DIRECTION('',(1.,0.,0.));
#16436 = ADVANCED_FACE('',(#16437),#16462,.F.);
#16437 = FACE_BOUND('',#16438,.F.);
#16438 = EDGE_LOOP('',(#16439,#16440,#16448,#16456));
#16439 = ORIENTED_EDGE('',*,*,#16384,.T.);
#16440 = ORIENTED_EDGE('',*,*,#16441,.T.);
#16441 = EDGE_CURVE('',#16387,#16442,#16444,.T.);
#16442 = VERTEX_POINT('',#16443);
#16443 = CARTESIAN_POINT('',(-1.6,0.2,1.6));
#16444 = LINE('',#16445,#16446);
#16445 = CARTESIAN_POINT('',(-1.6,0.1,1.6));
#16446 = VECTOR('',#16447,1.);
#16447 = DIRECTION('',(0.,1.,0.));
#16448 = ORIENTED_EDGE('',*,*,#16449,.F.);
#16449 = EDGE_CURVE('',#16450,#16442,#16452,.T.);
#16450 = VERTEX_POINT('',#16451);
#16451 = CARTESIAN_POINT('',(-2.,0.2,1.6));
#16452 = LINE('',#16453,#16454);
#16453 = CARTESIAN_POINT('',(-2.,0.2,1.6));
#16454 = VECTOR('',#16455,1.);
#16455 = DIRECTION('',(1.,0.,0.));
#16456 = ORIENTED_EDGE('',*,*,#16457,.F.);
#16457 = EDGE_CURVE('',#16385,#16450,#16458,.T.);
#16458 = LINE('',#16459,#16460);
#16459 = CARTESIAN_POINT('',(-2.,0.1,1.6));
#16460 = VECTOR('',#16461,1.);
#16461 = DIRECTION('',(0.,1.,0.));
#16462 = PLANE('',#16463);
#16463 = AXIS2_PLACEMENT_3D('',#16464,#16465,#16466);
#16464 = CARTESIAN_POINT('',(-2.,0.1,1.6));
#16465 = DIRECTION('',(0.,0.,1.));
#16466 = DIRECTION('',(1.,0.,-0.));
#16467 = ADVANCED_FACE('',(#16468),#16486,.F.);
#16468 = FACE_BOUND('',#16469,.F.);
#16469 = EDGE_LOOP('',(#16470,#16471,#16479,#16485));
#16470 = ORIENTED_EDGE('',*,*,#16426,.T.);
#16471 = ORIENTED_EDGE('',*,*,#16472,.T.);
#16472 = EDGE_CURVE('',#16419,#16473,#16475,.T.);
#16473 = VERTEX_POINT('',#16474);
#16474 = CARTESIAN_POINT('',(-1.6,0.2,2.));
#16475 = LINE('',#16476,#16477);
#16476 = CARTESIAN_POINT('',(-1.6,0.1,2.));
#16477 = VECTOR('',#16478,1.);
#16478 = DIRECTION('',(0.,1.,0.));
#16479 = ORIENTED_EDGE('',*,*,#16480,.F.);
#16480 = EDGE_CURVE('',#16442,#16473,#16481,.T.);
#16481 = LINE('',#16482,#16483);
#16482 = CARTESIAN_POINT('',(-1.6,0.2,1.6));
#16483 = VECTOR('',#16484,1.);
#16484 = DIRECTION('',(0.,0.,1.));
#16485 = ORIENTED_EDGE('',*,*,#16441,.F.);
#16486 = PLANE('',#16487);
#16487 = AXIS2_PLACEMENT_3D('',#16488,#16489,#16490);
#16488 = CARTESIAN_POINT('',(-1.6,0.1,1.6));
#16489 = DIRECTION('',(-1.,0.,0.));
#16490 = DIRECTION('',(0.,0.,1.));
#16491 = ADVANCED_FACE('',(#16492),#16510,.F.);
#16492 = FACE_BOUND('',#16493,.F.);
#16493 = EDGE_LOOP('',(#16494,#16495,#16503,#16509));
#16494 = ORIENTED_EDGE('',*,*,#16418,.T.);
#16495 = ORIENTED_EDGE('',*,*,#16496,.T.);
#16496 = EDGE_CURVE('',#16411,#16497,#16499,.T.);
#16497 = VERTEX_POINT('',#16498);
#16498 = CARTESIAN_POINT('',(-1.75,0.2,2.));
#16499 = LINE('',#16500,#16501);
#16500 = CARTESIAN_POINT('',(-1.75,0.1,2.));
#16501 = VECTOR('',#16502,1.);
#16502 = DIRECTION('',(0.,1.,0.));
#16503 = ORIENTED_EDGE('',*,*,#16504,.F.);
#16504 = EDGE_CURVE('',#16473,#16497,#16505,.T.);
#16505 = LINE('',#16506,#16507);
#16506 = CARTESIAN_POINT('',(-1.6,0.2,2.));
#16507 = VECTOR('',#16508,1.);
#16508 = DIRECTION('',(-1.,0.,0.));
#16509 = ORIENTED_EDGE('',*,*,#16472,.F.);
#16510 = PLANE('',#16511);
#16511 = AXIS2_PLACEMENT_3D('',#16512,#16513,#16514);
#16512 = CARTESIAN_POINT('',(-1.6,0.1,2.));
#16513 = DIRECTION('',(0.,0.,-1.));
#16514 = DIRECTION('',(-1.,0.,0.));
#16515 = ADVANCED_FACE('',(#16516),#16534,.F.);
#16516 = FACE_BOUND('',#16517,.F.);
#16517 = EDGE_LOOP('',(#16518,#16519,#16527,#16533));
#16518 = ORIENTED_EDGE('',*,*,#16410,.T.);
#16519 = ORIENTED_EDGE('',*,*,#16520,.T.);
#16520 = EDGE_CURVE('',#16403,#16521,#16523,.T.);
#16521 = VERTEX_POINT('',#16522);
#16522 = CARTESIAN_POINT('',(-1.75,0.2,1.75));
#16523 = LINE('',#16524,#16525);
#16524 = CARTESIAN_POINT('',(-1.75,0.1,1.75));
#16525 = VECTOR('',#16526,1.);
#16526 = DIRECTION('',(0.,1.,0.));
#16527 = ORIENTED_EDGE('',*,*,#16528,.F.);
#16528 = EDGE_CURVE('',#16497,#16521,#16529,.T.);
#16529 = LINE('',#16530,#16531);
#16530 = CARTESIAN_POINT('',(-1.75,0.2,2.));
#16531 = VECTOR('',#16532,1.);
#16532 = DIRECTION('',(0.,0.,-1.));
#16533 = ORIENTED_EDGE('',*,*,#16496,.F.);
#16534 = PLANE('',#16535);
#16535 = AXIS2_PLACEMENT_3D('',#16536,#16537,#16538);
#16536 = CARTESIAN_POINT('',(-1.75,0.1,2.));
#16537 = DIRECTION('',(1.,0.,0.));
#16538 = DIRECTION('',(0.,0.,-1.));
#16539 = ADVANCED_FACE('',(#16540),#16558,.F.);
#16540 = FACE_BOUND('',#16541,.F.);
#16541 = EDGE_LOOP('',(#16542,#16543,#16551,#16557));
#16542 = ORIENTED_EDGE('',*,*,#16402,.T.);
#16543 = ORIENTED_EDGE('',*,*,#16544,.T.);
#16544 = EDGE_CURVE('',#16395,#16545,#16547,.T.);
#16545 = VERTEX_POINT('',#16546);
#16546 = CARTESIAN_POINT('',(-2.,0.2,1.75));
#16547 = LINE('',#16548,#16549);
#16548 = CARTESIAN_POINT('',(-2.,0.1,1.75));
#16549 = VECTOR('',#16550,1.);
#16550 = DIRECTION('',(0.,1.,0.));
#16551 = ORIENTED_EDGE('',*,*,#16552,.F.);
#16552 = EDGE_CURVE('',#16521,#16545,#16553,.T.);
#16553 = LINE('',#16554,#16555);
#16554 = CARTESIAN_POINT('',(-1.75,0.2,1.75));
#16555 = VECTOR('',#16556,1.);
#16556 = DIRECTION('',(-1.,0.,0.));
#16557 = ORIENTED_EDGE('',*,*,#16520,.F.);
#16558 = PLANE('',#16559);
#16559 = AXIS2_PLACEMENT_3D('',#16560,#16561,#16562);
#16560 = CARTESIAN_POINT('',(-1.75,0.1,1.75));
#16561 = DIRECTION('',(0.,0.,-1.));
#16562 = DIRECTION('',(-1.,0.,0.));
#16563 = ADVANCED_FACE('',(#16564),#16575,.F.);
#16564 = FACE_BOUND('',#16565,.F.);
#16565 = EDGE_LOOP('',(#16566,#16567,#16568,#16574));
#16566 = ORIENTED_EDGE('',*,*,#16394,.T.);
#16567 = ORIENTED_EDGE('',*,*,#16457,.T.);
#16568 = ORIENTED_EDGE('',*,*,#16569,.F.);
#16569 = EDGE_CURVE('',#16545,#16450,#16570,.T.);
#16570 = LINE('',#16571,#16572);
#16571 = CARTESIAN_POINT('',(-2.,0.2,1.75));
#16572 = VECTOR('',#16573,1.);
#16573 = DIRECTION('',(0.,0.,-1.));
#16574 = ORIENTED_EDGE('',*,*,#16544,.F.);
#16575 = PLANE('',#16576);
#16576 = AXIS2_PLACEMENT_3D('',#16577,#16578,#16579);
#16577 = CARTESIAN_POINT('',(-2.,0.1,1.75));
#16578 = DIRECTION('',(1.,0.,0.));
#16579 = DIRECTION('',(0.,0.,-1.));
#16580 = ADVANCED_FACE('',(#16581),#16589,.F.);
#16581 = FACE_BOUND('',#16582,.F.);
#16582 = EDGE_LOOP('',(#16583,#16584,#16585,#16586,#16587,#16588));
#16583 = ORIENTED_EDGE('',*,*,#16449,.T.);
#16584 = ORIENTED_EDGE('',*,*,#16480,.T.);
#16585 = ORIENTED_EDGE('',*,*,#16504,.T.);
#16586 = ORIENTED_EDGE('',*,*,#16528,.T.);
#16587 = ORIENTED_EDGE('',*,*,#16552,.T.);
#16588 = ORIENTED_EDGE('',*,*,#16569,.T.);
#16589 = PLANE('',#16590);
#16590 = AXIS2_PLACEMENT_3D('',#16591,#16592,#16593);
#16591 = CARTESIAN_POINT('',(0.,0.2,0.));
#16592 = DIRECTION('',(0.,-1.,0.));
#16593 = DIRECTION('',(1.,0.,0.));
#16594 = ( GEOMETRIC_REPRESENTATION_CONTEXT(3) 
GLOBAL_UNCERTAINTY_ASSIGNED_CONTEXT((#16598)) 
GLOBAL_UNIT_ASSIGNED_CONTEXT((#16595,#16596,#16597)) 
REPRESENTATION_CONTEXT('Context #1',
  '3D Context with UNIT and UNCERTAINTY') );
#16595 = ( LENGTH_UNIT() NAMED_UNIT(*) SI_UNIT(.MILLI.,.METRE.) );
#16596 = ( NAMED_UNIT(*) PLANE_ANGLE_UNIT() SI_UNIT($,.RADIAN.) );
#16597 = ( NAMED_UNIT(*) SI_UNIT($,.STERADIAN.) SOLID_ANGLE_UNIT() );
#16598 = UNCERTAINTY_MEASURE_WITH_UNIT(LENGTH_MEASURE(1.E-07),#16595,
  'distance_accuracy_value','confusion accuracy');
#16599 = CONTEXT_DEPENDENT_SHAPE_REPRESENTATION(#16600,#16602);
#16600 = ( REPRESENTATION_RELATIONSHIP('','',#16377,#12756) 
REPRESENTATION_RELATIONSHIP_WITH_TRANSFORMATION(#16601) 
SHAPE_REPRESENTATION_RELATIONSHIP() );
#16601 = ITEM_DEFINED_TRANSFORMATION('','',#11,#12833);
#16602 = PRODUCT_DEFINITION_SHAPE('Placement','Placement of an item',
  #16603);
#16603 = NEXT_ASSEMBLY_USAGE_OCCURRENCE('32','=>0:1:1:33','',#12751,
  #16372,$);
#16604 = PRODUCT_RELATED_PRODUCT_CATEGORY('part',$,(#16374));
#16605 = SHAPE_DEFINITION_REPRESENTATION(#16606,#16612);
#16606 = PRODUCT_DEFINITION_SHAPE('','',#16607);
#16607 = PRODUCT_DEFINITION('design','',#16608,#16611);
#16608 = PRODUCT_DEFINITION_FORMATION('','',#16609);
#16609 = PRODUCT('SOLID','SOLID','',(#16610));
#16610 = PRODUCT_CONTEXT('',#2,'mechanical');
#16611 = PRODUCT_DEFINITION_CONTEXT('part definition',#2,'design');
#16612 = ADVANCED_BREP_SHAPE_REPRESENTATION('',(#11,#16613),#16829);
#16613 = MANIFOLD_SOLID_BREP('',#16614);
#16614 = CLOSED_SHELL('',(#16615,#16671,#16702,#16726,#16750,#16774,
    #16798,#16815));
#16615 = ADVANCED_FACE('',(#16616),#16666,.F.);
#16616 = FACE_BOUND('',#16617,.F.);
#16617 = EDGE_LOOP('',(#16618,#16628,#16636,#16644,#16652,#16660));
#16618 = ORIENTED_EDGE('',*,*,#16619,.T.);
#16619 = EDGE_CURVE('',#16620,#16622,#16624,.T.);
#16620 = VERTEX_POINT('',#16621);
#16621 = CARTESIAN_POINT('',(2.,0.1,1.6));
#16622 = VERTEX_POINT('',#16623);
#16623 = CARTESIAN_POINT('',(1.6,0.1,1.6));
#16624 = LINE('',#16625,#16626);
#16625 = CARTESIAN_POINT('',(2.,0.1,1.6));
#16626 = VECTOR('',#16627,1.);
#16627 = DIRECTION('',(-1.,0.,0.));
#16628 = ORIENTED_EDGE('',*,*,#16629,.T.);
#16629 = EDGE_CURVE('',#16622,#16630,#16632,.T.);
#16630 = VERTEX_POINT('',#16631);
#16631 = CARTESIAN_POINT('',(1.6,0.1,2.));
#16632 = LINE('',#16633,#16634);
#16633 = CARTESIAN_POINT('',(1.6,0.1,1.6));
#16634 = VECTOR('',#16635,1.);
#16635 = DIRECTION('',(0.,0.,1.));
#16636 = ORIENTED_EDGE('',*,*,#16637,.T.);
#16637 = EDGE_CURVE('',#16630,#16638,#16640,.T.);
#16638 = VERTEX_POINT('',#16639);
#16639 = CARTESIAN_POINT('',(1.75,0.1,2.));
#16640 = LINE('',#16641,#16642);
#16641 = CARTESIAN_POINT('',(1.6,0.1,2.));
#16642 = VECTOR('',#16643,1.);
#16643 = DIRECTION('',(1.,0.,0.));
#16644 = ORIENTED_EDGE('',*,*,#16645,.T.);
#16645 = EDGE_CURVE('',#16638,#16646,#16648,.T.);
#16646 = VERTEX_POINT('',#16647);
#16647 = CARTESIAN_POINT('',(1.75,0.1,1.75));
#16648 = LINE('',#16649,#16650);
#16649 = CARTESIAN_POINT('',(1.75,0.1,2.));
#16650 = VECTOR('',#16651,1.);
#16651 = DIRECTION('',(0.,0.,-1.));
#16652 = ORIENTED_EDGE('',*,*,#16653,.T.);
#16653 = EDGE_CURVE('',#16646,#16654,#16656,.T.);
#16654 = VERTEX_POINT('',#16655);
#16655 = CARTESIAN_POINT('',(2.,0.1,1.75));
#16656 = LINE('',#16657,#16658);
#16657 = CARTESIAN_POINT('',(1.75,0.1,1.75));
#16658 = VECTOR('',#16659,1.);
#16659 = DIRECTION('',(1.,0.,0.));
#16660 = ORIENTED_EDGE('',*,*,#16661,.T.);
#16661 = EDGE_CURVE('',#16654,#16620,#16662,.T.);
#16662 = LINE('',#16663,#16664);
#16663 = CARTESIAN_POINT('',(2.,0.1,1.75));
#16664 = VECTOR('',#16665,1.);
#16665 = DIRECTION('',(0.,0.,-1.));
#16666 = PLANE('',#16667);
#16667 = AXIS2_PLACEMENT_3D('',#16668,#16669,#16670);
#16668 = CARTESIAN_POINT('',(0.,0.1,0.));
#16669 = DIRECTION('',(0.,1.,0.));
#16670 = DIRECTION('',(-1.,0.,0.));
#16671 = ADVANCED_FACE('',(#16672),#16697,.T.);
#16672 = FACE_BOUND('',#16673,.F.);
#16673 = EDGE_LOOP('',(#16674,#16675,#16683,#16691));
#16674 = ORIENTED_EDGE('',*,*,#16619,.F.);
#16675 = ORIENTED_EDGE('',*,*,#16676,.T.);
#16676 = EDGE_CURVE('',#16620,#16677,#16679,.T.);
#16677 = VERTEX_POINT('',#16678);
#16678 = CARTESIAN_POINT('',(2.,0.2,1.6));
#16679 = LINE('',#16680,#16681);
#16680 = CARTESIAN_POINT('',(2.,0.1,1.6));
#16681 = VECTOR('',#16682,1.);
#16682 = DIRECTION('',(0.,1.,0.));
#16683 = ORIENTED_EDGE('',*,*,#16684,.T.);
#16684 = EDGE_CURVE('',#16677,#16685,#16687,.T.);
#16685 = VERTEX_POINT('',#16686);
#16686 = CARTESIAN_POINT('',(1.6,0.2,1.6));
#16687 = LINE('',#16688,#16689);
#16688 = CARTESIAN_POINT('',(2.,0.2,1.6));
#16689 = VECTOR('',#16690,1.);
#16690 = DIRECTION('',(-1.,0.,0.));
#16691 = ORIENTED_EDGE('',*,*,#16692,.F.);
#16692 = EDGE_CURVE('',#16622,#16685,#16693,.T.);
#16693 = LINE('',#16694,#16695);
#16694 = CARTESIAN_POINT('',(1.6,0.1,1.6));
#16695 = VECTOR('',#16696,1.);
#16696 = DIRECTION('',(0.,1.,0.));
#16697 = PLANE('',#16698);
#16698 = AXIS2_PLACEMENT_3D('',#16699,#16700,#16701);
#16699 = CARTESIAN_POINT('',(2.,0.1,1.6));
#16700 = DIRECTION('',(0.,0.,-1.));
#16701 = DIRECTION('',(-1.,0.,0.));
#16702 = ADVANCED_FACE('',(#16703),#16721,.T.);
#16703 = FACE_BOUND('',#16704,.F.);
#16704 = EDGE_LOOP('',(#16705,#16706,#16714,#16720));
#16705 = ORIENTED_EDGE('',*,*,#16661,.F.);
#16706 = ORIENTED_EDGE('',*,*,#16707,.T.);
#16707 = EDGE_CURVE('',#16654,#16708,#16710,.T.);
#16708 = VERTEX_POINT('',#16709);
#16709 = CARTESIAN_POINT('',(2.,0.2,1.75));
#16710 = LINE('',#16711,#16712);
#16711 = CARTESIAN_POINT('',(2.,0.1,1.75));
#16712 = VECTOR('',#16713,1.);
#16713 = DIRECTION('',(0.,1.,0.));
#16714 = ORIENTED_EDGE('',*,*,#16715,.T.);
#16715 = EDGE_CURVE('',#16708,#16677,#16716,.T.);
#16716 = LINE('',#16717,#16718);
#16717 = CARTESIAN_POINT('',(2.,0.2,1.75));
#16718 = VECTOR('',#16719,1.);
#16719 = DIRECTION('',(0.,0.,-1.));
#16720 = ORIENTED_EDGE('',*,*,#16676,.F.);
#16721 = PLANE('',#16722);
#16722 = AXIS2_PLACEMENT_3D('',#16723,#16724,#16725);
#16723 = CARTESIAN_POINT('',(2.,0.1,1.75));
#16724 = DIRECTION('',(1.,0.,0.));
#16725 = DIRECTION('',(0.,0.,-1.));
#16726 = ADVANCED_FACE('',(#16727),#16745,.T.);
#16727 = FACE_BOUND('',#16728,.F.);
#16728 = EDGE_LOOP('',(#16729,#16730,#16738,#16744));
#16729 = ORIENTED_EDGE('',*,*,#16653,.F.);
#16730 = ORIENTED_EDGE('',*,*,#16731,.T.);
#16731 = EDGE_CURVE('',#16646,#16732,#16734,.T.);
#16732 = VERTEX_POINT('',#16733);
#16733 = CARTESIAN_POINT('',(1.75,0.2,1.75));
#16734 = LINE('',#16735,#16736);
#16735 = CARTESIAN_POINT('',(1.75,0.1,1.75));
#16736 = VECTOR('',#16737,1.);
#16737 = DIRECTION('',(0.,1.,0.));
#16738 = ORIENTED_EDGE('',*,*,#16739,.T.);
#16739 = EDGE_CURVE('',#16732,#16708,#16740,.T.);
#16740 = LINE('',#16741,#16742);
#16741 = CARTESIAN_POINT('',(1.75,0.2,1.75));
#16742 = VECTOR('',#16743,1.);
#16743 = DIRECTION('',(1.,0.,0.));
#16744 = ORIENTED_EDGE('',*,*,#16707,.F.);
#16745 = PLANE('',#16746);
#16746 = AXIS2_PLACEMENT_3D('',#16747,#16748,#16749);
#16747 = CARTESIAN_POINT('',(1.75,0.1,1.75));
#16748 = DIRECTION('',(0.,0.,1.));
#16749 = DIRECTION('',(1.,0.,-0.));
#16750 = ADVANCED_FACE('',(#16751),#16769,.T.);
#16751 = FACE_BOUND('',#16752,.F.);
#16752 = EDGE_LOOP('',(#16753,#16754,#16762,#16768));
#16753 = ORIENTED_EDGE('',*,*,#16645,.F.);
#16754 = ORIENTED_EDGE('',*,*,#16755,.T.);
#16755 = EDGE_CURVE('',#16638,#16756,#16758,.T.);
#16756 = VERTEX_POINT('',#16757);
#16757 = CARTESIAN_POINT('',(1.75,0.2,2.));
#16758 = LINE('',#16759,#16760);
#16759 = CARTESIAN_POINT('',(1.75,0.1,2.));
#16760 = VECTOR('',#16761,1.);
#16761 = DIRECTION('',(0.,1.,0.));
#16762 = ORIENTED_EDGE('',*,*,#16763,.T.);
#16763 = EDGE_CURVE('',#16756,#16732,#16764,.T.);
#16764 = LINE('',#16765,#16766);
#16765 = CARTESIAN_POINT('',(1.75,0.2,2.));
#16766 = VECTOR('',#16767,1.);
#16767 = DIRECTION('',(0.,0.,-1.));
#16768 = ORIENTED_EDGE('',*,*,#16731,.F.);
#16769 = PLANE('',#16770);
#16770 = AXIS2_PLACEMENT_3D('',#16771,#16772,#16773);
#16771 = CARTESIAN_POINT('',(1.75,0.1,2.));
#16772 = DIRECTION('',(1.,0.,0.));
#16773 = DIRECTION('',(0.,0.,-1.));
#16774 = ADVANCED_FACE('',(#16775),#16793,.T.);
#16775 = FACE_BOUND('',#16776,.F.);
#16776 = EDGE_LOOP('',(#16777,#16778,#16786,#16792));
#16777 = ORIENTED_EDGE('',*,*,#16637,.F.);
#16778 = ORIENTED_EDGE('',*,*,#16779,.T.);
#16779 = EDGE_CURVE('',#16630,#16780,#16782,.T.);
#16780 = VERTEX_POINT('',#16781);
#16781 = CARTESIAN_POINT('',(1.6,0.2,2.));
#16782 = LINE('',#16783,#16784);
#16783 = CARTESIAN_POINT('',(1.6,0.1,2.));
#16784 = VECTOR('',#16785,1.);
#16785 = DIRECTION('',(0.,1.,0.));
#16786 = ORIENTED_EDGE('',*,*,#16787,.T.);
#16787 = EDGE_CURVE('',#16780,#16756,#16788,.T.);
#16788 = LINE('',#16789,#16790);
#16789 = CARTESIAN_POINT('',(1.6,0.2,2.));
#16790 = VECTOR('',#16791,1.);
#16791 = DIRECTION('',(1.,0.,0.));
#16792 = ORIENTED_EDGE('',*,*,#16755,.F.);
#16793 = PLANE('',#16794);
#16794 = AXIS2_PLACEMENT_3D('',#16795,#16796,#16797);
#16795 = CARTESIAN_POINT('',(1.6,0.1,2.));
#16796 = DIRECTION('',(0.,0.,1.));
#16797 = DIRECTION('',(1.,0.,-0.));
#16798 = ADVANCED_FACE('',(#16799),#16810,.T.);
#16799 = FACE_BOUND('',#16800,.F.);
#16800 = EDGE_LOOP('',(#16801,#16802,#16803,#16809));
#16801 = ORIENTED_EDGE('',*,*,#16629,.F.);
#16802 = ORIENTED_EDGE('',*,*,#16692,.T.);
#16803 = ORIENTED_EDGE('',*,*,#16804,.T.);
#16804 = EDGE_CURVE('',#16685,#16780,#16805,.T.);
#16805 = LINE('',#16806,#16807);
#16806 = CARTESIAN_POINT('',(1.6,0.2,1.6));
#16807 = VECTOR('',#16808,1.);
#16808 = DIRECTION('',(0.,0.,1.));
#16809 = ORIENTED_EDGE('',*,*,#16779,.F.);
#16810 = PLANE('',#16811);
#16811 = AXIS2_PLACEMENT_3D('',#16812,#16813,#16814);
#16812 = CARTESIAN_POINT('',(1.6,0.1,1.6));
#16813 = DIRECTION('',(-1.,0.,0.));
#16814 = DIRECTION('',(0.,0.,1.));
#16815 = ADVANCED_FACE('',(#16816),#16824,.T.);
#16816 = FACE_BOUND('',#16817,.F.);
#16817 = EDGE_LOOP('',(#16818,#16819,#16820,#16821,#16822,#16823));
#16818 = ORIENTED_EDGE('',*,*,#16684,.F.);
#16819 = ORIENTED_EDGE('',*,*,#16715,.F.);
#16820 = ORIENTED_EDGE('',*,*,#16739,.F.);
#16821 = ORIENTED_EDGE('',*,*,#16763,.F.);
#16822 = ORIENTED_EDGE('',*,*,#16787,.F.);
#16823 = ORIENTED_EDGE('',*,*,#16804,.F.);
#16824 = PLANE('',#16825);
#16825 = AXIS2_PLACEMENT_3D('',#16826,#16827,#16828);
#16826 = CARTESIAN_POINT('',(0.,0.2,0.));
#16827 = DIRECTION('',(0.,1.,0.));
#16828 = DIRECTION('',(-1.,0.,0.));
#16829 = ( GEOMETRIC_REPRESENTATION_CONTEXT(3) 
GLOBAL_UNCERTAINTY_ASSIGNED_CONTEXT((#16833)) 
GLOBAL_UNIT_ASSIGNED_CONTEXT((#16830,#16831,#16832)) 
REPRESENTATION_CONTEXT('Context #1',
  '3D Context with UNIT and UNCERTAINTY') );
#16830 = ( LENGTH_UNIT() NAMED_UNIT(*) SI_UNIT(.MILLI.,.METRE.) );
#16831 = ( NAMED_UNIT(*) PLANE_ANGLE_UNIT() SI_UNIT($,.RADIAN.) );
#16832 = ( NAMED_UNIT(*) SI_UNIT($,.STERADIAN.) SOLID_ANGLE_UNIT() );
#16833 = UNCERTAINTY_MEASURE_WITH_UNIT(LENGTH_MEASURE(1.E-07),#16830,
  'distance_accuracy_value','confusion accuracy');
#16834 = CONTEXT_DEPENDENT_SHAPE_REPRESENTATION(#16835,#16837);
#16835 = ( REPRESENTATION_RELATIONSHIP('','',#16612,#12756) 
REPRESENTATION_RELATIONSHIP_WITH_TRANSFORMATION(#16836) 
SHAPE_REPRESENTATION_RELATIONSHIP() );
#16836 = ITEM_DEFINED_TRANSFORMATION('','',#11,#12837);
#16837 = PRODUCT_DEFINITION_SHAPE('Placement','Placement of an item',
  #16838);
#16838 = NEXT_ASSEMBLY_USAGE_OCCURRENCE('33','=>0:1:1:34','',#12751,
  #16607,$);
#16839 = PRODUCT_RELATED_PRODUCT_CATEGORY('part',$,(#16609));
#16840 = SHAPE_DEFINITION_REPRESENTATION(#16841,#16847);
#16841 = PRODUCT_DEFINITION_SHAPE('','',#16842);
#16842 = PRODUCT_DEFINITION('design','',#16843,#16846);
#16843 = PRODUCT_DEFINITION_FORMATION('','',#16844);
#16844 = PRODUCT('PIN1-ID','PIN1-ID','',(#16845));
#16845 = PRODUCT_CONTEXT('',#2,'mechanical');
#16846 = PRODUCT_DEFINITION_CONTEXT('part definition',#2,'design');
#16847 = SHAPE_REPRESENTATION('',(#11),#16848);
#16848 = ( GEOMETRIC_REPRESENTATION_CONTEXT(3) 
GLOBAL_UNCERTAINTY_ASSIGNED_CONTEXT((#16852)) 
GLOBAL_UNIT_ASSIGNED_CONTEXT((#16849,#16850,#16851)) 
REPRESENTATION_CONTEXT('Context #1',
  '3D Context with UNIT and UNCERTAINTY') );
#16849 = ( LENGTH_UNIT() NAMED_UNIT(*) SI_UNIT(.MILLI.,.METRE.) );
#16850 = ( NAMED_UNIT(*) PLANE_ANGLE_UNIT() SI_UNIT($,.RADIAN.) );
#16851 = ( NAMED_UNIT(*) SI_UNIT($,.STERADIAN.) SOLID_ANGLE_UNIT() );
#16852 = UNCERTAINTY_MEASURE_WITH_UNIT(LENGTH_MEASURE(1.E-07),#16849,
  'distance_accuracy_value','confusion accuracy');
#16853 = CONTEXT_DEPENDENT_SHAPE_REPRESENTATION(#16854,#16856);
#16854 = ( REPRESENTATION_RELATIONSHIP('','',#16847,#9319) 
REPRESENTATION_RELATIONSHIP_WITH_TRANSFORMATION(#16855) 
SHAPE_REPRESENTATION_RELATIONSHIP() );
#16855 = ITEM_DEFINED_TRANSFORMATION('','',#11,#9328);
#16856 = PRODUCT_DEFINITION_SHAPE('Placement','Placement of an item',
  #16857);
#16857 = NEXT_ASSEMBLY_USAGE_OCCURRENCE('35','PIN1-ID','',#9314,#16842,$
  );
#16858 = PRODUCT_RELATED_PRODUCT_CATEGORY('part',$,(#16844));
#16859 = CONTEXT_DEPENDENT_SHAPE_REPRESENTATION(#16860,#16862);
#16860 = ( REPRESENTATION_RELATIONSHIP('','',#8390,#10) 
REPRESENTATION_RELATIONSHIP_WITH_TRANSFORMATION(#16861) 
SHAPE_REPRESENTATION_RELATIONSHIP() );
#16861 = ITEM_DEFINED_TRANSFORMATION('','',#11,#47);
#16862 = PRODUCT_DEFINITION_SHAPE('Placement','Placement of an item',
  #16863);
#16863 = NEXT_ASSEMBLY_USAGE_OCCURRENCE('38','C6','',#5,#8385,$);
#16864 = CONTEXT_DEPENDENT_SHAPE_REPRESENTATION(#16865,#16867);
#16865 = ( REPRESENTATION_RELATIONSHIP('','',#8390,#10) 
REPRESENTATION_RELATIONSHIP_WITH_TRANSFORMATION(#16866) 
SHAPE_REPRESENTATION_RELATIONSHIP() );
#16866 = ITEM_DEFINED_TRANSFORMATION('','',#11,#51);
#16867 = PRODUCT_DEFINITION_SHAPE('Placement','Placement of an item',
  #16868);
#16868 = NEXT_ASSEMBLY_USAGE_OCCURRENCE('39','C2','',#5,#8385,$);
#16869 = SHAPE_DEFINITION_REPRESENTATION(#16870,#16876);
#16870 = PRODUCT_DEFINITION_SHAPE('','',#16871);
#16871 = PRODUCT_DEFINITION('design','',#16872,#16875);
#16872 = PRODUCT_DEFINITION_FORMATION('','',#16873);
#16873 = PRODUCT('LED_0603_1608Metric','LED_0603_1608Metric','',(#16874)
  );
#16874 = PRODUCT_CONTEXT('',#2,'mechanical');
#16875 = PRODUCT_DEFINITION_CONTEXT('part definition',#2,'design');
#16876 = SHAPE_REPRESENTATION('',(#11,#16877),#16881);
#16877 = AXIS2_PLACEMENT_3D('',#16878,#16879,#16880);
#16878 = CARTESIAN_POINT('',(0.,0.,0.));
#16879 = DIRECTION('',(0.,0.,1.));
#16880 = DIRECTION('',(1.,0.,-0.));
#16881 = ( GEOMETRIC_REPRESENTATION_CONTEXT(3) 
GLOBAL_UNCERTAINTY_ASSIGNED_CONTEXT((#16885)) 
GLOBAL_UNIT_ASSIGNED_CONTEXT((#16882,#16883,#16884)) 
REPRESENTATION_CONTEXT('Context #1',
  '3D Context with UNIT and UNCERTAINTY') );
#16882 = ( LENGTH_UNIT() NAMED_UNIT(*) SI_UNIT(.MILLI.,.METRE.) );
#16883 = ( NAMED_UNIT(*) PLANE_ANGLE_UNIT() SI_UNIT($,.RADIAN.) );
#16884 = ( NAMED_UNIT(*) SI_UNIT($,.STERADIAN.) SOLID_ANGLE_UNIT() );
#16885 = UNCERTAINTY_MEASURE_WITH_UNIT(LENGTH_MEASURE(1.E-07),#16882,
  'distance_accuracy_value','confusion accuracy');
#16886 = CONTEXT_DEPENDENT_SHAPE_REPRESENTATION(#16887,#16889);
#16887 = ( REPRESENTATION_RELATIONSHIP('','',#16876,#10) 
REPRESENTATION_RELATIONSHIP_WITH_TRANSFORMATION(#16888) 
SHAPE_REPRESENTATION_RELATIONSHIP() );
#16888 = ITEM_DEFINED_TRANSFORMATION('','',#11,#55);
#16889 = PRODUCT_DEFINITION_SHAPE('Placement','Placement of an item',
  #16890);
#16890 = NEXT_ASSEMBLY_USAGE_OCCURRENCE('41','D1','',#5,#16871,$);
#16891 = PRODUCT_RELATED_PRODUCT_CATEGORY('part',$,(#16873));
#16892 = SHAPE_DEFINITION_REPRESENTATION(#16893,#16899);
#16893 = PRODUCT_DEFINITION_SHAPE('','',#16894);
#16894 = PRODUCT_DEFINITION('design','',#16895,#16898);
#16895 = PRODUCT_DEFINITION_FORMATION('','',#16896);
#16896 = PRODUCT('LED_0603_1608Metric','LED_0603_1608Metric','',(#16897)
  );
#16897 = PRODUCT_CONTEXT('',#2,'mechanical');
#16898 = PRODUCT_DEFINITION_CONTEXT('part definition',#2,'design');
#16899 = ADVANCED_BREP_SHAPE_REPRESENTATION('',(#11,#16900),#18423);
#16900 = MANIFOLD_SOLID_BREP('',#16901);
#16901 = CLOSED_SHELL('',(#16902,#16942,#16989,#17068,#17092,#17132,
    #17163,#17180,#17213,#17237,#17304,#17425,#17492,#17516,#17547,
    #17580,#17636,#17660,#17684,#17708,#17741,#17753,#17816,#17841,
    #17858,#17882,#17900,#17918,#17936,#17953,#17970,#18001,#18026,
    #18051,#18075,#18092,#18123,#18147,#18164,#18192,#18217,#18241,
    #18266,#18313,#18330,#18342,#18364,#18376,#18394,#18412));
#16902 = ADVANCED_FACE('',(#16903),#16937,.F.);
#16903 = FACE_BOUND('',#16904,.F.);
#16904 = EDGE_LOOP('',(#16905,#16915,#16923,#16931));
#16905 = ORIENTED_EDGE('',*,*,#16906,.T.);
#16906 = EDGE_CURVE('',#16907,#16909,#16911,.T.);
#16907 = VERTEX_POINT('',#16908);
#16908 = CARTESIAN_POINT('',(-0.5,-0.4,0.47));
#16909 = VERTEX_POINT('',#16910);
#16910 = CARTESIAN_POINT('',(-0.45,-0.4,1.1));
#16911 = LINE('',#16912,#16913);
#16912 = CARTESIAN_POINT('',(-0.5,-0.4,0.47));
#16913 = VECTOR('',#16914,1.);
#16914 = DIRECTION('',(7.911630099815E-02,0.,0.996865392576));
#16915 = ORIENTED_EDGE('',*,*,#16916,.T.);
#16916 = EDGE_CURVE('',#16909,#16917,#16919,.T.);
#16917 = VERTEX_POINT('',#16918);
#16918 = CARTESIAN_POINT('',(0.45,-0.4,1.1));
#16919 = LINE('',#16920,#16921);
#16920 = CARTESIAN_POINT('',(-0.45,-0.4,1.1));
#16921 = VECTOR('',#16922,1.);
#16922 = DIRECTION('',(1.,0.,0.));
#16923 = ORIENTED_EDGE('',*,*,#16924,.T.);
#16924 = EDGE_CURVE('',#16917,#16925,#16927,.T.);
#16925 = VERTEX_POINT('',#16926);
#16926 = CARTESIAN_POINT('',(0.5,-0.4,0.47));
#16927 = LINE('',#16928,#16929);
#16928 = CARTESIAN_POINT('',(0.45,-0.4,1.1));
#16929 = VECTOR('',#16930,1.);
#16930 = DIRECTION('',(7.911630099815E-02,0.,-0.996865392576));
#16931 = ORIENTED_EDGE('',*,*,#16932,.T.);
#16932 = EDGE_CURVE('',#16925,#16907,#16933,.T.);
#16933 = LINE('',#16934,#16935);
#16934 = CARTESIAN_POINT('',(0.5,-0.4,0.47));
#16935 = VECTOR('',#16936,1.);
#16936 = DIRECTION('',(-1.,0.,0.));
#16937 = PLANE('',#16938);
#16938 = AXIS2_PLACEMENT_3D('',#16939,#16940,#16941);
#16939 = CARTESIAN_POINT('',(-8.772411109409E-18,-0.4,0.775044128294));
#16940 = DIRECTION('',(0.,1.,0.));
#16941 = DIRECTION('',(0.,-0.,1.));
#16942 = ADVANCED_FACE('',(#16943),#16984,.T.);
#16943 = FACE_BOUND('',#16944,.T.);
#16944 = EDGE_LOOP('',(#16945,#16955,#16963,#16969,#16970,#16978));
#16945 = ORIENTED_EDGE('',*,*,#16946,.T.);
#16946 = EDGE_CURVE('',#16947,#16949,#16951,.T.);
#16947 = VERTEX_POINT('',#16948);
#16948 = CARTESIAN_POINT('',(-0.5,0.4,0.47));
#16949 = VERTEX_POINT('',#16950);
#16950 = CARTESIAN_POINT('',(-0.5,0.3,0.47));
#16951 = LINE('',#16952,#16953);
#16952 = CARTESIAN_POINT('',(-0.5,0.4,0.47));
#16953 = VECTOR('',#16954,1.);
#16954 = DIRECTION('',(0.,-1.,0.));
#16955 = ORIENTED_EDGE('',*,*,#16956,.F.);
#16956 = EDGE_CURVE('',#16957,#16949,#16959,.T.);
#16957 = VERTEX_POINT('',#16958);
#16958 = CARTESIAN_POINT('',(-0.5,-0.3,0.47));
#16959 = LINE('',#16960,#16961);
#16960 = CARTESIAN_POINT('',(-0.5,-0.4,0.47));
#16961 = VECTOR('',#16962,1.);
#16962 = DIRECTION('',(0.,1.,0.));
#16963 = ORIENTED_EDGE('',*,*,#16964,.T.);
#16964 = EDGE_CURVE('',#16957,#16907,#16965,.T.);
#16965 = LINE('',#16966,#16967);
#16966 = CARTESIAN_POINT('',(-0.5,0.4,0.47));
#16967 = VECTOR('',#16968,1.);
#16968 = DIRECTION('',(0.,-1.,0.));
#16969 = ORIENTED_EDGE('',*,*,#16906,.T.);
#16970 = ORIENTED_EDGE('',*,*,#16971,.F.);
#16971 = EDGE_CURVE('',#16972,#16909,#16974,.T.);
#16972 = VERTEX_POINT('',#16973);
#16973 = CARTESIAN_POINT('',(-0.45,0.4,1.1));
#16974 = LINE('',#16975,#16976);
#16975 = CARTESIAN_POINT('',(-0.45,0.4,1.1));
#16976 = VECTOR('',#16977,1.);
#16977 = DIRECTION('',(0.,-1.,0.));
#16978 = ORIENTED_EDGE('',*,*,#16979,.F.);
#16979 = EDGE_CURVE('',#16947,#16972,#16980,.T.);
#16980 = LINE('',#16981,#16982);
#16981 = CARTESIAN_POINT('',(-0.5,0.4,0.47));
#16982 = VECTOR('',#16983,1.);
#16983 = DIRECTION('',(7.911630099815E-02,0.,0.996865392576));
#16984 = PLANE('',#16985);
#16985 = AXIS2_PLACEMENT_3D('',#16986,#16987,#16988);
#16986 = CARTESIAN_POINT('',(-0.5,0.4,0.47));
#16987 = DIRECTION('',(-0.996865392576,0.,7.911630099815E-02));
#16988 = DIRECTION('',(7.911630099815E-02,0.,0.996865392576));
#16989 = ADVANCED_FACE('',(#16990),#17063,.F.);
#16990 = FACE_BOUND('',#16991,.F.);
#16991 = EDGE_LOOP('',(#16992,#17002,#17010,#17018,#17024,#17025,#17033,
    #17041,#17049,#17057));
#16992 = ORIENTED_EDGE('',*,*,#16993,.F.);
#16993 = EDGE_CURVE('',#16994,#16996,#16998,.T.);
#16994 = VERTEX_POINT('',#16995);
#16995 = CARTESIAN_POINT('',(-0.77,-0.4,3.E-02));
#16996 = VERTEX_POINT('',#16997);
#16997 = CARTESIAN_POINT('',(-0.725,-0.4,3.E-02));
#16998 = LINE('',#16999,#17000);
#16999 = CARTESIAN_POINT('',(-0.77,-0.4,3.E-02));
#17000 = VECTOR('',#17001,1.);
#17001 = DIRECTION('',(1.,0.,0.));
#17002 = ORIENTED_EDGE('',*,*,#17003,.T.);
#17003 = EDGE_CURVE('',#16994,#17004,#17006,.T.);
#17004 = VERTEX_POINT('',#17005);
#17005 = CARTESIAN_POINT('',(-0.77,-0.4,0.47));
#17006 = LINE('',#17007,#17008);
#17007 = CARTESIAN_POINT('',(-0.77,-0.4,3.E-02));
#17008 = VECTOR('',#17009,1.);
#17009 = DIRECTION('',(0.,0.,1.));
#17010 = ORIENTED_EDGE('',*,*,#17011,.T.);
#17011 = EDGE_CURVE('',#17004,#17012,#17014,.T.);
#17012 = VERTEX_POINT('',#17013);
#17013 = CARTESIAN_POINT('',(-0.725,-0.4,0.47));
#17014 = LINE('',#17015,#17016);
#17015 = CARTESIAN_POINT('',(-0.77,-0.4,0.47));
#17016 = VECTOR('',#17017,1.);
#17017 = DIRECTION('',(1.,0.,0.));
#17018 = ORIENTED_EDGE('',*,*,#17019,.T.);
#17019 = EDGE_CURVE('',#17012,#16907,#17020,.T.);
#17020 = LINE('',#17021,#17022);
#17021 = CARTESIAN_POINT('',(-0.77,-0.4,0.47));
#17022 = VECTOR('',#17023,1.);
#17023 = DIRECTION('',(1.,0.,0.));
#17024 = ORIENTED_EDGE('',*,*,#16932,.F.);
#17025 = ORIENTED_EDGE('',*,*,#17026,.T.);
#17026 = EDGE_CURVE('',#16925,#17027,#17029,.T.);
#17027 = VERTEX_POINT('',#17028);
#17028 = CARTESIAN_POINT('',(0.725,-0.4,0.47));
#17029 = LINE('',#17030,#17031);
#17030 = CARTESIAN_POINT('',(-0.77,-0.4,0.47));
#17031 = VECTOR('',#17032,1.);
#17032 = DIRECTION('',(1.,0.,0.));
#17033 = ORIENTED_EDGE('',*,*,#17034,.T.);
#17034 = EDGE_CURVE('',#17027,#17035,#17037,.T.);
#17035 = VERTEX_POINT('',#17036);
#17036 = CARTESIAN_POINT('',(0.77,-0.4,0.47));
#17037 = LINE('',#17038,#17039);
#17038 = CARTESIAN_POINT('',(-0.77,-0.4,0.47));
#17039 = VECTOR('',#17040,1.);
#17040 = DIRECTION('',(1.,0.,0.));
#17041 = ORIENTED_EDGE('',*,*,#17042,.F.);
#17042 = EDGE_CURVE('',#17043,#17035,#17045,.T.);
#17043 = VERTEX_POINT('',#17044);
#17044 = CARTESIAN_POINT('',(0.77,-0.4,3.E-02));
#17045 = LINE('',#17046,#17047);
#17046 = CARTESIAN_POINT('',(0.77,-0.4,3.E-02));
#17047 = VECTOR('',#17048,1.);
#17048 = DIRECTION('',(0.,0.,1.));
#17049 = ORIENTED_EDGE('',*,*,#17050,.F.);
#17050 = EDGE_CURVE('',#17051,#17043,#17053,.T.);
#17051 = VERTEX_POINT('',#17052);
#17052 = CARTESIAN_POINT('',(0.725,-0.4,3.E-02));
#17053 = LINE('',#17054,#17055);
#17054 = CARTESIAN_POINT('',(-0.77,-0.4,3.E-02));
#17055 = VECTOR('',#17056,1.);
#17056 = DIRECTION('',(1.,0.,0.));
#17057 = ORIENTED_EDGE('',*,*,#17058,.F.);
#17058 = EDGE_CURVE('',#16996,#17051,#17059,.T.);
#17059 = LINE('',#17060,#17061);
#17060 = CARTESIAN_POINT('',(-0.77,-0.4,3.E-02));
#17061 = VECTOR('',#17062,1.);
#17062 = DIRECTION('',(1.,0.,0.));
#17063 = PLANE('',#17064);
#17064 = AXIS2_PLACEMENT_3D('',#17065,#17066,#17067);
#17065 = CARTESIAN_POINT('',(-0.77,-0.4,3.E-02));
#17066 = DIRECTION('',(0.,1.,0.));
#17067 = DIRECTION('',(0.,-0.,1.));
#17068 = ADVANCED_FACE('',(#17069),#17087,.T.);
#17069 = FACE_BOUND('',#17070,.T.);
#17070 = EDGE_LOOP('',(#17071,#17072,#17073,#17081));
#17071 = ORIENTED_EDGE('',*,*,#16971,.T.);
#17072 = ORIENTED_EDGE('',*,*,#16916,.T.);
#17073 = ORIENTED_EDGE('',*,*,#17074,.F.);
#17074 = EDGE_CURVE('',#17075,#16917,#17077,.T.);
#17075 = VERTEX_POINT('',#17076);
#17076 = CARTESIAN_POINT('',(0.45,0.4,1.1));
#17077 = LINE('',#17078,#17079);
#17078 = CARTESIAN_POINT('',(0.45,0.4,1.1));
#17079 = VECTOR('',#17080,1.);
#17080 = DIRECTION('',(0.,-1.,0.));
#17081 = ORIENTED_EDGE('',*,*,#17082,.F.);
#17082 = EDGE_CURVE('',#16972,#17075,#17083,.T.);
#17083 = LINE('',#17084,#17085);
#17084 = CARTESIAN_POINT('',(-0.45,0.4,1.1));
#17085 = VECTOR('',#17086,1.);
#17086 = DIRECTION('',(1.,0.,0.));
#17087 = PLANE('',#17088);
#17088 = AXIS2_PLACEMENT_3D('',#17089,#17090,#17091);
#17089 = CARTESIAN_POINT('',(-0.45,0.4,1.1));
#17090 = DIRECTION('',(0.,0.,1.));
#17091 = DIRECTION('',(1.,0.,-0.));
#17092 = ADVANCED_FACE('',(#17093),#17127,.T.);
#17093 = FACE_BOUND('',#17094,.T.);
#17094 = EDGE_LOOP('',(#17095,#17096,#17097,#17105,#17113,#17121));
#17095 = ORIENTED_EDGE('',*,*,#17074,.T.);
#17096 = ORIENTED_EDGE('',*,*,#16924,.T.);
#17097 = ORIENTED_EDGE('',*,*,#17098,.F.);
#17098 = EDGE_CURVE('',#17099,#16925,#17101,.T.);
#17099 = VERTEX_POINT('',#17100);
#17100 = CARTESIAN_POINT('',(0.5,-0.3,0.47));
#17101 = LINE('',#17102,#17103);
#17102 = CARTESIAN_POINT('',(0.5,0.4,0.47));
#17103 = VECTOR('',#17104,1.);
#17104 = DIRECTION('',(0.,-1.,0.));
#17105 = ORIENTED_EDGE('',*,*,#17106,.T.);
#17106 = EDGE_CURVE('',#17099,#17107,#17109,.T.);
#17107 = VERTEX_POINT('',#17108);
#17108 = CARTESIAN_POINT('',(0.5,0.3,0.47));
#17109 = LINE('',#17110,#17111);
#17110 = CARTESIAN_POINT('',(0.5,-0.4,0.47));
#17111 = VECTOR('',#17112,1.);
#17112 = DIRECTION('',(0.,1.,0.));
#17113 = ORIENTED_EDGE('',*,*,#17114,.F.);
#17114 = EDGE_CURVE('',#17115,#17107,#17117,.T.);
#17115 = VERTEX_POINT('',#17116);
#17116 = CARTESIAN_POINT('',(0.5,0.4,0.47));
#17117 = LINE('',#17118,#17119);
#17118 = CARTESIAN_POINT('',(0.5,0.4,0.47));
#17119 = VECTOR('',#17120,1.);
#17120 = DIRECTION('',(0.,-1.,0.));
#17121 = ORIENTED_EDGE('',*,*,#17122,.F.);
#17122 = EDGE_CURVE('',#17075,#17115,#17123,.T.);
#17123 = LINE('',#17124,#17125);
#17124 = CARTESIAN_POINT('',(0.45,0.4,1.1));
#17125 = VECTOR('',#17126,1.);
#17126 = DIRECTION('',(7.911630099815E-02,0.,-0.996865392576));
#17127 = PLANE('',#17128);
#17128 = AXIS2_PLACEMENT_3D('',#17129,#17130,#17131);
#17129 = CARTESIAN_POINT('',(0.45,0.4,1.1));
#17130 = DIRECTION('',(0.996865392576,0.,7.911630099815E-02));
#17131 = DIRECTION('',(7.911630099815E-02,0.,-0.996865392576));
#17132 = ADVANCED_FACE('',(#17133),#17158,.T.);
#17133 = FACE_BOUND('',#17134,.T.);
#17134 = EDGE_LOOP('',(#17135,#17143,#17151,#17157));
#17135 = ORIENTED_EDGE('',*,*,#17136,.F.);
#17136 = EDGE_CURVE('',#17137,#16947,#17139,.T.);
#17137 = VERTEX_POINT('',#17138);
#17138 = CARTESIAN_POINT('',(-0.725,0.4,0.47));
#17139 = LINE('',#17140,#17141);
#17140 = CARTESIAN_POINT('',(-0.77,0.4,0.47));
#17141 = VECTOR('',#17142,1.);
#17142 = DIRECTION('',(1.,0.,0.));
#17143 = ORIENTED_EDGE('',*,*,#17144,.F.);
#17144 = EDGE_CURVE('',#17145,#17137,#17147,.T.);
#17145 = VERTEX_POINT('',#17146);
#17146 = CARTESIAN_POINT('',(-0.725,0.3,0.47));
#17147 = LINE('',#17148,#17149);
#17148 = CARTESIAN_POINT('',(-0.725,5.E-02,0.47));
#17149 = VECTOR('',#17150,1.);
#17150 = DIRECTION('',(0.,1.,0.));
#17151 = ORIENTED_EDGE('',*,*,#17152,.F.);
#17152 = EDGE_CURVE('',#16949,#17145,#17153,.T.);
#17153 = LINE('',#17154,#17155);
#17154 = CARTESIAN_POINT('',(-0.7475,0.3,0.47));
#17155 = VECTOR('',#17156,1.);
#17156 = DIRECTION('',(-1.,0.,0.));
#17157 = ORIENTED_EDGE('',*,*,#16946,.F.);
#17158 = PLANE('',#17159);
#17159 = AXIS2_PLACEMENT_3D('',#17160,#17161,#17162);
#17160 = CARTESIAN_POINT('',(-0.77,-0.4,0.47));
#17161 = DIRECTION('',(0.,0.,1.));
#17162 = DIRECTION('',(1.,0.,-0.));
#17163 = ADVANCED_FACE('',(#17164),#17175,.T.);
#17164 = FACE_BOUND('',#17165,.T.);
#17165 = EDGE_LOOP('',(#17166,#17167,#17168,#17169));
#17166 = ORIENTED_EDGE('',*,*,#16979,.T.);
#17167 = ORIENTED_EDGE('',*,*,#17082,.T.);
#17168 = ORIENTED_EDGE('',*,*,#17122,.T.);
#17169 = ORIENTED_EDGE('',*,*,#17170,.T.);
#17170 = EDGE_CURVE('',#17115,#16947,#17171,.T.);
#17171 = LINE('',#17172,#17173);
#17172 = CARTESIAN_POINT('',(0.5,0.4,0.47));
#17173 = VECTOR('',#17174,1.);
#17174 = DIRECTION('',(-1.,0.,0.));
#17175 = PLANE('',#17176);
#17176 = AXIS2_PLACEMENT_3D('',#17177,#17178,#17179);
#17177 = CARTESIAN_POINT('',(-8.772411109409E-18,0.4,0.775044128294));
#17178 = DIRECTION('',(0.,1.,0.));
#17179 = DIRECTION('',(0.,-0.,1.));
#17180 = ADVANCED_FACE('',(#17181),#17208,.T.);
#17181 = FACE_BOUND('',#17182,.T.);
#17182 = EDGE_LOOP('',(#17183,#17192,#17200,#17207));
#17183 = ORIENTED_EDGE('',*,*,#17184,.F.);
#17184 = EDGE_CURVE('',#17185,#16949,#17187,.T.);
#17185 = VERTEX_POINT('',#17186);
#17186 = CARTESIAN_POINT('',(-0.53,0.3,0.5));
#17187 = CIRCLE('',#17188,3.E-02);
#17188 = AXIS2_PLACEMENT_3D('',#17189,#17190,#17191);
#17189 = CARTESIAN_POINT('',(-0.53,0.3,0.47));
#17190 = DIRECTION('',(-0.,1.,0.));
#17191 = DIRECTION('',(1.,0.,0.));
#17192 = ORIENTED_EDGE('',*,*,#17193,.F.);
#17193 = EDGE_CURVE('',#17194,#17185,#17196,.T.);
#17194 = VERTEX_POINT('',#17195);
#17195 = CARTESIAN_POINT('',(-0.53,-0.3,0.5));
#17196 = LINE('',#17197,#17198);
#17197 = CARTESIAN_POINT('',(-0.53,-0.4,0.5));
#17198 = VECTOR('',#17199,1.);
#17199 = DIRECTION('',(0.,1.,0.));
#17200 = ORIENTED_EDGE('',*,*,#17201,.T.);
#17201 = EDGE_CURVE('',#17194,#16957,#17202,.T.);
#17202 = CIRCLE('',#17203,3.E-02);
#17203 = AXIS2_PLACEMENT_3D('',#17204,#17205,#17206);
#17204 = CARTESIAN_POINT('',(-0.53,-0.3,0.47));
#17205 = DIRECTION('',(-0.,1.,0.));
#17206 = DIRECTION('',(1.,0.,0.));
#17207 = ORIENTED_EDGE('',*,*,#16956,.T.);
#17208 = CYLINDRICAL_SURFACE('',#17209,3.E-02);
#17209 = AXIS2_PLACEMENT_3D('',#17210,#17211,#17212);
#17210 = CARTESIAN_POINT('',(-0.53,-0.4,0.47));
#17211 = DIRECTION('',(0.,1.,0.));
#17212 = DIRECTION('',(1.,0.,0.));
#17213 = ADVANCED_FACE('',(#17214),#17232,.T.);
#17214 = FACE_BOUND('',#17215,.T.);
#17215 = EDGE_LOOP('',(#17216,#17224,#17225,#17226));
#17216 = ORIENTED_EDGE('',*,*,#17217,.F.);
#17217 = EDGE_CURVE('',#17012,#17218,#17220,.T.);
#17218 = VERTEX_POINT('',#17219);
#17219 = CARTESIAN_POINT('',(-0.725,-0.3,0.47));
#17220 = LINE('',#17221,#17222);
#17221 = CARTESIAN_POINT('',(-0.725,-0.35,0.47));
#17222 = VECTOR('',#17223,1.);
#17223 = DIRECTION('',(0.,1.,0.));
#17224 = ORIENTED_EDGE('',*,*,#17019,.T.);
#17225 = ORIENTED_EDGE('',*,*,#16964,.F.);
#17226 = ORIENTED_EDGE('',*,*,#17227,.F.);
#17227 = EDGE_CURVE('',#17218,#16957,#17228,.T.);
#17228 = LINE('',#17229,#17230);
#17229 = CARTESIAN_POINT('',(-2.25E-02,-0.3,0.47));
#17230 = VECTOR('',#17231,1.);
#17231 = DIRECTION('',(1.,0.,0.));
#17232 = PLANE('',#17233);
#17233 = AXIS2_PLACEMENT_3D('',#17234,#17235,#17236);
#17234 = CARTESIAN_POINT('',(-0.77,-0.4,0.47));
#17235 = DIRECTION('',(0.,0.,1.));
#17236 = DIRECTION('',(1.,0.,-0.));
#17237 = ADVANCED_FACE('',(#17238),#17299,.F.);
#17238 = FACE_BOUND('',#17239,.F.);
#17239 = EDGE_LOOP('',(#17240,#17250,#17259,#17267,#17276,#17284,#17290,
    #17291,#17292,#17293));
#17240 = ORIENTED_EDGE('',*,*,#17241,.F.);
#17241 = EDGE_CURVE('',#17242,#17244,#17246,.T.);
#17242 = VERTEX_POINT('',#17243);
#17243 = CARTESIAN_POINT('',(-0.77,-0.4,-3.469446951954E-18));
#17244 = VERTEX_POINT('',#17245);
#17245 = CARTESIAN_POINT('',(-0.725,-0.4,0.));
#17246 = LINE('',#17247,#17248);
#17247 = CARTESIAN_POINT('',(-0.8,-0.4,0.));
#17248 = VECTOR('',#17249,1.);
#17249 = DIRECTION('',(1.,0.,0.));
#17250 = ORIENTED_EDGE('',*,*,#17251,.F.);
#17251 = EDGE_CURVE('',#17252,#17242,#17254,.T.);
#17252 = VERTEX_POINT('',#17253);
#17253 = CARTESIAN_POINT('',(-0.8,-0.4,3.E-02));
#17254 = CIRCLE('',#17255,3.E-02);
#17255 = AXIS2_PLACEMENT_3D('',#17256,#17257,#17258);
#17256 = CARTESIAN_POINT('',(-0.77,-0.4,3.E-02));
#17257 = DIRECTION('',(0.,-1.,0.));
#17258 = DIRECTION('',(0.,0.,1.));
#17259 = ORIENTED_EDGE('',*,*,#17260,.T.);
#17260 = EDGE_CURVE('',#17252,#17261,#17263,.T.);
#17261 = VERTEX_POINT('',#17262);
#17262 = CARTESIAN_POINT('',(-0.8,-0.4,0.47));
#17263 = LINE('',#17264,#17265);
#17264 = CARTESIAN_POINT('',(-0.8,-0.4,0.));
#17265 = VECTOR('',#17266,1.);
#17266 = DIRECTION('',(0.,0.,1.));
#17267 = ORIENTED_EDGE('',*,*,#17268,.T.);
#17268 = EDGE_CURVE('',#17261,#17269,#17271,.T.);
#17269 = VERTEX_POINT('',#17270);
#17270 = CARTESIAN_POINT('',(-0.77,-0.4,0.5));
#17271 = CIRCLE('',#17272,3.E-02);
#17272 = AXIS2_PLACEMENT_3D('',#17273,#17274,#17275);
#17273 = CARTESIAN_POINT('',(-0.77,-0.4,0.47));
#17274 = DIRECTION('',(0.,1.,0.));
#17275 = DIRECTION('',(0.,-0.,1.));
#17276 = ORIENTED_EDGE('',*,*,#17277,.T.);
#17277 = EDGE_CURVE('',#17269,#17278,#17280,.T.);
#17278 = VERTEX_POINT('',#17279);
#17279 = CARTESIAN_POINT('',(-0.725,-0.4,0.5));
#17280 = LINE('',#17281,#17282);
#17281 = CARTESIAN_POINT('',(-0.8,-0.4,0.5));
#17282 = VECTOR('',#17283,1.);
#17283 = DIRECTION('',(1.,0.,0.));
#17284 = ORIENTED_EDGE('',*,*,#17285,.F.);
#17285 = EDGE_CURVE('',#17012,#17278,#17286,.T.);
#17286 = LINE('',#17287,#17288);
#17287 = CARTESIAN_POINT('',(-0.725,-0.4,0.375));
#17288 = VECTOR('',#17289,1.);
#17289 = DIRECTION('',(0.,0.,1.));
#17290 = ORIENTED_EDGE('',*,*,#17011,.F.);
#17291 = ORIENTED_EDGE('',*,*,#17003,.F.);
#17292 = ORIENTED_EDGE('',*,*,#16993,.T.);
#17293 = ORIENTED_EDGE('',*,*,#17294,.F.);
#17294 = EDGE_CURVE('',#17244,#16996,#17295,.T.);
#17295 = LINE('',#17296,#17297);
#17296 = CARTESIAN_POINT('',(-0.725,-0.4,0.375));
#17297 = VECTOR('',#17298,1.);
#17298 = DIRECTION('',(0.,0.,1.));
#17299 = PLANE('',#17300);
#17300 = AXIS2_PLACEMENT_3D('',#17301,#17302,#17303);
#17301 = CARTESIAN_POINT('',(-0.8,-0.4,0.));
#17302 = DIRECTION('',(0.,1.,0.));
#17303 = DIRECTION('',(0.,-0.,1.));
#17304 = ADVANCED_FACE('',(#17305,#17394),#17420,.F.);
#17305 = FACE_BOUND('',#17306,.F.);
#17306 = EDGE_LOOP('',(#17307,#17315,#17316,#17324,#17332,#17340,#17348,
    #17356,#17364,#17372,#17380,#17388));
#17307 = ORIENTED_EDGE('',*,*,#17308,.F.);
#17308 = EDGE_CURVE('',#16996,#17309,#17311,.T.);
#17309 = VERTEX_POINT('',#17310);
#17310 = CARTESIAN_POINT('',(-0.725,-0.3,3.E-02));
#17311 = LINE('',#17312,#17313);
#17312 = CARTESIAN_POINT('',(-0.725,-0.35,3.E-02));
#17313 = VECTOR('',#17314,1.);
#17314 = DIRECTION('',(0.,1.,0.));
#17315 = ORIENTED_EDGE('',*,*,#17058,.T.);
#17316 = ORIENTED_EDGE('',*,*,#17317,.F.);
#17317 = EDGE_CURVE('',#17318,#17051,#17320,.T.);
#17318 = VERTEX_POINT('',#17319);
#17319 = CARTESIAN_POINT('',(0.725,-0.3,3.E-02));
#17320 = LINE('',#17321,#17322);
#17321 = CARTESIAN_POINT('',(0.725,-0.45,3.E-02));
#17322 = VECTOR('',#17323,1.);
#17323 = DIRECTION('',(0.,-1.,0.));
#17324 = ORIENTED_EDGE('',*,*,#17325,.F.);
#17325 = EDGE_CURVE('',#17326,#17318,#17328,.T.);
#17326 = VERTEX_POINT('',#17327);
#17327 = CARTESIAN_POINT('',(0.5,-0.3,3.E-02));
#17328 = LINE('',#17329,#17330);
#17329 = CARTESIAN_POINT('',(-2.25E-02,-0.3,3.E-02));
#17330 = VECTOR('',#17331,1.);
#17331 = DIRECTION('',(1.,0.,0.));
#17332 = ORIENTED_EDGE('',*,*,#17333,.T.);
#17333 = EDGE_CURVE('',#17326,#17334,#17336,.T.);
#17334 = VERTEX_POINT('',#17335);
#17335 = CARTESIAN_POINT('',(0.5,0.3,3.E-02));
#17336 = LINE('',#17337,#17338);
#17337 = CARTESIAN_POINT('',(0.5,-0.4,3.E-02));
#17338 = VECTOR('',#17339,1.);
#17339 = DIRECTION('',(0.,1.,0.));
#17340 = ORIENTED_EDGE('',*,*,#17341,.F.);
#17341 = EDGE_CURVE('',#17342,#17334,#17344,.T.);
#17342 = VERTEX_POINT('',#17343);
#17343 = CARTESIAN_POINT('',(0.725,0.3,3.E-02));
#17344 = LINE('',#17345,#17346);
#17345 = CARTESIAN_POINT('',(-0.7475,0.3,3.E-02));
#17346 = VECTOR('',#17347,1.);
#17347 = DIRECTION('',(-1.,0.,0.));
#17348 = ORIENTED_EDGE('',*,*,#17349,.F.);
#17349 = EDGE_CURVE('',#17350,#17342,#17352,.T.);
#17350 = VERTEX_POINT('',#17351);
#17351 = CARTESIAN_POINT('',(0.725,0.4,3.E-02));
#17352 = LINE('',#17353,#17354);
#17353 = CARTESIAN_POINT('',(0.725,-5.E-02,3.E-02));
#17354 = VECTOR('',#17355,1.);
#17355 = DIRECTION('',(0.,-1.,0.));
#17356 = ORIENTED_EDGE('',*,*,#17357,.F.);
#17357 = EDGE_CURVE('',#17358,#17350,#17360,.T.);
#17358 = VERTEX_POINT('',#17359);
#17359 = CARTESIAN_POINT('',(-0.725,0.4,3.E-02));
#17360 = LINE('',#17361,#17362);
#17361 = CARTESIAN_POINT('',(-0.77,0.4,3.E-02));
#17362 = VECTOR('',#17363,1.);
#17363 = DIRECTION('',(1.,0.,0.));
#17364 = ORIENTED_EDGE('',*,*,#17365,.F.);
#17365 = EDGE_CURVE('',#17366,#17358,#17368,.T.);
#17366 = VERTEX_POINT('',#17367);
#17367 = CARTESIAN_POINT('',(-0.725,0.3,3.E-02));
#17368 = LINE('',#17369,#17370);
#17369 = CARTESIAN_POINT('',(-0.725,5.E-02,3.E-02));
#17370 = VECTOR('',#17371,1.);
#17371 = DIRECTION('',(0.,1.,0.));
#17372 = ORIENTED_EDGE('',*,*,#17373,.F.);
#17373 = EDGE_CURVE('',#17374,#17366,#17376,.T.);
#17374 = VERTEX_POINT('',#17375);
#17375 = CARTESIAN_POINT('',(-0.5,0.3,3.E-02));
#17376 = LINE('',#17377,#17378);
#17377 = CARTESIAN_POINT('',(-0.7475,0.3,3.E-02));
#17378 = VECTOR('',#17379,1.);
#17379 = DIRECTION('',(-1.,0.,0.));
#17380 = ORIENTED_EDGE('',*,*,#17381,.F.);
#17381 = EDGE_CURVE('',#17382,#17374,#17384,.T.);
#17382 = VERTEX_POINT('',#17383);
#17383 = CARTESIAN_POINT('',(-0.5,-0.3,3.E-02));
#17384 = LINE('',#17385,#17386);
#17385 = CARTESIAN_POINT('',(-0.5,-0.4,3.E-02));
#17386 = VECTOR('',#17387,1.);
#17387 = DIRECTION('',(0.,1.,0.));
#17388 = ORIENTED_EDGE('',*,*,#17389,.F.);
#17389 = EDGE_CURVE('',#17309,#17382,#17390,.T.);
#17390 = LINE('',#17391,#17392);
#17391 = CARTESIAN_POINT('',(-2.25E-02,-0.3,3.E-02));
#17392 = VECTOR('',#17393,1.);
#17393 = DIRECTION('',(1.,0.,0.));
#17394 = FACE_BOUND('',#17395,.F.);
#17395 = EDGE_LOOP('',(#17396,#17406,#17414));
#17396 = ORIENTED_EDGE('',*,*,#17397,.T.);
#17397 = EDGE_CURVE('',#17398,#17400,#17402,.T.);
#17398 = VERTEX_POINT('',#17399);
#17399 = CARTESIAN_POINT('',(0.277128129211,0.32,3.E-02));
#17400 = VERTEX_POINT('',#17401);
#17401 = CARTESIAN_POINT('',(0.277128129211,-0.32,3.E-02));
#17402 = LINE('',#17403,#17404);
#17403 = CARTESIAN_POINT('',(0.277128129211,0.32,3.E-02));
#17404 = VECTOR('',#17405,1.);
#17405 = DIRECTION('',(0.,-1.,0.));
#17406 = ORIENTED_EDGE('',*,*,#17407,.T.);
#17407 = EDGE_CURVE('',#17400,#17408,#17410,.T.);
#17408 = VERTEX_POINT('',#17409);
#17409 = CARTESIAN_POINT('',(-0.277128129211,0.,3.E-02));
#17410 = LINE('',#17411,#17412);
#17411 = CARTESIAN_POINT('',(0.277128129211,-0.32,3.E-02));
#17412 = VECTOR('',#17413,1.);
#17413 = DIRECTION('',(-0.866025403784,0.5,0.));
#17414 = ORIENTED_EDGE('',*,*,#17415,.T.);
#17415 = EDGE_CURVE('',#17408,#17398,#17416,.T.);
#17416 = LINE('',#17417,#17418);
#17417 = CARTESIAN_POINT('',(-0.277128129211,0.,3.E-02));
#17418 = VECTOR('',#17419,1.);
#17419 = DIRECTION('',(0.866025403784,0.5,0.));
#17420 = PLANE('',#17421);
#17421 = AXIS2_PLACEMENT_3D('',#17422,#17423,#17424);
#17422 = CARTESIAN_POINT('',(-0.77,-0.4,3.E-02));
#17423 = DIRECTION('',(0.,0.,1.));
#17424 = DIRECTION('',(1.,0.,-0.));
#17425 = ADVANCED_FACE('',(#17426),#17487,.F.);
#17426 = FACE_BOUND('',#17427,.F.);
#17427 = EDGE_LOOP('',(#17428,#17438,#17444,#17445,#17446,#17447,#17455,
    #17463,#17472,#17480));
#17428 = ORIENTED_EDGE('',*,*,#17429,.F.);
#17429 = EDGE_CURVE('',#17430,#17432,#17434,.T.);
#17430 = VERTEX_POINT('',#17431);
#17431 = CARTESIAN_POINT('',(0.725,-0.4,0.));
#17432 = VERTEX_POINT('',#17433);
#17433 = CARTESIAN_POINT('',(0.77,-0.4,-3.469446951954E-18));
#17434 = LINE('',#17435,#17436);
#17435 = CARTESIAN_POINT('',(0.5,-0.4,0.));
#17436 = VECTOR('',#17437,1.);
#17437 = DIRECTION('',(1.,0.,0.));
#17438 = ORIENTED_EDGE('',*,*,#17439,.F.);
#17439 = EDGE_CURVE('',#17051,#17430,#17440,.T.);
#17440 = LINE('',#17441,#17442);
#17441 = CARTESIAN_POINT('',(0.725,-0.4,0.375));
#17442 = VECTOR('',#17443,1.);
#17443 = DIRECTION('',(0.,0.,-1.));
#17444 = ORIENTED_EDGE('',*,*,#17050,.T.);
#17445 = ORIENTED_EDGE('',*,*,#17042,.T.);
#17446 = ORIENTED_EDGE('',*,*,#17034,.F.);
#17447 = ORIENTED_EDGE('',*,*,#17448,.F.);
#17448 = EDGE_CURVE('',#17449,#17027,#17451,.T.);
#17449 = VERTEX_POINT('',#17450);
#17450 = CARTESIAN_POINT('',(0.725,-0.4,0.5));
#17451 = LINE('',#17452,#17453);
#17452 = CARTESIAN_POINT('',(0.725,-0.4,0.375));
#17453 = VECTOR('',#17454,1.);
#17454 = DIRECTION('',(0.,0.,-1.));
#17455 = ORIENTED_EDGE('',*,*,#17456,.T.);
#17456 = EDGE_CURVE('',#17449,#17457,#17459,.T.);
#17457 = VERTEX_POINT('',#17458);
#17458 = CARTESIAN_POINT('',(0.77,-0.4,0.5));
#17459 = LINE('',#17460,#17461);
#17460 = CARTESIAN_POINT('',(0.5,-0.4,0.5));
#17461 = VECTOR('',#17462,1.);
#17462 = DIRECTION('',(1.,0.,0.));
#17463 = ORIENTED_EDGE('',*,*,#17464,.F.);
#17464 = EDGE_CURVE('',#17465,#17457,#17467,.T.);
#17465 = VERTEX_POINT('',#17466);
#17466 = CARTESIAN_POINT('',(0.8,-0.4,0.47));
#17467 = CIRCLE('',#17468,3.E-02);
#17468 = AXIS2_PLACEMENT_3D('',#17469,#17470,#17471);
#17469 = CARTESIAN_POINT('',(0.77,-0.4,0.47));
#17470 = DIRECTION('',(0.,-1.,0.));
#17471 = DIRECTION('',(0.,0.,1.));
#17472 = ORIENTED_EDGE('',*,*,#17473,.F.);
#17473 = EDGE_CURVE('',#17474,#17465,#17476,.T.);
#17474 = VERTEX_POINT('',#17475);
#17475 = CARTESIAN_POINT('',(0.8,-0.4,3.E-02));
#17476 = LINE('',#17477,#17478);
#17477 = CARTESIAN_POINT('',(0.8,-0.4,0.));
#17478 = VECTOR('',#17479,1.);
#17479 = DIRECTION('',(0.,0.,1.));
#17480 = ORIENTED_EDGE('',*,*,#17481,.T.);
#17481 = EDGE_CURVE('',#17474,#17432,#17482,.T.);
#17482 = CIRCLE('',#17483,3.E-02);
#17483 = AXIS2_PLACEMENT_3D('',#17484,#17485,#17486);
#17484 = CARTESIAN_POINT('',(0.77,-0.4,3.E-02));
#17485 = DIRECTION('',(0.,1.,0.));
#17486 = DIRECTION('',(0.,-0.,1.));
#17487 = PLANE('',#17488);
#17488 = AXIS2_PLACEMENT_3D('',#17489,#17490,#17491);
#17489 = CARTESIAN_POINT('',(0.5,-0.4,0.));
#17490 = DIRECTION('',(0.,1.,0.));
#17491 = DIRECTION('',(0.,-0.,1.));
#17492 = ADVANCED_FACE('',(#17493),#17511,.T.);
#17493 = FACE_BOUND('',#17494,.T.);
#17494 = EDGE_LOOP('',(#17495,#17503,#17504,#17505));
#17495 = ORIENTED_EDGE('',*,*,#17496,.F.);
#17496 = EDGE_CURVE('',#17099,#17497,#17499,.T.);
#17497 = VERTEX_POINT('',#17498);
#17498 = CARTESIAN_POINT('',(0.725,-0.3,0.47));
#17499 = LINE('',#17500,#17501);
#17500 = CARTESIAN_POINT('',(-2.25E-02,-0.3,0.47));
#17501 = VECTOR('',#17502,1.);
#17502 = DIRECTION('',(1.,0.,0.));
#17503 = ORIENTED_EDGE('',*,*,#17098,.T.);
#17504 = ORIENTED_EDGE('',*,*,#17026,.T.);
#17505 = ORIENTED_EDGE('',*,*,#17506,.F.);
#17506 = EDGE_CURVE('',#17497,#17027,#17507,.T.);
#17507 = LINE('',#17508,#17509);
#17508 = CARTESIAN_POINT('',(0.725,-0.45,0.47));
#17509 = VECTOR('',#17510,1.);
#17510 = DIRECTION('',(0.,-1.,0.));
#17511 = PLANE('',#17512);
#17512 = AXIS2_PLACEMENT_3D('',#17513,#17514,#17515);
#17513 = CARTESIAN_POINT('',(-0.77,-0.4,0.47));
#17514 = DIRECTION('',(0.,0.,1.));
#17515 = DIRECTION('',(1.,0.,-0.));
#17516 = ADVANCED_FACE('',(#17517),#17542,.T.);
#17517 = FACE_BOUND('',#17518,.T.);
#17518 = EDGE_LOOP('',(#17519,#17527,#17528,#17536));
#17519 = ORIENTED_EDGE('',*,*,#17520,.F.);
#17520 = EDGE_CURVE('',#17115,#17521,#17523,.T.);
#17521 = VERTEX_POINT('',#17522);
#17522 = CARTESIAN_POINT('',(0.725,0.4,0.47));
#17523 = LINE('',#17524,#17525);
#17524 = CARTESIAN_POINT('',(-0.77,0.4,0.47));
#17525 = VECTOR('',#17526,1.);
#17526 = DIRECTION('',(1.,0.,0.));
#17527 = ORIENTED_EDGE('',*,*,#17114,.T.);
#17528 = ORIENTED_EDGE('',*,*,#17529,.F.);
#17529 = EDGE_CURVE('',#17530,#17107,#17532,.T.);
#17530 = VERTEX_POINT('',#17531);
#17531 = CARTESIAN_POINT('',(0.725,0.3,0.47));
#17532 = LINE('',#17533,#17534);
#17533 = CARTESIAN_POINT('',(-0.7475,0.3,0.47));
#17534 = VECTOR('',#17535,1.);
#17535 = DIRECTION('',(-1.,0.,0.));
#17536 = ORIENTED_EDGE('',*,*,#17537,.F.);
#17537 = EDGE_CURVE('',#17521,#17530,#17538,.T.);
#17538 = LINE('',#17539,#17540);
#17539 = CARTESIAN_POINT('',(0.725,-5.E-02,0.47));
#17540 = VECTOR('',#17541,1.);
#17541 = DIRECTION('',(0.,-1.,0.));
#17542 = PLANE('',#17543);
#17543 = AXIS2_PLACEMENT_3D('',#17544,#17545,#17546);
#17544 = CARTESIAN_POINT('',(-0.77,-0.4,0.47));
#17545 = DIRECTION('',(0.,0.,1.));
#17546 = DIRECTION('',(1.,0.,-0.));
#17547 = ADVANCED_FACE('',(#17548),#17575,.T.);
#17548 = FACE_BOUND('',#17549,.T.);
#17549 = EDGE_LOOP('',(#17550,#17551,#17560,#17568));
#17550 = ORIENTED_EDGE('',*,*,#17106,.F.);
#17551 = ORIENTED_EDGE('',*,*,#17552,.T.);
#17552 = EDGE_CURVE('',#17099,#17553,#17555,.T.);
#17553 = VERTEX_POINT('',#17554);
#17554 = CARTESIAN_POINT('',(0.53,-0.3,0.5));
#17555 = CIRCLE('',#17556,3.E-02);
#17556 = AXIS2_PLACEMENT_3D('',#17557,#17558,#17559);
#17557 = CARTESIAN_POINT('',(0.53,-0.3,0.47));
#17558 = DIRECTION('',(0.,1.,-0.));
#17559 = DIRECTION('',(-1.,0.,0.));
#17560 = ORIENTED_EDGE('',*,*,#17561,.T.);
#17561 = EDGE_CURVE('',#17553,#17562,#17564,.T.);
#17562 = VERTEX_POINT('',#17563);
#17563 = CARTESIAN_POINT('',(0.53,0.3,0.5));
#17564 = LINE('',#17565,#17566);
#17565 = CARTESIAN_POINT('',(0.53,-0.4,0.5));
#17566 = VECTOR('',#17567,1.);
#17567 = DIRECTION('',(0.,1.,0.));
#17568 = ORIENTED_EDGE('',*,*,#17569,.F.);
#17569 = EDGE_CURVE('',#17107,#17562,#17570,.T.);
#17570 = CIRCLE('',#17571,3.E-02);
#17571 = AXIS2_PLACEMENT_3D('',#17572,#17573,#17574);
#17572 = CARTESIAN_POINT('',(0.53,0.3,0.47));
#17573 = DIRECTION('',(0.,1.,-0.));
#17574 = DIRECTION('',(-1.,0.,0.));
#17575 = CYLINDRICAL_SURFACE('',#17576,3.E-02);
#17576 = AXIS2_PLACEMENT_3D('',#17577,#17578,#17579);
#17577 = CARTESIAN_POINT('',(0.53,-0.4,0.47));
#17578 = DIRECTION('',(0.,1.,0.));
#17579 = DIRECTION('',(-1.,0.,0.));
#17580 = ADVANCED_FACE('',(#17581),#17631,.T.);
#17581 = FACE_BOUND('',#17582,.T.);
#17582 = EDGE_LOOP('',(#17583,#17591,#17599,#17605,#17606,#17607,#17608,
    #17616,#17624,#17630));
#17583 = ORIENTED_EDGE('',*,*,#17584,.F.);
#17584 = EDGE_CURVE('',#17585,#17358,#17587,.T.);
#17585 = VERTEX_POINT('',#17586);
#17586 = CARTESIAN_POINT('',(-0.77,0.4,3.E-02));
#17587 = LINE('',#17588,#17589);
#17588 = CARTESIAN_POINT('',(-0.77,0.4,3.E-02));
#17589 = VECTOR('',#17590,1.);
#17590 = DIRECTION('',(1.,0.,0.));
#17591 = ORIENTED_EDGE('',*,*,#17592,.T.);
#17592 = EDGE_CURVE('',#17585,#17593,#17595,.T.);
#17593 = VERTEX_POINT('',#17594);
#17594 = CARTESIAN_POINT('',(-0.77,0.4,0.47));
#17595 = LINE('',#17596,#17597);
#17596 = CARTESIAN_POINT('',(-0.77,0.4,3.E-02));
#17597 = VECTOR('',#17598,1.);
#17598 = DIRECTION('',(0.,0.,1.));
#17599 = ORIENTED_EDGE('',*,*,#17600,.T.);
#17600 = EDGE_CURVE('',#17593,#17137,#17601,.T.);
#17601 = LINE('',#17602,#17603);
#17602 = CARTESIAN_POINT('',(-0.77,0.4,0.47));
#17603 = VECTOR('',#17604,1.);
#17604 = DIRECTION('',(1.,0.,0.));
#17605 = ORIENTED_EDGE('',*,*,#17136,.T.);
#17606 = ORIENTED_EDGE('',*,*,#17170,.F.);
#17607 = ORIENTED_EDGE('',*,*,#17520,.T.);
#17608 = ORIENTED_EDGE('',*,*,#17609,.T.);
#17609 = EDGE_CURVE('',#17521,#17610,#17612,.T.);
#17610 = VERTEX_POINT('',#17611);
#17611 = CARTESIAN_POINT('',(0.77,0.4,0.47));
#17612 = LINE('',#17613,#17614);
#17613 = CARTESIAN_POINT('',(-0.77,0.4,0.47));
#17614 = VECTOR('',#17615,1.);
#17615 = DIRECTION('',(1.,0.,0.));
#17616 = ORIENTED_EDGE('',*,*,#17617,.F.);
#17617 = EDGE_CURVE('',#17618,#17610,#17620,.T.);
#17618 = VERTEX_POINT('',#17619);
#17619 = CARTESIAN_POINT('',(0.77,0.4,3.E-02));
#17620 = LINE('',#17621,#17622);
#17621 = CARTESIAN_POINT('',(0.77,0.4,3.E-02));
#17622 = VECTOR('',#17623,1.);
#17623 = DIRECTION('',(0.,0.,1.));
#17624 = ORIENTED_EDGE('',*,*,#17625,.F.);
#17625 = EDGE_CURVE('',#17350,#17618,#17626,.T.);
#17626 = LINE('',#17627,#17628);
#17627 = CARTESIAN_POINT('',(-0.77,0.4,3.E-02));
#17628 = VECTOR('',#17629,1.);
#17629 = DIRECTION('',(1.,0.,0.));
#17630 = ORIENTED_EDGE('',*,*,#17357,.F.);
#17631 = PLANE('',#17632);
#17632 = AXIS2_PLACEMENT_3D('',#17633,#17634,#17635);
#17633 = CARTESIAN_POINT('',(-0.77,0.4,3.E-02));
#17634 = DIRECTION('',(0.,1.,0.));
#17635 = DIRECTION('',(0.,-0.,1.));
#17636 = ADVANCED_FACE('',(#17637),#17655,.F.);
#17637 = FACE_BOUND('',#17638,.F.);
#17638 = EDGE_LOOP('',(#17639,#17647,#17653,#17654));
#17639 = ORIENTED_EDGE('',*,*,#17640,.F.);
#17640 = EDGE_CURVE('',#17641,#17185,#17643,.T.);
#17641 = VERTEX_POINT('',#17642);
#17642 = CARTESIAN_POINT('',(-0.725,0.3,0.5));
#17643 = LINE('',#17644,#17645);
#17644 = CARTESIAN_POINT('',(-0.7625,0.3,0.5));
#17645 = VECTOR('',#17646,1.);
#17646 = DIRECTION('',(1.,0.,0.));
#17647 = ORIENTED_EDGE('',*,*,#17648,.T.);
#17648 = EDGE_CURVE('',#17641,#17145,#17649,.T.);
#17649 = LINE('',#17650,#17651);
#17650 = CARTESIAN_POINT('',(-0.725,0.3,0.75));
#17651 = VECTOR('',#17652,1.);
#17652 = DIRECTION('',(-0.,-0.,-1.));
#17653 = ORIENTED_EDGE('',*,*,#17152,.F.);
#17654 = ORIENTED_EDGE('',*,*,#17184,.F.);
#17655 = PLANE('',#17656);
#17656 = AXIS2_PLACEMENT_3D('',#17657,#17658,#17659);
#17657 = CARTESIAN_POINT('',(-0.725,0.3,0.75));
#17658 = DIRECTION('',(0.,-1.,0.));
#17659 = DIRECTION('',(1.,0.,0.));
#17660 = ADVANCED_FACE('',(#17661),#17679,.F.);
#17661 = FACE_BOUND('',#17662,.F.);
#17662 = EDGE_LOOP('',(#17663,#17664,#17672,#17678));
#17663 = ORIENTED_EDGE('',*,*,#17648,.F.);
#17664 = ORIENTED_EDGE('',*,*,#17665,.F.);
#17665 = EDGE_CURVE('',#17666,#17641,#17668,.T.);
#17666 = VERTEX_POINT('',#17667);
#17667 = CARTESIAN_POINT('',(-0.725,0.4,0.5));
#17668 = LINE('',#17669,#17670);
#17669 = CARTESIAN_POINT('',(-0.725,5.E-02,0.5));
#17670 = VECTOR('',#17671,1.);
#17671 = DIRECTION('',(0.,-1.,0.));
#17672 = ORIENTED_EDGE('',*,*,#17673,.F.);
#17673 = EDGE_CURVE('',#17137,#17666,#17674,.T.);
#17674 = LINE('',#17675,#17676);
#17675 = CARTESIAN_POINT('',(-0.725,0.4,0.375));
#17676 = VECTOR('',#17677,1.);
#17677 = DIRECTION('',(0.,0.,1.));
#17678 = ORIENTED_EDGE('',*,*,#17144,.F.);
#17679 = PLANE('',#17680);
#17680 = AXIS2_PLACEMENT_3D('',#17681,#17682,#17683);
#17681 = CARTESIAN_POINT('',(-0.725,0.5,0.75));
#17682 = DIRECTION('',(-1.,0.,0.));
#17683 = DIRECTION('',(0.,-1.,0.));
#17684 = ADVANCED_FACE('',(#17685),#17703,.F.);
#17685 = FACE_BOUND('',#17686,.F.);
#17686 = EDGE_LOOP('',(#17687,#17695,#17701,#17702));
#17687 = ORIENTED_EDGE('',*,*,#17688,.F.);
#17688 = EDGE_CURVE('',#17689,#17218,#17691,.T.);
#17689 = VERTEX_POINT('',#17690);
#17690 = CARTESIAN_POINT('',(-0.725,-0.3,0.5));
#17691 = LINE('',#17692,#17693);
#17692 = CARTESIAN_POINT('',(-0.725,-0.3,0.75));
#17693 = VECTOR('',#17694,1.);
#17694 = DIRECTION('',(-0.,-0.,-1.));
#17695 = ORIENTED_EDGE('',*,*,#17696,.F.);
#17696 = EDGE_CURVE('',#17194,#17689,#17697,.T.);
#17697 = LINE('',#17698,#17699);
#17698 = CARTESIAN_POINT('',(-3.75E-02,-0.3,0.5));
#17699 = VECTOR('',#17700,1.);
#17700 = DIRECTION('',(-1.,0.,0.));
#17701 = ORIENTED_EDGE('',*,*,#17201,.T.);
#17702 = ORIENTED_EDGE('',*,*,#17227,.F.);
#17703 = PLANE('',#17704);
#17704 = AXIS2_PLACEMENT_3D('',#17705,#17706,#17707);
#17705 = CARTESIAN_POINT('',(0.725,-0.3,0.75));
#17706 = DIRECTION('',(0.,1.,0.));
#17707 = DIRECTION('',(-1.,0.,0.));
#17708 = ADVANCED_FACE('',(#17709),#17736,.T.);
#17709 = FACE_BOUND('',#17710,.T.);
#17710 = EDGE_LOOP('',(#17711,#17719,#17725,#17726,#17732,#17733,#17734,
    #17735));
#17711 = ORIENTED_EDGE('',*,*,#17712,.F.);
#17712 = EDGE_CURVE('',#17713,#17666,#17715,.T.);
#17713 = VERTEX_POINT('',#17714);
#17714 = CARTESIAN_POINT('',(-0.77,0.4,0.5));
#17715 = LINE('',#17716,#17717);
#17716 = CARTESIAN_POINT('',(-0.8,0.4,0.5));
#17717 = VECTOR('',#17718,1.);
#17718 = DIRECTION('',(1.,0.,0.));
#17719 = ORIENTED_EDGE('',*,*,#17720,.F.);
#17720 = EDGE_CURVE('',#17269,#17713,#17721,.T.);
#17721 = LINE('',#17722,#17723);
#17722 = CARTESIAN_POINT('',(-0.77,-0.4,0.5));
#17723 = VECTOR('',#17724,1.);
#17724 = DIRECTION('',(0.,1.,0.));
#17725 = ORIENTED_EDGE('',*,*,#17277,.T.);
#17726 = ORIENTED_EDGE('',*,*,#17727,.F.);
#17727 = EDGE_CURVE('',#17689,#17278,#17728,.T.);
#17728 = LINE('',#17729,#17730);
#17729 = CARTESIAN_POINT('',(-0.725,-0.35,0.5));
#17730 = VECTOR('',#17731,1.);
#17731 = DIRECTION('',(0.,-1.,0.));
#17732 = ORIENTED_EDGE('',*,*,#17696,.F.);
#17733 = ORIENTED_EDGE('',*,*,#17193,.T.);
#17734 = ORIENTED_EDGE('',*,*,#17640,.F.);
#17735 = ORIENTED_EDGE('',*,*,#17665,.F.);
#17736 = PLANE('',#17737);
#17737 = AXIS2_PLACEMENT_3D('',#17738,#17739,#17740);
#17738 = CARTESIAN_POINT('',(-0.8,-0.4,0.5));
#17739 = DIRECTION('',(0.,0.,1.));
#17740 = DIRECTION('',(1.,0.,-0.));
#17741 = ADVANCED_FACE('',(#17742),#17748,.F.);
#17742 = FACE_BOUND('',#17743,.F.);
#17743 = EDGE_LOOP('',(#17744,#17745,#17746,#17747));
#17744 = ORIENTED_EDGE('',*,*,#17727,.F.);
#17745 = ORIENTED_EDGE('',*,*,#17688,.T.);
#17746 = ORIENTED_EDGE('',*,*,#17217,.F.);
#17747 = ORIENTED_EDGE('',*,*,#17285,.T.);
#17748 = PLANE('',#17749);
#17749 = AXIS2_PLACEMENT_3D('',#17750,#17751,#17752);
#17750 = CARTESIAN_POINT('',(-0.725,-0.3,0.75));
#17751 = DIRECTION('',(-1.,0.,0.));
#17752 = DIRECTION('',(0.,-1.,0.));
#17753 = ADVANCED_FACE('',(#17754),#17811,.F.);
#17754 = FACE_BOUND('',#17755,.F.);
#17755 = EDGE_LOOP('',(#17756,#17766,#17772,#17773,#17781,#17789,#17797,
    #17805));
#17756 = ORIENTED_EDGE('',*,*,#17757,.F.);
#17757 = EDGE_CURVE('',#17758,#17760,#17762,.T.);
#17758 = VERTEX_POINT('',#17759);
#17759 = CARTESIAN_POINT('',(-0.77,0.4,-3.469446951954E-18));
#17760 = VERTEX_POINT('',#17761);
#17761 = CARTESIAN_POINT('',(-0.725,0.4,0.));
#17762 = LINE('',#17763,#17764);
#17763 = CARTESIAN_POINT('',(-0.8,0.4,0.));
#17764 = VECTOR('',#17765,1.);
#17765 = DIRECTION('',(1.,0.,0.));
#17766 = ORIENTED_EDGE('',*,*,#17767,.F.);
#17767 = EDGE_CURVE('',#17242,#17758,#17768,.T.);
#17768 = LINE('',#17769,#17770);
#17769 = CARTESIAN_POINT('',(-0.77,-0.4,-3.469446951954E-18));
#17770 = VECTOR('',#17771,1.);
#17771 = DIRECTION('',(0.,1.,0.));
#17772 = ORIENTED_EDGE('',*,*,#17241,.T.);
#17773 = ORIENTED_EDGE('',*,*,#17774,.F.);
#17774 = EDGE_CURVE('',#17775,#17244,#17777,.T.);
#17775 = VERTEX_POINT('',#17776);
#17776 = CARTESIAN_POINT('',(-0.725,-0.3,0.));
#17777 = LINE('',#17778,#17779);
#17778 = CARTESIAN_POINT('',(-0.725,-0.35,0.));
#17779 = VECTOR('',#17780,1.);
#17780 = DIRECTION('',(0.,-1.,0.));
#17781 = ORIENTED_EDGE('',*,*,#17782,.F.);
#17782 = EDGE_CURVE('',#17783,#17775,#17785,.T.);
#17783 = VERTEX_POINT('',#17784);
#17784 = CARTESIAN_POINT('',(-0.53,-0.3,-3.469446951954E-18));
#17785 = LINE('',#17786,#17787);
#17786 = CARTESIAN_POINT('',(-3.75E-02,-0.3,0.));
#17787 = VECTOR('',#17788,1.);
#17788 = DIRECTION('',(-1.,0.,0.));
#17789 = ORIENTED_EDGE('',*,*,#17790,.T.);
#17790 = EDGE_CURVE('',#17783,#17791,#17793,.T.);
#17791 = VERTEX_POINT('',#17792);
#17792 = CARTESIAN_POINT('',(-0.53,0.3,-3.469446951954E-18));
#17793 = LINE('',#17794,#17795);
#17794 = CARTESIAN_POINT('',(-0.53,-0.4,-3.469446951954E-18));
#17795 = VECTOR('',#17796,1.);
#17796 = DIRECTION('',(0.,1.,0.));
#17797 = ORIENTED_EDGE('',*,*,#17798,.F.);
#17798 = EDGE_CURVE('',#17799,#17791,#17801,.T.);
#17799 = VERTEX_POINT('',#17800);
#17800 = CARTESIAN_POINT('',(-0.725,0.3,0.));
#17801 = LINE('',#17802,#17803);
#17802 = CARTESIAN_POINT('',(-0.7625,0.3,0.));
#17803 = VECTOR('',#17804,1.);
#17804 = DIRECTION('',(1.,0.,0.));
#17805 = ORIENTED_EDGE('',*,*,#17806,.F.);
#17806 = EDGE_CURVE('',#17760,#17799,#17807,.T.);
#17807 = LINE('',#17808,#17809);
#17808 = CARTESIAN_POINT('',(-0.725,5.E-02,0.));
#17809 = VECTOR('',#17810,1.);
#17810 = DIRECTION('',(0.,-1.,0.));
#17811 = PLANE('',#17812);
#17812 = AXIS2_PLACEMENT_3D('',#17813,#17814,#17815);
#17813 = CARTESIAN_POINT('',(-0.8,-0.4,0.));
#17814 = DIRECTION('',(0.,0.,1.));
#17815 = DIRECTION('',(1.,0.,-0.));
#17816 = ADVANCED_FACE('',(#17817),#17836,.T.);
#17817 = FACE_BOUND('',#17818,.T.);
#17818 = EDGE_LOOP('',(#17819,#17827,#17834,#17835));
#17819 = ORIENTED_EDGE('',*,*,#17820,.T.);
#17820 = EDGE_CURVE('',#17252,#17821,#17823,.T.);
#17821 = VERTEX_POINT('',#17822);
#17822 = CARTESIAN_POINT('',(-0.8,0.4,3.E-02));
#17823 = LINE('',#17824,#17825);
#17824 = CARTESIAN_POINT('',(-0.8,-0.4,3.E-02));
#17825 = VECTOR('',#17826,1.);
#17826 = DIRECTION('',(0.,1.,0.));
#17827 = ORIENTED_EDGE('',*,*,#17828,.T.);
#17828 = EDGE_CURVE('',#17821,#17758,#17829,.T.);
#17829 = CIRCLE('',#17830,3.E-02);
#17830 = AXIS2_PLACEMENT_3D('',#17831,#17832,#17833);
#17831 = CARTESIAN_POINT('',(-0.77,0.4,3.E-02));
#17832 = DIRECTION('',(0.,-1.,0.));
#17833 = DIRECTION('',(0.,0.,1.));
#17834 = ORIENTED_EDGE('',*,*,#17767,.F.);
#17835 = ORIENTED_EDGE('',*,*,#17251,.F.);
#17836 = CYLINDRICAL_SURFACE('',#17837,3.E-02);
#17837 = AXIS2_PLACEMENT_3D('',#17838,#17839,#17840);
#17838 = CARTESIAN_POINT('',(-0.77,-0.4,3.E-02));
#17839 = DIRECTION('',(0.,1.,0.));
#17840 = DIRECTION('',(-1.,0.,0.));
#17841 = ADVANCED_FACE('',(#17842),#17853,.F.);
#17842 = FACE_BOUND('',#17843,.F.);
#17843 = EDGE_LOOP('',(#17844,#17845,#17851,#17852));
#17844 = ORIENTED_EDGE('',*,*,#17308,.T.);
#17845 = ORIENTED_EDGE('',*,*,#17846,.T.);
#17846 = EDGE_CURVE('',#17309,#17775,#17847,.T.);
#17847 = LINE('',#17848,#17849);
#17848 = CARTESIAN_POINT('',(-0.725,-0.3,0.75));
#17849 = VECTOR('',#17850,1.);
#17850 = DIRECTION('',(-0.,-0.,-1.));
#17851 = ORIENTED_EDGE('',*,*,#17774,.T.);
#17852 = ORIENTED_EDGE('',*,*,#17294,.T.);
#17853 = PLANE('',#17854);
#17854 = AXIS2_PLACEMENT_3D('',#17855,#17856,#17857);
#17855 = CARTESIAN_POINT('',(-0.725,-0.3,0.75));
#17856 = DIRECTION('',(-1.,0.,0.));
#17857 = DIRECTION('',(0.,-1.,0.));
#17858 = ADVANCED_FACE('',(#17859),#17877,.F.);
#17859 = FACE_BOUND('',#17860,.F.);
#17860 = EDGE_LOOP('',(#17861,#17862,#17863,#17871));
#17861 = ORIENTED_EDGE('',*,*,#17260,.F.);
#17862 = ORIENTED_EDGE('',*,*,#17820,.T.);
#17863 = ORIENTED_EDGE('',*,*,#17864,.T.);
#17864 = EDGE_CURVE('',#17821,#17865,#17867,.T.);
#17865 = VERTEX_POINT('',#17866);
#17866 = CARTESIAN_POINT('',(-0.8,0.4,0.47));
#17867 = LINE('',#17868,#17869);
#17868 = CARTESIAN_POINT('',(-0.8,0.4,0.));
#17869 = VECTOR('',#17870,1.);
#17870 = DIRECTION('',(0.,0.,1.));
#17871 = ORIENTED_EDGE('',*,*,#17872,.F.);
#17872 = EDGE_CURVE('',#17261,#17865,#17873,.T.);
#17873 = LINE('',#17874,#17875);
#17874 = CARTESIAN_POINT('',(-0.8,-0.4,0.47));
#17875 = VECTOR('',#17876,1.);
#17876 = DIRECTION('',(0.,1.,0.));
#17877 = PLANE('',#17878);
#17878 = AXIS2_PLACEMENT_3D('',#17879,#17880,#17881);
#17879 = CARTESIAN_POINT('',(-0.8,-0.4,0.));
#17880 = DIRECTION('',(1.,0.,0.));
#17881 = DIRECTION('',(0.,0.,1.));
#17882 = ADVANCED_FACE('',(#17883),#17895,.T.);
#17883 = FACE_BOUND('',#17884,.T.);
#17884 = EDGE_LOOP('',(#17885,#17886,#17887,#17894));
#17885 = ORIENTED_EDGE('',*,*,#17268,.T.);
#17886 = ORIENTED_EDGE('',*,*,#17720,.T.);
#17887 = ORIENTED_EDGE('',*,*,#17888,.F.);
#17888 = EDGE_CURVE('',#17865,#17713,#17889,.T.);
#17889 = CIRCLE('',#17890,3.E-02);
#17890 = AXIS2_PLACEMENT_3D('',#17891,#17892,#17893);
#17891 = CARTESIAN_POINT('',(-0.77,0.4,0.47));
#17892 = DIRECTION('',(0.,1.,0.));
#17893 = DIRECTION('',(0.,-0.,1.));
#17894 = ORIENTED_EDGE('',*,*,#17872,.F.);
#17895 = CYLINDRICAL_SURFACE('',#17896,3.E-02);
#17896 = AXIS2_PLACEMENT_3D('',#17897,#17898,#17899);
#17897 = CARTESIAN_POINT('',(-0.77,-0.4,0.47));
#17898 = DIRECTION('',(0.,1.,0.));
#17899 = DIRECTION('',(-1.,0.,0.));
#17900 = ADVANCED_FACE('',(#17901),#17913,.F.);
#17901 = FACE_BOUND('',#17902,.F.);
#17902 = EDGE_LOOP('',(#17903,#17904,#17905,#17912));
#17903 = ORIENTED_EDGE('',*,*,#17846,.F.);
#17904 = ORIENTED_EDGE('',*,*,#17389,.T.);
#17905 = ORIENTED_EDGE('',*,*,#17906,.T.);
#17906 = EDGE_CURVE('',#17382,#17783,#17907,.T.);
#17907 = CIRCLE('',#17908,3.E-02);
#17908 = AXIS2_PLACEMENT_3D('',#17909,#17910,#17911);
#17909 = CARTESIAN_POINT('',(-0.53,-0.3,3.E-02));
#17910 = DIRECTION('',(-0.,1.,0.));
#17911 = DIRECTION('',(1.,0.,0.));
#17912 = ORIENTED_EDGE('',*,*,#17782,.T.);
#17913 = PLANE('',#17914);
#17914 = AXIS2_PLACEMENT_3D('',#17915,#17916,#17917);
#17915 = CARTESIAN_POINT('',(0.725,-0.3,0.75));
#17916 = DIRECTION('',(0.,1.,0.));
#17917 = DIRECTION('',(-1.,0.,0.));
#17918 = ADVANCED_FACE('',(#17919),#17931,.T.);
#17919 = FACE_BOUND('',#17920,.T.);
#17920 = EDGE_LOOP('',(#17921,#17922,#17923,#17924));
#17921 = ORIENTED_EDGE('',*,*,#17381,.F.);
#17922 = ORIENTED_EDGE('',*,*,#17906,.T.);
#17923 = ORIENTED_EDGE('',*,*,#17790,.T.);
#17924 = ORIENTED_EDGE('',*,*,#17925,.F.);
#17925 = EDGE_CURVE('',#17374,#17791,#17926,.T.);
#17926 = CIRCLE('',#17927,3.E-02);
#17927 = AXIS2_PLACEMENT_3D('',#17928,#17929,#17930);
#17928 = CARTESIAN_POINT('',(-0.53,0.3,3.E-02));
#17929 = DIRECTION('',(-0.,1.,0.));
#17930 = DIRECTION('',(1.,0.,0.));
#17931 = CYLINDRICAL_SURFACE('',#17932,3.E-02);
#17932 = AXIS2_PLACEMENT_3D('',#17933,#17934,#17935);
#17933 = CARTESIAN_POINT('',(-0.53,-0.4,3.E-02));
#17934 = DIRECTION('',(0.,1.,0.));
#17935 = DIRECTION('',(1.,0.,0.));
#17936 = ADVANCED_FACE('',(#17937),#17948,.F.);
#17937 = FACE_BOUND('',#17938,.F.);
#17938 = EDGE_LOOP('',(#17939,#17940,#17946,#17947));
#17939 = ORIENTED_EDGE('',*,*,#17373,.T.);
#17940 = ORIENTED_EDGE('',*,*,#17941,.T.);
#17941 = EDGE_CURVE('',#17366,#17799,#17942,.T.);
#17942 = LINE('',#17943,#17944);
#17943 = CARTESIAN_POINT('',(-0.725,0.3,0.75));
#17944 = VECTOR('',#17945,1.);
#17945 = DIRECTION('',(-0.,-0.,-1.));
#17946 = ORIENTED_EDGE('',*,*,#17798,.T.);
#17947 = ORIENTED_EDGE('',*,*,#17925,.F.);
#17948 = PLANE('',#17949);
#17949 = AXIS2_PLACEMENT_3D('',#17950,#17951,#17952);
#17950 = CARTESIAN_POINT('',(-0.725,0.3,0.75));
#17951 = DIRECTION('',(0.,-1.,0.));
#17952 = DIRECTION('',(1.,0.,0.));
#17953 = ADVANCED_FACE('',(#17954),#17965,.F.);
#17954 = FACE_BOUND('',#17955,.F.);
#17955 = EDGE_LOOP('',(#17956,#17957,#17958,#17964));
#17956 = ORIENTED_EDGE('',*,*,#17941,.F.);
#17957 = ORIENTED_EDGE('',*,*,#17365,.T.);
#17958 = ORIENTED_EDGE('',*,*,#17959,.F.);
#17959 = EDGE_CURVE('',#17760,#17358,#17960,.T.);
#17960 = LINE('',#17961,#17962);
#17961 = CARTESIAN_POINT('',(-0.725,0.4,0.375));
#17962 = VECTOR('',#17963,1.);
#17963 = DIRECTION('',(0.,0.,1.));
#17964 = ORIENTED_EDGE('',*,*,#17806,.T.);
#17965 = PLANE('',#17966);
#17966 = AXIS2_PLACEMENT_3D('',#17967,#17968,#17969);
#17967 = CARTESIAN_POINT('',(-0.725,0.5,0.75));
#17968 = DIRECTION('',(-1.,0.,0.));
#17969 = DIRECTION('',(0.,-1.,0.));
#17970 = ADVANCED_FACE('',(#17971),#17996,.F.);
#17971 = FACE_BOUND('',#17972,.F.);
#17972 = EDGE_LOOP('',(#17973,#17974,#17982,#17990));
#17973 = ORIENTED_EDGE('',*,*,#17349,.T.);
#17974 = ORIENTED_EDGE('',*,*,#17975,.T.);
#17975 = EDGE_CURVE('',#17342,#17976,#17978,.T.);
#17976 = VERTEX_POINT('',#17977);
#17977 = CARTESIAN_POINT('',(0.725,0.3,0.));
#17978 = LINE('',#17979,#17980);
#17979 = CARTESIAN_POINT('',(0.725,0.3,0.75));
#17980 = VECTOR('',#17981,1.);
#17981 = DIRECTION('',(-0.,-0.,-1.));
#17982 = ORIENTED_EDGE('',*,*,#17983,.T.);
#17983 = EDGE_CURVE('',#17976,#17984,#17986,.T.);
#17984 = VERTEX_POINT('',#17985);
#17985 = CARTESIAN_POINT('',(0.725,0.4,0.));
#17986 = LINE('',#17987,#17988);
#17987 = CARTESIAN_POINT('',(0.725,-5.E-02,0.));
#17988 = VECTOR('',#17989,1.);
#17989 = DIRECTION('',(0.,1.,0.));
#17990 = ORIENTED_EDGE('',*,*,#17991,.F.);
#17991 = EDGE_CURVE('',#17350,#17984,#17992,.T.);
#17992 = LINE('',#17993,#17994);
#17993 = CARTESIAN_POINT('',(0.725,0.4,0.375));
#17994 = VECTOR('',#17995,1.);
#17995 = DIRECTION('',(0.,0.,-1.));
#17996 = PLANE('',#17997);
#17997 = AXIS2_PLACEMENT_3D('',#17998,#17999,#18000);
#17998 = CARTESIAN_POINT('',(0.725,0.3,0.75));
#17999 = DIRECTION('',(1.,0.,0.));
#18000 = DIRECTION('',(-0.,1.,0.));
#18001 = ADVANCED_FACE('',(#18002),#18021,.F.);
#18002 = FACE_BOUND('',#18003,.F.);
#18003 = EDGE_LOOP('',(#18004,#18005,#18006,#18015));
#18004 = ORIENTED_EDGE('',*,*,#17975,.F.);
#18005 = ORIENTED_EDGE('',*,*,#17341,.T.);
#18006 = ORIENTED_EDGE('',*,*,#18007,.F.);
#18007 = EDGE_CURVE('',#18008,#17334,#18010,.T.);
#18008 = VERTEX_POINT('',#18009);
#18009 = CARTESIAN_POINT('',(0.53,0.3,-3.469446951954E-18));
#18010 = CIRCLE('',#18011,3.E-02);
#18011 = AXIS2_PLACEMENT_3D('',#18012,#18013,#18014);
#18012 = CARTESIAN_POINT('',(0.53,0.3,3.E-02));
#18013 = DIRECTION('',(0.,1.,-0.));
#18014 = DIRECTION('',(-1.,0.,0.));
#18015 = ORIENTED_EDGE('',*,*,#18016,.T.);
#18016 = EDGE_CURVE('',#18008,#17976,#18017,.T.);
#18017 = LINE('',#18018,#18019);
#18018 = CARTESIAN_POINT('',(-0.1125,0.3,0.));
#18019 = VECTOR('',#18020,1.);
#18020 = DIRECTION('',(1.,0.,0.));
#18021 = PLANE('',#18022);
#18022 = AXIS2_PLACEMENT_3D('',#18023,#18024,#18025);
#18023 = CARTESIAN_POINT('',(-0.725,0.3,0.75));
#18024 = DIRECTION('',(0.,-1.,0.));
#18025 = DIRECTION('',(1.,0.,0.));
#18026 = ADVANCED_FACE('',(#18027),#18046,.T.);
#18027 = FACE_BOUND('',#18028,.T.);
#18028 = EDGE_LOOP('',(#18029,#18030,#18038,#18045));
#18029 = ORIENTED_EDGE('',*,*,#18007,.F.);
#18030 = ORIENTED_EDGE('',*,*,#18031,.F.);
#18031 = EDGE_CURVE('',#18032,#18008,#18034,.T.);
#18032 = VERTEX_POINT('',#18033);
#18033 = CARTESIAN_POINT('',(0.53,-0.3,-3.469446951954E-18));
#18034 = LINE('',#18035,#18036);
#18035 = CARTESIAN_POINT('',(0.53,-0.4,-3.469446951954E-18));
#18036 = VECTOR('',#18037,1.);
#18037 = DIRECTION('',(0.,1.,0.));
#18038 = ORIENTED_EDGE('',*,*,#18039,.T.);
#18039 = EDGE_CURVE('',#18032,#17326,#18040,.T.);
#18040 = CIRCLE('',#18041,3.E-02);
#18041 = AXIS2_PLACEMENT_3D('',#18042,#18043,#18044);
#18042 = CARTESIAN_POINT('',(0.53,-0.3,3.E-02));
#18043 = DIRECTION('',(0.,1.,-0.));
#18044 = DIRECTION('',(-1.,0.,0.));
#18045 = ORIENTED_EDGE('',*,*,#17333,.T.);
#18046 = CYLINDRICAL_SURFACE('',#18047,3.E-02);
#18047 = AXIS2_PLACEMENT_3D('',#18048,#18049,#18050);
#18048 = CARTESIAN_POINT('',(0.53,-0.4,3.E-02));
#18049 = DIRECTION('',(0.,1.,0.));
#18050 = DIRECTION('',(-1.,0.,0.));
#18051 = ADVANCED_FACE('',(#18052),#18070,.F.);
#18052 = FACE_BOUND('',#18053,.F.);
#18053 = EDGE_LOOP('',(#18054,#18055,#18063,#18069));
#18054 = ORIENTED_EDGE('',*,*,#17325,.T.);
#18055 = ORIENTED_EDGE('',*,*,#18056,.T.);
#18056 = EDGE_CURVE('',#17318,#18057,#18059,.T.);
#18057 = VERTEX_POINT('',#18058);
#18058 = CARTESIAN_POINT('',(0.725,-0.3,0.));
#18059 = LINE('',#18060,#18061);
#18060 = CARTESIAN_POINT('',(0.725,-0.3,0.75));
#18061 = VECTOR('',#18062,1.);
#18062 = DIRECTION('',(-0.,-0.,-1.));
#18063 = ORIENTED_EDGE('',*,*,#18064,.T.);
#18064 = EDGE_CURVE('',#18057,#18032,#18065,.T.);
#18065 = LINE('',#18066,#18067);
#18066 = CARTESIAN_POINT('',(0.6125,-0.3,0.));
#18067 = VECTOR('',#18068,1.);
#18068 = DIRECTION('',(-1.,0.,0.));
#18069 = ORIENTED_EDGE('',*,*,#18039,.T.);
#18070 = PLANE('',#18071);
#18071 = AXIS2_PLACEMENT_3D('',#18072,#18073,#18074);
#18072 = CARTESIAN_POINT('',(0.725,-0.3,0.75));
#18073 = DIRECTION('',(0.,1.,0.));
#18074 = DIRECTION('',(-1.,0.,0.));
#18075 = ADVANCED_FACE('',(#18076),#18087,.F.);
#18076 = FACE_BOUND('',#18077,.F.);
#18077 = EDGE_LOOP('',(#18078,#18079,#18080,#18081));
#18078 = ORIENTED_EDGE('',*,*,#18056,.F.);
#18079 = ORIENTED_EDGE('',*,*,#17317,.T.);
#18080 = ORIENTED_EDGE('',*,*,#17439,.T.);
#18081 = ORIENTED_EDGE('',*,*,#18082,.T.);
#18082 = EDGE_CURVE('',#17430,#18057,#18083,.T.);
#18083 = LINE('',#18084,#18085);
#18084 = CARTESIAN_POINT('',(0.725,-0.45,0.));
#18085 = VECTOR('',#18086,1.);
#18086 = DIRECTION('',(0.,1.,0.));
#18087 = PLANE('',#18088);
#18088 = AXIS2_PLACEMENT_3D('',#18089,#18090,#18091);
#18089 = CARTESIAN_POINT('',(0.725,-0.5,0.75));
#18090 = DIRECTION('',(1.,0.,0.));
#18091 = DIRECTION('',(-0.,1.,0.));
#18092 = ADVANCED_FACE('',(#18093),#18118,.T.);
#18093 = FACE_BOUND('',#18094,.T.);
#18094 = EDGE_LOOP('',(#18095,#18103,#18104,#18112));
#18095 = ORIENTED_EDGE('',*,*,#18096,.T.);
#18096 = EDGE_CURVE('',#18097,#17398,#18099,.T.);
#18097 = VERTEX_POINT('',#18098);
#18098 = CARTESIAN_POINT('',(0.277128129211,0.32,1.5E-02));
#18099 = LINE('',#18100,#18101);
#18100 = CARTESIAN_POINT('',(0.277128129211,0.32,1.5E-02));
#18101 = VECTOR('',#18102,1.);
#18102 = DIRECTION('',(0.,0.,1.));
#18103 = ORIENTED_EDGE('',*,*,#17397,.T.);
#18104 = ORIENTED_EDGE('',*,*,#18105,.F.);
#18105 = EDGE_CURVE('',#18106,#17400,#18108,.T.);
#18106 = VERTEX_POINT('',#18107);
#18107 = CARTESIAN_POINT('',(0.277128129211,-0.32,1.5E-02));
#18108 = LINE('',#18109,#18110);
#18109 = CARTESIAN_POINT('',(0.277128129211,-0.32,1.5E-02));
#18110 = VECTOR('',#18111,1.);
#18111 = DIRECTION('',(0.,0.,1.));
#18112 = ORIENTED_EDGE('',*,*,#18113,.F.);
#18113 = EDGE_CURVE('',#18097,#18106,#18114,.T.);
#18114 = LINE('',#18115,#18116);
#18115 = CARTESIAN_POINT('',(0.277128129211,0.32,1.5E-02));
#18116 = VECTOR('',#18117,1.);
#18117 = DIRECTION('',(0.,-1.,0.));
#18118 = PLANE('',#18119);
#18119 = AXIS2_PLACEMENT_3D('',#18120,#18121,#18122);
#18120 = CARTESIAN_POINT('',(0.277128129211,0.32,1.5E-02));
#18121 = DIRECTION('',(1.,0.,0.));
#18122 = DIRECTION('',(0.,-1.,0.));
#18123 = ADVANCED_FACE('',(#18124),#18142,.T.);
#18124 = FACE_BOUND('',#18125,.T.);
#18125 = EDGE_LOOP('',(#18126,#18134,#18135,#18136));
#18126 = ORIENTED_EDGE('',*,*,#18127,.T.);
#18127 = EDGE_CURVE('',#18128,#17408,#18130,.T.);
#18128 = VERTEX_POINT('',#18129);
#18129 = CARTESIAN_POINT('',(-0.277128129211,0.,1.5E-02));
#18130 = LINE('',#18131,#18132);
#18131 = CARTESIAN_POINT('',(-0.277128129211,0.,1.5E-02));
#18132 = VECTOR('',#18133,1.);
#18133 = DIRECTION('',(0.,0.,1.));
#18134 = ORIENTED_EDGE('',*,*,#17415,.T.);
#18135 = ORIENTED_EDGE('',*,*,#18096,.F.);
#18136 = ORIENTED_EDGE('',*,*,#18137,.F.);
#18137 = EDGE_CURVE('',#18128,#18097,#18138,.T.);
#18138 = LINE('',#18139,#18140);
#18139 = CARTESIAN_POINT('',(-0.277128129211,0.,1.5E-02));
#18140 = VECTOR('',#18141,1.);
#18141 = DIRECTION('',(0.866025403784,0.5,0.));
#18142 = PLANE('',#18143);
#18143 = AXIS2_PLACEMENT_3D('',#18144,#18145,#18146);
#18144 = CARTESIAN_POINT('',(-0.277128129211,0.,1.5E-02));
#18145 = DIRECTION('',(-0.5,0.866025403784,0.));
#18146 = DIRECTION('',(0.866025403784,0.5,0.));
#18147 = ADVANCED_FACE('',(#18148),#18159,.T.);
#18148 = FACE_BOUND('',#18149,.T.);
#18149 = EDGE_LOOP('',(#18150,#18151,#18152,#18153));
#18150 = ORIENTED_EDGE('',*,*,#18105,.T.);
#18151 = ORIENTED_EDGE('',*,*,#17407,.T.);
#18152 = ORIENTED_EDGE('',*,*,#18127,.F.);
#18153 = ORIENTED_EDGE('',*,*,#18154,.F.);
#18154 = EDGE_CURVE('',#18106,#18128,#18155,.T.);
#18155 = LINE('',#18156,#18157);
#18156 = CARTESIAN_POINT('',(0.277128129211,-0.32,1.5E-02));
#18157 = VECTOR('',#18158,1.);
#18158 = DIRECTION('',(-0.866025403784,0.5,0.));
#18159 = PLANE('',#18160);
#18160 = AXIS2_PLACEMENT_3D('',#18161,#18162,#18163);
#18161 = CARTESIAN_POINT('',(0.277128129211,-0.32,1.5E-02));
#18162 = DIRECTION('',(-0.5,-0.866025403784,0.));
#18163 = DIRECTION('',(-0.866025403784,0.5,0.));
#18164 = ADVANCED_FACE('',(#18165),#18187,.F.);
#18165 = FACE_BOUND('',#18166,.F.);
#18166 = EDGE_LOOP('',(#18167,#18175,#18176,#18177,#18178,#18179,#18180,
    #18181));
#18167 = ORIENTED_EDGE('',*,*,#18168,.F.);
#18168 = EDGE_CURVE('',#17984,#18169,#18171,.T.);
#18169 = VERTEX_POINT('',#18170);
#18170 = CARTESIAN_POINT('',(0.77,0.4,-3.469446951954E-18));
#18171 = LINE('',#18172,#18173);
#18172 = CARTESIAN_POINT('',(0.5,0.4,0.));
#18173 = VECTOR('',#18174,1.);
#18174 = DIRECTION('',(1.,0.,0.));
#18175 = ORIENTED_EDGE('',*,*,#17983,.F.);
#18176 = ORIENTED_EDGE('',*,*,#18016,.F.);
#18177 = ORIENTED_EDGE('',*,*,#18031,.F.);
#18178 = ORIENTED_EDGE('',*,*,#18064,.F.);
#18179 = ORIENTED_EDGE('',*,*,#18082,.F.);
#18180 = ORIENTED_EDGE('',*,*,#17429,.T.);
#18181 = ORIENTED_EDGE('',*,*,#18182,.T.);
#18182 = EDGE_CURVE('',#17432,#18169,#18183,.T.);
#18183 = LINE('',#18184,#18185);
#18184 = CARTESIAN_POINT('',(0.77,-0.4,-3.469446951954E-18));
#18185 = VECTOR('',#18186,1.);
#18186 = DIRECTION('',(0.,1.,0.));
#18187 = PLANE('',#18188);
#18188 = AXIS2_PLACEMENT_3D('',#18189,#18190,#18191);
#18189 = CARTESIAN_POINT('',(0.5,-0.4,0.));
#18190 = DIRECTION('',(0.,0.,1.));
#18191 = DIRECTION('',(1.,0.,-0.));
#18192 = ADVANCED_FACE('',(#18193),#18212,.T.);
#18193 = FACE_BOUND('',#18194,.T.);
#18194 = EDGE_LOOP('',(#18195,#18196,#18197,#18206));
#18195 = ORIENTED_EDGE('',*,*,#17481,.T.);
#18196 = ORIENTED_EDGE('',*,*,#18182,.T.);
#18197 = ORIENTED_EDGE('',*,*,#18198,.F.);
#18198 = EDGE_CURVE('',#18199,#18169,#18201,.T.);
#18199 = VERTEX_POINT('',#18200);
#18200 = CARTESIAN_POINT('',(0.8,0.4,3.E-02));
#18201 = CIRCLE('',#18202,3.E-02);
#18202 = AXIS2_PLACEMENT_3D('',#18203,#18204,#18205);
#18203 = CARTESIAN_POINT('',(0.77,0.4,3.E-02));
#18204 = DIRECTION('',(0.,1.,0.));
#18205 = DIRECTION('',(0.,-0.,1.));
#18206 = ORIENTED_EDGE('',*,*,#18207,.F.);
#18207 = EDGE_CURVE('',#17474,#18199,#18208,.T.);
#18208 = LINE('',#18209,#18210);
#18209 = CARTESIAN_POINT('',(0.8,-0.4,3.E-02));
#18210 = VECTOR('',#18211,1.);
#18211 = DIRECTION('',(0.,1.,0.));
#18212 = CYLINDRICAL_SURFACE('',#18213,3.E-02);
#18213 = AXIS2_PLACEMENT_3D('',#18214,#18215,#18216);
#18214 = CARTESIAN_POINT('',(0.77,-0.4,3.E-02));
#18215 = DIRECTION('',(0.,1.,0.));
#18216 = DIRECTION('',(1.,0.,0.));
#18217 = ADVANCED_FACE('',(#18218),#18236,.T.);
#18218 = FACE_BOUND('',#18219,.T.);
#18219 = EDGE_LOOP('',(#18220,#18221,#18222,#18230));
#18220 = ORIENTED_EDGE('',*,*,#17473,.F.);
#18221 = ORIENTED_EDGE('',*,*,#18207,.T.);
#18222 = ORIENTED_EDGE('',*,*,#18223,.T.);
#18223 = EDGE_CURVE('',#18199,#18224,#18226,.T.);
#18224 = VERTEX_POINT('',#18225);
#18225 = CARTESIAN_POINT('',(0.8,0.4,0.47));
#18226 = LINE('',#18227,#18228);
#18227 = CARTESIAN_POINT('',(0.8,0.4,0.));
#18228 = VECTOR('',#18229,1.);
#18229 = DIRECTION('',(0.,0.,1.));
#18230 = ORIENTED_EDGE('',*,*,#18231,.F.);
#18231 = EDGE_CURVE('',#17465,#18224,#18232,.T.);
#18232 = LINE('',#18233,#18234);
#18233 = CARTESIAN_POINT('',(0.8,-0.4,0.47));
#18234 = VECTOR('',#18235,1.);
#18235 = DIRECTION('',(0.,1.,0.));
#18236 = PLANE('',#18237);
#18237 = AXIS2_PLACEMENT_3D('',#18238,#18239,#18240);
#18238 = CARTESIAN_POINT('',(0.8,-0.4,0.));
#18239 = DIRECTION('',(1.,0.,0.));
#18240 = DIRECTION('',(0.,0.,1.));
#18241 = ADVANCED_FACE('',(#18242),#18261,.T.);
#18242 = FACE_BOUND('',#18243,.T.);
#18243 = EDGE_LOOP('',(#18244,#18245,#18254,#18260));
#18244 = ORIENTED_EDGE('',*,*,#18231,.T.);
#18245 = ORIENTED_EDGE('',*,*,#18246,.T.);
#18246 = EDGE_CURVE('',#18224,#18247,#18249,.T.);
#18247 = VERTEX_POINT('',#18248);
#18248 = CARTESIAN_POINT('',(0.77,0.4,0.5));
#18249 = CIRCLE('',#18250,3.E-02);
#18250 = AXIS2_PLACEMENT_3D('',#18251,#18252,#18253);
#18251 = CARTESIAN_POINT('',(0.77,0.4,0.47));
#18252 = DIRECTION('',(0.,-1.,0.));
#18253 = DIRECTION('',(0.,0.,1.));
#18254 = ORIENTED_EDGE('',*,*,#18255,.F.);
#18255 = EDGE_CURVE('',#17457,#18247,#18256,.T.);
#18256 = LINE('',#18257,#18258);
#18257 = CARTESIAN_POINT('',(0.77,-0.4,0.5));
#18258 = VECTOR('',#18259,1.);
#18259 = DIRECTION('',(0.,1.,0.));
#18260 = ORIENTED_EDGE('',*,*,#17464,.F.);
#18261 = CYLINDRICAL_SURFACE('',#18262,3.E-02);
#18262 = AXIS2_PLACEMENT_3D('',#18263,#18264,#18265);
#18263 = CARTESIAN_POINT('',(0.77,-0.4,0.47));
#18264 = DIRECTION('',(0.,1.,0.));
#18265 = DIRECTION('',(1.,0.,0.));
#18266 = ADVANCED_FACE('',(#18267),#18308,.T.);
#18267 = FACE_BOUND('',#18268,.T.);
#18268 = EDGE_LOOP('',(#18269,#18277,#18285,#18291,#18292,#18300,#18306,
    #18307));
#18269 = ORIENTED_EDGE('',*,*,#18270,.F.);
#18270 = EDGE_CURVE('',#18271,#18247,#18273,.T.);
#18271 = VERTEX_POINT('',#18272);
#18272 = CARTESIAN_POINT('',(0.725,0.4,0.5));
#18273 = LINE('',#18274,#18275);
#18274 = CARTESIAN_POINT('',(0.5,0.4,0.5));
#18275 = VECTOR('',#18276,1.);
#18276 = DIRECTION('',(1.,0.,0.));
#18277 = ORIENTED_EDGE('',*,*,#18278,.F.);
#18278 = EDGE_CURVE('',#18279,#18271,#18281,.T.);
#18279 = VERTEX_POINT('',#18280);
#18280 = CARTESIAN_POINT('',(0.725,0.3,0.5));
#18281 = LINE('',#18282,#18283);
#18282 = CARTESIAN_POINT('',(0.725,-5.E-02,0.5));
#18283 = VECTOR('',#18284,1.);
#18284 = DIRECTION('',(0.,1.,0.));
#18285 = ORIENTED_EDGE('',*,*,#18286,.F.);
#18286 = EDGE_CURVE('',#17562,#18279,#18287,.T.);
#18287 = LINE('',#18288,#18289);
#18288 = CARTESIAN_POINT('',(-0.1125,0.3,0.5));
#18289 = VECTOR('',#18290,1.);
#18290 = DIRECTION('',(1.,0.,0.));
#18291 = ORIENTED_EDGE('',*,*,#17561,.F.);
#18292 = ORIENTED_EDGE('',*,*,#18293,.F.);
#18293 = EDGE_CURVE('',#18294,#17553,#18296,.T.);
#18294 = VERTEX_POINT('',#18295);
#18295 = CARTESIAN_POINT('',(0.725,-0.3,0.5));
#18296 = LINE('',#18297,#18298);
#18297 = CARTESIAN_POINT('',(0.6125,-0.3,0.5));
#18298 = VECTOR('',#18299,1.);
#18299 = DIRECTION('',(-1.,0.,0.));
#18300 = ORIENTED_EDGE('',*,*,#18301,.F.);
#18301 = EDGE_CURVE('',#17449,#18294,#18302,.T.);
#18302 = LINE('',#18303,#18304);
#18303 = CARTESIAN_POINT('',(0.725,-0.45,0.5));
#18304 = VECTOR('',#18305,1.);
#18305 = DIRECTION('',(0.,1.,0.));
#18306 = ORIENTED_EDGE('',*,*,#17456,.T.);
#18307 = ORIENTED_EDGE('',*,*,#18255,.T.);
#18308 = PLANE('',#18309);
#18309 = AXIS2_PLACEMENT_3D('',#18310,#18311,#18312);
#18310 = CARTESIAN_POINT('',(0.5,-0.4,0.5));
#18311 = DIRECTION('',(0.,0.,1.));
#18312 = DIRECTION('',(1.,0.,-0.));
#18313 = ADVANCED_FACE('',(#18314),#18325,.F.);
#18314 = FACE_BOUND('',#18315,.F.);
#18315 = EDGE_LOOP('',(#18316,#18322,#18323,#18324));
#18316 = ORIENTED_EDGE('',*,*,#18317,.F.);
#18317 = EDGE_CURVE('',#18294,#17497,#18318,.T.);
#18318 = LINE('',#18319,#18320);
#18319 = CARTESIAN_POINT('',(0.725,-0.3,0.75));
#18320 = VECTOR('',#18321,1.);
#18321 = DIRECTION('',(-0.,-0.,-1.));
#18322 = ORIENTED_EDGE('',*,*,#18301,.F.);
#18323 = ORIENTED_EDGE('',*,*,#17448,.T.);
#18324 = ORIENTED_EDGE('',*,*,#17506,.F.);
#18325 = PLANE('',#18326);
#18326 = AXIS2_PLACEMENT_3D('',#18327,#18328,#18329);
#18327 = CARTESIAN_POINT('',(0.725,-0.5,0.75));
#18328 = DIRECTION('',(1.,0.,0.));
#18329 = DIRECTION('',(-0.,1.,0.));
#18330 = ADVANCED_FACE('',(#18331),#18337,.F.);
#18331 = FACE_BOUND('',#18332,.F.);
#18332 = EDGE_LOOP('',(#18333,#18334,#18335,#18336));
#18333 = ORIENTED_EDGE('',*,*,#18293,.F.);
#18334 = ORIENTED_EDGE('',*,*,#18317,.T.);
#18335 = ORIENTED_EDGE('',*,*,#17496,.F.);
#18336 = ORIENTED_EDGE('',*,*,#17552,.T.);
#18337 = PLANE('',#18338);
#18338 = AXIS2_PLACEMENT_3D('',#18339,#18340,#18341);
#18339 = CARTESIAN_POINT('',(0.725,-0.3,0.75));
#18340 = DIRECTION('',(0.,1.,0.));
#18341 = DIRECTION('',(-1.,0.,0.));
#18342 = ADVANCED_FACE('',(#18343),#18359,.F.);
#18343 = FACE_BOUND('',#18344,.F.);
#18344 = EDGE_LOOP('',(#18345,#18346,#18352,#18353));
#18345 = ORIENTED_EDGE('',*,*,#18278,.F.);
#18346 = ORIENTED_EDGE('',*,*,#18347,.T.);
#18347 = EDGE_CURVE('',#18279,#17530,#18348,.T.);
#18348 = LINE('',#18349,#18350);
#18349 = CARTESIAN_POINT('',(0.725,0.3,0.75));
#18350 = VECTOR('',#18351,1.);
#18351 = DIRECTION('',(-0.,-0.,-1.));
#18352 = ORIENTED_EDGE('',*,*,#17537,.F.);
#18353 = ORIENTED_EDGE('',*,*,#18354,.F.);
#18354 = EDGE_CURVE('',#18271,#17521,#18355,.T.);
#18355 = LINE('',#18356,#18357);
#18356 = CARTESIAN_POINT('',(0.725,0.4,0.375));
#18357 = VECTOR('',#18358,1.);
#18358 = DIRECTION('',(0.,0.,-1.));
#18359 = PLANE('',#18360);
#18360 = AXIS2_PLACEMENT_3D('',#18361,#18362,#18363);
#18361 = CARTESIAN_POINT('',(0.725,0.3,0.75));
#18362 = DIRECTION('',(1.,0.,0.));
#18363 = DIRECTION('',(-0.,1.,0.));
#18364 = ADVANCED_FACE('',(#18365),#18371,.F.);
#18365 = FACE_BOUND('',#18366,.F.);
#18366 = EDGE_LOOP('',(#18367,#18368,#18369,#18370));
#18367 = ORIENTED_EDGE('',*,*,#18347,.F.);
#18368 = ORIENTED_EDGE('',*,*,#18286,.F.);
#18369 = ORIENTED_EDGE('',*,*,#17569,.F.);
#18370 = ORIENTED_EDGE('',*,*,#17529,.F.);
#18371 = PLANE('',#18372);
#18372 = AXIS2_PLACEMENT_3D('',#18373,#18374,#18375);
#18373 = CARTESIAN_POINT('',(-0.725,0.3,0.75));
#18374 = DIRECTION('',(0.,-1.,0.));
#18375 = DIRECTION('',(1.,0.,0.));
#18376 = ADVANCED_FACE('',(#18377),#18389,.T.);
#18377 = FACE_BOUND('',#18378,.T.);
#18378 = EDGE_LOOP('',(#18379,#18380,#18381,#18382,#18383,#18384,#18385,
    #18386,#18387,#18388));
#18379 = ORIENTED_EDGE('',*,*,#17757,.F.);
#18380 = ORIENTED_EDGE('',*,*,#17828,.F.);
#18381 = ORIENTED_EDGE('',*,*,#17864,.T.);
#18382 = ORIENTED_EDGE('',*,*,#17888,.T.);
#18383 = ORIENTED_EDGE('',*,*,#17712,.T.);
#18384 = ORIENTED_EDGE('',*,*,#17673,.F.);
#18385 = ORIENTED_EDGE('',*,*,#17600,.F.);
#18386 = ORIENTED_EDGE('',*,*,#17592,.F.);
#18387 = ORIENTED_EDGE('',*,*,#17584,.T.);
#18388 = ORIENTED_EDGE('',*,*,#17959,.F.);
#18389 = PLANE('',#18390);
#18390 = AXIS2_PLACEMENT_3D('',#18391,#18392,#18393);
#18391 = CARTESIAN_POINT('',(-0.8,0.4,0.));
#18392 = DIRECTION('',(0.,1.,0.));
#18393 = DIRECTION('',(0.,-0.,1.));
#18394 = ADVANCED_FACE('',(#18395),#18407,.T.);
#18395 = FACE_BOUND('',#18396,.T.);
#18396 = EDGE_LOOP('',(#18397,#18398,#18399,#18400,#18401,#18402,#18403,
    #18404,#18405,#18406));
#18397 = ORIENTED_EDGE('',*,*,#18168,.F.);
#18398 = ORIENTED_EDGE('',*,*,#17991,.F.);
#18399 = ORIENTED_EDGE('',*,*,#17625,.T.);
#18400 = ORIENTED_EDGE('',*,*,#17617,.T.);
#18401 = ORIENTED_EDGE('',*,*,#17609,.F.);
#18402 = ORIENTED_EDGE('',*,*,#18354,.F.);
#18403 = ORIENTED_EDGE('',*,*,#18270,.T.);
#18404 = ORIENTED_EDGE('',*,*,#18246,.F.);
#18405 = ORIENTED_EDGE('',*,*,#18223,.F.);
#18406 = ORIENTED_EDGE('',*,*,#18198,.T.);
#18407 = PLANE('',#18408);
#18408 = AXIS2_PLACEMENT_3D('',#18409,#18410,#18411);
#18409 = CARTESIAN_POINT('',(0.5,0.4,0.));
#18410 = DIRECTION('',(0.,1.,0.));
#18411 = DIRECTION('',(0.,-0.,1.));
#18412 = ADVANCED_FACE('',(#18413),#18418,.T.);
#18413 = FACE_BOUND('',#18414,.T.);
#18414 = EDGE_LOOP('',(#18415,#18416,#18417));
#18415 = ORIENTED_EDGE('',*,*,#18137,.T.);
#18416 = ORIENTED_EDGE('',*,*,#18113,.T.);
#18417 = ORIENTED_EDGE('',*,*,#18154,.T.);
#18418 = PLANE('',#18419);
#18419 = AXIS2_PLACEMENT_3D('',#18420,#18421,#18422);
#18420 = CARTESIAN_POINT('',(9.237604307034E-02,0.,1.5E-02));
#18421 = DIRECTION('',(-0.,-0.,-1.));
#18422 = DIRECTION('',(-1.,0.,0.));
#18423 = ( GEOMETRIC_REPRESENTATION_CONTEXT(3) 
GLOBAL_UNCERTAINTY_ASSIGNED_CONTEXT((#18427)) 
GLOBAL_UNIT_ASSIGNED_CONTEXT((#18424,#18425,#18426)) 
REPRESENTATION_CONTEXT('Context #1',
  '3D Context with UNIT and UNCERTAINTY') );
#18424 = ( LENGTH_UNIT() NAMED_UNIT(*) SI_UNIT(.MILLI.,.METRE.) );
#18425 = ( NAMED_UNIT(*) PLANE_ANGLE_UNIT() SI_UNIT($,.RADIAN.) );
#18426 = ( NAMED_UNIT(*) SI_UNIT($,.STERADIAN.) SOLID_ANGLE_UNIT() );
#18427 = UNCERTAINTY_MEASURE_WITH_UNIT(LENGTH_MEASURE(1.E-07),#18424,
  'distance_accuracy_value','confusion accuracy');
#18428 = CONTEXT_DEPENDENT_SHAPE_REPRESENTATION(#18429,#18431);
#18429 = ( REPRESENTATION_RELATIONSHIP('','',#16899,#16876) 
REPRESENTATION_RELATIONSHIP_WITH_TRANSFORMATION(#18430) 
SHAPE_REPRESENTATION_RELATIONSHIP() );
#18430 = ITEM_DEFINED_TRANSFORMATION('','',#11,#16877);
#18431 = PRODUCT_DEFINITION_SHAPE('Placement','Placement of an item',
  #18432);
#18432 = NEXT_ASSEMBLY_USAGE_OCCURRENCE('40','=>[0:1:1:37]','',#16871,
  #16894,$);
#18433 = PRODUCT_RELATED_PRODUCT_CATEGORY('part',$,(#16896));
#18434 = CONTEXT_DEPENDENT_SHAPE_REPRESENTATION(#18435,#18437);
#18435 = ( REPRESENTATION_RELATIONSHIP('','',#8390,#10) 
REPRESENTATION_RELATIONSHIP_WITH_TRANSFORMATION(#18436) 
SHAPE_REPRESENTATION_RELATIONSHIP() );
#18436 = ITEM_DEFINED_TRANSFORMATION('','',#11,#59);
#18437 = PRODUCT_DEFINITION_SHAPE('Placement','Placement of an item',
  #18438);
#18438 = NEXT_ASSEMBLY_USAGE_OCCURRENCE('42','C1','',#5,#8385,$);
#18439 = CONTEXT_DEPENDENT_SHAPE_REPRESENTATION(#18440,#18442);
#18440 = ( REPRESENTATION_RELATIONSHIP('','',#8390,#10) 
REPRESENTATION_RELATIONSHIP_WITH_TRANSFORMATION(#18441) 
SHAPE_REPRESENTATION_RELATIONSHIP() );
#18441 = ITEM_DEFINED_TRANSFORMATION('','',#11,#63);
#18442 = PRODUCT_DEFINITION_SHAPE('Placement','Placement of an item',
  #18443);
#18443 = NEXT_ASSEMBLY_USAGE_OCCURRENCE('43','C5','',#5,#8385,$);
#18444 = CONTEXT_DEPENDENT_SHAPE_REPRESENTATION(#18445,#18447);
#18445 = ( REPRESENTATION_RELATIONSHIP('','',#96,#10) 
REPRESENTATION_RELATIONSHIP_WITH_TRANSFORMATION(#18446) 
SHAPE_REPRESENTATION_RELATIONSHIP() );
#18446 = ITEM_DEFINED_TRANSFORMATION('','',#11,#67);
#18447 = PRODUCT_DEFINITION_SHAPE('Placement','Placement of an item',
  #18448);
#18448 = NEXT_ASSEMBLY_USAGE_OCCURRENCE('44','L2','',#5,#91,$);
#18449 = CONTEXT_DEPENDENT_SHAPE_REPRESENTATION(#18450,#18452);
#18450 = ( REPRESENTATION_RELATIONSHIP('','',#1829,#10) 
REPRESENTATION_RELATIONSHIP_WITH_TRANSFORMATION(#18451) 
SHAPE_REPRESENTATION_RELATIONSHIP() );
#18451 = ITEM_DEFINED_TRANSFORMATION('','',#11,#71);
#18452 = PRODUCT_DEFINITION_SHAPE('Placement','Placement of an item',
  #18453);
#18453 = NEXT_ASSEMBLY_USAGE_OCCURRENCE('45','J3','',#5,#1824,$);
#18454 = CONTEXT_DEPENDENT_SHAPE_REPRESENTATION(#18455,#18457);
#18455 = ( REPRESENTATION_RELATIONSHIP('','',#1829,#10) 
REPRESENTATION_RELATIONSHIP_WITH_TRANSFORMATION(#18456) 
SHAPE_REPRESENTATION_RELATIONSHIP() );
#18456 = ITEM_DEFINED_TRANSFORMATION('','',#11,#75);
#18457 = PRODUCT_DEFINITION_SHAPE('Placement','Placement of an item',
  #18458);
#18458 = NEXT_ASSEMBLY_USAGE_OCCURRENCE('46','J2','',#5,#1824,$);
#18459 = SHAPE_DEFINITION_REPRESENTATION(#18460,#18466);
#18460 = PRODUCT_DEFINITION_SHAPE('','',#18461);
#18461 = PRODUCT_DEFINITION('design','',#18462,#18465);
#18462 = PRODUCT_DEFINITION_FORMATION('','',#18463);
#18463 = PRODUCT('monarch_breakout_board_rev1_PCB',
  'monarch_breakout_board_rev1_PCB','',(#18464));
#18464 = PRODUCT_CONTEXT('',#2,'mechanical');
#18465 = PRODUCT_DEFINITION_CONTEXT('part definition',#2,'design');
#18466 = ADVANCED_BREP_SHAPE_REPRESENTATION('',(#11,#18467),#19264);
#18467 = MANIFOLD_SOLID_BREP('',#18468);
#18468 = CLOSED_SHELL('',(#18469,#18511,#18542,#18573,#18768,#18963,
    #18980,#18997,#19014,#19031,#19043,#19060,#19077,#19094,#19111,
    #19128,#19145,#19162,#19179,#19196,#19213,#19230,#19247));
#18469 = ADVANCED_FACE('',(#18470),#18506,.T.);
#18470 = FACE_BOUND('',#18471,.T.);
#18471 = EDGE_LOOP('',(#18472,#18482,#18491,#18499));
#18472 = ORIENTED_EDGE('',*,*,#18473,.T.);
#18473 = EDGE_CURVE('',#18474,#18476,#18478,.T.);
#18474 = VERTEX_POINT('',#18475);
#18475 = CARTESIAN_POINT('',(127.382233,-39.117767,0.));
#18476 = VERTEX_POINT('',#18477);
#18477 = CARTESIAN_POINT('',(127.382233,-39.117767,1.51));
#18478 = LINE('',#18479,#18480);
#18479 = CARTESIAN_POINT('',(127.382233,-39.117767,0.));
#18480 = VECTOR('',#18481,1.);
#18481 = DIRECTION('',(0.,0.,1.));
#18482 = ORIENTED_EDGE('',*,*,#18483,.T.);
#18483 = EDGE_CURVE('',#18476,#18484,#18486,.T.);
#18484 = VERTEX_POINT('',#18485);
#18485 = CARTESIAN_POINT('',(129.882233,-41.6178,1.51));
#18486 = CIRCLE('',#18487,2.499999839793);
#18487 = AXIS2_PLACEMENT_3D('',#18488,#18489,#18490);
#18488 = CARTESIAN_POINT('',(127.38223316042,-41.61776683979,1.51));
#18489 = DIRECTION('',(0.,0.,-1.));
#18490 = DIRECTION('',(-6.41709432525E-08,1.,0.));
#18491 = ORIENTED_EDGE('',*,*,#18492,.F.);
#18492 = EDGE_CURVE('',#18493,#18484,#18495,.T.);
#18493 = VERTEX_POINT('',#18494);
#18494 = CARTESIAN_POINT('',(129.882233,-41.6178,0.));
#18495 = LINE('',#18496,#18497);
#18496 = CARTESIAN_POINT('',(129.882233,-41.6178,0.));
#18497 = VECTOR('',#18498,1.);
#18498 = DIRECTION('',(0.,0.,1.));
#18499 = ORIENTED_EDGE('',*,*,#18500,.F.);
#18500 = EDGE_CURVE('',#18474,#18493,#18501,.T.);
#18501 = CIRCLE('',#18502,2.499999839793);
#18502 = AXIS2_PLACEMENT_3D('',#18503,#18504,#18505);
#18503 = CARTESIAN_POINT('',(127.38223316042,-41.61776683979,0.));
#18504 = DIRECTION('',(0.,0.,-1.));
#18505 = DIRECTION('',(-6.41709432525E-08,1.,0.));
#18506 = CYLINDRICAL_SURFACE('',#18507,2.499999839793);
#18507 = AXIS2_PLACEMENT_3D('',#18508,#18509,#18510);
#18508 = CARTESIAN_POINT('',(127.38223316042,-41.61776683979,0.));
#18509 = DIRECTION('',(0.,0.,-1.));
#18510 = DIRECTION('',(-6.41709432525E-08,1.,0.));
#18511 = ADVANCED_FACE('',(#18512),#18537,.T.);
#18512 = FACE_BOUND('',#18513,.T.);
#18513 = EDGE_LOOP('',(#18514,#18524,#18530,#18531));
#18514 = ORIENTED_EDGE('',*,*,#18515,.T.);
#18515 = EDGE_CURVE('',#18516,#18518,#18520,.T.);
#18516 = VERTEX_POINT('',#18517);
#18517 = CARTESIAN_POINT('',(109.425,-39.225,0.));
#18518 = VERTEX_POINT('',#18519);
#18519 = CARTESIAN_POINT('',(109.425,-39.225,1.51));
#18520 = LINE('',#18521,#18522);
#18521 = CARTESIAN_POINT('',(109.425,-39.225,0.));
#18522 = VECTOR('',#18523,1.);
#18523 = DIRECTION('',(0.,0.,1.));
#18524 = ORIENTED_EDGE('',*,*,#18525,.T.);
#18525 = EDGE_CURVE('',#18518,#18476,#18526,.T.);
#18526 = LINE('',#18527,#18528);
#18527 = CARTESIAN_POINT('',(109.425,-39.225,1.51));
#18528 = VECTOR('',#18529,1.);
#18529 = DIRECTION('',(0.999982170611,5.971470554573E-03,0.));
#18530 = ORIENTED_EDGE('',*,*,#18473,.F.);
#18531 = ORIENTED_EDGE('',*,*,#18532,.F.);
#18532 = EDGE_CURVE('',#18516,#18474,#18533,.T.);
#18533 = LINE('',#18534,#18535);
#18534 = CARTESIAN_POINT('',(109.425,-39.225,0.));
#18535 = VECTOR('',#18536,1.);
#18536 = DIRECTION('',(0.999982170611,5.971470554573E-03,0.));
#18537 = PLANE('',#18538);
#18538 = AXIS2_PLACEMENT_3D('',#18539,#18540,#18541);
#18539 = CARTESIAN_POINT('',(109.425,-39.225,0.));
#18540 = DIRECTION('',(-5.971470554573E-03,0.999982170611,0.));
#18541 = DIRECTION('',(0.999982170611,5.971470554573E-03,0.));
#18542 = ADVANCED_FACE('',(#18543),#18568,.T.);
#18543 = FACE_BOUND('',#18544,.T.);
#18544 = EDGE_LOOP('',(#18545,#18546,#18554,#18562));
#18545 = ORIENTED_EDGE('',*,*,#18492,.T.);
#18546 = ORIENTED_EDGE('',*,*,#18547,.T.);
#18547 = EDGE_CURVE('',#18484,#18548,#18550,.T.);
#18548 = VERTEX_POINT('',#18549);
#18549 = CARTESIAN_POINT('',(129.875,-63.600075,1.51));
#18550 = LINE('',#18551,#18552);
#18551 = CARTESIAN_POINT('',(129.882233,-41.6178,1.51));
#18552 = VECTOR('',#18553,1.);
#18553 = DIRECTION('',(-3.290378092563E-04,-0.999999945867,0.));
#18554 = ORIENTED_EDGE('',*,*,#18555,.F.);
#18555 = EDGE_CURVE('',#18556,#18548,#18558,.T.);
#18556 = VERTEX_POINT('',#18557);
#18557 = CARTESIAN_POINT('',(129.875,-63.600075,0.));
#18558 = LINE('',#18559,#18560);
#18559 = CARTESIAN_POINT('',(129.875,-63.600075,0.));
#18560 = VECTOR('',#18561,1.);
#18561 = DIRECTION('',(0.,0.,1.));
#18562 = ORIENTED_EDGE('',*,*,#18563,.F.);
#18563 = EDGE_CURVE('',#18493,#18556,#18564,.T.);
#18564 = LINE('',#18565,#18566);
#18565 = CARTESIAN_POINT('',(129.882233,-41.6178,0.));
#18566 = VECTOR('',#18567,1.);
#18567 = DIRECTION('',(-3.290378092563E-04,-0.999999945867,0.));
#18568 = PLANE('',#18569);
#18569 = AXIS2_PLACEMENT_3D('',#18570,#18571,#18572);
#18570 = CARTESIAN_POINT('',(129.882233,-41.6178,0.));
#18571 = DIRECTION('',(0.999999945867,-3.290378092563E-04,0.));
#18572 = DIRECTION('',(-3.290378092563E-04,-0.999999945867,0.));
#18573 = ADVANCED_FACE('',(#18574,#18620,#18631,#18642,#18653,#18664,
    #18675,#18686,#18697,#18708,#18719,#18730,#18741,#18752),#18763,.F.
  );
#18574 = FACE_BOUND('',#18575,.F.);
#18575 = EDGE_LOOP('',(#18576,#18577,#18578,#18587,#18595,#18604,#18612,
    #18619));
#18576 = ORIENTED_EDGE('',*,*,#18500,.F.);
#18577 = ORIENTED_EDGE('',*,*,#18532,.F.);
#18578 = ORIENTED_EDGE('',*,*,#18579,.F.);
#18579 = EDGE_CURVE('',#18580,#18516,#18582,.T.);
#18580 = VERTEX_POINT('',#18581);
#18581 = CARTESIAN_POINT('',(106.925,-41.725,0.));
#18582 = CIRCLE('',#18583,2.499999839417);
#18583 = AXIS2_PLACEMENT_3D('',#18584,#18585,#18586);
#18584 = CARTESIAN_POINT('',(109.42499983941,-41.72499983941,0.));
#18585 = DIRECTION('',(0.,0.,-1.));
#18586 = DIRECTION('',(-1.,-6.423313849288E-08,-0.));
#18587 = ORIENTED_EDGE('',*,*,#18588,.F.);
#18588 = EDGE_CURVE('',#18589,#18580,#18591,.T.);
#18589 = VERTEX_POINT('',#18590);
#18590 = CARTESIAN_POINT('',(106.925,-63.725,0.));
#18591 = LINE('',#18592,#18593);
#18592 = CARTESIAN_POINT('',(106.925,-63.725,0.));
#18593 = VECTOR('',#18594,1.);
#18594 = DIRECTION('',(0.,1.,0.));
#18595 = ORIENTED_EDGE('',*,*,#18596,.F.);
#18596 = EDGE_CURVE('',#18597,#18589,#18599,.T.);
#18597 = VERTEX_POINT('',#18598);
#18598 = CARTESIAN_POINT('',(109.425,-66.225,0.));
#18599 = CIRCLE('',#18600,2.499999839417);
#18600 = AXIS2_PLACEMENT_3D('',#18601,#18602,#18603);
#18601 = CARTESIAN_POINT('',(109.42499983941,-63.72500016058,0.));
#18602 = DIRECTION('',(0.,0.,-1.));
#18603 = DIRECTION('',(6.42331470194E-08,-1.,0.));
#18604 = ORIENTED_EDGE('',*,*,#18605,.F.);
#18605 = EDGE_CURVE('',#18606,#18597,#18608,.T.);
#18606 = VERTEX_POINT('',#18607);
#18607 = CARTESIAN_POINT('',(127.382233,-66.125206,0.));
#18608 = LINE('',#18609,#18610);
#18609 = CARTESIAN_POINT('',(127.382233,-66.125206,0.));
#18610 = VECTOR('',#18611,1.);
#18611 = DIRECTION('',(-0.999984558483,-5.557229169395E-03,0.));
#18612 = ORIENTED_EDGE('',*,*,#18613,.F.);
#18613 = EDGE_CURVE('',#18556,#18606,#18614,.T.);
#18614 = CIRCLE('',#18615,2.492969631197);
#18615 = AXIS2_PLACEMENT_3D('',#18616,#18617,#18618);
#18616 = CARTESIAN_POINT('',(127.38223783155,-63.6322363688,0.));
#18617 = DIRECTION('',(0.,0.,-1.));
#18618 = DIRECTION('',(0.999916780874,1.290082655064E-02,0.));
#18619 = ORIENTED_EDGE('',*,*,#18563,.F.);
#18620 = FACE_BOUND('',#18621,.F.);
#18621 = EDGE_LOOP('',(#18622));
#18622 = ORIENTED_EDGE('',*,*,#18623,.T.);
#18623 = EDGE_CURVE('',#18624,#18624,#18626,.T.);
#18624 = VERTEX_POINT('',#18625);
#18625 = CARTESIAN_POINT('',(109.425,-64.825,0.));
#18626 = CIRCLE('',#18627,1.1);
#18627 = AXIS2_PLACEMENT_3D('',#18628,#18629,#18630);
#18628 = CARTESIAN_POINT('',(109.425,-63.725,0.));
#18629 = DIRECTION('',(-0.,0.,-1.));
#18630 = DIRECTION('',(-1.2918958832E-14,-1.,0.));
#18631 = FACE_BOUND('',#18632,.F.);
#18632 = EDGE_LOOP('',(#18633));
#18633 = ORIENTED_EDGE('',*,*,#18634,.T.);
#18634 = EDGE_CURVE('',#18635,#18635,#18637,.T.);
#18635 = VERTEX_POINT('',#18636);
#18636 = CARTESIAN_POINT('',(114.9,-52.824997,0.));
#18637 = CIRCLE('',#18638,0.15);
#18638 = AXIS2_PLACEMENT_3D('',#18639,#18640,#18641);
#18639 = CARTESIAN_POINT('',(114.9,-52.674997,0.));
#18640 = DIRECTION('',(-0.,0.,-1.));
#18641 = DIRECTION('',(-0.,-1.,0.));
#18642 = FACE_BOUND('',#18643,.F.);
#18643 = EDGE_LOOP('',(#18644));
#18644 = ORIENTED_EDGE('',*,*,#18645,.T.);
#18645 = EDGE_CURVE('',#18646,#18646,#18648,.T.);
#18646 = VERTEX_POINT('',#18647);
#18647 = CARTESIAN_POINT('',(115.95,-53.875,0.));
#18648 = CIRCLE('',#18649,0.15);
#18649 = AXIS2_PLACEMENT_3D('',#18650,#18651,#18652);
#18650 = CARTESIAN_POINT('',(115.95,-53.725,0.));
#18651 = DIRECTION('',(-0.,0.,-1.));
#18652 = DIRECTION('',(9.473903143467E-14,-1.,-0.));
#18653 = FACE_BOUND('',#18654,.F.);
#18654 = EDGE_LOOP('',(#18655));
#18655 = ORIENTED_EDGE('',*,*,#18656,.T.);
#18656 = EDGE_CURVE('',#18657,#18657,#18659,.T.);
#18657 = VERTEX_POINT('',#18658);
#18658 = CARTESIAN_POINT('',(115.95,-52.824997,0.));
#18659 = CIRCLE('',#18660,0.15);
#18660 = AXIS2_PLACEMENT_3D('',#18661,#18662,#18663);
#18661 = CARTESIAN_POINT('',(115.95,-52.674997,0.));
#18662 = DIRECTION('',(-0.,0.,-1.));
#18663 = DIRECTION('',(9.473903143467E-14,-1.,-0.));
#18664 = FACE_BOUND('',#18665,.F.);
#18665 = EDGE_LOOP('',(#18666));
#18666 = ORIENTED_EDGE('',*,*,#18667,.T.);
#18667 = EDGE_CURVE('',#18668,#18668,#18670,.T.);
#18668 = VERTEX_POINT('',#18669);
#18669 = CARTESIAN_POINT('',(117.,-52.824997,0.));
#18670 = CIRCLE('',#18671,0.15);
#18671 = AXIS2_PLACEMENT_3D('',#18672,#18673,#18674);
#18672 = CARTESIAN_POINT('',(117.,-52.674997,0.));
#18673 = DIRECTION('',(-0.,0.,-1.));
#18674 = DIRECTION('',(-0.,-1.,0.));
#18675 = FACE_BOUND('',#18676,.F.);
#18676 = EDGE_LOOP('',(#18677));
#18677 = ORIENTED_EDGE('',*,*,#18678,.T.);
#18678 = EDGE_CURVE('',#18679,#18679,#18681,.T.);
#18679 = VERTEX_POINT('',#18680);
#18680 = CARTESIAN_POINT('',(127.3822,-64.7322,0.));
#18681 = CIRCLE('',#18682,1.1);
#18682 = AXIS2_PLACEMENT_3D('',#18683,#18684,#18685);
#18683 = CARTESIAN_POINT('',(127.3822,-63.6322,0.));
#18684 = DIRECTION('',(-0.,0.,-1.));
#18685 = DIRECTION('',(-1.2918958832E-14,-1.,0.));
#18686 = FACE_BOUND('',#18687,.F.);
#18687 = EDGE_LOOP('',(#18688));
#18688 = ORIENTED_EDGE('',*,*,#18689,.T.);
#18689 = EDGE_CURVE('',#18690,#18690,#18692,.T.);
#18690 = VERTEX_POINT('',#18691);
#18691 = CARTESIAN_POINT('',(127.25,-60.05,0.));
#18692 = CIRCLE('',#18693,0.5);
#18693 = AXIS2_PLACEMENT_3D('',#18694,#18695,#18696);
#18694 = CARTESIAN_POINT('',(127.25,-59.55,0.));
#18695 = DIRECTION('',(-0.,0.,-1.));
#18696 = DIRECTION('',(-0.,-1.,0.));
#18697 = FACE_BOUND('',#18698,.F.);
#18698 = EDGE_LOOP('',(#18699));
#18699 = ORIENTED_EDGE('',*,*,#18700,.T.);
#18700 = EDGE_CURVE('',#18701,#18701,#18703,.T.);
#18701 = VERTEX_POINT('',#18702);
#18702 = CARTESIAN_POINT('',(109.225,-52.25,0.));
#18703 = CIRCLE('',#18704,0.5);
#18704 = AXIS2_PLACEMENT_3D('',#18705,#18706,#18707);
#18705 = CARTESIAN_POINT('',(109.225,-51.75,0.));
#18706 = DIRECTION('',(-0.,0.,-1.));
#18707 = DIRECTION('',(-0.,-1.,0.));
#18708 = FACE_BOUND('',#18709,.F.);
#18709 = EDGE_LOOP('',(#18710));
#18710 = ORIENTED_EDGE('',*,*,#18711,.T.);
#18711 = EDGE_CURVE('',#18712,#18712,#18714,.T.);
#18712 = VERTEX_POINT('',#18713);
#18713 = CARTESIAN_POINT('',(109.225,-48.8,0.));
#18714 = CIRCLE('',#18715,0.5);
#18715 = AXIS2_PLACEMENT_3D('',#18716,#18717,#18718);
#18716 = CARTESIAN_POINT('',(109.225,-48.3,0.));
#18717 = DIRECTION('',(-0.,0.,-1.));
#18718 = DIRECTION('',(-0.,-1.,0.));
#18719 = FACE_BOUND('',#18720,.F.);
#18720 = EDGE_LOOP('',(#18721));
#18721 = ORIENTED_EDGE('',*,*,#18722,.T.);
#18722 = EDGE_CURVE('',#18723,#18723,#18725,.T.);
#18723 = VERTEX_POINT('',#18724);
#18724 = CARTESIAN_POINT('',(115.95,-51.775,0.));
#18725 = CIRCLE('',#18726,0.15);
#18726 = AXIS2_PLACEMENT_3D('',#18727,#18728,#18729);
#18727 = CARTESIAN_POINT('',(115.95,-51.625,0.));
#18728 = DIRECTION('',(-0.,0.,-1.));
#18729 = DIRECTION('',(9.473903143467E-14,-1.,-0.));
#18730 = FACE_BOUND('',#18731,.F.);
#18731 = EDGE_LOOP('',(#18732));
#18732 = ORIENTED_EDGE('',*,*,#18733,.T.);
#18733 = EDGE_CURVE('',#18734,#18734,#18736,.T.);
#18734 = VERTEX_POINT('',#18735);
#18735 = CARTESIAN_POINT('',(109.425,-42.825,0.));
#18736 = CIRCLE('',#18737,1.1);
#18737 = AXIS2_PLACEMENT_3D('',#18738,#18739,#18740);
#18738 = CARTESIAN_POINT('',(109.425,-41.725,0.));
#18739 = DIRECTION('',(-0.,0.,-1.));
#18740 = DIRECTION('',(-1.2918958832E-14,-1.,0.));
#18741 = FACE_BOUND('',#18742,.F.);
#18742 = EDGE_LOOP('',(#18743));
#18743 = ORIENTED_EDGE('',*,*,#18744,.T.);
#18744 = EDGE_CURVE('',#18745,#18745,#18747,.T.);
#18745 = VERTEX_POINT('',#18746);
#18746 = CARTESIAN_POINT('',(127.325,-46.275,0.));
#18747 = CIRCLE('',#18748,0.5);
#18748 = AXIS2_PLACEMENT_3D('',#18749,#18750,#18751);
#18749 = CARTESIAN_POINT('',(127.325,-45.775,0.));
#18750 = DIRECTION('',(-0.,0.,-1.));
#18751 = DIRECTION('',(-0.,-1.,0.));
#18752 = FACE_BOUND('',#18753,.F.);
#18753 = EDGE_LOOP('',(#18754));
#18754 = ORIENTED_EDGE('',*,*,#18755,.T.);
#18755 = EDGE_CURVE('',#18756,#18756,#18758,.T.);
#18756 = VERTEX_POINT('',#18757);
#18757 = CARTESIAN_POINT('',(127.3822,-42.7178,0.));
#18758 = CIRCLE('',#18759,1.1);
#18759 = AXIS2_PLACEMENT_3D('',#18760,#18761,#18762);
#18760 = CARTESIAN_POINT('',(127.3822,-41.6178,0.));
#18761 = DIRECTION('',(-0.,0.,-1.));
#18762 = DIRECTION('',(-1.2918958832E-14,-1.,0.));
#18763 = PLANE('',#18764);
#18764 = AXIS2_PLACEMENT_3D('',#18765,#18766,#18767);
#18765 = CARTESIAN_POINT('',(0.,0.,0.));
#18766 = DIRECTION('',(0.,0.,1.));
#18767 = DIRECTION('',(1.,0.,-0.));
#18768 = ADVANCED_FACE('',(#18769,#18815,#18826,#18837,#18848,#18859,
    #18870,#18881,#18892,#18903,#18914,#18925,#18936,#18947),#18958,.T.
  );
#18769 = FACE_BOUND('',#18770,.T.);
#18770 = EDGE_LOOP('',(#18771,#18772,#18773,#18782,#18790,#18799,#18807,
    #18814));
#18771 = ORIENTED_EDGE('',*,*,#18483,.F.);
#18772 = ORIENTED_EDGE('',*,*,#18525,.F.);
#18773 = ORIENTED_EDGE('',*,*,#18774,.F.);
#18774 = EDGE_CURVE('',#18775,#18518,#18777,.T.);
#18775 = VERTEX_POINT('',#18776);
#18776 = CARTESIAN_POINT('',(106.925,-41.725,1.51));
#18777 = CIRCLE('',#18778,2.499999839417);
#18778 = AXIS2_PLACEMENT_3D('',#18779,#18780,#18781);
#18779 = CARTESIAN_POINT('',(109.42499983941,-41.72499983941,1.51));
#18780 = DIRECTION('',(0.,0.,-1.));
#18781 = DIRECTION('',(-1.,-6.423313849288E-08,-0.));
#18782 = ORIENTED_EDGE('',*,*,#18783,.F.);
#18783 = EDGE_CURVE('',#18784,#18775,#18786,.T.);
#18784 = VERTEX_POINT('',#18785);
#18785 = CARTESIAN_POINT('',(106.925,-63.725,1.51));
#18786 = LINE('',#18787,#18788);
#18787 = CARTESIAN_POINT('',(106.925,-63.725,1.51));
#18788 = VECTOR('',#18789,1.);
#18789 = DIRECTION('',(0.,1.,0.));
#18790 = ORIENTED_EDGE('',*,*,#18791,.F.);
#18791 = EDGE_CURVE('',#18792,#18784,#18794,.T.);
#18792 = VERTEX_POINT('',#18793);
#18793 = CARTESIAN_POINT('',(109.425,-66.225,1.51));
#18794 = CIRCLE('',#18795,2.499999839417);
#18795 = AXIS2_PLACEMENT_3D('',#18796,#18797,#18798);
#18796 = CARTESIAN_POINT('',(109.42499983941,-63.72500016058,1.51));
#18797 = DIRECTION('',(0.,0.,-1.));
#18798 = DIRECTION('',(6.42331470194E-08,-1.,0.));
#18799 = ORIENTED_EDGE('',*,*,#18800,.F.);
#18800 = EDGE_CURVE('',#18801,#18792,#18803,.T.);
#18801 = VERTEX_POINT('',#18802);
#18802 = CARTESIAN_POINT('',(127.382233,-66.125206,1.51));
#18803 = LINE('',#18804,#18805);
#18804 = CARTESIAN_POINT('',(127.382233,-66.125206,1.51));
#18805 = VECTOR('',#18806,1.);
#18806 = DIRECTION('',(-0.999984558483,-5.557229169395E-03,0.));
#18807 = ORIENTED_EDGE('',*,*,#18808,.F.);
#18808 = EDGE_CURVE('',#18548,#18801,#18809,.T.);
#18809 = CIRCLE('',#18810,2.492969631197);
#18810 = AXIS2_PLACEMENT_3D('',#18811,#18812,#18813);
#18811 = CARTESIAN_POINT('',(127.38223783155,-63.6322363688,1.51));
#18812 = DIRECTION('',(0.,0.,-1.));
#18813 = DIRECTION('',(0.999916780874,1.290082655064E-02,0.));
#18814 = ORIENTED_EDGE('',*,*,#18547,.F.);
#18815 = FACE_BOUND('',#18816,.T.);
#18816 = EDGE_LOOP('',(#18817));
#18817 = ORIENTED_EDGE('',*,*,#18818,.T.);
#18818 = EDGE_CURVE('',#18819,#18819,#18821,.T.);
#18819 = VERTEX_POINT('',#18820);
#18820 = CARTESIAN_POINT('',(109.425,-64.825,1.51));
#18821 = CIRCLE('',#18822,1.1);
#18822 = AXIS2_PLACEMENT_3D('',#18823,#18824,#18825);
#18823 = CARTESIAN_POINT('',(109.425,-63.725,1.51));
#18824 = DIRECTION('',(-0.,0.,-1.));
#18825 = DIRECTION('',(-1.2918958832E-14,-1.,0.));
#18826 = FACE_BOUND('',#18827,.T.);
#18827 = EDGE_LOOP('',(#18828));
#18828 = ORIENTED_EDGE('',*,*,#18829,.T.);
#18829 = EDGE_CURVE('',#18830,#18830,#18832,.T.);
#18830 = VERTEX_POINT('',#18831);
#18831 = CARTESIAN_POINT('',(114.9,-52.824997,1.51));
#18832 = CIRCLE('',#18833,0.15);
#18833 = AXIS2_PLACEMENT_3D('',#18834,#18835,#18836);
#18834 = CARTESIAN_POINT('',(114.9,-52.674997,1.51));
#18835 = DIRECTION('',(-0.,0.,-1.));
#18836 = DIRECTION('',(-0.,-1.,0.));
#18837 = FACE_BOUND('',#18838,.T.);
#18838 = EDGE_LOOP('',(#18839));
#18839 = ORIENTED_EDGE('',*,*,#18840,.T.);
#18840 = EDGE_CURVE('',#18841,#18841,#18843,.T.);
#18841 = VERTEX_POINT('',#18842);
#18842 = CARTESIAN_POINT('',(115.95,-53.875,1.51));
#18843 = CIRCLE('',#18844,0.15);
#18844 = AXIS2_PLACEMENT_3D('',#18845,#18846,#18847);
#18845 = CARTESIAN_POINT('',(115.95,-53.725,1.51));
#18846 = DIRECTION('',(-0.,0.,-1.));
#18847 = DIRECTION('',(9.473903143467E-14,-1.,-0.));
#18848 = FACE_BOUND('',#18849,.T.);
#18849 = EDGE_LOOP('',(#18850));
#18850 = ORIENTED_EDGE('',*,*,#18851,.T.);
#18851 = EDGE_CURVE('',#18852,#18852,#18854,.T.);
#18852 = VERTEX_POINT('',#18853);
#18853 = CARTESIAN_POINT('',(115.95,-52.824997,1.51));
#18854 = CIRCLE('',#18855,0.15);
#18855 = AXIS2_PLACEMENT_3D('',#18856,#18857,#18858);
#18856 = CARTESIAN_POINT('',(115.95,-52.674997,1.51));
#18857 = DIRECTION('',(-0.,0.,-1.));
#18858 = DIRECTION('',(9.473903143467E-14,-1.,-0.));
#18859 = FACE_BOUND('',#18860,.T.);
#18860 = EDGE_LOOP('',(#18861));
#18861 = ORIENTED_EDGE('',*,*,#18862,.T.);
#18862 = EDGE_CURVE('',#18863,#18863,#18865,.T.);
#18863 = VERTEX_POINT('',#18864);
#18864 = CARTESIAN_POINT('',(117.,-52.824997,1.51));
#18865 = CIRCLE('',#18866,0.15);
#18866 = AXIS2_PLACEMENT_3D('',#18867,#18868,#18869);
#18867 = CARTESIAN_POINT('',(117.,-52.674997,1.51));
#18868 = DIRECTION('',(-0.,0.,-1.));
#18869 = DIRECTION('',(-0.,-1.,0.));
#18870 = FACE_BOUND('',#18871,.T.);
#18871 = EDGE_LOOP('',(#18872));
#18872 = ORIENTED_EDGE('',*,*,#18873,.T.);
#18873 = EDGE_CURVE('',#18874,#18874,#18876,.T.);
#18874 = VERTEX_POINT('',#18875);
#18875 = CARTESIAN_POINT('',(127.3822,-64.7322,1.51));
#18876 = CIRCLE('',#18877,1.1);
#18877 = AXIS2_PLACEMENT_3D('',#18878,#18879,#18880);
#18878 = CARTESIAN_POINT('',(127.3822,-63.6322,1.51));
#18879 = DIRECTION('',(-0.,0.,-1.));
#18880 = DIRECTION('',(-1.2918958832E-14,-1.,0.));
#18881 = FACE_BOUND('',#18882,.T.);
#18882 = EDGE_LOOP('',(#18883));
#18883 = ORIENTED_EDGE('',*,*,#18884,.T.);
#18884 = EDGE_CURVE('',#18885,#18885,#18887,.T.);
#18885 = VERTEX_POINT('',#18886);
#18886 = CARTESIAN_POINT('',(127.25,-60.05,1.51));
#18887 = CIRCLE('',#18888,0.5);
#18888 = AXIS2_PLACEMENT_3D('',#18889,#18890,#18891);
#18889 = CARTESIAN_POINT('',(127.25,-59.55,1.51));
#18890 = DIRECTION('',(-0.,0.,-1.));
#18891 = DIRECTION('',(-0.,-1.,0.));
#18892 = FACE_BOUND('',#18893,.T.);
#18893 = EDGE_LOOP('',(#18894));
#18894 = ORIENTED_EDGE('',*,*,#18895,.T.);
#18895 = EDGE_CURVE('',#18896,#18896,#18898,.T.);
#18896 = VERTEX_POINT('',#18897);
#18897 = CARTESIAN_POINT('',(109.225,-52.25,1.51));
#18898 = CIRCLE('',#18899,0.5);
#18899 = AXIS2_PLACEMENT_3D('',#18900,#18901,#18902);
#18900 = CARTESIAN_POINT('',(109.225,-51.75,1.51));
#18901 = DIRECTION('',(-0.,0.,-1.));
#18902 = DIRECTION('',(-0.,-1.,0.));
#18903 = FACE_BOUND('',#18904,.T.);
#18904 = EDGE_LOOP('',(#18905));
#18905 = ORIENTED_EDGE('',*,*,#18906,.T.);
#18906 = EDGE_CURVE('',#18907,#18907,#18909,.T.);
#18907 = VERTEX_POINT('',#18908);
#18908 = CARTESIAN_POINT('',(109.225,-48.8,1.51));
#18909 = CIRCLE('',#18910,0.5);
#18910 = AXIS2_PLACEMENT_3D('',#18911,#18912,#18913);
#18911 = CARTESIAN_POINT('',(109.225,-48.3,1.51));
#18912 = DIRECTION('',(-0.,0.,-1.));
#18913 = DIRECTION('',(-0.,-1.,0.));
#18914 = FACE_BOUND('',#18915,.T.);
#18915 = EDGE_LOOP('',(#18916));
#18916 = ORIENTED_EDGE('',*,*,#18917,.T.);
#18917 = EDGE_CURVE('',#18918,#18918,#18920,.T.);
#18918 = VERTEX_POINT('',#18919);
#18919 = CARTESIAN_POINT('',(115.95,-51.775,1.51));
#18920 = CIRCLE('',#18921,0.15);
#18921 = AXIS2_PLACEMENT_3D('',#18922,#18923,#18924);
#18922 = CARTESIAN_POINT('',(115.95,-51.625,1.51));
#18923 = DIRECTION('',(-0.,0.,-1.));
#18924 = DIRECTION('',(9.473903143467E-14,-1.,-0.));
#18925 = FACE_BOUND('',#18926,.T.);
#18926 = EDGE_LOOP('',(#18927));
#18927 = ORIENTED_EDGE('',*,*,#18928,.T.);
#18928 = EDGE_CURVE('',#18929,#18929,#18931,.T.);
#18929 = VERTEX_POINT('',#18930);
#18930 = CARTESIAN_POINT('',(109.425,-42.825,1.51));
#18931 = CIRCLE('',#18932,1.1);
#18932 = AXIS2_PLACEMENT_3D('',#18933,#18934,#18935);
#18933 = CARTESIAN_POINT('',(109.425,-41.725,1.51));
#18934 = DIRECTION('',(-0.,0.,-1.));
#18935 = DIRECTION('',(-1.2918958832E-14,-1.,0.));
#18936 = FACE_BOUND('',#18937,.T.);
#18937 = EDGE_LOOP('',(#18938));
#18938 = ORIENTED_EDGE('',*,*,#18939,.T.);
#18939 = EDGE_CURVE('',#18940,#18940,#18942,.T.);
#18940 = VERTEX_POINT('',#18941);
#18941 = CARTESIAN_POINT('',(127.325,-46.275,1.51));
#18942 = CIRCLE('',#18943,0.5);
#18943 = AXIS2_PLACEMENT_3D('',#18944,#18945,#18946);
#18944 = CARTESIAN_POINT('',(127.325,-45.775,1.51));
#18945 = DIRECTION('',(-0.,0.,-1.));
#18946 = DIRECTION('',(-0.,-1.,0.));
#18947 = FACE_BOUND('',#18948,.T.);
#18948 = EDGE_LOOP('',(#18949));
#18949 = ORIENTED_EDGE('',*,*,#18950,.T.);
#18950 = EDGE_CURVE('',#18951,#18951,#18953,.T.);
#18951 = VERTEX_POINT('',#18952);
#18952 = CARTESIAN_POINT('',(127.3822,-42.7178,1.51));
#18953 = CIRCLE('',#18954,1.1);
#18954 = AXIS2_PLACEMENT_3D('',#18955,#18956,#18957);
#18955 = CARTESIAN_POINT('',(127.3822,-41.6178,1.51));
#18956 = DIRECTION('',(-0.,0.,-1.));
#18957 = DIRECTION('',(-1.2918958832E-14,-1.,0.));
#18958 = PLANE('',#18959);
#18959 = AXIS2_PLACEMENT_3D('',#18960,#18961,#18962);
#18960 = CARTESIAN_POINT('',(0.,0.,1.51));
#18961 = DIRECTION('',(0.,0.,1.));
#18962 = DIRECTION('',(1.,0.,-0.));
#18963 = ADVANCED_FACE('',(#18964),#18975,.T.);
#18964 = FACE_BOUND('',#18965,.T.);
#18965 = EDGE_LOOP('',(#18966,#18972,#18973,#18974));
#18966 = ORIENTED_EDGE('',*,*,#18967,.T.);
#18967 = EDGE_CURVE('',#18580,#18775,#18968,.T.);
#18968 = LINE('',#18969,#18970);
#18969 = CARTESIAN_POINT('',(106.925,-41.725,0.));
#18970 = VECTOR('',#18971,1.);
#18971 = DIRECTION('',(0.,0.,1.));
#18972 = ORIENTED_EDGE('',*,*,#18774,.T.);
#18973 = ORIENTED_EDGE('',*,*,#18515,.F.);
#18974 = ORIENTED_EDGE('',*,*,#18579,.F.);
#18975 = CYLINDRICAL_SURFACE('',#18976,2.499999839417);
#18976 = AXIS2_PLACEMENT_3D('',#18977,#18978,#18979);
#18977 = CARTESIAN_POINT('',(109.42499983941,-41.72499983941,0.));
#18978 = DIRECTION('',(0.,0.,-1.));
#18979 = DIRECTION('',(-1.,-6.423313849288E-08,-0.));
#18980 = ADVANCED_FACE('',(#18981),#18992,.T.);
#18981 = FACE_BOUND('',#18982,.T.);
#18982 = EDGE_LOOP('',(#18983,#18984,#18985,#18991));
#18983 = ORIENTED_EDGE('',*,*,#18555,.T.);
#18984 = ORIENTED_EDGE('',*,*,#18808,.T.);
#18985 = ORIENTED_EDGE('',*,*,#18986,.F.);
#18986 = EDGE_CURVE('',#18606,#18801,#18987,.T.);
#18987 = LINE('',#18988,#18989);
#18988 = CARTESIAN_POINT('',(127.382233,-66.125206,0.));
#18989 = VECTOR('',#18990,1.);
#18990 = DIRECTION('',(0.,0.,1.));
#18991 = ORIENTED_EDGE('',*,*,#18613,.F.);
#18992 = CYLINDRICAL_SURFACE('',#18993,2.492969631197);
#18993 = AXIS2_PLACEMENT_3D('',#18994,#18995,#18996);
#18994 = CARTESIAN_POINT('',(127.38223783155,-63.6322363688,0.));
#18995 = DIRECTION('',(0.,0.,-1.));
#18996 = DIRECTION('',(0.999916780874,1.290082655064E-02,0.));
#18997 = ADVANCED_FACE('',(#18998),#19009,.T.);
#18998 = FACE_BOUND('',#18999,.T.);
#18999 = EDGE_LOOP('',(#19000,#19006,#19007,#19008));
#19000 = ORIENTED_EDGE('',*,*,#19001,.T.);
#19001 = EDGE_CURVE('',#18589,#18784,#19002,.T.);
#19002 = LINE('',#19003,#19004);
#19003 = CARTESIAN_POINT('',(106.925,-63.725,0.));
#19004 = VECTOR('',#19005,1.);
#19005 = DIRECTION('',(0.,0.,1.));
#19006 = ORIENTED_EDGE('',*,*,#18783,.T.);
#19007 = ORIENTED_EDGE('',*,*,#18967,.F.);
#19008 = ORIENTED_EDGE('',*,*,#18588,.F.);
#19009 = PLANE('',#19010);
#19010 = AXIS2_PLACEMENT_3D('',#19011,#19012,#19013);
#19011 = CARTESIAN_POINT('',(106.925,-63.725,0.));
#19012 = DIRECTION('',(-1.,0.,0.));
#19013 = DIRECTION('',(0.,1.,0.));
#19014 = ADVANCED_FACE('',(#19015),#19026,.T.);
#19015 = FACE_BOUND('',#19016,.T.);
#19016 = EDGE_LOOP('',(#19017,#19018,#19019,#19025));
#19017 = ORIENTED_EDGE('',*,*,#18986,.T.);
#19018 = ORIENTED_EDGE('',*,*,#18800,.T.);
#19019 = ORIENTED_EDGE('',*,*,#19020,.F.);
#19020 = EDGE_CURVE('',#18597,#18792,#19021,.T.);
#19021 = LINE('',#19022,#19023);
#19022 = CARTESIAN_POINT('',(109.425,-66.225,0.));
#19023 = VECTOR('',#19024,1.);
#19024 = DIRECTION('',(0.,0.,1.));
#19025 = ORIENTED_EDGE('',*,*,#18605,.F.);
#19026 = PLANE('',#19027);
#19027 = AXIS2_PLACEMENT_3D('',#19028,#19029,#19030);
#19028 = CARTESIAN_POINT('',(127.382233,-66.125206,0.));
#19029 = DIRECTION('',(5.557229169395E-03,-0.999984558483,0.));
#19030 = DIRECTION('',(-0.999984558483,-5.557229169395E-03,0.));
#19031 = ADVANCED_FACE('',(#19032),#19038,.T.);
#19032 = FACE_BOUND('',#19033,.T.);
#19033 = EDGE_LOOP('',(#19034,#19035,#19036,#19037));
#19034 = ORIENTED_EDGE('',*,*,#19020,.T.);
#19035 = ORIENTED_EDGE('',*,*,#18791,.T.);
#19036 = ORIENTED_EDGE('',*,*,#19001,.F.);
#19037 = ORIENTED_EDGE('',*,*,#18596,.F.);
#19038 = CYLINDRICAL_SURFACE('',#19039,2.499999839417);
#19039 = AXIS2_PLACEMENT_3D('',#19040,#19041,#19042);
#19040 = CARTESIAN_POINT('',(109.42499983941,-63.72500016058,0.));
#19041 = DIRECTION('',(0.,0.,-1.));
#19042 = DIRECTION('',(6.42331470194E-08,-1.,0.));
#19043 = ADVANCED_FACE('',(#19044),#19055,.F.);
#19044 = FACE_BOUND('',#19045,.T.);
#19045 = EDGE_LOOP('',(#19046,#19047,#19053,#19054));
#19046 = ORIENTED_EDGE('',*,*,#18623,.T.);
#19047 = ORIENTED_EDGE('',*,*,#19048,.T.);
#19048 = EDGE_CURVE('',#18624,#18819,#19049,.T.);
#19049 = LINE('',#19050,#19051);
#19050 = CARTESIAN_POINT('',(109.425,-64.825,-4.6E-02));
#19051 = VECTOR('',#19052,1.);
#19052 = DIRECTION('',(0.,0.,1.));
#19053 = ORIENTED_EDGE('',*,*,#18818,.F.);
#19054 = ORIENTED_EDGE('',*,*,#19048,.F.);
#19055 = CYLINDRICAL_SURFACE('',#19056,1.1);
#19056 = AXIS2_PLACEMENT_3D('',#19057,#19058,#19059);
#19057 = CARTESIAN_POINT('',(109.425,-63.725,-4.6E-02));
#19058 = DIRECTION('',(-0.,-0.,-1.));
#19059 = DIRECTION('',(-1.2918958832E-14,-1.,0.));
#19060 = ADVANCED_FACE('',(#19061),#19072,.F.);
#19061 = FACE_BOUND('',#19062,.T.);
#19062 = EDGE_LOOP('',(#19063,#19064,#19070,#19071));
#19063 = ORIENTED_EDGE('',*,*,#18634,.T.);
#19064 = ORIENTED_EDGE('',*,*,#19065,.T.);
#19065 = EDGE_CURVE('',#18635,#18830,#19066,.T.);
#19066 = LINE('',#19067,#19068);
#19067 = CARTESIAN_POINT('',(114.9,-52.824997,-4.6E-02));
#19068 = VECTOR('',#19069,1.);
#19069 = DIRECTION('',(0.,0.,1.));
#19070 = ORIENTED_EDGE('',*,*,#18829,.F.);
#19071 = ORIENTED_EDGE('',*,*,#19065,.F.);
#19072 = CYLINDRICAL_SURFACE('',#19073,0.15);
#19073 = AXIS2_PLACEMENT_3D('',#19074,#19075,#19076);
#19074 = CARTESIAN_POINT('',(114.9,-52.674997,-4.6E-02));
#19075 = DIRECTION('',(-0.,-0.,-1.));
#19076 = DIRECTION('',(-0.,-1.,0.));
#19077 = ADVANCED_FACE('',(#19078),#19089,.F.);
#19078 = FACE_BOUND('',#19079,.T.);
#19079 = EDGE_LOOP('',(#19080,#19081,#19087,#19088));
#19080 = ORIENTED_EDGE('',*,*,#18645,.T.);
#19081 = ORIENTED_EDGE('',*,*,#19082,.T.);
#19082 = EDGE_CURVE('',#18646,#18841,#19083,.T.);
#19083 = LINE('',#19084,#19085);
#19084 = CARTESIAN_POINT('',(115.95,-53.875,-4.6E-02));
#19085 = VECTOR('',#19086,1.);
#19086 = DIRECTION('',(0.,0.,1.));
#19087 = ORIENTED_EDGE('',*,*,#18840,.F.);
#19088 = ORIENTED_EDGE('',*,*,#19082,.F.);
#19089 = CYLINDRICAL_SURFACE('',#19090,0.15);
#19090 = AXIS2_PLACEMENT_3D('',#19091,#19092,#19093);
#19091 = CARTESIAN_POINT('',(115.95,-53.725,-4.6E-02));
#19092 = DIRECTION('',(-0.,0.,-1.));
#19093 = DIRECTION('',(9.473903143467E-14,-1.,-0.));
#19094 = ADVANCED_FACE('',(#19095),#19106,.F.);
#19095 = FACE_BOUND('',#19096,.T.);
#19096 = EDGE_LOOP('',(#19097,#19098,#19104,#19105));
#19097 = ORIENTED_EDGE('',*,*,#18656,.T.);
#19098 = ORIENTED_EDGE('',*,*,#19099,.T.);
#19099 = EDGE_CURVE('',#18657,#18852,#19100,.T.);
#19100 = LINE('',#19101,#19102);
#19101 = CARTESIAN_POINT('',(115.95,-52.824997,-4.6E-02));
#19102 = VECTOR('',#19103,1.);
#19103 = DIRECTION('',(0.,0.,1.));
#19104 = ORIENTED_EDGE('',*,*,#18851,.F.);
#19105 = ORIENTED_EDGE('',*,*,#19099,.F.);
#19106 = CYLINDRICAL_SURFACE('',#19107,0.15);
#19107 = AXIS2_PLACEMENT_3D('',#19108,#19109,#19110);
#19108 = CARTESIAN_POINT('',(115.95,-52.674997,-4.6E-02));
#19109 = DIRECTION('',(-0.,0.,-1.));
#19110 = DIRECTION('',(9.473903143467E-14,-1.,-0.));
#19111 = ADVANCED_FACE('',(#19112),#19123,.F.);
#19112 = FACE_BOUND('',#19113,.T.);
#19113 = EDGE_LOOP('',(#19114,#19115,#19121,#19122));
#19114 = ORIENTED_EDGE('',*,*,#18667,.T.);
#19115 = ORIENTED_EDGE('',*,*,#19116,.T.);
#19116 = EDGE_CURVE('',#18668,#18863,#19117,.T.);
#19117 = LINE('',#19118,#19119);
#19118 = CARTESIAN_POINT('',(117.,-52.824997,-4.6E-02));
#19119 = VECTOR('',#19120,1.);
#19120 = DIRECTION('',(0.,0.,1.));
#19121 = ORIENTED_EDGE('',*,*,#18862,.F.);
#19122 = ORIENTED_EDGE('',*,*,#19116,.F.);
#19123 = CYLINDRICAL_SURFACE('',#19124,0.15);
#19124 = AXIS2_PLACEMENT_3D('',#19125,#19126,#19127);
#19125 = CARTESIAN_POINT('',(117.,-52.674997,-4.6E-02));
#19126 = DIRECTION('',(-0.,-0.,-1.));
#19127 = DIRECTION('',(-0.,-1.,0.));
#19128 = ADVANCED_FACE('',(#19129),#19140,.F.);
#19129 = FACE_BOUND('',#19130,.T.);
#19130 = EDGE_LOOP('',(#19131,#19132,#19138,#19139));
#19131 = ORIENTED_EDGE('',*,*,#18678,.T.);
#19132 = ORIENTED_EDGE('',*,*,#19133,.T.);
#19133 = EDGE_CURVE('',#18679,#18874,#19134,.T.);
#19134 = LINE('',#19135,#19136);
#19135 = CARTESIAN_POINT('',(127.3822,-64.7322,-4.6E-02));
#19136 = VECTOR('',#19137,1.);
#19137 = DIRECTION('',(0.,0.,1.));
#19138 = ORIENTED_EDGE('',*,*,#18873,.F.);
#19139 = ORIENTED_EDGE('',*,*,#19133,.F.);
#19140 = CYLINDRICAL_SURFACE('',#19141,1.1);
#19141 = AXIS2_PLACEMENT_3D('',#19142,#19143,#19144);
#19142 = CARTESIAN_POINT('',(127.3822,-63.6322,-4.6E-02));
#19143 = DIRECTION('',(-0.,-0.,-1.));
#19144 = DIRECTION('',(-1.2918958832E-14,-1.,0.));
#19145 = ADVANCED_FACE('',(#19146),#19157,.F.);
#19146 = FACE_BOUND('',#19147,.T.);
#19147 = EDGE_LOOP('',(#19148,#19149,#19155,#19156));
#19148 = ORIENTED_EDGE('',*,*,#18689,.T.);
#19149 = ORIENTED_EDGE('',*,*,#19150,.T.);
#19150 = EDGE_CURVE('',#18690,#18885,#19151,.T.);
#19151 = LINE('',#19152,#19153);
#19152 = CARTESIAN_POINT('',(127.25,-60.05,-4.6E-02));
#19153 = VECTOR('',#19154,1.);
#19154 = DIRECTION('',(0.,0.,1.));
#19155 = ORIENTED_EDGE('',*,*,#18884,.F.);
#19156 = ORIENTED_EDGE('',*,*,#19150,.F.);
#19157 = CYLINDRICAL_SURFACE('',#19158,0.5);
#19158 = AXIS2_PLACEMENT_3D('',#19159,#19160,#19161);
#19159 = CARTESIAN_POINT('',(127.25,-59.55,-4.6E-02));
#19160 = DIRECTION('',(-0.,-0.,-1.));
#19161 = DIRECTION('',(-0.,-1.,0.));
#19162 = ADVANCED_FACE('',(#19163),#19174,.F.);
#19163 = FACE_BOUND('',#19164,.T.);
#19164 = EDGE_LOOP('',(#19165,#19166,#19172,#19173));
#19165 = ORIENTED_EDGE('',*,*,#18700,.T.);
#19166 = ORIENTED_EDGE('',*,*,#19167,.T.);
#19167 = EDGE_CURVE('',#18701,#18896,#19168,.T.);
#19168 = LINE('',#19169,#19170);
#19169 = CARTESIAN_POINT('',(109.225,-52.25,-4.6E-02));
#19170 = VECTOR('',#19171,1.);
#19171 = DIRECTION('',(0.,0.,1.));
#19172 = ORIENTED_EDGE('',*,*,#18895,.F.);
#19173 = ORIENTED_EDGE('',*,*,#19167,.F.);
#19174 = CYLINDRICAL_SURFACE('',#19175,0.5);
#19175 = AXIS2_PLACEMENT_3D('',#19176,#19177,#19178);
#19176 = CARTESIAN_POINT('',(109.225,-51.75,-4.6E-02));
#19177 = DIRECTION('',(-0.,-0.,-1.));
#19178 = DIRECTION('',(-0.,-1.,0.));
#19179 = ADVANCED_FACE('',(#19180),#19191,.F.);
#19180 = FACE_BOUND('',#19181,.T.);
#19181 = EDGE_LOOP('',(#19182,#19183,#19189,#19190));
#19182 = ORIENTED_EDGE('',*,*,#18711,.T.);
#19183 = ORIENTED_EDGE('',*,*,#19184,.T.);
#19184 = EDGE_CURVE('',#18712,#18907,#19185,.T.);
#19185 = LINE('',#19186,#19187);
#19186 = CARTESIAN_POINT('',(109.225,-48.8,-4.6E-02));
#19187 = VECTOR('',#19188,1.);
#19188 = DIRECTION('',(0.,0.,1.));
#19189 = ORIENTED_EDGE('',*,*,#18906,.F.);
#19190 = ORIENTED_EDGE('',*,*,#19184,.F.);
#19191 = CYLINDRICAL_SURFACE('',#19192,0.5);
#19192 = AXIS2_PLACEMENT_3D('',#19193,#19194,#19195);
#19193 = CARTESIAN_POINT('',(109.225,-48.3,-4.6E-02));
#19194 = DIRECTION('',(-0.,-0.,-1.));
#19195 = DIRECTION('',(-0.,-1.,0.));
#19196 = ADVANCED_FACE('',(#19197),#19208,.F.);
#19197 = FACE_BOUND('',#19198,.T.);
#19198 = EDGE_LOOP('',(#19199,#19200,#19206,#19207));
#19199 = ORIENTED_EDGE('',*,*,#18722,.T.);
#19200 = ORIENTED_EDGE('',*,*,#19201,.T.);
#19201 = EDGE_CURVE('',#18723,#18918,#19202,.T.);
#19202 = LINE('',#19203,#19204);
#19203 = CARTESIAN_POINT('',(115.95,-51.775,-4.6E-02));
#19204 = VECTOR('',#19205,1.);
#19205 = DIRECTION('',(0.,0.,1.));
#19206 = ORIENTED_EDGE('',*,*,#18917,.F.);
#19207 = ORIENTED_EDGE('',*,*,#19201,.F.);
#19208 = CYLINDRICAL_SURFACE('',#19209,0.15);
#19209 = AXIS2_PLACEMENT_3D('',#19210,#19211,#19212);
#19210 = CARTESIAN_POINT('',(115.95,-51.625,-4.6E-02));
#19211 = DIRECTION('',(-0.,0.,-1.));
#19212 = DIRECTION('',(9.473903143467E-14,-1.,-0.));
#19213 = ADVANCED_FACE('',(#19214),#19225,.F.);
#19214 = FACE_BOUND('',#19215,.T.);
#19215 = EDGE_LOOP('',(#19216,#19217,#19223,#19224));
#19216 = ORIENTED_EDGE('',*,*,#18733,.T.);
#19217 = ORIENTED_EDGE('',*,*,#19218,.T.);
#19218 = EDGE_CURVE('',#18734,#18929,#19219,.T.);
#19219 = LINE('',#19220,#19221);
#19220 = CARTESIAN_POINT('',(109.425,-42.825,-4.6E-02));
#19221 = VECTOR('',#19222,1.);
#19222 = DIRECTION('',(0.,0.,1.));
#19223 = ORIENTED_EDGE('',*,*,#18928,.F.);
#19224 = ORIENTED_EDGE('',*,*,#19218,.F.);
#19225 = CYLINDRICAL_SURFACE('',#19226,1.1);
#19226 = AXIS2_PLACEMENT_3D('',#19227,#19228,#19229);
#19227 = CARTESIAN_POINT('',(109.425,-41.725,-4.6E-02));
#19228 = DIRECTION('',(-0.,-0.,-1.));
#19229 = DIRECTION('',(-1.2918958832E-14,-1.,0.));
#19230 = ADVANCED_FACE('',(#19231),#19242,.F.);
#19231 = FACE_BOUND('',#19232,.T.);
#19232 = EDGE_LOOP('',(#19233,#19234,#19240,#19241));
#19233 = ORIENTED_EDGE('',*,*,#18744,.T.);
#19234 = ORIENTED_EDGE('',*,*,#19235,.T.);
#19235 = EDGE_CURVE('',#18745,#18940,#19236,.T.);
#19236 = LINE('',#19237,#19238);
#19237 = CARTESIAN_POINT('',(127.325,-46.275,-4.6E-02));
#19238 = VECTOR('',#19239,1.);
#19239 = DIRECTION('',(0.,0.,1.));
#19240 = ORIENTED_EDGE('',*,*,#18939,.F.);
#19241 = ORIENTED_EDGE('',*,*,#19235,.F.);
#19242 = CYLINDRICAL_SURFACE('',#19243,0.5);
#19243 = AXIS2_PLACEMENT_3D('',#19244,#19245,#19246);
#19244 = CARTESIAN_POINT('',(127.325,-45.775,-4.6E-02));
#19245 = DIRECTION('',(-0.,-0.,-1.));
#19246 = DIRECTION('',(-0.,-1.,0.));
#19247 = ADVANCED_FACE('',(#19248),#19259,.F.);
#19248 = FACE_BOUND('',#19249,.T.);
#19249 = EDGE_LOOP('',(#19250,#19251,#19257,#19258));
#19250 = ORIENTED_EDGE('',*,*,#18755,.T.);
#19251 = ORIENTED_EDGE('',*,*,#19252,.T.);
#19252 = EDGE_CURVE('',#18756,#18951,#19253,.T.);
#19253 = LINE('',#19254,#19255);
#19254 = CARTESIAN_POINT('',(127.3822,-42.7178,-4.6E-02));
#19255 = VECTOR('',#19256,1.);
#19256 = DIRECTION('',(0.,0.,1.));
#19257 = ORIENTED_EDGE('',*,*,#18950,.F.);
#19258 = ORIENTED_EDGE('',*,*,#19252,.F.);
#19259 = CYLINDRICAL_SURFACE('',#19260,1.1);
#19260 = AXIS2_PLACEMENT_3D('',#19261,#19262,#19263);
#19261 = CARTESIAN_POINT('',(127.3822,-41.6178,-4.6E-02));
#19262 = DIRECTION('',(-0.,-0.,-1.));
#19263 = DIRECTION('',(-1.2918958832E-14,-1.,0.));
#19264 = ( GEOMETRIC_REPRESENTATION_CONTEXT(3) 
GLOBAL_UNCERTAINTY_ASSIGNED_CONTEXT((#19268)) 
GLOBAL_UNIT_ASSIGNED_CONTEXT((#19265,#19266,#19267)) 
REPRESENTATION_CONTEXT('Context #1',
  '3D Context with UNIT and UNCERTAINTY') );
#19265 = ( LENGTH_UNIT() NAMED_UNIT(*) SI_UNIT(.MILLI.,.METRE.) );
#19266 = ( NAMED_UNIT(*) PLANE_ANGLE_UNIT() SI_UNIT($,.RADIAN.) );
#19267 = ( NAMED_UNIT(*) SI_UNIT($,.STERADIAN.) SOLID_ANGLE_UNIT() );
#19268 = UNCERTAINTY_MEASURE_WITH_UNIT(LENGTH_MEASURE(1.E-07),#19265,
  'distance_accuracy_value','confusion accuracy');
#19269 = CONTEXT_DEPENDENT_SHAPE_REPRESENTATION(#19270,#19272);
#19270 = ( REPRESENTATION_RELATIONSHIP('','',#18466,#10) 
REPRESENTATION_RELATIONSHIP_WITH_TRANSFORMATION(#19271) 
SHAPE_REPRESENTATION_RELATIONSHIP() );
#19271 = ITEM_DEFINED_TRANSFORMATION('','',#11,#79);
#19272 = PRODUCT_DEFINITION_SHAPE('Placement','Placement of an item',
  #19273);
#19273 = NEXT_ASSEMBLY_USAGE_OCCURRENCE('47','=>[0:1:1:38]','',#5,#18461
  ,$);
#19274 = PRODUCT_RELATED_PRODUCT_CATEGORY('part',$,(#18463));
#19275 = REPRESENTATION('material name',(#19276),#12738);
#19276 = DESCRIPTIVE_REPRESENTATION_ITEM('MM_YYYY','01/2017');
#19277 = PROPERTY_DEFINITION('material property','material name',#9345);
#19278 = PROPERTY_DEFINITION_REPRESENTATION(#19277,#19275);
#19279 = MECHANICAL_DESIGN_GEOMETRIC_PRESENTATION_REPRESENTATION('',(
    #19280,#19288),#13185);
#19280 = STYLED_ITEM('color',(#19281),#12860);
#19281 = PRESENTATION_STYLE_ASSIGNMENT((#19282));
#19282 = SURFACE_STYLE_USAGE(.BOTH.,#19283);
#19283 = SURFACE_SIDE_STYLE('',(#19284));
#19284 = SURFACE_STYLE_FILL_AREA(#19285);
#19285 = FILL_AREA_STYLE('',(#19286));
#19286 = FILL_AREA_STYLE_COLOUR('',#19287);
#19287 = COLOUR_RGB('',0.827451011257,0.329412002076,7.05880016202E-02);
#19288 = OVER_RIDING_STYLED_ITEM('overriding color',(#19289),#13131,
  #19280);
#19289 = PRESENTATION_STYLE_ASSIGNMENT((#19290));
#19290 = SURFACE_STYLE_USAGE(.BOTH.,#19291);
#19291 = SURFACE_SIDE_STYLE('',(#19292));
#19292 = SURFACE_STYLE_FILL_AREA(#19293);
#19293 = FILL_AREA_STYLE('',(#19294));
#19294 = FILL_AREA_STYLE_COLOUR('',#19295);
#19295 = DRAUGHTING_PRE_DEFINED_COLOUR('white');
#19296 = MECHANICAL_DESIGN_GEOMETRIC_PRESENTATION_REPRESENTATION('',(
    #19297,#19304),#14368);
#19297 = STYLED_ITEM('color',(#19298),#14218);
#19298 = PRESENTATION_STYLE_ASSIGNMENT((#19299));
#19299 = SURFACE_STYLE_USAGE(.BOTH.,#19300);
#19300 = SURFACE_SIDE_STYLE('',(#19301));
#19301 = SURFACE_STYLE_FILL_AREA(#19302);
#19302 = FILL_AREA_STYLE('',(#19303));
#19303 = FILL_AREA_STYLE_COLOUR('',#19287);
#19304 = OVER_RIDING_STYLED_ITEM('overriding color',(#19305),#14220,
  #19297);
#19305 = PRESENTATION_STYLE_ASSIGNMENT((#19306));
#19306 = SURFACE_STYLE_USAGE(.BOTH.,#19307);
#19307 = SURFACE_SIDE_STYLE('',(#19308));
#19308 = SURFACE_STYLE_FILL_AREA(#19309);
#19309 = FILL_AREA_STYLE('',(#19310));
#19310 = FILL_AREA_STYLE_COLOUR('',#19295);
#19311 = MECHANICAL_DESIGN_GEOMETRIC_PRESENTATION_REPRESENTATION('',(
    #19312,#19319),#13861);
#19312 = STYLED_ITEM('color',(#19313),#13711);
#19313 = PRESENTATION_STYLE_ASSIGNMENT((#19314));
#19314 = SURFACE_STYLE_USAGE(.BOTH.,#19315);
#19315 = SURFACE_SIDE_STYLE('',(#19316));
#19316 = SURFACE_STYLE_FILL_AREA(#19317);
#19317 = FILL_AREA_STYLE('',(#19318));
#19318 = FILL_AREA_STYLE_COLOUR('',#19287);
#19319 = OVER_RIDING_STYLED_ITEM('overriding color',(#19320),#13713,
  #19312);
#19320 = PRESENTATION_STYLE_ASSIGNMENT((#19321));
#19321 = SURFACE_STYLE_USAGE(.BOTH.,#19322);
#19322 = SURFACE_SIDE_STYLE('',(#19323));
#19323 = SURFACE_STYLE_FILL_AREA(#19324);
#19324 = FILL_AREA_STYLE('',(#19325));
#19325 = FILL_AREA_STYLE_COLOUR('',#19295);
#19326 = MECHANICAL_DESIGN_GEOMETRIC_PRESENTATION_REPRESENTATION('',(
    #19327,#19334),#13354);
#19327 = STYLED_ITEM('color',(#19328),#13204);
#19328 = PRESENTATION_STYLE_ASSIGNMENT((#19329));
#19329 = SURFACE_STYLE_USAGE(.BOTH.,#19330);
#19330 = SURFACE_SIDE_STYLE('',(#19331));
#19331 = SURFACE_STYLE_FILL_AREA(#19332);
#19332 = FILL_AREA_STYLE('',(#19333));
#19333 = FILL_AREA_STYLE_COLOUR('',#19287);
#19334 = OVER_RIDING_STYLED_ITEM('overriding color',(#19335),#13206,
  #19327);
#19335 = PRESENTATION_STYLE_ASSIGNMENT((#19336));
#19336 = SURFACE_STYLE_USAGE(.BOTH.,#19337);
#19337 = SURFACE_SIDE_STYLE('',(#19338));
#19338 = SURFACE_STYLE_FILL_AREA(#19339);
#19339 = FILL_AREA_STYLE('',(#19340));
#19340 = FILL_AREA_STYLE_COLOUR('',#19295);
#19341 = MECHANICAL_DESIGN_GEOMETRIC_PRESENTATION_REPRESENTATION('',(
    #19342),#12738);
#19342 = STYLED_ITEM('color',(#19343),#9351);
#19343 = PRESENTATION_STYLE_ASSIGNMENT((#19344));
#19344 = SURFACE_STYLE_USAGE(.BOTH.,#19345);
#19345 = SURFACE_SIDE_STYLE('',(#19346));
#19346 = SURFACE_STYLE_FILL_AREA(#19347);
#19347 = FILL_AREA_STYLE('',(#19348));
#19348 = FILL_AREA_STYLE_COLOUR('',#19349);
#19349 = COLOUR_RGB('',0.274510000205,0.274510000205,0.274510000205);
#19350 = MECHANICAL_DESIGN_GEOMETRIC_PRESENTATION_REPRESENTATION('',(
    #19351,#19359,#19366,#19373,#19380,#19387,#19394,#19401,#19409,
    #19416,#19423,#19430,#19437,#19444,#19452,#19459,#19466,#19473,
    #19480,#19487,#19494,#19501,#19508,#19515,#19522,#19529),#1806);
#19351 = STYLED_ITEM('color',(#19352),#1018);
#19352 = PRESENTATION_STYLE_ASSIGNMENT((#19353));
#19353 = SURFACE_STYLE_USAGE(.BOTH.,#19354);
#19354 = SURFACE_SIDE_STYLE('',(#19355));
#19355 = SURFACE_STYLE_FILL_AREA(#19356);
#19356 = FILL_AREA_STYLE('',(#19357));
#19357 = FILL_AREA_STYLE_COLOUR('',#19358);
#19358 = COLOUR_RGB('',0.823999987314,0.819999987296,0.781000009244);
#19359 = STYLED_ITEM('color',(#19360),#1058);
#19360 = PRESENTATION_STYLE_ASSIGNMENT((#19361));
#19361 = SURFACE_STYLE_USAGE(.BOTH.,#19362);
#19362 = SURFACE_SIDE_STYLE('',(#19363));
#19363 = SURFACE_STYLE_FILL_AREA(#19364);
#19364 = FILL_AREA_STYLE('',(#19365));
#19365 = FILL_AREA_STYLE_COLOUR('',#19358);
#19366 = STYLED_ITEM('color',(#19367),#1141);
#19367 = PRESENTATION_STYLE_ASSIGNMENT((#19368));
#19368 = SURFACE_STYLE_USAGE(.BOTH.,#19369);
#19369 = SURFACE_SIDE_STYLE('',(#19370));
#19370 = SURFACE_STYLE_FILL_AREA(#19371);
#19371 = FILL_AREA_STYLE('',(#19372));
#19372 = FILL_AREA_STYLE_COLOUR('',#19358);
#19373 = STYLED_ITEM('color',(#19374),#1166);
#19374 = PRESENTATION_STYLE_ASSIGNMENT((#19375));
#19375 = SURFACE_STYLE_USAGE(.BOTH.,#19376);
#19376 = SURFACE_SIDE_STYLE('',(#19377));
#19377 = SURFACE_STYLE_FILL_AREA(#19378);
#19378 = FILL_AREA_STYLE('',(#19379));
#19379 = FILL_AREA_STYLE_COLOUR('',#19358);
#19380 = STYLED_ITEM('color',(#19381),#1191);
#19381 = PRESENTATION_STYLE_ASSIGNMENT((#19382));
#19382 = SURFACE_STYLE_USAGE(.BOTH.,#19383);
#19383 = SURFACE_SIDE_STYLE('',(#19384));
#19384 = SURFACE_STYLE_FILL_AREA(#19385);
#19385 = FILL_AREA_STYLE('',(#19386));
#19386 = FILL_AREA_STYLE_COLOUR('',#19358);
#19387 = STYLED_ITEM('color',(#19388),#1258);
#19388 = PRESENTATION_STYLE_ASSIGNMENT((#19389));
#19389 = SURFACE_STYLE_USAGE(.BOTH.,#19390);
#19390 = SURFACE_SIDE_STYLE('',(#19391));
#19391 = SURFACE_STYLE_FILL_AREA(#19392);
#19392 = FILL_AREA_STYLE('',(#19393));
#19393 = FILL_AREA_STYLE_COLOUR('',#19358);
#19394 = STYLED_ITEM('color',(#19395),#1275);
#19395 = PRESENTATION_STYLE_ASSIGNMENT((#19396));
#19396 = SURFACE_STYLE_USAGE(.BOTH.,#19397);
#19397 = SURFACE_SIDE_STYLE('',(#19398));
#19398 = SURFACE_STYLE_FILL_AREA(#19399);
#19399 = FILL_AREA_STYLE('',(#19400));
#19400 = FILL_AREA_STYLE_COLOUR('',#19358);
#19401 = STYLED_ITEM('color',(#19402),#1292);
#19402 = PRESENTATION_STYLE_ASSIGNMENT((#19403));
#19403 = SURFACE_STYLE_USAGE(.BOTH.,#19404);
#19404 = SURFACE_SIDE_STYLE('',(#19405));
#19405 = SURFACE_STYLE_FILL_AREA(#19406);
#19406 = FILL_AREA_STYLE('',(#19407));
#19407 = FILL_AREA_STYLE_COLOUR('',#19408);
#19408 = COLOUR_RGB('',0.894999966383,0.890999961016,0.813000030345);
#19409 = STYLED_ITEM('color',(#19410),#1341);
#19410 = PRESENTATION_STYLE_ASSIGNMENT((#19411));
#19411 = SURFACE_STYLE_USAGE(.BOTH.,#19412);
#19412 = SURFACE_SIDE_STYLE('',(#19413));
#19413 = SURFACE_STYLE_FILL_AREA(#19414);
#19414 = FILL_AREA_STYLE('',(#19415));
#19415 = FILL_AREA_STYLE_COLOUR('',#19358);
#19416 = STYLED_ITEM('color',(#19417),#1358);
#19417 = PRESENTATION_STYLE_ASSIGNMENT((#19418));
#19418 = SURFACE_STYLE_USAGE(.BOTH.,#19419);
#19419 = SURFACE_SIDE_STYLE('',(#19420));
#19420 = SURFACE_STYLE_FILL_AREA(#19421);
#19421 = FILL_AREA_STYLE('',(#19422));
#19422 = FILL_AREA_STYLE_COLOUR('',#19358);
#19423 = STYLED_ITEM('color',(#19424),#1375);
#19424 = PRESENTATION_STYLE_ASSIGNMENT((#19425));
#19425 = SURFACE_STYLE_USAGE(.BOTH.,#19426);
#19426 = SURFACE_SIDE_STYLE('',(#19427));
#19427 = SURFACE_STYLE_FILL_AREA(#19428);
#19428 = FILL_AREA_STYLE('',(#19429));
#19429 = FILL_AREA_STYLE_COLOUR('',#19408);
#19430 = STYLED_ITEM('color',(#19431),#1424);
#19431 = PRESENTATION_STYLE_ASSIGNMENT((#19432));
#19432 = SURFACE_STYLE_USAGE(.BOTH.,#19433);
#19433 = SURFACE_SIDE_STYLE('',(#19434));
#19434 = SURFACE_STYLE_FILL_AREA(#19435);
#19435 = FILL_AREA_STYLE('',(#19436));
#19436 = FILL_AREA_STYLE_COLOUR('',#19408);
#19437 = STYLED_ITEM('color',(#19438),#1441);
#19438 = PRESENTATION_STYLE_ASSIGNMENT((#19439));
#19439 = SURFACE_STYLE_USAGE(.BOTH.,#19440);
#19440 = SURFACE_SIDE_STYLE('',(#19441));
#19441 = SURFACE_STYLE_FILL_AREA(#19442);
#19442 = FILL_AREA_STYLE('',(#19443));
#19443 = FILL_AREA_STYLE_COLOUR('',#19358);
#19444 = STYLED_ITEM('color',(#19445),#1510);
#19445 = PRESENTATION_STYLE_ASSIGNMENT((#19446));
#19446 = SURFACE_STYLE_USAGE(.BOTH.,#19447);
#19447 = SURFACE_SIDE_STYLE('',(#19448));
#19448 = SURFACE_STYLE_FILL_AREA(#19449);
#19449 = FILL_AREA_STYLE('',(#19450));
#19450 = FILL_AREA_STYLE_COLOUR('',#19451);
#19451 = COLOUR_RGB('',8.200000279077E-02,8.600000121357E-02,
  9.399999706163E-02);
#19452 = STYLED_ITEM('color',(#19453),#1541);
#19453 = PRESENTATION_STYLE_ASSIGNMENT((#19454));
#19454 = SURFACE_STYLE_USAGE(.BOTH.,#19455);
#19455 = SURFACE_SIDE_STYLE('',(#19456));
#19456 = SURFACE_STYLE_FILL_AREA(#19457);
#19457 = FILL_AREA_STYLE('',(#19458));
#19458 = FILL_AREA_STYLE_COLOUR('',#19451);
#19459 = STYLED_ITEM('color',(#19460),#1565);
#19460 = PRESENTATION_STYLE_ASSIGNMENT((#19461));
#19461 = SURFACE_STYLE_USAGE(.BOTH.,#19462);
#19462 = SURFACE_SIDE_STYLE('',(#19463));
#19463 = SURFACE_STYLE_FILL_AREA(#19464);
#19464 = FILL_AREA_STYLE('',(#19465));
#19465 = FILL_AREA_STYLE_COLOUR('',#19358);
#19466 = STYLED_ITEM('color',(#19467),#1634);
#19467 = PRESENTATION_STYLE_ASSIGNMENT((#19468));
#19468 = SURFACE_STYLE_USAGE(.BOTH.,#19469);
#19469 = SURFACE_SIDE_STYLE('',(#19470));
#19470 = SURFACE_STYLE_FILL_AREA(#19471);
#19471 = FILL_AREA_STYLE('',(#19472));
#19472 = FILL_AREA_STYLE_COLOUR('',#19451);
#19473 = STYLED_ITEM('color',(#19474),#1658);
#19474 = PRESENTATION_STYLE_ASSIGNMENT((#19475));
#19475 = SURFACE_STYLE_USAGE(.BOTH.,#19476);
#19476 = SURFACE_SIDE_STYLE('',(#19477));
#19477 = SURFACE_STYLE_FILL_AREA(#19478);
#19478 = FILL_AREA_STYLE('',(#19479));
#19479 = FILL_AREA_STYLE_COLOUR('',#19358);
#19480 = STYLED_ITEM('color',(#19481),#1675);
#19481 = PRESENTATION_STYLE_ASSIGNMENT((#19482));
#19482 = SURFACE_STYLE_USAGE(.BOTH.,#19483);
#19483 = SURFACE_SIDE_STYLE('',(#19484));
#19484 = SURFACE_STYLE_FILL_AREA(#19485);
#19485 = FILL_AREA_STYLE('',(#19486));
#19486 = FILL_AREA_STYLE_COLOUR('',#19358);
#19487 = STYLED_ITEM('color',(#19488),#1692);
#19488 = PRESENTATION_STYLE_ASSIGNMENT((#19489));
#19489 = SURFACE_STYLE_USAGE(.BOTH.,#19490);
#19490 = SURFACE_SIDE_STYLE('',(#19491));
#19491 = SURFACE_STYLE_FILL_AREA(#19492);
#19492 = FILL_AREA_STYLE('',(#19493));
#19493 = FILL_AREA_STYLE_COLOUR('',#19358);
#19494 = STYLED_ITEM('color',(#19495),#1709);
#19495 = PRESENTATION_STYLE_ASSIGNMENT((#19496));
#19496 = SURFACE_STYLE_USAGE(.BOTH.,#19497);
#19497 = SURFACE_SIDE_STYLE('',(#19498));
#19498 = SURFACE_STYLE_FILL_AREA(#19499);
#19499 = FILL_AREA_STYLE('',(#19500));
#19500 = FILL_AREA_STYLE_COLOUR('',#19358);
#19501 = STYLED_ITEM('color',(#19502),#1726);
#19502 = PRESENTATION_STYLE_ASSIGNMENT((#19503));
#19503 = SURFACE_STYLE_USAGE(.BOTH.,#19504);
#19504 = SURFACE_SIDE_STYLE('',(#19505));
#19505 = SURFACE_STYLE_FILL_AREA(#19506);
#19506 = FILL_AREA_STYLE('',(#19507));
#19507 = FILL_AREA_STYLE_COLOUR('',#19358);
#19508 = STYLED_ITEM('color',(#19509),#1743);
#19509 = PRESENTATION_STYLE_ASSIGNMENT((#19510));
#19510 = SURFACE_STYLE_USAGE(.BOTH.,#19511);
#19511 = SURFACE_SIDE_STYLE('',(#19512));
#19512 = SURFACE_STYLE_FILL_AREA(#19513);
#19513 = FILL_AREA_STYLE('',(#19514));
#19514 = FILL_AREA_STYLE_COLOUR('',#19358);
#19515 = STYLED_ITEM('color',(#19516),#1760);
#19516 = PRESENTATION_STYLE_ASSIGNMENT((#19517));
#19517 = SURFACE_STYLE_USAGE(.BOTH.,#19518);
#19518 = SURFACE_SIDE_STYLE('',(#19519));
#19519 = SURFACE_STYLE_FILL_AREA(#19520);
#19520 = FILL_AREA_STYLE('',(#19521));
#19521 = FILL_AREA_STYLE_COLOUR('',#19358);
#19522 = STYLED_ITEM('color',(#19523),#1777);
#19523 = PRESENTATION_STYLE_ASSIGNMENT((#19524));
#19524 = SURFACE_STYLE_USAGE(.BOTH.,#19525);
#19525 = SURFACE_SIDE_STYLE('',(#19526));
#19526 = SURFACE_STYLE_FILL_AREA(#19527);
#19527 = FILL_AREA_STYLE('',(#19528));
#19528 = FILL_AREA_STYLE_COLOUR('',#19451);
#19529 = STYLED_ITEM('color',(#19530),#1794);
#19530 = PRESENTATION_STYLE_ASSIGNMENT((#19531));
#19531 = SURFACE_STYLE_USAGE(.BOTH.,#19532);
#19532 = SURFACE_SIDE_STYLE('',(#19533));
#19533 = SURFACE_STYLE_FILL_AREA(#19534);
#19534 = FILL_AREA_STYLE('',(#19535));
#19535 = FILL_AREA_STYLE_COLOUR('',#19451);
#19536 = MECHANICAL_DESIGN_GEOMETRIC_PRESENTATION_REPRESENTATION('',(
    #19537,#19544),#15720);
#19537 = STYLED_ITEM('color',(#19538),#15570);
#19538 = PRESENTATION_STYLE_ASSIGNMENT((#19539));
#19539 = SURFACE_STYLE_USAGE(.BOTH.,#19540);
#19540 = SURFACE_SIDE_STYLE('',(#19541));
#19541 = SURFACE_STYLE_FILL_AREA(#19542);
#19542 = FILL_AREA_STYLE('',(#19543));
#19543 = FILL_AREA_STYLE_COLOUR('',#19287);
#19544 = OVER_RIDING_STYLED_ITEM('overriding color',(#19545),#15572,
  #19537);
#19545 = PRESENTATION_STYLE_ASSIGNMENT((#19546));
#19546 = SURFACE_STYLE_USAGE(.BOTH.,#19547);
#19547 = SURFACE_SIDE_STYLE('',(#19548));
#19548 = SURFACE_STYLE_FILL_AREA(#19549);
#19549 = FILL_AREA_STYLE('',(#19550));
#19550 = FILL_AREA_STYLE_COLOUR('',#19295);
#19551 = MECHANICAL_DESIGN_GEOMETRIC_PRESENTATION_REPRESENTATION('',(
    #19552,#19559),#14537);
#19552 = STYLED_ITEM('color',(#19553),#14387);
#19553 = PRESENTATION_STYLE_ASSIGNMENT((#19554));
#19554 = SURFACE_STYLE_USAGE(.BOTH.,#19555);
#19555 = SURFACE_SIDE_STYLE('',(#19556));
#19556 = SURFACE_STYLE_FILL_AREA(#19557);
#19557 = FILL_AREA_STYLE('',(#19558));
#19558 = FILL_AREA_STYLE_COLOUR('',#19287);
#19559 = OVER_RIDING_STYLED_ITEM('overriding color',(#19560),#14389,
  #19552);
#19560 = PRESENTATION_STYLE_ASSIGNMENT((#19561));
#19561 = SURFACE_STYLE_USAGE(.BOTH.,#19562);
#19562 = SURFACE_SIDE_STYLE('',(#19563));
#19563 = SURFACE_STYLE_FILL_AREA(#19564);
#19564 = FILL_AREA_STYLE('',(#19565));
#19565 = FILL_AREA_STYLE_COLOUR('',#19295);
#19566 = MECHANICAL_DESIGN_GEOMETRIC_PRESENTATION_REPRESENTATION('',(
    #19567,#19574),#15044);
#19567 = STYLED_ITEM('color',(#19568),#14894);
#19568 = PRESENTATION_STYLE_ASSIGNMENT((#19569));
#19569 = SURFACE_STYLE_USAGE(.BOTH.,#19570);
#19570 = SURFACE_SIDE_STYLE('',(#19571));
#19571 = SURFACE_STYLE_FILL_AREA(#19572);
#19572 = FILL_AREA_STYLE('',(#19573));
#19573 = FILL_AREA_STYLE_COLOUR('',#19287);
#19574 = OVER_RIDING_STYLED_ITEM('overriding color',(#19575),#14896,
  #19567);
#19575 = PRESENTATION_STYLE_ASSIGNMENT((#19576));
#19576 = SURFACE_STYLE_USAGE(.BOTH.,#19577);
#19577 = SURFACE_SIDE_STYLE('',(#19578));
#19578 = SURFACE_STYLE_FILL_AREA(#19579);
#19579 = FILL_AREA_STYLE('',(#19580));
#19580 = FILL_AREA_STYLE_COLOUR('',#19295);
#19581 = MECHANICAL_DESIGN_GEOMETRIC_PRESENTATION_REPRESENTATION('',(
    #19582,#19589),#13692);
#19582 = STYLED_ITEM('color',(#19583),#13542);
#19583 = PRESENTATION_STYLE_ASSIGNMENT((#19584));
#19584 = SURFACE_STYLE_USAGE(.BOTH.,#19585);
#19585 = SURFACE_SIDE_STYLE('',(#19586));
#19586 = SURFACE_STYLE_FILL_AREA(#19587);
#19587 = FILL_AREA_STYLE('',(#19588));
#19588 = FILL_AREA_STYLE_COLOUR('',#19287);
#19589 = OVER_RIDING_STYLED_ITEM('overriding color',(#19590),#13544,
  #19582);
#19590 = PRESENTATION_STYLE_ASSIGNMENT((#19591));
#19591 = SURFACE_STYLE_USAGE(.BOTH.,#19592);
#19592 = SURFACE_SIDE_STYLE('',(#19593));
#19593 = SURFACE_STYLE_FILL_AREA(#19594);
#19594 = FILL_AREA_STYLE('',(#19595));
#19595 = FILL_AREA_STYLE_COLOUR('',#19295);
#19596 = MECHANICAL_DESIGN_GEOMETRIC_PRESENTATION_REPRESENTATION('',(
    #19597,#19604,#19611,#19618,#19625,#19632,#19639,#19646,#19653,
    #19660,#19667,#19675,#19682,#19689,#19696,#19703,#19710,#19717,
    #19724,#19731,#19738,#19745,#19752,#19759,#19766,#19773,#19780,
    #19787),#974);
#19597 = STYLED_ITEM('color',(#19598),#122);
#19598 = PRESENTATION_STYLE_ASSIGNMENT((#19599));
#19599 = SURFACE_STYLE_USAGE(.BOTH.,#19600);
#19600 = SURFACE_SIDE_STYLE('',(#19601));
#19601 = SURFACE_STYLE_FILL_AREA(#19602);
#19602 = FILL_AREA_STYLE('',(#19603));
#19603 = FILL_AREA_STYLE_COLOUR('',#19358);
#19604 = STYLED_ITEM('color',(#19605),#198);
#19605 = PRESENTATION_STYLE_ASSIGNMENT((#19606));
#19606 = SURFACE_STYLE_USAGE(.BOTH.,#19607);
#19607 = SURFACE_SIDE_STYLE('',(#19608));
#19608 = SURFACE_STYLE_FILL_AREA(#19609);
#19609 = FILL_AREA_STYLE('',(#19610));
#19610 = FILL_AREA_STYLE_COLOUR('',#19358);
#19611 = STYLED_ITEM('color',(#19612),#229);
#19612 = PRESENTATION_STYLE_ASSIGNMENT((#19613));
#19613 = SURFACE_STYLE_USAGE(.BOTH.,#19614);
#19614 = SURFACE_SIDE_STYLE('',(#19615));
#19615 = SURFACE_STYLE_FILL_AREA(#19616);
#19616 = FILL_AREA_STYLE('',(#19617));
#19617 = FILL_AREA_STYLE_COLOUR('',#19358);
#19618 = STYLED_ITEM('color',(#19619),#254);
#19619 = PRESENTATION_STYLE_ASSIGNMENT((#19620));
#19620 = SURFACE_STYLE_USAGE(.BOTH.,#19621);
#19621 = SURFACE_SIDE_STYLE('',(#19622));
#19622 = SURFACE_STYLE_FILL_AREA(#19623);
#19623 = FILL_AREA_STYLE('',(#19624));
#19624 = FILL_AREA_STYLE_COLOUR('',#19358);
#19625 = STYLED_ITEM('color',(#19626),#279);
#19626 = PRESENTATION_STYLE_ASSIGNMENT((#19627));
#19627 = SURFACE_STYLE_USAGE(.BOTH.,#19628);
#19628 = SURFACE_SIDE_STYLE('',(#19629));
#19629 = SURFACE_STYLE_FILL_AREA(#19630);
#19630 = FILL_AREA_STYLE('',(#19631));
#19631 = FILL_AREA_STYLE_COLOUR('',#19358);
#19632 = STYLED_ITEM('color',(#19633),#303);
#19633 = PRESENTATION_STYLE_ASSIGNMENT((#19634));
#19634 = SURFACE_STYLE_USAGE(.BOTH.,#19635);
#19635 = SURFACE_SIDE_STYLE('',(#19636));
#19636 = SURFACE_STYLE_FILL_AREA(#19637);
#19637 = FILL_AREA_STYLE('',(#19638));
#19638 = FILL_AREA_STYLE_COLOUR('',#19358);
#19639 = STYLED_ITEM('color',(#19640),#327);
#19640 = PRESENTATION_STYLE_ASSIGNMENT((#19641));
#19641 = SURFACE_STYLE_USAGE(.BOTH.,#19642);
#19642 = SURFACE_SIDE_STYLE('',(#19643));
#19643 = SURFACE_STYLE_FILL_AREA(#19644);
#19644 = FILL_AREA_STYLE('',(#19645));
#19645 = FILL_AREA_STYLE_COLOUR('',#19358);
#19646 = STYLED_ITEM('color',(#19647),#352);
#19647 = PRESENTATION_STYLE_ASSIGNMENT((#19648));
#19648 = SURFACE_STYLE_USAGE(.BOTH.,#19649);
#19649 = SURFACE_SIDE_STYLE('',(#19650));
#19650 = SURFACE_STYLE_FILL_AREA(#19651);
#19651 = FILL_AREA_STYLE('',(#19652));
#19652 = FILL_AREA_STYLE_COLOUR('',#19358);
#19653 = STYLED_ITEM('color',(#19654),#377);
#19654 = PRESENTATION_STYLE_ASSIGNMENT((#19655));
#19655 = SURFACE_STYLE_USAGE(.BOTH.,#19656);
#19656 = SURFACE_SIDE_STYLE('',(#19657));
#19657 = SURFACE_STYLE_FILL_AREA(#19658);
#19658 = FILL_AREA_STYLE('',(#19659));
#19659 = FILL_AREA_STYLE_COLOUR('',#19358);
#19660 = STYLED_ITEM('color',(#19661),#394);
#19661 = PRESENTATION_STYLE_ASSIGNMENT((#19662));
#19662 = SURFACE_STYLE_USAGE(.BOTH.,#19663);
#19663 = SURFACE_SIDE_STYLE('',(#19664));
#19664 = SURFACE_STYLE_FILL_AREA(#19665);
#19665 = FILL_AREA_STYLE('',(#19666));
#19666 = FILL_AREA_STYLE_COLOUR('',#19358);
#19667 = STYLED_ITEM('color',(#19668),#480);
#19668 = PRESENTATION_STYLE_ASSIGNMENT((#19669));
#19669 = SURFACE_STYLE_USAGE(.BOTH.,#19670);
#19670 = SURFACE_SIDE_STYLE('',(#19671));
#19671 = SURFACE_STYLE_FILL_AREA(#19672);
#19672 = FILL_AREA_STYLE('',(#19673));
#19673 = FILL_AREA_STYLE_COLOUR('',#19674);
#19674 = COLOUR_RGB('',0.272999999305,0.272999999305,0.272999999305);
#19675 = STYLED_ITEM('color',(#19676),#512);
#19676 = PRESENTATION_STYLE_ASSIGNMENT((#19677));
#19677 = SURFACE_STYLE_USAGE(.BOTH.,#19678);
#19678 = SURFACE_SIDE_STYLE('',(#19679));
#19679 = SURFACE_STYLE_FILL_AREA(#19680);
#19680 = FILL_AREA_STYLE('',(#19681));
#19681 = FILL_AREA_STYLE_COLOUR('',#19674);
#19682 = STYLED_ITEM('color',(#19683),#536);
#19683 = PRESENTATION_STYLE_ASSIGNMENT((#19684));
#19684 = SURFACE_STYLE_USAGE(.BOTH.,#19685);
#19685 = SURFACE_SIDE_STYLE('',(#19686));
#19686 = SURFACE_STYLE_FILL_AREA(#19687);
#19687 = FILL_AREA_STYLE('',(#19688));
#19688 = FILL_AREA_STYLE_COLOUR('',#19674);
#19689 = STYLED_ITEM('color',(#19690),#561);
#19690 = PRESENTATION_STYLE_ASSIGNMENT((#19691));
#19691 = SURFACE_STYLE_USAGE(.BOTH.,#19692);
#19692 = SURFACE_SIDE_STYLE('',(#19693));
#19693 = SURFACE_STYLE_FILL_AREA(#19694);
#19694 = FILL_AREA_STYLE('',(#19695));
#19695 = FILL_AREA_STYLE_COLOUR('',#19674);
#19696 = STYLED_ITEM('color',(#19697),#585);
#19697 = PRESENTATION_STYLE_ASSIGNMENT((#19698));
#19698 = SURFACE_STYLE_USAGE(.BOTH.,#19699);
#19699 = SURFACE_SIDE_STYLE('',(#19700));
#19700 = SURFACE_STYLE_FILL_AREA(#19701);
#19701 = FILL_AREA_STYLE('',(#19702));
#19702 = FILL_AREA_STYLE_COLOUR('',#19674);
#19703 = STYLED_ITEM('color',(#19704),#610);
#19704 = PRESENTATION_STYLE_ASSIGNMENT((#19705));
#19705 = SURFACE_STYLE_USAGE(.BOTH.,#19706);
#19706 = SURFACE_SIDE_STYLE('',(#19707));
#19707 = SURFACE_STYLE_FILL_AREA(#19708);
#19708 = FILL_AREA_STYLE('',(#19709));
#19709 = FILL_AREA_STYLE_COLOUR('',#19674);
#19710 = STYLED_ITEM('color',(#19711),#634);
#19711 = PRESENTATION_STYLE_ASSIGNMENT((#19712));
#19712 = SURFACE_STYLE_USAGE(.BOTH.,#19713);
#19713 = SURFACE_SIDE_STYLE('',(#19714));
#19714 = SURFACE_STYLE_FILL_AREA(#19715);
#19715 = FILL_AREA_STYLE('',(#19716));
#19716 = FILL_AREA_STYLE_COLOUR('',#19674);
#19717 = STYLED_ITEM('color',(#19718),#659);
#19718 = PRESENTATION_STYLE_ASSIGNMENT((#19719));
#19719 = SURFACE_STYLE_USAGE(.BOTH.,#19720);
#19720 = SURFACE_SIDE_STYLE('',(#19721));
#19721 = SURFACE_STYLE_FILL_AREA(#19722);
#19722 = FILL_AREA_STYLE('',(#19723));
#19723 = FILL_AREA_STYLE_COLOUR('',#19674);
#19724 = STYLED_ITEM('color',(#19725),#676);
#19725 = PRESENTATION_STYLE_ASSIGNMENT((#19726));
#19726 = SURFACE_STYLE_USAGE(.BOTH.,#19727);
#19727 = SURFACE_SIDE_STYLE('',(#19728));
#19728 = SURFACE_STYLE_FILL_AREA(#19729);
#19729 = FILL_AREA_STYLE('',(#19730));
#19730 = FILL_AREA_STYLE_COLOUR('',#19358);
#19731 = STYLED_ITEM('color',(#19732),#762);
#19732 = PRESENTATION_STYLE_ASSIGNMENT((#19733));
#19733 = SURFACE_STYLE_USAGE(.BOTH.,#19734);
#19734 = SURFACE_SIDE_STYLE('',(#19735));
#19735 = SURFACE_STYLE_FILL_AREA(#19736);
#19736 = FILL_AREA_STYLE('',(#19737));
#19737 = FILL_AREA_STYLE_COLOUR('',#19358);
#19738 = STYLED_ITEM('color',(#19739),#793);
#19739 = PRESENTATION_STYLE_ASSIGNMENT((#19740));
#19740 = SURFACE_STYLE_USAGE(.BOTH.,#19741);
#19741 = SURFACE_SIDE_STYLE('',(#19742));
#19742 = SURFACE_STYLE_FILL_AREA(#19743);
#19743 = FILL_AREA_STYLE('',(#19744));
#19744 = FILL_AREA_STYLE_COLOUR('',#19358);
#19745 = STYLED_ITEM('color',(#19746),#818);
#19746 = PRESENTATION_STYLE_ASSIGNMENT((#19747));
#19747 = SURFACE_STYLE_USAGE(.BOTH.,#19748);
#19748 = SURFACE_SIDE_STYLE('',(#19749));
#19749 = SURFACE_STYLE_FILL_AREA(#19750);
#19750 = FILL_AREA_STYLE('',(#19751));
#19751 = FILL_AREA_STYLE_COLOUR('',#19358);
#19752 = STYLED_ITEM('color',(#19753),#843);
#19753 = PRESENTATION_STYLE_ASSIGNMENT((#19754));
#19754 = SURFACE_STYLE_USAGE(.BOTH.,#19755);
#19755 = SURFACE_SIDE_STYLE('',(#19756));
#19756 = SURFACE_STYLE_FILL_AREA(#19757);
#19757 = FILL_AREA_STYLE('',(#19758));
#19758 = FILL_AREA_STYLE_COLOUR('',#19358);
#19759 = STYLED_ITEM('color',(#19760),#867);
#19760 = PRESENTATION_STYLE_ASSIGNMENT((#19761));
#19761 = SURFACE_STYLE_USAGE(.BOTH.,#19762);
#19762 = SURFACE_SIDE_STYLE('',(#19763));
#19763 = SURFACE_STYLE_FILL_AREA(#19764);
#19764 = FILL_AREA_STYLE('',(#19765));
#19765 = FILL_AREA_STYLE_COLOUR('',#19358);
#19766 = STYLED_ITEM('color',(#19767),#891);
#19767 = PRESENTATION_STYLE_ASSIGNMENT((#19768));
#19768 = SURFACE_STYLE_USAGE(.BOTH.,#19769);
#19769 = SURFACE_SIDE_STYLE('',(#19770));
#19770 = SURFACE_STYLE_FILL_AREA(#19771);
#19771 = FILL_AREA_STYLE('',(#19772));
#19772 = FILL_AREA_STYLE_COLOUR('',#19358);
#19773 = STYLED_ITEM('color',(#19774),#916);
#19774 = PRESENTATION_STYLE_ASSIGNMENT((#19775));
#19775 = SURFACE_STYLE_USAGE(.BOTH.,#19776);
#19776 = SURFACE_SIDE_STYLE('',(#19777));
#19777 = SURFACE_STYLE_FILL_AREA(#19778);
#19778 = FILL_AREA_STYLE('',(#19779));
#19779 = FILL_AREA_STYLE_COLOUR('',#19358);
#19780 = STYLED_ITEM('color',(#19781),#941);
#19781 = PRESENTATION_STYLE_ASSIGNMENT((#19782));
#19782 = SURFACE_STYLE_USAGE(.BOTH.,#19783);
#19783 = SURFACE_SIDE_STYLE('',(#19784));
#19784 = SURFACE_STYLE_FILL_AREA(#19785);
#19785 = FILL_AREA_STYLE('',(#19786));
#19786 = FILL_AREA_STYLE_COLOUR('',#19358);
#19787 = STYLED_ITEM('color',(#19788),#958);
#19788 = PRESENTATION_STYLE_ASSIGNMENT((#19789));
#19789 = SURFACE_STYLE_USAGE(.BOTH.,#19790);
#19790 = SURFACE_SIDE_STYLE('',(#19791));
#19791 = SURFACE_STYLE_FILL_AREA(#19792);
#19792 = FILL_AREA_STYLE('',(#19793));
#19793 = FILL_AREA_STYLE_COLOUR('',#19358);
#19794 = MECHANICAL_DESIGN_GEOMETRIC_PRESENTATION_REPRESENTATION('',(
    #19795),#16124);
#19795 = STYLED_ITEM('color',(#19796),#15908);
#19796 = PRESENTATION_STYLE_ASSIGNMENT((#19797));
#19797 = SURFACE_STYLE_USAGE(.BOTH.,#19798);
#19798 = SURFACE_SIDE_STYLE('',(#19799));
#19799 = SURFACE_STYLE_FILL_AREA(#19800);
#19800 = FILL_AREA_STYLE('',(#19801));
#19801 = FILL_AREA_STYLE_COLOUR('',#19287);
#19802 = MECHANICAL_DESIGN_GEOMETRIC_PRESENTATION_REPRESENTATION('',(
    #19803,#19810),#15551);
#19803 = STYLED_ITEM('color',(#19804),#15401);
#19804 = PRESENTATION_STYLE_ASSIGNMENT((#19805));
#19805 = SURFACE_STYLE_USAGE(.BOTH.,#19806);
#19806 = SURFACE_SIDE_STYLE('',(#19807));
#19807 = SURFACE_STYLE_FILL_AREA(#19808);
#19808 = FILL_AREA_STYLE('',(#19809));
#19809 = FILL_AREA_STYLE_COLOUR('',#19287);
#19810 = OVER_RIDING_STYLED_ITEM('overriding color',(#19811),#15403,
  #19803);
#19811 = PRESENTATION_STYLE_ASSIGNMENT((#19812));
#19812 = SURFACE_STYLE_USAGE(.BOTH.,#19813);
#19813 = SURFACE_SIDE_STYLE('',(#19814));
#19814 = SURFACE_STYLE_FILL_AREA(#19815);
#19815 = FILL_AREA_STYLE('',(#19816));
#19816 = FILL_AREA_STYLE_COLOUR('',#19295);
#19817 = MECHANICAL_DESIGN_GEOMETRIC_PRESENTATION_REPRESENTATION('',(
    #19818,#19825),#15889);
#19818 = STYLED_ITEM('color',(#19819),#15739);
#19819 = PRESENTATION_STYLE_ASSIGNMENT((#19820));
#19820 = SURFACE_STYLE_USAGE(.BOTH.,#19821);
#19821 = SURFACE_SIDE_STYLE('',(#19822));
#19822 = SURFACE_STYLE_FILL_AREA(#19823);
#19823 = FILL_AREA_STYLE('',(#19824));
#19824 = FILL_AREA_STYLE_COLOUR('',#19287);
#19825 = OVER_RIDING_STYLED_ITEM('overriding color',(#19826),#15741,
  #19818);
#19826 = PRESENTATION_STYLE_ASSIGNMENT((#19827));
#19827 = SURFACE_STYLE_USAGE(.BOTH.,#19828);
#19828 = SURFACE_SIDE_STYLE('',(#19829));
#19829 = SURFACE_STYLE_FILL_AREA(#19830);
#19830 = FILL_AREA_STYLE('',(#19831));
#19831 = FILL_AREA_STYLE_COLOUR('',#19295);
#19832 = MECHANICAL_DESIGN_GEOMETRIC_PRESENTATION_REPRESENTATION('',(
    #19833),#8372);
#19833 = STYLED_ITEM('color',(#19834),#1853);
#19834 = PRESENTATION_STYLE_ASSIGNMENT((#19835));
#19835 = SURFACE_STYLE_USAGE(.BOTH.,#19836);
#19836 = SURFACE_SIDE_STYLE('',(#19837));
#19837 = SURFACE_STYLE_FILL_AREA(#19838);
#19838 = FILL_AREA_STYLE('',(#19839));
#19839 = FILL_AREA_STYLE_COLOUR('',#19840);
#19840 = COLOUR_RGB('',0.596063163801,0.666666664908,0.686259240409);
#19841 = MECHANICAL_DESIGN_GEOMETRIC_PRESENTATION_REPRESENTATION('',(
    #19842),#16594);
#19842 = STYLED_ITEM('color',(#19843),#16378);
#19843 = PRESENTATION_STYLE_ASSIGNMENT((#19844));
#19844 = SURFACE_STYLE_USAGE(.BOTH.,#19845);
#19845 = SURFACE_SIDE_STYLE('',(#19846));
#19846 = SURFACE_STYLE_FILL_AREA(#19847);
#19847 = FILL_AREA_STYLE('',(#19848));
#19848 = FILL_AREA_STYLE_COLOUR('',#19287);
#19849 = MECHANICAL_DESIGN_GEOMETRIC_PRESENTATION_REPRESENTATION('',(
    #19850,#19857),#14875);
#19850 = STYLED_ITEM('color',(#19851),#14725);
#19851 = PRESENTATION_STYLE_ASSIGNMENT((#19852));
#19852 = SURFACE_STYLE_USAGE(.BOTH.,#19853);
#19853 = SURFACE_SIDE_STYLE('',(#19854));
#19854 = SURFACE_STYLE_FILL_AREA(#19855);
#19855 = FILL_AREA_STYLE('',(#19856));
#19856 = FILL_AREA_STYLE_COLOUR('',#19287);
#19857 = OVER_RIDING_STYLED_ITEM('overriding color',(#19858),#14727,
  #19850);
#19858 = PRESENTATION_STYLE_ASSIGNMENT((#19859));
#19859 = SURFACE_STYLE_USAGE(.BOTH.,#19860);
#19860 = SURFACE_SIDE_STYLE('',(#19861));
#19861 = SURFACE_STYLE_FILL_AREA(#19862);
#19862 = FILL_AREA_STYLE('',(#19863));
#19863 = FILL_AREA_STYLE_COLOUR('',#19295);
#19864 = MECHANICAL_DESIGN_GEOMETRIC_PRESENTATION_REPRESENTATION('',(
    #19865),#16359);
#19865 = STYLED_ITEM('color',(#19866),#16143);
#19866 = PRESENTATION_STYLE_ASSIGNMENT((#19867));
#19867 = SURFACE_STYLE_USAGE(.BOTH.,#19868);
#19868 = SURFACE_SIDE_STYLE('',(#19869));
#19869 = SURFACE_STYLE_FILL_AREA(#19870);
#19870 = FILL_AREA_STYLE('',(#19871));
#19871 = FILL_AREA_STYLE_COLOUR('',#19287);
#19872 = MECHANICAL_DESIGN_GEOMETRIC_PRESENTATION_REPRESENTATION('',(
    #19873,#19880),#13523);
#19873 = STYLED_ITEM('color',(#19874),#13373);
#19874 = PRESENTATION_STYLE_ASSIGNMENT((#19875));
#19875 = SURFACE_STYLE_USAGE(.BOTH.,#19876);
#19876 = SURFACE_SIDE_STYLE('',(#19877));
#19877 = SURFACE_STYLE_FILL_AREA(#19878);
#19878 = FILL_AREA_STYLE('',(#19879));
#19879 = FILL_AREA_STYLE_COLOUR('',#19287);
#19880 = OVER_RIDING_STYLED_ITEM('overriding color',(#19881),#13375,
  #19873);
#19881 = PRESENTATION_STYLE_ASSIGNMENT((#19882));
#19882 = SURFACE_STYLE_USAGE(.BOTH.,#19883);
#19883 = SURFACE_SIDE_STYLE('',(#19884));
#19884 = SURFACE_STYLE_FILL_AREA(#19885);
#19885 = FILL_AREA_STYLE('',(#19886));
#19886 = FILL_AREA_STYLE_COLOUR('',#19295);
#19887 = MECHANICAL_DESIGN_GEOMETRIC_PRESENTATION_REPRESENTATION('',(
    #19888),#19264);
#19888 = STYLED_ITEM('color',(#19889),#18467);
#19889 = PRESENTATION_STYLE_ASSIGNMENT((#19890));
#19890 = SURFACE_STYLE_USAGE(.BOTH.,#19891);
#19891 = SURFACE_SIDE_STYLE('',(#19892));
#19892 = SURFACE_STYLE_FILL_AREA(#19893);
#19893 = FILL_AREA_STYLE('',(#19894));
#19894 = FILL_AREA_STYLE_COLOUR('',#19895);
#19895 = COLOUR_RGB('',0.313304153717,0.484529207832,0.410020903123);
#19896 = MECHANICAL_DESIGN_GEOMETRIC_PRESENTATION_REPRESENTATION('',(
    #19897),#16829);
#19897 = STYLED_ITEM('color',(#19898),#16613);
#19898 = PRESENTATION_STYLE_ASSIGNMENT((#19899));
#19899 = SURFACE_STYLE_USAGE(.BOTH.,#19900);
#19900 = SURFACE_SIDE_STYLE('',(#19901));
#19901 = SURFACE_STYLE_FILL_AREA(#19902);
#19902 = FILL_AREA_STYLE('',(#19903));
#19903 = FILL_AREA_STYLE_COLOUR('',#19287);
#19904 = MECHANICAL_DESIGN_GEOMETRIC_PRESENTATION_REPRESENTATION('',(
    #19905,#19912),#14199);
#19905 = STYLED_ITEM('color',(#19906),#14049);
#19906 = PRESENTATION_STYLE_ASSIGNMENT((#19907));
#19907 = SURFACE_STYLE_USAGE(.BOTH.,#19908);
#19908 = SURFACE_SIDE_STYLE('',(#19909));
#19909 = SURFACE_STYLE_FILL_AREA(#19910);
#19910 = FILL_AREA_STYLE('',(#19911));
#19911 = FILL_AREA_STYLE_COLOUR('',#19287);
#19912 = OVER_RIDING_STYLED_ITEM('overriding color',(#19913),#14051,
  #19905);
#19913 = PRESENTATION_STYLE_ASSIGNMENT((#19914));
#19914 = SURFACE_STYLE_USAGE(.BOTH.,#19915);
#19915 = SURFACE_SIDE_STYLE('',(#19916));
#19916 = SURFACE_STYLE_FILL_AREA(#19917);
#19917 = FILL_AREA_STYLE('',(#19918));
#19918 = FILL_AREA_STYLE_COLOUR('',#19295);
#19919 = MECHANICAL_DESIGN_GEOMETRIC_PRESENTATION_REPRESENTATION('',(
    #19920,#19927),#15382);
#19920 = STYLED_ITEM('color',(#19921),#15232);
#19921 = PRESENTATION_STYLE_ASSIGNMENT((#19922));
#19922 = SURFACE_STYLE_USAGE(.BOTH.,#19923);
#19923 = SURFACE_SIDE_STYLE('',(#19924));
#19924 = SURFACE_STYLE_FILL_AREA(#19925);
#19925 = FILL_AREA_STYLE('',(#19926));
#19926 = FILL_AREA_STYLE_COLOUR('',#19287);
#19927 = OVER_RIDING_STYLED_ITEM('overriding color',(#19928),#15234,
  #19920);
#19928 = PRESENTATION_STYLE_ASSIGNMENT((#19929));
#19929 = SURFACE_STYLE_USAGE(.BOTH.,#19930);
#19930 = SURFACE_SIDE_STYLE('',(#19931));
#19931 = SURFACE_STYLE_FILL_AREA(#19932);
#19932 = FILL_AREA_STYLE('',(#19933));
#19933 = FILL_AREA_STYLE_COLOUR('',#19295);
#19934 = MECHANICAL_DESIGN_GEOMETRIC_PRESENTATION_REPRESENTATION('',(
    #19935,#19942),#14030);
#19935 = STYLED_ITEM('color',(#19936),#13880);
#19936 = PRESENTATION_STYLE_ASSIGNMENT((#19937));
#19937 = SURFACE_STYLE_USAGE(.BOTH.,#19938);
#19938 = SURFACE_SIDE_STYLE('',(#19939));
#19939 = SURFACE_STYLE_FILL_AREA(#19940);
#19940 = FILL_AREA_STYLE('',(#19941));
#19941 = FILL_AREA_STYLE_COLOUR('',#19287);
#19942 = OVER_RIDING_STYLED_ITEM('overriding color',(#19943),#13882,
  #19935);
#19943 = PRESENTATION_STYLE_ASSIGNMENT((#19944));
#19944 = SURFACE_STYLE_USAGE(.BOTH.,#19945);
#19945 = SURFACE_SIDE_STYLE('',(#19946));
#19946 = SURFACE_STYLE_FILL_AREA(#19947);
#19947 = FILL_AREA_STYLE('',(#19948));
#19948 = FILL_AREA_STYLE_COLOUR('',#19295);
#19949 = MECHANICAL_DESIGN_GEOMETRIC_PRESENTATION_REPRESENTATION('',(
    #19950,#19957,#19964,#19971,#19978,#19985,#19992,#19999,#20007,
    #20014,#20021,#20028,#20035,#20042,#20049,#20056,#20063,#20070,
    #20077,#20084,#20091,#20098,#20105,#20112,#20119,#20126,#20133,
    #20140,#20147,#20154,#20161,#20168,#20175,#20182,#20189,#20196,
    #20204,#20211,#20218,#20225,#20232,#20239,#20246,#20253,#20260,
    #20267,#20274,#20281,#20288,#20295),#18423);
#19950 = STYLED_ITEM('color',(#19951),#16902);
#19951 = PRESENTATION_STYLE_ASSIGNMENT((#19952));
#19952 = SURFACE_STYLE_USAGE(.BOTH.,#19953);
#19953 = SURFACE_SIDE_STYLE('',(#19954));
#19954 = SURFACE_STYLE_FILL_AREA(#19955);
#19955 = FILL_AREA_STYLE('',(#19956));
#19956 = FILL_AREA_STYLE_COLOUR('',#19408);
#19957 = STYLED_ITEM('color',(#19958),#16942);
#19958 = PRESENTATION_STYLE_ASSIGNMENT((#19959));
#19959 = SURFACE_STYLE_USAGE(.BOTH.,#19960);
#19960 = SURFACE_SIDE_STYLE('',(#19961));
#19961 = SURFACE_STYLE_FILL_AREA(#19962);
#19962 = FILL_AREA_STYLE('',(#19963));
#19963 = FILL_AREA_STYLE_COLOUR('',#19408);
#19964 = STYLED_ITEM('color',(#19965),#16989);
#19965 = PRESENTATION_STYLE_ASSIGNMENT((#19966));
#19966 = SURFACE_STYLE_USAGE(.BOTH.,#19967);
#19967 = SURFACE_SIDE_STYLE('',(#19968));
#19968 = SURFACE_STYLE_FILL_AREA(#19969);
#19969 = FILL_AREA_STYLE('',(#19970));
#19970 = FILL_AREA_STYLE_COLOUR('',#19408);
#19971 = STYLED_ITEM('color',(#19972),#17068);
#19972 = PRESENTATION_STYLE_ASSIGNMENT((#19973));
#19973 = SURFACE_STYLE_USAGE(.BOTH.,#19974);
#19974 = SURFACE_SIDE_STYLE('',(#19975));
#19975 = SURFACE_STYLE_FILL_AREA(#19976);
#19976 = FILL_AREA_STYLE('',(#19977));
#19977 = FILL_AREA_STYLE_COLOUR('',#19408);
#19978 = STYLED_ITEM('color',(#19979),#17092);
#19979 = PRESENTATION_STYLE_ASSIGNMENT((#19980));
#19980 = SURFACE_STYLE_USAGE(.BOTH.,#19981);
#19981 = SURFACE_SIDE_STYLE('',(#19982));
#19982 = SURFACE_STYLE_FILL_AREA(#19983);
#19983 = FILL_AREA_STYLE('',(#19984));
#19984 = FILL_AREA_STYLE_COLOUR('',#19408);
#19985 = STYLED_ITEM('color',(#19986),#17132);
#19986 = PRESENTATION_STYLE_ASSIGNMENT((#19987));
#19987 = SURFACE_STYLE_USAGE(.BOTH.,#19988);
#19988 = SURFACE_SIDE_STYLE('',(#19989));
#19989 = SURFACE_STYLE_FILL_AREA(#19990);
#19990 = FILL_AREA_STYLE('',(#19991));
#19991 = FILL_AREA_STYLE_COLOUR('',#19408);
#19992 = STYLED_ITEM('color',(#19993),#17163);
#19993 = PRESENTATION_STYLE_ASSIGNMENT((#19994));
#19994 = SURFACE_STYLE_USAGE(.BOTH.,#19995);
#19995 = SURFACE_SIDE_STYLE('',(#19996));
#19996 = SURFACE_STYLE_FILL_AREA(#19997);
#19997 = FILL_AREA_STYLE('',(#19998));
#19998 = FILL_AREA_STYLE_COLOUR('',#19408);
#19999 = STYLED_ITEM('color',(#20000),#17180);
#20000 = PRESENTATION_STYLE_ASSIGNMENT((#20001));
#20001 = SURFACE_STYLE_USAGE(.BOTH.,#20002);
#20002 = SURFACE_SIDE_STYLE('',(#20003));
#20003 = SURFACE_STYLE_FILL_AREA(#20004);
#20004 = FILL_AREA_STYLE('',(#20005));
#20005 = FILL_AREA_STYLE_COLOUR('',#20006);
#20006 = COLOUR_RGB('',0.859000020776,0.737999965183,0.495999988746);
#20007 = STYLED_ITEM('color',(#20008),#17213);
#20008 = PRESENTATION_STYLE_ASSIGNMENT((#20009));
#20009 = SURFACE_STYLE_USAGE(.BOTH.,#20010);
#20010 = SURFACE_SIDE_STYLE('',(#20011));
#20011 = SURFACE_STYLE_FILL_AREA(#20012);
#20012 = FILL_AREA_STYLE('',(#20013));
#20013 = FILL_AREA_STYLE_COLOUR('',#19408);
#20014 = STYLED_ITEM('color',(#20015),#17237);
#20015 = PRESENTATION_STYLE_ASSIGNMENT((#20016));
#20016 = SURFACE_STYLE_USAGE(.BOTH.,#20017);
#20017 = SURFACE_SIDE_STYLE('',(#20018));
#20018 = SURFACE_STYLE_FILL_AREA(#20019);
#20019 = FILL_AREA_STYLE('',(#20020));
#20020 = FILL_AREA_STYLE_COLOUR('',#20006);
#20021 = STYLED_ITEM('color',(#20022),#17304);
#20022 = PRESENTATION_STYLE_ASSIGNMENT((#20023));
#20023 = SURFACE_STYLE_USAGE(.BOTH.,#20024);
#20024 = SURFACE_SIDE_STYLE('',(#20025));
#20025 = SURFACE_STYLE_FILL_AREA(#20026);
#20026 = FILL_AREA_STYLE('',(#20027));
#20027 = FILL_AREA_STYLE_COLOUR('',#19408);
#20028 = STYLED_ITEM('color',(#20029),#17425);
#20029 = PRESENTATION_STYLE_ASSIGNMENT((#20030));
#20030 = SURFACE_STYLE_USAGE(.BOTH.,#20031);
#20031 = SURFACE_SIDE_STYLE('',(#20032));
#20032 = SURFACE_STYLE_FILL_AREA(#20033);
#20033 = FILL_AREA_STYLE('',(#20034));
#20034 = FILL_AREA_STYLE_COLOUR('',#20006);
#20035 = STYLED_ITEM('color',(#20036),#17492);
#20036 = PRESENTATION_STYLE_ASSIGNMENT((#20037));
#20037 = SURFACE_STYLE_USAGE(.BOTH.,#20038);
#20038 = SURFACE_SIDE_STYLE('',(#20039));
#20039 = SURFACE_STYLE_FILL_AREA(#20040);
#20040 = FILL_AREA_STYLE('',(#20041));
#20041 = FILL_AREA_STYLE_COLOUR('',#19408);
#20042 = STYLED_ITEM('color',(#20043),#17516);
#20043 = PRESENTATION_STYLE_ASSIGNMENT((#20044));
#20044 = SURFACE_STYLE_USAGE(.BOTH.,#20045);
#20045 = SURFACE_SIDE_STYLE('',(#20046));
#20046 = SURFACE_STYLE_FILL_AREA(#20047);
#20047 = FILL_AREA_STYLE('',(#20048));
#20048 = FILL_AREA_STYLE_COLOUR('',#19408);
#20049 = STYLED_ITEM('color',(#20050),#17547);
#20050 = PRESENTATION_STYLE_ASSIGNMENT((#20051));
#20051 = SURFACE_STYLE_USAGE(.BOTH.,#20052);
#20052 = SURFACE_SIDE_STYLE('',(#20053));
#20053 = SURFACE_STYLE_FILL_AREA(#20054);
#20054 = FILL_AREA_STYLE('',(#20055));
#20055 = FILL_AREA_STYLE_COLOUR('',#20006);
#20056 = STYLED_ITEM('color',(#20057),#17580);
#20057 = PRESENTATION_STYLE_ASSIGNMENT((#20058));
#20058 = SURFACE_STYLE_USAGE(.BOTH.,#20059);
#20059 = SURFACE_SIDE_STYLE('',(#20060));
#20060 = SURFACE_STYLE_FILL_AREA(#20061);
#20061 = FILL_AREA_STYLE('',(#20062));
#20062 = FILL_AREA_STYLE_COLOUR('',#19408);
#20063 = STYLED_ITEM('color',(#20064),#17636);
#20064 = PRESENTATION_STYLE_ASSIGNMENT((#20065));
#20065 = SURFACE_STYLE_USAGE(.BOTH.,#20066);
#20066 = SURFACE_SIDE_STYLE('',(#20067));
#20067 = SURFACE_STYLE_FILL_AREA(#20068);
#20068 = FILL_AREA_STYLE('',(#20069));
#20069 = FILL_AREA_STYLE_COLOUR('',#20006);
#20070 = STYLED_ITEM('color',(#20071),#17660);
#20071 = PRESENTATION_STYLE_ASSIGNMENT((#20072));
#20072 = SURFACE_STYLE_USAGE(.BOTH.,#20073);
#20073 = SURFACE_SIDE_STYLE('',(#20074));
#20074 = SURFACE_STYLE_FILL_AREA(#20075);
#20075 = FILL_AREA_STYLE('',(#20076));
#20076 = FILL_AREA_STYLE_COLOUR('',#20006);
#20077 = STYLED_ITEM('color',(#20078),#17684);
#20078 = PRESENTATION_STYLE_ASSIGNMENT((#20079));
#20079 = SURFACE_STYLE_USAGE(.BOTH.,#20080);
#20080 = SURFACE_SIDE_STYLE('',(#20081));
#20081 = SURFACE_STYLE_FILL_AREA(#20082);
#20082 = FILL_AREA_STYLE('',(#20083));
#20083 = FILL_AREA_STYLE_COLOUR('',#20006);
#20084 = STYLED_ITEM('color',(#20085),#17708);
#20085 = PRESENTATION_STYLE_ASSIGNMENT((#20086));
#20086 = SURFACE_STYLE_USAGE(.BOTH.,#20087);
#20087 = SURFACE_SIDE_STYLE('',(#20088));
#20088 = SURFACE_STYLE_FILL_AREA(#20089);
#20089 = FILL_AREA_STYLE('',(#20090));
#20090 = FILL_AREA_STYLE_COLOUR('',#20006);
#20091 = STYLED_ITEM('color',(#20092),#17741);
#20092 = PRESENTATION_STYLE_ASSIGNMENT((#20093));
#20093 = SURFACE_STYLE_USAGE(.BOTH.,#20094);
#20094 = SURFACE_SIDE_STYLE('',(#20095));
#20095 = SURFACE_STYLE_FILL_AREA(#20096);
#20096 = FILL_AREA_STYLE('',(#20097));
#20097 = FILL_AREA_STYLE_COLOUR('',#20006);
#20098 = STYLED_ITEM('color',(#20099),#17753);
#20099 = PRESENTATION_STYLE_ASSIGNMENT((#20100));
#20100 = SURFACE_STYLE_USAGE(.BOTH.,#20101);
#20101 = SURFACE_SIDE_STYLE('',(#20102));
#20102 = SURFACE_STYLE_FILL_AREA(#20103);
#20103 = FILL_AREA_STYLE('',(#20104));
#20104 = FILL_AREA_STYLE_COLOUR('',#20006);
#20105 = STYLED_ITEM('color',(#20106),#17816);
#20106 = PRESENTATION_STYLE_ASSIGNMENT((#20107));
#20107 = SURFACE_STYLE_USAGE(.BOTH.,#20108);
#20108 = SURFACE_SIDE_STYLE('',(#20109));
#20109 = SURFACE_STYLE_FILL_AREA(#20110);
#20110 = FILL_AREA_STYLE('',(#20111));
#20111 = FILL_AREA_STYLE_COLOUR('',#20006);
#20112 = STYLED_ITEM('color',(#20113),#17841);
#20113 = PRESENTATION_STYLE_ASSIGNMENT((#20114));
#20114 = SURFACE_STYLE_USAGE(.BOTH.,#20115);
#20115 = SURFACE_SIDE_STYLE('',(#20116));
#20116 = SURFACE_STYLE_FILL_AREA(#20117);
#20117 = FILL_AREA_STYLE('',(#20118));
#20118 = FILL_AREA_STYLE_COLOUR('',#20006);
#20119 = STYLED_ITEM('color',(#20120),#17858);
#20120 = PRESENTATION_STYLE_ASSIGNMENT((#20121));
#20121 = SURFACE_STYLE_USAGE(.BOTH.,#20122);
#20122 = SURFACE_SIDE_STYLE('',(#20123));
#20123 = SURFACE_STYLE_FILL_AREA(#20124);
#20124 = FILL_AREA_STYLE('',(#20125));
#20125 = FILL_AREA_STYLE_COLOUR('',#20006);
#20126 = STYLED_ITEM('color',(#20127),#17882);
#20127 = PRESENTATION_STYLE_ASSIGNMENT((#20128));
#20128 = SURFACE_STYLE_USAGE(.BOTH.,#20129);
#20129 = SURFACE_SIDE_STYLE('',(#20130));
#20130 = SURFACE_STYLE_FILL_AREA(#20131);
#20131 = FILL_AREA_STYLE('',(#20132));
#20132 = FILL_AREA_STYLE_COLOUR('',#20006);
#20133 = STYLED_ITEM('color',(#20134),#17900);
#20134 = PRESENTATION_STYLE_ASSIGNMENT((#20135));
#20135 = SURFACE_STYLE_USAGE(.BOTH.,#20136);
#20136 = SURFACE_SIDE_STYLE('',(#20137));
#20137 = SURFACE_STYLE_FILL_AREA(#20138);
#20138 = FILL_AREA_STYLE('',(#20139));
#20139 = FILL_AREA_STYLE_COLOUR('',#20006);
#20140 = STYLED_ITEM('color',(#20141),#17918);
#20141 = PRESENTATION_STYLE_ASSIGNMENT((#20142));
#20142 = SURFACE_STYLE_USAGE(.BOTH.,#20143);
#20143 = SURFACE_SIDE_STYLE('',(#20144));
#20144 = SURFACE_STYLE_FILL_AREA(#20145);
#20145 = FILL_AREA_STYLE('',(#20146));
#20146 = FILL_AREA_STYLE_COLOUR('',#20006);
#20147 = STYLED_ITEM('color',(#20148),#17936);
#20148 = PRESENTATION_STYLE_ASSIGNMENT((#20149));
#20149 = SURFACE_STYLE_USAGE(.BOTH.,#20150);
#20150 = SURFACE_SIDE_STYLE('',(#20151));
#20151 = SURFACE_STYLE_FILL_AREA(#20152);
#20152 = FILL_AREA_STYLE('',(#20153));
#20153 = FILL_AREA_STYLE_COLOUR('',#20006);
#20154 = STYLED_ITEM('color',(#20155),#17953);
#20155 = PRESENTATION_STYLE_ASSIGNMENT((#20156));
#20156 = SURFACE_STYLE_USAGE(.BOTH.,#20157);
#20157 = SURFACE_SIDE_STYLE('',(#20158));
#20158 = SURFACE_STYLE_FILL_AREA(#20159);
#20159 = FILL_AREA_STYLE('',(#20160));
#20160 = FILL_AREA_STYLE_COLOUR('',#20006);
#20161 = STYLED_ITEM('color',(#20162),#17970);
#20162 = PRESENTATION_STYLE_ASSIGNMENT((#20163));
#20163 = SURFACE_STYLE_USAGE(.BOTH.,#20164);
#20164 = SURFACE_SIDE_STYLE('',(#20165));
#20165 = SURFACE_STYLE_FILL_AREA(#20166);
#20166 = FILL_AREA_STYLE('',(#20167));
#20167 = FILL_AREA_STYLE_COLOUR('',#20006);
#20168 = STYLED_ITEM('color',(#20169),#18001);
#20169 = PRESENTATION_STYLE_ASSIGNMENT((#20170));
#20170 = SURFACE_STYLE_USAGE(.BOTH.,#20171);
#20171 = SURFACE_SIDE_STYLE('',(#20172));
#20172 = SURFACE_STYLE_FILL_AREA(#20173);
#20173 = FILL_AREA_STYLE('',(#20174));
#20174 = FILL_AREA_STYLE_COLOUR('',#20006);
#20175 = STYLED_ITEM('color',(#20176),#18026);
#20176 = PRESENTATION_STYLE_ASSIGNMENT((#20177));
#20177 = SURFACE_STYLE_USAGE(.BOTH.,#20178);
#20178 = SURFACE_SIDE_STYLE('',(#20179));
#20179 = SURFACE_STYLE_FILL_AREA(#20180);
#20180 = FILL_AREA_STYLE('',(#20181));
#20181 = FILL_AREA_STYLE_COLOUR('',#20006);
#20182 = STYLED_ITEM('color',(#20183),#18051);
#20183 = PRESENTATION_STYLE_ASSIGNMENT((#20184));
#20184 = SURFACE_STYLE_USAGE(.BOTH.,#20185);
#20185 = SURFACE_SIDE_STYLE('',(#20186));
#20186 = SURFACE_STYLE_FILL_AREA(#20187);
#20187 = FILL_AREA_STYLE('',(#20188));
#20188 = FILL_AREA_STYLE_COLOUR('',#20006);
#20189 = STYLED_ITEM('color',(#20190),#18075);
#20190 = PRESENTATION_STYLE_ASSIGNMENT((#20191));
#20191 = SURFACE_STYLE_USAGE(.BOTH.,#20192);
#20192 = SURFACE_SIDE_STYLE('',(#20193));
#20193 = SURFACE_STYLE_FILL_AREA(#20194);
#20194 = FILL_AREA_STYLE('',(#20195));
#20195 = FILL_AREA_STYLE_COLOUR('',#20006);
#20196 = STYLED_ITEM('color',(#20197),#18092);
#20197 = PRESENTATION_STYLE_ASSIGNMENT((#20198));
#20198 = SURFACE_STYLE_USAGE(.BOTH.,#20199);
#20199 = SURFACE_SIDE_STYLE('',(#20200));
#20200 = SURFACE_STYLE_FILL_AREA(#20201);
#20201 = FILL_AREA_STYLE('',(#20202));
#20202 = FILL_AREA_STYLE_COLOUR('',#20203);
#20203 = COLOUR_RGB('',0.340000006699,0.68000001254,0.444999988852);
#20204 = STYLED_ITEM('color',(#20205),#18123);
#20205 = PRESENTATION_STYLE_ASSIGNMENT((#20206));
#20206 = SURFACE_STYLE_USAGE(.BOTH.,#20207);
#20207 = SURFACE_SIDE_STYLE('',(#20208));
#20208 = SURFACE_STYLE_FILL_AREA(#20209);
#20209 = FILL_AREA_STYLE('',(#20210));
#20210 = FILL_AREA_STYLE_COLOUR('',#20203);
#20211 = STYLED_ITEM('color',(#20212),#18147);
#20212 = PRESENTATION_STYLE_ASSIGNMENT((#20213));
#20213 = SURFACE_STYLE_USAGE(.BOTH.,#20214);
#20214 = SURFACE_SIDE_STYLE('',(#20215));
#20215 = SURFACE_STYLE_FILL_AREA(#20216);
#20216 = FILL_AREA_STYLE('',(#20217));
#20217 = FILL_AREA_STYLE_COLOUR('',#20203);
#20218 = STYLED_ITEM('color',(#20219),#18164);
#20219 = PRESENTATION_STYLE_ASSIGNMENT((#20220));
#20220 = SURFACE_STYLE_USAGE(.BOTH.,#20221);
#20221 = SURFACE_SIDE_STYLE('',(#20222));
#20222 = SURFACE_STYLE_FILL_AREA(#20223);
#20223 = FILL_AREA_STYLE('',(#20224));
#20224 = FILL_AREA_STYLE_COLOUR('',#20006);
#20225 = STYLED_ITEM('color',(#20226),#18192);
#20226 = PRESENTATION_STYLE_ASSIGNMENT((#20227));
#20227 = SURFACE_STYLE_USAGE(.BOTH.,#20228);
#20228 = SURFACE_SIDE_STYLE('',(#20229));
#20229 = SURFACE_STYLE_FILL_AREA(#20230);
#20230 = FILL_AREA_STYLE('',(#20231));
#20231 = FILL_AREA_STYLE_COLOUR('',#20006);
#20232 = STYLED_ITEM('color',(#20233),#18217);
#20233 = PRESENTATION_STYLE_ASSIGNMENT((#20234));
#20234 = SURFACE_STYLE_USAGE(.BOTH.,#20235);
#20235 = SURFACE_SIDE_STYLE('',(#20236));
#20236 = SURFACE_STYLE_FILL_AREA(#20237);
#20237 = FILL_AREA_STYLE('',(#20238));
#20238 = FILL_AREA_STYLE_COLOUR('',#20006);
#20239 = STYLED_ITEM('color',(#20240),#18241);
#20240 = PRESENTATION_STYLE_ASSIGNMENT((#20241));
#20241 = SURFACE_STYLE_USAGE(.BOTH.,#20242);
#20242 = SURFACE_SIDE_STYLE('',(#20243));
#20243 = SURFACE_STYLE_FILL_AREA(#20244);
#20244 = FILL_AREA_STYLE('',(#20245));
#20245 = FILL_AREA_STYLE_COLOUR('',#20006);
#20246 = STYLED_ITEM('color',(#20247),#18266);
#20247 = PRESENTATION_STYLE_ASSIGNMENT((#20248));
#20248 = SURFACE_STYLE_USAGE(.BOTH.,#20249);
#20249 = SURFACE_SIDE_STYLE('',(#20250));
#20250 = SURFACE_STYLE_FILL_AREA(#20251);
#20251 = FILL_AREA_STYLE('',(#20252));
#20252 = FILL_AREA_STYLE_COLOUR('',#20006);
#20253 = STYLED_ITEM('color',(#20254),#18313);
#20254 = PRESENTATION_STYLE_ASSIGNMENT((#20255));
#20255 = SURFACE_STYLE_USAGE(.BOTH.,#20256);
#20256 = SURFACE_SIDE_STYLE('',(#20257));
#20257 = SURFACE_STYLE_FILL_AREA(#20258);
#20258 = FILL_AREA_STYLE('',(#20259));
#20259 = FILL_AREA_STYLE_COLOUR('',#20006);
#20260 = STYLED_ITEM('color',(#20261),#18330);
#20261 = PRESENTATION_STYLE_ASSIGNMENT((#20262));
#20262 = SURFACE_STYLE_USAGE(.BOTH.,#20263);
#20263 = SURFACE_SIDE_STYLE('',(#20264));
#20264 = SURFACE_STYLE_FILL_AREA(#20265);
#20265 = FILL_AREA_STYLE('',(#20266));
#20266 = FILL_AREA_STYLE_COLOUR('',#20006);
#20267 = STYLED_ITEM('color',(#20268),#18342);
#20268 = PRESENTATION_STYLE_ASSIGNMENT((#20269));
#20269 = SURFACE_STYLE_USAGE(.BOTH.,#20270);
#20270 = SURFACE_SIDE_STYLE('',(#20271));
#20271 = SURFACE_STYLE_FILL_AREA(#20272);
#20272 = FILL_AREA_STYLE('',(#20273));
#20273 = FILL_AREA_STYLE_COLOUR('',#20006);
#20274 = STYLED_ITEM('color',(#20275),#18364);
#20275 = PRESENTATION_STYLE_ASSIGNMENT((#20276));
#20276 = SURFACE_STYLE_USAGE(.BOTH.,#20277);
#20277 = SURFACE_SIDE_STYLE('',(#20278));
#20278 = SURFACE_STYLE_FILL_AREA(#20279);
#20279 = FILL_AREA_STYLE('',(#20280));
#20280 = FILL_AREA_STYLE_COLOUR('',#20006);
#20281 = STYLED_ITEM('color',(#20282),#18376);
#20282 = PRESENTATION_STYLE_ASSIGNMENT((#20283));
#20283 = SURFACE_STYLE_USAGE(.BOTH.,#20284);
#20284 = SURFACE_SIDE_STYLE('',(#20285));
#20285 = SURFACE_STYLE_FILL_AREA(#20286);
#20286 = FILL_AREA_STYLE('',(#20287));
#20287 = FILL_AREA_STYLE_COLOUR('',#20006);
#20288 = STYLED_ITEM('color',(#20289),#18394);
#20289 = PRESENTATION_STYLE_ASSIGNMENT((#20290));
#20290 = SURFACE_STYLE_USAGE(.BOTH.,#20291);
#20291 = SURFACE_SIDE_STYLE('',(#20292));
#20292 = SURFACE_STYLE_FILL_AREA(#20293);
#20293 = FILL_AREA_STYLE('',(#20294));
#20294 = FILL_AREA_STYLE_COLOUR('',#20006);
#20295 = STYLED_ITEM('color',(#20296),#18412);
#20296 = PRESENTATION_STYLE_ASSIGNMENT((#20297));
#20297 = SURFACE_STYLE_USAGE(.BOTH.,#20298);
#20298 = SURFACE_SIDE_STYLE('',(#20299));
#20299 = SURFACE_STYLE_FILL_AREA(#20300);
#20300 = FILL_AREA_STYLE('',(#20301));
#20301 = FILL_AREA_STYLE_COLOUR('',#20203);
#20302 = MECHANICAL_DESIGN_GEOMETRIC_PRESENTATION_REPRESENTATION('',(
    #20303,#20310),#14706);
#20303 = STYLED_ITEM('color',(#20304),#14556);
#20304 = PRESENTATION_STYLE_ASSIGNMENT((#20305));
#20305 = SURFACE_STYLE_USAGE(.BOTH.,#20306);
#20306 = SURFACE_SIDE_STYLE('',(#20307));
#20307 = SURFACE_STYLE_FILL_AREA(#20308);
#20308 = FILL_AREA_STYLE('',(#20309));
#20309 = FILL_AREA_STYLE_COLOUR('',#19287);
#20310 = OVER_RIDING_STYLED_ITEM('overriding color',(#20311),#14558,
  #20303);
#20311 = PRESENTATION_STYLE_ASSIGNMENT((#20312));
#20312 = SURFACE_STYLE_USAGE(.BOTH.,#20313);
#20313 = SURFACE_SIDE_STYLE('',(#20314));
#20314 = SURFACE_STYLE_FILL_AREA(#20315);
#20315 = FILL_AREA_STYLE('',(#20316));
#20316 = FILL_AREA_STYLE_COLOUR('',#19295);
#20317 = MECHANICAL_DESIGN_GEOMETRIC_PRESENTATION_REPRESENTATION('',(
    #20318,#20325),#15213);
#20318 = STYLED_ITEM('color',(#20319),#15063);
#20319 = PRESENTATION_STYLE_ASSIGNMENT((#20320));
#20320 = SURFACE_STYLE_USAGE(.BOTH.,#20321);
#20321 = SURFACE_SIDE_STYLE('',(#20322));
#20322 = SURFACE_STYLE_FILL_AREA(#20323);
#20323 = FILL_AREA_STYLE('',(#20324));
#20324 = FILL_AREA_STYLE_COLOUR('',#19287);
#20325 = OVER_RIDING_STYLED_ITEM('overriding color',(#20326),#15065,
  #20318);
#20326 = PRESENTATION_STYLE_ASSIGNMENT((#20327));
#20327 = SURFACE_STYLE_USAGE(.BOTH.,#20328);
#20328 = SURFACE_SIDE_STYLE('',(#20329));
#20329 = SURFACE_STYLE_FILL_AREA(#20330);
#20330 = FILL_AREA_STYLE('',(#20331));
#20331 = FILL_AREA_STYLE_COLOUR('',#19295);
#20332 = MECHANICAL_DESIGN_GEOMETRIC_PRESENTATION_REPRESENTATION('',(
    #20333,#20340,#20347,#20354,#20361,#20368,#20375,#20382,#20389,
    #20396,#20403,#20411,#20418,#20425,#20432,#20439,#20446,#20453,
    #20460,#20467,#20474,#20481,#20488,#20495,#20502,#20509,#20516,
    #20523),#9268);
#20333 = STYLED_ITEM('color',(#20334),#8416);
#20334 = PRESENTATION_STYLE_ASSIGNMENT((#20335));
#20335 = SURFACE_STYLE_USAGE(.BOTH.,#20336);
#20336 = SURFACE_SIDE_STYLE('',(#20337));
#20337 = SURFACE_STYLE_FILL_AREA(#20338);
#20338 = FILL_AREA_STYLE('',(#20339));
#20339 = FILL_AREA_STYLE_COLOUR('',#19358);
#20340 = STYLED_ITEM('color',(#20341),#8492);
#20341 = PRESENTATION_STYLE_ASSIGNMENT((#20342));
#20342 = SURFACE_STYLE_USAGE(.BOTH.,#20343);
#20343 = SURFACE_SIDE_STYLE('',(#20344));
#20344 = SURFACE_STYLE_FILL_AREA(#20345);
#20345 = FILL_AREA_STYLE('',(#20346));
#20346 = FILL_AREA_STYLE_COLOUR('',#19358);
#20347 = STYLED_ITEM('color',(#20348),#8523);
#20348 = PRESENTATION_STYLE_ASSIGNMENT((#20349));
#20349 = SURFACE_STYLE_USAGE(.BOTH.,#20350);
#20350 = SURFACE_SIDE_STYLE('',(#20351));
#20351 = SURFACE_STYLE_FILL_AREA(#20352);
#20352 = FILL_AREA_STYLE('',(#20353));
#20353 = FILL_AREA_STYLE_COLOUR('',#19358);
#20354 = STYLED_ITEM('color',(#20355),#8548);
#20355 = PRESENTATION_STYLE_ASSIGNMENT((#20356));
#20356 = SURFACE_STYLE_USAGE(.BOTH.,#20357);
#20357 = SURFACE_SIDE_STYLE('',(#20358));
#20358 = SURFACE_STYLE_FILL_AREA(#20359);
#20359 = FILL_AREA_STYLE('',(#20360));
#20360 = FILL_AREA_STYLE_COLOUR('',#19358);
#20361 = STYLED_ITEM('color',(#20362),#8573);
#20362 = PRESENTATION_STYLE_ASSIGNMENT((#20363));
#20363 = SURFACE_STYLE_USAGE(.BOTH.,#20364);
#20364 = SURFACE_SIDE_STYLE('',(#20365));
#20365 = SURFACE_STYLE_FILL_AREA(#20366);
#20366 = FILL_AREA_STYLE('',(#20367));
#20367 = FILL_AREA_STYLE_COLOUR('',#19358);
#20368 = STYLED_ITEM('color',(#20369),#8597);
#20369 = PRESENTATION_STYLE_ASSIGNMENT((#20370));
#20370 = SURFACE_STYLE_USAGE(.BOTH.,#20371);
#20371 = SURFACE_SIDE_STYLE('',(#20372));
#20372 = SURFACE_STYLE_FILL_AREA(#20373);
#20373 = FILL_AREA_STYLE('',(#20374));
#20374 = FILL_AREA_STYLE_COLOUR('',#19358);
#20375 = STYLED_ITEM('color',(#20376),#8621);
#20376 = PRESENTATION_STYLE_ASSIGNMENT((#20377));
#20377 = SURFACE_STYLE_USAGE(.BOTH.,#20378);
#20378 = SURFACE_SIDE_STYLE('',(#20379));
#20379 = SURFACE_STYLE_FILL_AREA(#20380);
#20380 = FILL_AREA_STYLE('',(#20381));
#20381 = FILL_AREA_STYLE_COLOUR('',#19358);
#20382 = STYLED_ITEM('color',(#20383),#8646);
#20383 = PRESENTATION_STYLE_ASSIGNMENT((#20384));
#20384 = SURFACE_STYLE_USAGE(.BOTH.,#20385);
#20385 = SURFACE_SIDE_STYLE('',(#20386));
#20386 = SURFACE_STYLE_FILL_AREA(#20387);
#20387 = FILL_AREA_STYLE('',(#20388));
#20388 = FILL_AREA_STYLE_COLOUR('',#19358);
#20389 = STYLED_ITEM('color',(#20390),#8671);
#20390 = PRESENTATION_STYLE_ASSIGNMENT((#20391));
#20391 = SURFACE_STYLE_USAGE(.BOTH.,#20392);
#20392 = SURFACE_SIDE_STYLE('',(#20393));
#20393 = SURFACE_STYLE_FILL_AREA(#20394);
#20394 = FILL_AREA_STYLE('',(#20395));
#20395 = FILL_AREA_STYLE_COLOUR('',#19358);
#20396 = STYLED_ITEM('color',(#20397),#8688);
#20397 = PRESENTATION_STYLE_ASSIGNMENT((#20398));
#20398 = SURFACE_STYLE_USAGE(.BOTH.,#20399);
#20399 = SURFACE_SIDE_STYLE('',(#20400));
#20400 = SURFACE_STYLE_FILL_AREA(#20401);
#20401 = FILL_AREA_STYLE('',(#20402));
#20402 = FILL_AREA_STYLE_COLOUR('',#19358);
#20403 = STYLED_ITEM('color',(#20404),#8774);
#20404 = PRESENTATION_STYLE_ASSIGNMENT((#20405));
#20405 = SURFACE_STYLE_USAGE(.BOTH.,#20406);
#20406 = SURFACE_SIDE_STYLE('',(#20407));
#20407 = SURFACE_STYLE_FILL_AREA(#20408);
#20408 = FILL_AREA_STYLE('',(#20409));
#20409 = FILL_AREA_STYLE_COLOUR('',#20410);
#20410 = COLOUR_RGB('',0.379000005575,0.270000008848,0.214999999939);
#20411 = STYLED_ITEM('color',(#20412),#8806);
#20412 = PRESENTATION_STYLE_ASSIGNMENT((#20413));
#20413 = SURFACE_STYLE_USAGE(.BOTH.,#20414);
#20414 = SURFACE_SIDE_STYLE('',(#20415));
#20415 = SURFACE_STYLE_FILL_AREA(#20416);
#20416 = FILL_AREA_STYLE('',(#20417));
#20417 = FILL_AREA_STYLE_COLOUR('',#20410);
#20418 = STYLED_ITEM('color',(#20419),#8830);
#20419 = PRESENTATION_STYLE_ASSIGNMENT((#20420));
#20420 = SURFACE_STYLE_USAGE(.BOTH.,#20421);
#20421 = SURFACE_SIDE_STYLE('',(#20422));
#20422 = SURFACE_STYLE_FILL_AREA(#20423);
#20423 = FILL_AREA_STYLE('',(#20424));
#20424 = FILL_AREA_STYLE_COLOUR('',#20410);
#20425 = STYLED_ITEM('color',(#20426),#8855);
#20426 = PRESENTATION_STYLE_ASSIGNMENT((#20427));
#20427 = SURFACE_STYLE_USAGE(.BOTH.,#20428);
#20428 = SURFACE_SIDE_STYLE('',(#20429));
#20429 = SURFACE_STYLE_FILL_AREA(#20430);
#20430 = FILL_AREA_STYLE('',(#20431));
#20431 = FILL_AREA_STYLE_COLOUR('',#20410);
#20432 = STYLED_ITEM('color',(#20433),#8879);
#20433 = PRESENTATION_STYLE_ASSIGNMENT((#20434));
#20434 = SURFACE_STYLE_USAGE(.BOTH.,#20435);
#20435 = SURFACE_SIDE_STYLE('',(#20436));
#20436 = SURFACE_STYLE_FILL_AREA(#20437);
#20437 = FILL_AREA_STYLE('',(#20438));
#20438 = FILL_AREA_STYLE_COLOUR('',#20410);
#20439 = STYLED_ITEM('color',(#20440),#8904);
#20440 = PRESENTATION_STYLE_ASSIGNMENT((#20441));
#20441 = SURFACE_STYLE_USAGE(.BOTH.,#20442);
#20442 = SURFACE_SIDE_STYLE('',(#20443));
#20443 = SURFACE_STYLE_FILL_AREA(#20444);
#20444 = FILL_AREA_STYLE('',(#20445));
#20445 = FILL_AREA_STYLE_COLOUR('',#20410);
#20446 = STYLED_ITEM('color',(#20447),#8928);
#20447 = PRESENTATION_STYLE_ASSIGNMENT((#20448));
#20448 = SURFACE_STYLE_USAGE(.BOTH.,#20449);
#20449 = SURFACE_SIDE_STYLE('',(#20450));
#20450 = SURFACE_STYLE_FILL_AREA(#20451);
#20451 = FILL_AREA_STYLE('',(#20452));
#20452 = FILL_AREA_STYLE_COLOUR('',#20410);
#20453 = STYLED_ITEM('color',(#20454),#8953);
#20454 = PRESENTATION_STYLE_ASSIGNMENT((#20455));
#20455 = SURFACE_STYLE_USAGE(.BOTH.,#20456);
#20456 = SURFACE_SIDE_STYLE('',(#20457));
#20457 = SURFACE_STYLE_FILL_AREA(#20458);
#20458 = FILL_AREA_STYLE('',(#20459));
#20459 = FILL_AREA_STYLE_COLOUR('',#20410);
#20460 = STYLED_ITEM('color',(#20461),#8970);
#20461 = PRESENTATION_STYLE_ASSIGNMENT((#20462));
#20462 = SURFACE_STYLE_USAGE(.BOTH.,#20463);
#20463 = SURFACE_SIDE_STYLE('',(#20464));
#20464 = SURFACE_STYLE_FILL_AREA(#20465);
#20465 = FILL_AREA_STYLE('',(#20466));
#20466 = FILL_AREA_STYLE_COLOUR('',#19358);
#20467 = STYLED_ITEM('color',(#20468),#9056);
#20468 = PRESENTATION_STYLE_ASSIGNMENT((#20469));
#20469 = SURFACE_STYLE_USAGE(.BOTH.,#20470);
#20470 = SURFACE_SIDE_STYLE('',(#20471));
#20471 = SURFACE_STYLE_FILL_AREA(#20472);
#20472 = FILL_AREA_STYLE('',(#20473));
#20473 = FILL_AREA_STYLE_COLOUR('',#19358);
#20474 = STYLED_ITEM('color',(#20475),#9087);
#20475 = PRESENTATION_STYLE_ASSIGNMENT((#20476));
#20476 = SURFACE_STYLE_USAGE(.BOTH.,#20477);
#20477 = SURFACE_SIDE_STYLE('',(#20478));
#20478 = SURFACE_STYLE_FILL_AREA(#20479);
#20479 = FILL_AREA_STYLE('',(#20480));
#20480 = FILL_AREA_STYLE_COLOUR('',#19358);
#20481 = STYLED_ITEM('color',(#20482),#9112);
#20482 = PRESENTATION_STYLE_ASSIGNMENT((#20483));
#20483 = SURFACE_STYLE_USAGE(.BOTH.,#20484);
#20484 = SURFACE_SIDE_STYLE('',(#20485));
#20485 = SURFACE_STYLE_FILL_AREA(#20486);
#20486 = FILL_AREA_STYLE('',(#20487));
#20487 = FILL_AREA_STYLE_COLOUR('',#19358);
#20488 = STYLED_ITEM('color',(#20489),#9137);
#20489 = PRESENTATION_STYLE_ASSIGNMENT((#20490));
#20490 = SURFACE_STYLE_USAGE(.BOTH.,#20491);
#20491 = SURFACE_SIDE_STYLE('',(#20492));
#20492 = SURFACE_STYLE_FILL_AREA(#20493);
#20493 = FILL_AREA_STYLE('',(#20494));
#20494 = FILL_AREA_STYLE_COLOUR('',#19358);
#20495 = STYLED_ITEM('color',(#20496),#9161);
#20496 = PRESENTATION_STYLE_ASSIGNMENT((#20497));
#20497 = SURFACE_STYLE_USAGE(.BOTH.,#20498);
#20498 = SURFACE_SIDE_STYLE('',(#20499));
#20499 = SURFACE_STYLE_FILL_AREA(#20500);
#20500 = FILL_AREA_STYLE('',(#20501));
#20501 = FILL_AREA_STYLE_COLOUR('',#19358);
#20502 = STYLED_ITEM('color',(#20503),#9185);
#20503 = PRESENTATION_STYLE_ASSIGNMENT((#20504));
#20504 = SURFACE_STYLE_USAGE(.BOTH.,#20505);
#20505 = SURFACE_SIDE_STYLE('',(#20506));
#20506 = SURFACE_STYLE_FILL_AREA(#20507);
#20507 = FILL_AREA_STYLE('',(#20508));
#20508 = FILL_AREA_STYLE_COLOUR('',#19358);
#20509 = STYLED_ITEM('color',(#20510),#9210);
#20510 = PRESENTATION_STYLE_ASSIGNMENT((#20511));
#20511 = SURFACE_STYLE_USAGE(.BOTH.,#20512);
#20512 = SURFACE_SIDE_STYLE('',(#20513));
#20513 = SURFACE_STYLE_FILL_AREA(#20514);
#20514 = FILL_AREA_STYLE('',(#20515));
#20515 = FILL_AREA_STYLE_COLOUR('',#19358);
#20516 = STYLED_ITEM('color',(#20517),#9235);
#20517 = PRESENTATION_STYLE_ASSIGNMENT((#20518));
#20518 = SURFACE_STYLE_USAGE(.BOTH.,#20519);
#20519 = SURFACE_SIDE_STYLE('',(#20520));
#20520 = SURFACE_STYLE_FILL_AREA(#20521);
#20521 = FILL_AREA_STYLE('',(#20522));
#20522 = FILL_AREA_STYLE_COLOUR('',#19358);
#20523 = STYLED_ITEM('color',(#20524),#9252);
#20524 = PRESENTATION_STYLE_ASSIGNMENT((#20525));
#20525 = SURFACE_STYLE_USAGE(.BOTH.,#20526);
#20526 = SURFACE_SIDE_STYLE('',(#20527));
#20527 = SURFACE_STYLE_FILL_AREA(#20528);
#20528 = FILL_AREA_STYLE('',(#20529));
#20529 = FILL_AREA_STYLE_COLOUR('',#19358);
#20530 = SHAPE_DEFINITION_REPRESENTATION(#20531,#20533);
#20531 = PROPERTY_DEFINITION('shape with specific properties',
  'properties for subshape',#20532);
#20532 = SHAPE_ASPECT('','',#9344,.F.);
#20533 = SHAPE_REPRESENTATION('',(#9351),#12738);
#20534 = PROPERTY_DEFINITION_REPRESENTATION(#20535,#20536);
#20535 = PROPERTY_DEFINITION('geometric validation property',
  'surface area',#20532);
#20536 = REPRESENTATION('surface area',(#20537),#12738);
#20537 = MEASURE_REPRESENTATION_ITEM('surface area measure',AREA_MEASURE
  (51.98712310601),#20538);
#20538 = DERIVED_UNIT((#20539));
#20539 = DERIVED_UNIT_ELEMENT(#20540,2.);
#20540 = ( LENGTH_UNIT() NAMED_UNIT(*) SI_UNIT(.MILLI.,.METRE.) );
#20541 = PROPERTY_DEFINITION_REPRESENTATION(#20542,#20543);
#20542 = PROPERTY_DEFINITION('geometric validation property','volume',
  #20532);
#20543 = REPRESENTATION('volume',(#20544),#12738);
#20544 = MEASURE_REPRESENTATION_ITEM('volume measure',VOLUME_MEASURE(
    10.79459375),#20545);
#20545 = DERIVED_UNIT((#20546));
#20546 = DERIVED_UNIT_ELEMENT(#20547,3.);
#20547 = ( LENGTH_UNIT() NAMED_UNIT(*) SI_UNIT(.MILLI.,.METRE.) );
#20548 = PROPERTY_DEFINITION_REPRESENTATION(#20549,#20550);
#20549 = PROPERTY_DEFINITION('geometric validation property','centroid',
  #20532);
#20550 = REPRESENTATION('centroid',(#20551),#12738);
#20551 = CARTESIAN_POINT('centre point',(-5.035796275334E-04,
    0.431585002041,-5.035796275335E-04));
#20552 = SHAPE_DEFINITION_REPRESENTATION(#20553,#20555);
#20553 = PROPERTY_DEFINITION('shape with specific properties',
  'properties for subshape',#20554);
#20554 = SHAPE_ASPECT('','',#16606,.F.);
#20555 = SHAPE_REPRESENTATION('',(#16613),#16829);
#20556 = PROPERTY_DEFINITION_REPRESENTATION(#20557,#20558);
#20557 = PROPERTY_DEFINITION('geometric validation property',
  'surface area',#20554);
#20558 = REPRESENTATION('surface area',(#20559),#16829);
#20559 = MEASURE_REPRESENTATION_ITEM('surface area measure',AREA_MEASURE
  (26.59949747468),#20560);
#20560 = DERIVED_UNIT((#20561));
#20561 = DERIVED_UNIT_ELEMENT(#20562,2.);
#20562 = ( LENGTH_UNIT() NAMED_UNIT(*) SI_UNIT(.MILLI.,.METRE.) );
#20563 = PROPERTY_DEFINITION_REPRESENTATION(#20564,#20565);
#20564 = PROPERTY_DEFINITION('geometric validation property','volume',
  #20554);
#20565 = REPRESENTATION('volume',(#20566),#16829);
#20566 = MEASURE_REPRESENTATION_ITEM('volume measure',VOLUME_MEASURE(
    1.812875),#20567);
#20567 = DERIVED_UNIT((#20568));
#20568 = DERIVED_UNIT_ELEMENT(#20569,3.);
#20569 = ( LENGTH_UNIT() NAMED_UNIT(*) SI_UNIT(.MILLI.,.METRE.) );
#20570 = PROPERTY_DEFINITION_REPRESENTATION(#20571,#20572);
#20571 = PROPERTY_DEFINITION('geometric validation property','centroid',
  #20554);
#20572 = REPRESENTATION('centroid',(#20573),#16829);
#20573 = CARTESIAN_POINT('centre point',(3.998023397458E-03,
    0.104223264152,3.998023397458E-03));
#20574 = PROPERTY_DEFINITION_REPRESENTATION(#20575,#20576);
#20575 = PROPERTY_DEFINITION('geometric validation property',
  'surface area',#12750);
#20576 = REPRESENTATION('surface area',(#20577),#12841);
#20577 = MEASURE_REPRESENTATION_ITEM('surface area measure',AREA_MEASURE
  (26.59949747468),#20578);
#20578 = DERIVED_UNIT((#20579));
#20579 = DERIVED_UNIT_ELEMENT(#20580,2.);
#20580 = ( LENGTH_UNIT() NAMED_UNIT(*) SI_UNIT(.MILLI.,.METRE.) );
#20581 = PROPERTY_DEFINITION_REPRESENTATION(#20582,#20583);
#20582 = PROPERTY_DEFINITION('geometric validation property','volume',
  #12750);
#20583 = REPRESENTATION('volume',(#20584),#12841);
#20584 = MEASURE_REPRESENTATION_ITEM('volume measure',VOLUME_MEASURE(
    1.812875),#20585);
#20585 = DERIVED_UNIT((#20586));
#20586 = DERIVED_UNIT_ELEMENT(#20587,3.);
#20587 = ( LENGTH_UNIT() NAMED_UNIT(*) SI_UNIT(.MILLI.,.METRE.) );
#20588 = PROPERTY_DEFINITION_REPRESENTATION(#20589,#20590);
#20589 = PROPERTY_DEFINITION('geometric validation property','centroid',
  #12750);
#20590 = REPRESENTATION('centroid',(#20591),#12841);
#20591 = CARTESIAN_POINT('centre point',(3.998023397458E-03,
    0.104223264152,3.998023397458E-03));
#20592 = PROPERTY_DEFINITION_REPRESENTATION(#20593,#20594);
#20593 = PROPERTY_DEFINITION('geometric validation property',
  'surface area',#9313);
#20594 = REPRESENTATION('surface area',(#20595),#9332);
#20595 = MEASURE_REPRESENTATION_ITEM('surface area measure',AREA_MEASURE
  (78.5866205807),#20596);
#20596 = DERIVED_UNIT((#20597));
#20597 = DERIVED_UNIT_ELEMENT(#20598,2.);
#20598 = ( LENGTH_UNIT() NAMED_UNIT(*) SI_UNIT(.MILLI.,.METRE.) );
#20599 = PROPERTY_DEFINITION_REPRESENTATION(#20600,#20601);
#20600 = PROPERTY_DEFINITION('geometric validation property','volume',
  #9313);
#20601 = REPRESENTATION('volume',(#20602),#9332);
#20602 = MEASURE_REPRESENTATION_ITEM('volume measure',VOLUME_MEASURE(
    12.60746875),#20603);
#20603 = DERIVED_UNIT((#20604));
#20604 = DERIVED_UNIT_ELEMENT(#20605,3.);
#20605 = ( LENGTH_UNIT() NAMED_UNIT(*) SI_UNIT(.MILLI.,.METRE.) );
#20606 = PROPERTY_DEFINITION_REPRESENTATION(#20607,#20608);
#20607 = PROPERTY_DEFINITION('geometric validation property','centroid',
  #9313);
#20608 = REPRESENTATION('centroid',(#20609),#9332);
#20609 = CARTESIAN_POINT('centre point',(1.437226776126E-04,
    -1.437226776125E-04,0.380917592251));
ENDSEC;
END-ISO-10303-21;
