ISO-10303-21;
HEADER;
FILE_DESCRIPTION(('STEP AP242'),'1');
FILE_NAME('2200980671.stp','2026-06-30T19:01:53',('TraceParts'),('TraceParts S.A.S.'),'Spatial InterOp 3D',' ',' ');
FILE_SCHEMA(('AP242_MANAGED_MODEL_BASED_3D_ENGINEERING_MIM_LF  {1 0 10303 442 1 1 4}'));
ENDSEC;
DATA;
#1=MECHANICAL_DESIGN_GEOMETRIC_PRESENTATION_REPRESENTATION(' ',(#10,#11,#12,#13,#14,#15,#16,#17,#18,#19,#20,#21,#22,#23,#24,#25,#26,#27,#28,#29,#30,#31,#32,#33,#34,#35,#36,#37,#38,#39,#40,#41,#42,#43,#44,#45,#46,#47,#48,#49,#50,#51,#52,#53,#54,#55,#56,#57,#58,#59,#60,#61,#62,#63,#64,#65,#66,#67,#68,#69,#70,#71,#72,#73,#74,#75,#76,#77,#78,#79,#80,#81,#82,#83,#84,#85,#86,#87,#88,#89,#90,#91,#92,#93,#94,#95,#96,#97,#98,#99,#100,#101,#102,#103,#104,#105,#106,#107,#108,#109,#110,#111,#112,#113,#114,#115,#116,#117,#118,#119,#120,#121,#122,#123,#124,#125,#126,#127,#128,#129,#130,#131,#132,#133,#134,#135,#136,#137,#138,#139,#140,#141,#142,#143,#144,#145,#146,#147,#148,#149,#150,#151,#152,#153,#154,#155,#156,#157,#158,#159,#160,#161,#162,#163,#164,#165,#166,#167,#168,#169,#170,#171,#172,#173,#174,#175,#176,#177,#178,#179,#180,#181,#182,#183,#184,#185,#186,#187,#188,#189,#190,#191,#192,#193,#194,#195,#196,#197,#198,#199,#200,#201,#202,#203,#204,#205,#206,#207,#208,#209,#210,#211,#212,#213,#214,#215,#216,#217,#218,#219,#220,#221,#222,#223,#224,#225,#226,#227,#228,#229,#230,#231,#232,#233,#234,#235,#236,#237,#238,#239,#240,#241,#242,#243,#244,#245,#246,#247,#248,#249,#250,#251,#252,#253,#254,#255,#256,#257,#258,#259,#260,#261,#262,#263,#264,#265,#266,#267),#6);
#2=PRODUCT_DEFINITION_CONTEXT('',#268,'design');
#3=APPLICATION_PROTOCOL_DEFINITION('INTERNATIONAL STANDARD','ap242_managed_model_based_3d_engineering',2014,#268);
#4=PRODUCT_CATEGORY_RELATIONSHIP('NONE','NONE',#269,#270);
#5=SHAPE_DEFINITION_REPRESENTATION(#271,#272);
#6= (GEOMETRIC_REPRESENTATION_CONTEXT(3)GLOBAL_UNCERTAINTY_ASSIGNED_CONTEXT((#275))GLOBAL_UNIT_ASSIGNED_CONTEXT((#277,#278,#279))REPRESENTATION_CONTEXT('NONE','WORKSPACE'));
#10=STYLED_ITEM('',(#281),#282);
#11=STYLED_ITEM('',(#283),#284);
#12=STYLED_ITEM('',(#285),#286);
#13=STYLED_ITEM('',(#287),#288);
#14=STYLED_ITEM('',(#289),#290);
#15=STYLED_ITEM('',(#291),#292);
#16=STYLED_ITEM('',(#293),#294);
#17=STYLED_ITEM('',(#295),#296);
#18=STYLED_ITEM('',(#297),#298);
#19=STYLED_ITEM('',(#299),#300);
#20=STYLED_ITEM('',(#301),#302);
#21=STYLED_ITEM('',(#303),#304);
#22=STYLED_ITEM('',(#305),#306);
#23=STYLED_ITEM('',(#307),#308);
#24=STYLED_ITEM('',(#309),#310);
#25=STYLED_ITEM('',(#311),#312);
#26=STYLED_ITEM('',(#313),#314);
#27=STYLED_ITEM('',(#315),#316);
#28=STYLED_ITEM('',(#317),#318);
#29=STYLED_ITEM('',(#319),#320);
#30=STYLED_ITEM('',(#321),#322);
#31=STYLED_ITEM('',(#323),#324);
#32=STYLED_ITEM('',(#325),#326);
#33=STYLED_ITEM('',(#327),#328);
#34=STYLED_ITEM('',(#329),#330);
#35=STYLED_ITEM('',(#331),#332);
#36=STYLED_ITEM('',(#333),#334);
#37=STYLED_ITEM('',(#335),#336);
#38=STYLED_ITEM('',(#337),#338);
#39=STYLED_ITEM('',(#339),#340);
#40=STYLED_ITEM('',(#341),#342);
#41=STYLED_ITEM('',(#343),#344);
#42=STYLED_ITEM('',(#345),#346);
#43=STYLED_ITEM('',(#347),#348);
#44=STYLED_ITEM('',(#349),#350);
#45=STYLED_ITEM('',(#351),#352);
#46=STYLED_ITEM('',(#353),#354);
#47=STYLED_ITEM('',(#355),#356);
#48=STYLED_ITEM('',(#357),#358);
#49=STYLED_ITEM('',(#359),#360);
#50=STYLED_ITEM('',(#361),#362);
#51=STYLED_ITEM('',(#363),#364);
#52=STYLED_ITEM('',(#365),#366);
#53=STYLED_ITEM('',(#367),#368);
#54=STYLED_ITEM('',(#369),#370);
#55=STYLED_ITEM('',(#371),#372);
#56=STYLED_ITEM('',(#373),#374);
#57=STYLED_ITEM('',(#375),#376);
#58=STYLED_ITEM('',(#377),#378);
#59=STYLED_ITEM('',(#379),#380);
#60=STYLED_ITEM('',(#381),#382);
#61=STYLED_ITEM('',(#383),#384);
#62=STYLED_ITEM('',(#385),#386);
#63=STYLED_ITEM('',(#387),#388);
#64=STYLED_ITEM('',(#389),#390);
#65=STYLED_ITEM('',(#391),#392);
#66=STYLED_ITEM('',(#393),#394);
#67=STYLED_ITEM('',(#395),#396);
#68=STYLED_ITEM('',(#397),#398);
#69=STYLED_ITEM('',(#399),#400);
#70=STYLED_ITEM('',(#401),#402);
#71=STYLED_ITEM('',(#403),#404);
#72=STYLED_ITEM('',(#405),#406);
#73=STYLED_ITEM('',(#407),#408);
#74=STYLED_ITEM('',(#409),#410);
#75=STYLED_ITEM('',(#411),#412);
#76=STYLED_ITEM('',(#413),#414);
#77=STYLED_ITEM('',(#415),#416);
#78=STYLED_ITEM('',(#417),#418);
#79=STYLED_ITEM('',(#419),#420);
#80=STYLED_ITEM('',(#421),#422);
#81=STYLED_ITEM('',(#423),#424);
#82=STYLED_ITEM('',(#425),#426);
#83=STYLED_ITEM('',(#427),#428);
#84=STYLED_ITEM('',(#429),#430);
#85=STYLED_ITEM('',(#431),#432);
#86=STYLED_ITEM('',(#433),#434);
#87=STYLED_ITEM('',(#435),#436);
#88=STYLED_ITEM('',(#437),#438);
#89=STYLED_ITEM('',(#439),#440);
#90=STYLED_ITEM('',(#441),#442);
#91=STYLED_ITEM('',(#443),#444);
#92=STYLED_ITEM('',(#445),#446);
#93=STYLED_ITEM('',(#447),#448);
#94=STYLED_ITEM('',(#449),#450);
#95=STYLED_ITEM('',(#451),#452);
#96=STYLED_ITEM('',(#453),#454);
#97=STYLED_ITEM('',(#455),#456);
#98=STYLED_ITEM('',(#457),#458);
#99=STYLED_ITEM('',(#459),#460);
#100=STYLED_ITEM('',(#461),#462);
#101=STYLED_ITEM('',(#463),#464);
#102=STYLED_ITEM('',(#465),#466);
#103=STYLED_ITEM('',(#467),#468);
#104=STYLED_ITEM('',(#469),#470);
#105=STYLED_ITEM('',(#471),#472);
#106=STYLED_ITEM('',(#473),#474);
#107=STYLED_ITEM('',(#475),#476);
#108=STYLED_ITEM('',(#477),#478);
#109=STYLED_ITEM('',(#479),#480);
#110=STYLED_ITEM('',(#481),#482);
#111=STYLED_ITEM('',(#483),#484);
#112=STYLED_ITEM('',(#485),#486);
#113=STYLED_ITEM('',(#487),#488);
#114=STYLED_ITEM('',(#489),#490);
#115=STYLED_ITEM('',(#491),#492);
#116=STYLED_ITEM('',(#493),#494);
#117=STYLED_ITEM('',(#495),#496);
#118=STYLED_ITEM('',(#497),#498);
#119=STYLED_ITEM('',(#499),#500);
#120=STYLED_ITEM('',(#501),#502);
#121=STYLED_ITEM('',(#503),#504);
#122=STYLED_ITEM('',(#505),#506);
#123=STYLED_ITEM('',(#507),#508);
#124=STYLED_ITEM('',(#509),#510);
#125=STYLED_ITEM('',(#511),#512);
#126=STYLED_ITEM('',(#513),#514);
#127=STYLED_ITEM('',(#515),#516);
#128=STYLED_ITEM('',(#517),#518);
#129=STYLED_ITEM('',(#519),#520);
#130=STYLED_ITEM('',(#521),#522);
#131=STYLED_ITEM('',(#523),#524);
#132=STYLED_ITEM('',(#525),#526);
#133=STYLED_ITEM('',(#527),#528);
#134=STYLED_ITEM('',(#529),#530);
#135=STYLED_ITEM('',(#531),#532);
#136=STYLED_ITEM('',(#533),#534);
#137=STYLED_ITEM('',(#535),#536);
#138=STYLED_ITEM('',(#537),#538);
#139=STYLED_ITEM('',(#539),#540);
#140=STYLED_ITEM('',(#541),#542);
#141=STYLED_ITEM('',(#543),#544);
#142=STYLED_ITEM('',(#545),#546);
#143=STYLED_ITEM('',(#547),#548);
#144=STYLED_ITEM('',(#549),#550);
#145=STYLED_ITEM('',(#551),#552);
#146=STYLED_ITEM('',(#553),#554);
#147=STYLED_ITEM('',(#555),#556);
#148=STYLED_ITEM('',(#557),#558);
#149=STYLED_ITEM('',(#559),#560);
#150=STYLED_ITEM('',(#561),#562);
#151=STYLED_ITEM('',(#563),#564);
#152=STYLED_ITEM('',(#565),#566);
#153=STYLED_ITEM('',(#567),#568);
#154=STYLED_ITEM('',(#569),#570);
#155=STYLED_ITEM('',(#571),#572);
#156=STYLED_ITEM('',(#573),#574);
#157=STYLED_ITEM('',(#575),#576);
#158=STYLED_ITEM('',(#577),#578);
#159=STYLED_ITEM('',(#579),#580);
#160=STYLED_ITEM('',(#581),#582);
#161=STYLED_ITEM('',(#583),#584);
#162=STYLED_ITEM('',(#585),#586);
#163=STYLED_ITEM('',(#587),#588);
#164=STYLED_ITEM('',(#589),#590);
#165=STYLED_ITEM('',(#591),#592);
#166=STYLED_ITEM('',(#593),#594);
#167=STYLED_ITEM('',(#595),#596);
#168=STYLED_ITEM('',(#597),#598);
#169=STYLED_ITEM('',(#599),#600);
#170=STYLED_ITEM('',(#601),#602);
#171=STYLED_ITEM('',(#603),#604);
#172=STYLED_ITEM('',(#605),#606);
#173=STYLED_ITEM('',(#607),#608);
#174=STYLED_ITEM('',(#609),#610);
#175=STYLED_ITEM('',(#611),#612);
#176=STYLED_ITEM('',(#613),#614);
#177=STYLED_ITEM('',(#615),#616);
#178=STYLED_ITEM('',(#617),#618);
#179=STYLED_ITEM('',(#619),#620);
#180=STYLED_ITEM('',(#621),#622);
#181=STYLED_ITEM('',(#623),#624);
#182=STYLED_ITEM('',(#625),#626);
#183=STYLED_ITEM('',(#627),#628);
#184=STYLED_ITEM('',(#629),#630);
#185=STYLED_ITEM('',(#631),#632);
#186=STYLED_ITEM('',(#633),#634);
#187=STYLED_ITEM('',(#635),#636);
#188=STYLED_ITEM('',(#637),#638);
#189=STYLED_ITEM('',(#639),#640);
#190=STYLED_ITEM('',(#641),#642);
#191=STYLED_ITEM('',(#643),#644);
#192=STYLED_ITEM('',(#645),#646);
#193=STYLED_ITEM('',(#647),#648);
#194=STYLED_ITEM('',(#649),#650);
#195=STYLED_ITEM('',(#651),#652);
#196=STYLED_ITEM('',(#653),#654);
#197=STYLED_ITEM('',(#655),#656);
#198=STYLED_ITEM('',(#657),#658);
#199=STYLED_ITEM('',(#659),#660);
#200=STYLED_ITEM('',(#661),#662);
#201=STYLED_ITEM('',(#663),#664);
#202=STYLED_ITEM('',(#665),#666);
#203=STYLED_ITEM('',(#667),#668);
#204=STYLED_ITEM('',(#669),#670);
#205=STYLED_ITEM('',(#671),#672);
#206=STYLED_ITEM('',(#673),#674);
#207=STYLED_ITEM('',(#675),#676);
#208=STYLED_ITEM('',(#677),#678);
#209=STYLED_ITEM('',(#679),#680);
#210=STYLED_ITEM('',(#681),#682);
#211=STYLED_ITEM('',(#683),#684);
#212=STYLED_ITEM('',(#685),#686);
#213=STYLED_ITEM('',(#687),#688);
#214=STYLED_ITEM('',(#689),#690);
#215=STYLED_ITEM('',(#691),#692);
#216=STYLED_ITEM('',(#693),#694);
#217=STYLED_ITEM('',(#695),#696);
#218=STYLED_ITEM('',(#697),#698);
#219=STYLED_ITEM('',(#699),#700);
#220=STYLED_ITEM('',(#701),#702);
#221=STYLED_ITEM('',(#703),#704);
#222=STYLED_ITEM('',(#705),#706);
#223=STYLED_ITEM('',(#707),#708);
#224=STYLED_ITEM('',(#709),#710);
#225=STYLED_ITEM('',(#711),#712);
#226=STYLED_ITEM('',(#713),#714);
#227=STYLED_ITEM('',(#715),#716);
#228=STYLED_ITEM('',(#717),#718);
#229=STYLED_ITEM('',(#719),#720);
#230=STYLED_ITEM('',(#721),#722);
#231=STYLED_ITEM('',(#723),#724);
#232=STYLED_ITEM('',(#725),#726);
#233=STYLED_ITEM('',(#727),#728);
#234=STYLED_ITEM('',(#729),#730);
#235=STYLED_ITEM('',(#731),#732);
#236=STYLED_ITEM('',(#733),#734);
#237=STYLED_ITEM('',(#735),#736);
#238=STYLED_ITEM('',(#737),#738);
#239=STYLED_ITEM('',(#739),#740);
#240=STYLED_ITEM('',(#741),#742);
#241=STYLED_ITEM('',(#743),#744);
#242=STYLED_ITEM('',(#745),#746);
#243=STYLED_ITEM('',(#747),#748);
#244=STYLED_ITEM('',(#749),#750);
#245=STYLED_ITEM('',(#751),#752);
#246=STYLED_ITEM('',(#753),#754);
#247=STYLED_ITEM('',(#755),#756);
#248=STYLED_ITEM('',(#757),#758);
#249=STYLED_ITEM('',(#759),#760);
#250=STYLED_ITEM('',(#761),#762);
#251=STYLED_ITEM('',(#763),#764);
#252=STYLED_ITEM('',(#765),#766);
#253=STYLED_ITEM('',(#767),#768);
#254=STYLED_ITEM('',(#769),#770);
#255=STYLED_ITEM('',(#771),#772);
#256=STYLED_ITEM('',(#773),#774);
#257=STYLED_ITEM('',(#775),#776);
#258=STYLED_ITEM('',(#777),#778);
#259=STYLED_ITEM('',(#779),#780);
#260=STYLED_ITEM('',(#781),#782);
#261=STYLED_ITEM('',(#783),#784);
#262=STYLED_ITEM('',(#785),#786);
#263=STYLED_ITEM('',(#787),#788);
#264=STYLED_ITEM('',(#789),#790);
#265=STYLED_ITEM('',(#791),#792);
#266=STYLED_ITEM('',(#793),#794);
#267=STYLED_ITEM('',(#795),#796);
#268=APPLICATION_CONTEXT('managed model based 3d engineering');
#269=PRODUCT_CATEGORY('part','NONE');
#270=PRODUCT_RELATED_PRODUCT_CATEGORY('detail',' ',(#797));
#271=PRODUCT_DEFINITION_SHAPE('NONE','NONE',#798);
#272=ADVANCED_BREP_SHAPE_REPRESENTATION('1',(#799,#800),#6);
#275=UNCERTAINTY_MEASURE_WITH_UNIT(LENGTH_MEASURE(1.0E-06),#277,'','');
#277= (CONVERSION_BASED_UNIT('MILLIMETRE',#803)LENGTH_UNIT()NAMED_UNIT(#806));
#278= (NAMED_UNIT(#808)PLANE_ANGLE_UNIT()SI_UNIT($,.RADIAN.));
#279= (NAMED_UNIT(#808)SOLID_ANGLE_UNIT()SI_UNIT($,.STERADIAN.));
#281=PRESENTATION_STYLE_ASSIGNMENT((#814));
#282=ADVANCED_FACE('',(#815),#816,.T.);
#283=PRESENTATION_STYLE_ASSIGNMENT((#817));
#284=ADVANCED_FACE('',(#818),#819,.T.);
#285=PRESENTATION_STYLE_ASSIGNMENT((#820));
#286=ADVANCED_FACE('',(#821),#822,.T.);
#287=PRESENTATION_STYLE_ASSIGNMENT((#823));
#288=ADVANCED_FACE('',(#824),#825,.T.);
#289=PRESENTATION_STYLE_ASSIGNMENT((#826));
#290=ADVANCED_FACE('',(#827),#828,.T.);
#291=PRESENTATION_STYLE_ASSIGNMENT((#829));
#292=ADVANCED_FACE('',(#830),#831,.T.);
#293=PRESENTATION_STYLE_ASSIGNMENT((#832));
#294=ADVANCED_FACE('',(#833),#834,.T.);
#295=PRESENTATION_STYLE_ASSIGNMENT((#835));
#296=ADVANCED_FACE('',(#836),#837,.T.);
#297=PRESENTATION_STYLE_ASSIGNMENT((#838));
#298=ADVANCED_FACE('',(#839),#840,.T.);
#299=PRESENTATION_STYLE_ASSIGNMENT((#841));
#300=ADVANCED_FACE('',(#842),#843,.T.);
#301=PRESENTATION_STYLE_ASSIGNMENT((#844));
#302=ADVANCED_FACE('',(#845),#846,.T.);
#303=PRESENTATION_STYLE_ASSIGNMENT((#847));
#304=ADVANCED_FACE('',(#848),#849,.T.);
#305=PRESENTATION_STYLE_ASSIGNMENT((#850));
#306=ADVANCED_FACE('',(#851),#852,.T.);
#307=PRESENTATION_STYLE_ASSIGNMENT((#853));
#308=ADVANCED_FACE('',(#854),#855,.T.);
#309=PRESENTATION_STYLE_ASSIGNMENT((#856));
#310=ADVANCED_FACE('',(#857),#858,.T.);
#311=PRESENTATION_STYLE_ASSIGNMENT((#859));
#312=ADVANCED_FACE('',(#860),#861,.T.);
#313=PRESENTATION_STYLE_ASSIGNMENT((#862));
#314=ADVANCED_FACE('',(#863,#864,#865),#866,.T.);
#315=PRESENTATION_STYLE_ASSIGNMENT((#867));
#316=ADVANCED_FACE('',(#868),#869,.T.);
#317=PRESENTATION_STYLE_ASSIGNMENT((#870));
#318=ADVANCED_FACE('',(#871),#872,.T.);
#319=PRESENTATION_STYLE_ASSIGNMENT((#873));
#320=ADVANCED_FACE('',(#874),#875,.T.);
#321=PRESENTATION_STYLE_ASSIGNMENT((#876));
#322=ADVANCED_FACE('',(#877),#878,.T.);
#323=PRESENTATION_STYLE_ASSIGNMENT((#879));
#324=ADVANCED_FACE('',(#880),#881,.T.);
#325=PRESENTATION_STYLE_ASSIGNMENT((#882));
#326=ADVANCED_FACE('',(#883),#884,.T.);
#327=PRESENTATION_STYLE_ASSIGNMENT((#885));
#328=ADVANCED_FACE('',(#886),#887,.T.);
#329=PRESENTATION_STYLE_ASSIGNMENT((#888));
#330=ADVANCED_FACE('',(#889),#890,.T.);
#331=PRESENTATION_STYLE_ASSIGNMENT((#891));
#332=ADVANCED_FACE('',(#892),#893,.T.);
#333=PRESENTATION_STYLE_ASSIGNMENT((#894));
#334=ADVANCED_FACE('',(#895),#896,.T.);
#335=PRESENTATION_STYLE_ASSIGNMENT((#897));
#336=ADVANCED_FACE('',(#898),#899,.T.);
#337=PRESENTATION_STYLE_ASSIGNMENT((#900));
#338=ADVANCED_FACE('',(#901),#902,.T.);
#339=PRESENTATION_STYLE_ASSIGNMENT((#903));
#340=ADVANCED_FACE('',(#904),#905,.T.);
#341=PRESENTATION_STYLE_ASSIGNMENT((#906));
#342=ADVANCED_FACE('',(#907),#908,.T.);
#343=PRESENTATION_STYLE_ASSIGNMENT((#909));
#344=ADVANCED_FACE('',(#910),#911,.T.);
#345=PRESENTATION_STYLE_ASSIGNMENT((#912));
#346=ADVANCED_FACE('',(#913),#914,.T.);
#347=PRESENTATION_STYLE_ASSIGNMENT((#915));
#348=ADVANCED_FACE('',(#916),#917,.T.);
#349=PRESENTATION_STYLE_ASSIGNMENT((#918));
#350=ADVANCED_FACE('',(#919),#920,.T.);
#351=PRESENTATION_STYLE_ASSIGNMENT((#921));
#352=ADVANCED_FACE('',(#922),#923,.T.);
#353=PRESENTATION_STYLE_ASSIGNMENT((#924));
#354=ADVANCED_FACE('',(#925),#926,.T.);
#355=PRESENTATION_STYLE_ASSIGNMENT((#927));
#356=ADVANCED_FACE('',(#928),#929,.T.);
#357=PRESENTATION_STYLE_ASSIGNMENT((#930));
#358=ADVANCED_FACE('',(#931),#932,.T.);
#359=PRESENTATION_STYLE_ASSIGNMENT((#933));
#360=ADVANCED_FACE('',(#934),#935,.T.);
#361=PRESENTATION_STYLE_ASSIGNMENT((#936));
#362=ADVANCED_FACE('',(#937),#938,.T.);
#363=PRESENTATION_STYLE_ASSIGNMENT((#939));
#364=ADVANCED_FACE('',(#940),#941,.T.);
#365=PRESENTATION_STYLE_ASSIGNMENT((#942));
#366=ADVANCED_FACE('',(#943),#944,.T.);
#367=PRESENTATION_STYLE_ASSIGNMENT((#945));
#368=ADVANCED_FACE('',(#946),#947,.T.);
#369=PRESENTATION_STYLE_ASSIGNMENT((#948));
#370=ADVANCED_FACE('',(#949),#950,.T.);
#371=PRESENTATION_STYLE_ASSIGNMENT((#951));
#372=ADVANCED_FACE('',(#952),#953,.T.);
#373=PRESENTATION_STYLE_ASSIGNMENT((#954));
#374=ADVANCED_FACE('',(#955),#956,.T.);
#375=PRESENTATION_STYLE_ASSIGNMENT((#957));
#376=ADVANCED_FACE('',(#958),#959,.T.);
#377=PRESENTATION_STYLE_ASSIGNMENT((#960));
#378=ADVANCED_FACE('',(#961),#962,.T.);
#379=PRESENTATION_STYLE_ASSIGNMENT((#963));
#380=ADVANCED_FACE('',(#964),#965,.T.);
#381=PRESENTATION_STYLE_ASSIGNMENT((#966));
#382=ADVANCED_FACE('',(#967),#968,.T.);
#383=PRESENTATION_STYLE_ASSIGNMENT((#969));
#384=ADVANCED_FACE('',(#970),#971,.T.);
#385=PRESENTATION_STYLE_ASSIGNMENT((#972));
#386=ADVANCED_FACE('',(#973),#974,.T.);
#387=PRESENTATION_STYLE_ASSIGNMENT((#975));
#388=ADVANCED_FACE('',(#976),#977,.T.);
#389=PRESENTATION_STYLE_ASSIGNMENT((#978));
#390=ADVANCED_FACE('',(#979),#980,.T.);
#391=PRESENTATION_STYLE_ASSIGNMENT((#981));
#392=ADVANCED_FACE('',(#982),#983,.T.);
#393=PRESENTATION_STYLE_ASSIGNMENT((#984));
#394=ADVANCED_FACE('',(#985),#986,.T.);
#395=PRESENTATION_STYLE_ASSIGNMENT((#987));
#396=ADVANCED_FACE('',(#988),#989,.T.);
#397=PRESENTATION_STYLE_ASSIGNMENT((#990));
#398=ADVANCED_FACE('',(#991),#992,.T.);
#399=PRESENTATION_STYLE_ASSIGNMENT((#993));
#400=ADVANCED_FACE('',(#994),#995,.T.);
#401=PRESENTATION_STYLE_ASSIGNMENT((#996));
#402=ADVANCED_FACE('',(#997),#998,.T.);
#403=PRESENTATION_STYLE_ASSIGNMENT((#999));
#404=ADVANCED_FACE('',(#1000),#1001,.T.);
#405=PRESENTATION_STYLE_ASSIGNMENT((#1002));
#406=ADVANCED_FACE('',(#1003),#1004,.T.);
#407=PRESENTATION_STYLE_ASSIGNMENT((#1005));
#408=ADVANCED_FACE('',(#1006),#1007,.T.);
#409=PRESENTATION_STYLE_ASSIGNMENT((#1008));
#410=ADVANCED_FACE('',(#1009),#1010,.T.);
#411=PRESENTATION_STYLE_ASSIGNMENT((#1011));
#412=ADVANCED_FACE('',(#1012),#1013,.T.);
#413=PRESENTATION_STYLE_ASSIGNMENT((#1014));
#414=ADVANCED_FACE('',(#1015),#1016,.T.);
#415=PRESENTATION_STYLE_ASSIGNMENT((#1017));
#416=ADVANCED_FACE('',(#1018),#1019,.T.);
#417=PRESENTATION_STYLE_ASSIGNMENT((#1020));
#418=ADVANCED_FACE('',(#1021),#1022,.T.);
#419=PRESENTATION_STYLE_ASSIGNMENT((#1023));
#420=ADVANCED_FACE('',(#1024),#1025,.T.);
#421=PRESENTATION_STYLE_ASSIGNMENT((#1026));
#422=ADVANCED_FACE('',(#1027),#1028,.T.);
#423=PRESENTATION_STYLE_ASSIGNMENT((#1029));
#424=ADVANCED_FACE('',(#1030),#1031,.T.);
#425=PRESENTATION_STYLE_ASSIGNMENT((#1032));
#426=ADVANCED_FACE('',(#1033),#1034,.T.);
#427=PRESENTATION_STYLE_ASSIGNMENT((#1035));
#428=ADVANCED_FACE('',(#1036),#1037,.T.);
#429=PRESENTATION_STYLE_ASSIGNMENT((#1038));
#430=ADVANCED_FACE('',(#1039),#1040,.T.);
#431=PRESENTATION_STYLE_ASSIGNMENT((#1041));
#432=ADVANCED_FACE('',(#1042),#1043,.T.);
#433=PRESENTATION_STYLE_ASSIGNMENT((#1044));
#434=ADVANCED_FACE('',(#1045),#1046,.T.);
#435=PRESENTATION_STYLE_ASSIGNMENT((#1047));
#436=ADVANCED_FACE('',(#1048),#1049,.F.);
#437=PRESENTATION_STYLE_ASSIGNMENT((#1050));
#438=ADVANCED_FACE('',(#1051),#1052,.T.);
#439=PRESENTATION_STYLE_ASSIGNMENT((#1053));
#440=ADVANCED_FACE('',(#1054),#1055,.T.);
#441=PRESENTATION_STYLE_ASSIGNMENT((#1056));
#442=ADVANCED_FACE('',(#1057),#1058,.T.);
#443=PRESENTATION_STYLE_ASSIGNMENT((#1059));
#444=ADVANCED_FACE('',(#1060),#1061,.F.);
#445=PRESENTATION_STYLE_ASSIGNMENT((#1062));
#446=ADVANCED_FACE('',(#1063),#1064,.T.);
#447=PRESENTATION_STYLE_ASSIGNMENT((#1065));
#448=ADVANCED_FACE('',(#1066),#1067,.T.);
#449=PRESENTATION_STYLE_ASSIGNMENT((#1068));
#450=ADVANCED_FACE('',(#1069),#1070,.T.);
#451=PRESENTATION_STYLE_ASSIGNMENT((#1071));
#452=ADVANCED_FACE('',(#1072),#1073,.F.);
#453=PRESENTATION_STYLE_ASSIGNMENT((#1074));
#454=ADVANCED_FACE('',(#1075),#1076,.T.);
#455=PRESENTATION_STYLE_ASSIGNMENT((#1077));
#456=ADVANCED_FACE('',(#1078),#1079,.T.);
#457=PRESENTATION_STYLE_ASSIGNMENT((#1080));
#458=ADVANCED_FACE('',(#1081),#1082,.T.);
#459=PRESENTATION_STYLE_ASSIGNMENT((#1083));
#460=ADVANCED_FACE('',(#1084),#1085,.F.);
#461=PRESENTATION_STYLE_ASSIGNMENT((#1086));
#462=ADVANCED_FACE('',(#1087),#1088,.T.);
#463=PRESENTATION_STYLE_ASSIGNMENT((#1089));
#464=ADVANCED_FACE('',(#1090),#1091,.T.);
#465=PRESENTATION_STYLE_ASSIGNMENT((#1092));
#466=ADVANCED_FACE('',(#1093),#1094,.T.);
#467=PRESENTATION_STYLE_ASSIGNMENT((#1095));
#468=ADVANCED_FACE('',(#1096),#1097,.F.);
#469=PRESENTATION_STYLE_ASSIGNMENT((#1098));
#470=ADVANCED_FACE('',(#1099),#1100,.T.);
#471=PRESENTATION_STYLE_ASSIGNMENT((#1101));
#472=ADVANCED_FACE('',(#1102),#1103,.T.);
#473=PRESENTATION_STYLE_ASSIGNMENT((#1104));
#474=ADVANCED_FACE('',(#1105),#1106,.T.);
#475=PRESENTATION_STYLE_ASSIGNMENT((#1107));
#476=ADVANCED_FACE('',(#1108),#1109,.F.);
#477=PRESENTATION_STYLE_ASSIGNMENT((#1110));
#478=ADVANCED_FACE('',(#1111),#1112,.T.);
#479=PRESENTATION_STYLE_ASSIGNMENT((#1113));
#480=ADVANCED_FACE('',(#1114),#1115,.T.);
#481=PRESENTATION_STYLE_ASSIGNMENT((#1116));
#482=ADVANCED_FACE('',(#1117),#1118,.T.);
#483=PRESENTATION_STYLE_ASSIGNMENT((#1119));
#484=ADVANCED_FACE('',(#1120),#1121,.F.);
#485=PRESENTATION_STYLE_ASSIGNMENT((#1122));
#486=ADVANCED_FACE('',(#1123),#1124,.T.);
#487=PRESENTATION_STYLE_ASSIGNMENT((#1125));
#488=ADVANCED_FACE('',(#1126),#1127,.T.);
#489=PRESENTATION_STYLE_ASSIGNMENT((#1128));
#490=ADVANCED_FACE('',(#1129),#1130,.T.);
#491=PRESENTATION_STYLE_ASSIGNMENT((#1131));
#492=ADVANCED_FACE('',(#1132),#1133,.F.);
#493=PRESENTATION_STYLE_ASSIGNMENT((#1134));
#494=ADVANCED_FACE('',(#1135),#1136,.T.);
#495=PRESENTATION_STYLE_ASSIGNMENT((#1137));
#496=ADVANCED_FACE('',(#1138),#1139,.T.);
#497=PRESENTATION_STYLE_ASSIGNMENT((#1140));
#498=ADVANCED_FACE('',(#1141),#1142,.T.);
#499=PRESENTATION_STYLE_ASSIGNMENT((#1143));
#500=ADVANCED_FACE('',(#1144),#1145,.F.);
#501=PRESENTATION_STYLE_ASSIGNMENT((#1146));
#502=ADVANCED_FACE('',(#1147),#1148,.T.);
#503=PRESENTATION_STYLE_ASSIGNMENT((#1149));
#504=ADVANCED_FACE('',(#1150),#1151,.T.);
#505=PRESENTATION_STYLE_ASSIGNMENT((#1152));
#506=ADVANCED_FACE('',(#1153),#1154,.T.);
#507=PRESENTATION_STYLE_ASSIGNMENT((#1155));
#508=ADVANCED_FACE('',(#1156),#1157,.F.);
#509=PRESENTATION_STYLE_ASSIGNMENT((#1158));
#510=ADVANCED_FACE('',(#1159),#1160,.T.);
#511=PRESENTATION_STYLE_ASSIGNMENT((#1161));
#512=ADVANCED_FACE('',(#1162),#1163,.T.);
#513=PRESENTATION_STYLE_ASSIGNMENT((#1164));
#514=ADVANCED_FACE('',(#1165),#1166,.T.);
#515=PRESENTATION_STYLE_ASSIGNMENT((#1167));
#516=ADVANCED_FACE('',(#1168),#1169,.F.);
#517=PRESENTATION_STYLE_ASSIGNMENT((#1170));
#518=ADVANCED_FACE('',(#1171),#1172,.T.);
#519=PRESENTATION_STYLE_ASSIGNMENT((#1173));
#520=ADVANCED_FACE('',(#1174),#1175,.T.);
#521=PRESENTATION_STYLE_ASSIGNMENT((#1176));
#522=ADVANCED_FACE('',(#1177),#1178,.T.);
#523=PRESENTATION_STYLE_ASSIGNMENT((#1179));
#524=ADVANCED_FACE('',(#1180),#1181,.F.);
#525=PRESENTATION_STYLE_ASSIGNMENT((#1182));
#526=ADVANCED_FACE('',(#1183),#1184,.T.);
#527=PRESENTATION_STYLE_ASSIGNMENT((#1185));
#528=ADVANCED_FACE('',(#1186),#1187,.T.);
#529=PRESENTATION_STYLE_ASSIGNMENT((#1188));
#530=ADVANCED_FACE('',(#1189),#1190,.T.);
#531=PRESENTATION_STYLE_ASSIGNMENT((#1191));
#532=ADVANCED_FACE('',(#1192),#1193,.F.);
#533=PRESENTATION_STYLE_ASSIGNMENT((#1194));
#534=ADVANCED_FACE('',(#1195),#1196,.T.);
#535=PRESENTATION_STYLE_ASSIGNMENT((#1197));
#536=ADVANCED_FACE('',(#1198),#1199,.T.);
#537=PRESENTATION_STYLE_ASSIGNMENT((#1200));
#538=ADVANCED_FACE('',(#1201),#1202,.T.);
#539=PRESENTATION_STYLE_ASSIGNMENT((#1203));
#540=ADVANCED_FACE('',(#1204),#1205,.F.);
#541=PRESENTATION_STYLE_ASSIGNMENT((#1206));
#542=ADVANCED_FACE('',(#1207),#1208,.T.);
#543=PRESENTATION_STYLE_ASSIGNMENT((#1209));
#544=ADVANCED_FACE('',(#1210),#1211,.T.);
#545=PRESENTATION_STYLE_ASSIGNMENT((#1212));
#546=ADVANCED_FACE('',(#1213),#1214,.T.);
#547=PRESENTATION_STYLE_ASSIGNMENT((#1215));
#548=ADVANCED_FACE('',(#1216),#1217,.F.);
#549=PRESENTATION_STYLE_ASSIGNMENT((#1218));
#550=ADVANCED_FACE('',(#1219),#1220,.T.);
#551=PRESENTATION_STYLE_ASSIGNMENT((#1221));
#552=ADVANCED_FACE('',(#1222),#1223,.T.);
#553=PRESENTATION_STYLE_ASSIGNMENT((#1224));
#554=ADVANCED_FACE('',(#1225),#1226,.T.);
#555=PRESENTATION_STYLE_ASSIGNMENT((#1227));
#556=ADVANCED_FACE('',(#1228),#1229,.F.);
#557=PRESENTATION_STYLE_ASSIGNMENT((#1230));
#558=ADVANCED_FACE('',(#1231),#1232,.T.);
#559=PRESENTATION_STYLE_ASSIGNMENT((#1233));
#560=ADVANCED_FACE('',(#1234),#1235,.T.);
#561=PRESENTATION_STYLE_ASSIGNMENT((#1236));
#562=ADVANCED_FACE('',(#1237),#1238,.T.);
#563=PRESENTATION_STYLE_ASSIGNMENT((#1239));
#564=ADVANCED_FACE('',(#1240),#1241,.F.);
#565=PRESENTATION_STYLE_ASSIGNMENT((#1242));
#566=ADVANCED_FACE('',(#1243),#1244,.T.);
#567=PRESENTATION_STYLE_ASSIGNMENT((#1245));
#568=ADVANCED_FACE('',(#1246),#1247,.T.);
#569=PRESENTATION_STYLE_ASSIGNMENT((#1248));
#570=ADVANCED_FACE('',(#1249),#1250,.T.);
#571=PRESENTATION_STYLE_ASSIGNMENT((#1251));
#572=ADVANCED_FACE('',(#1252),#1253,.F.);
#573=PRESENTATION_STYLE_ASSIGNMENT((#1254));
#574=ADVANCED_FACE('',(#1255),#1256,.T.);
#575=PRESENTATION_STYLE_ASSIGNMENT((#1257));
#576=ADVANCED_FACE('',(#1258),#1259,.T.);
#577=PRESENTATION_STYLE_ASSIGNMENT((#1260));
#578=ADVANCED_FACE('',(#1261),#1262,.T.);
#579=PRESENTATION_STYLE_ASSIGNMENT((#1263));
#580=ADVANCED_FACE('',(#1264),#1265,.T.);
#581=PRESENTATION_STYLE_ASSIGNMENT((#1266));
#582=ADVANCED_FACE('',(#1267),#1268,.F.);
#583=PRESENTATION_STYLE_ASSIGNMENT((#1269));
#584=ADVANCED_FACE('',(#1270),#1271,.F.);
#585=PRESENTATION_STYLE_ASSIGNMENT((#1272));
#586=ADVANCED_FACE('',(#1273),#1274,.T.);
#587=PRESENTATION_STYLE_ASSIGNMENT((#1275));
#588=ADVANCED_FACE('',(#1276),#1277,.T.);
#589=PRESENTATION_STYLE_ASSIGNMENT((#1278));
#590=ADVANCED_FACE('',(#1279),#1280,.F.);
#591=PRESENTATION_STYLE_ASSIGNMENT((#1281));
#592=ADVANCED_FACE('',(#1282),#1283,.F.);
#593=PRESENTATION_STYLE_ASSIGNMENT((#1284));
#594=ADVANCED_FACE('',(#1285),#1286,.F.);
#595=PRESENTATION_STYLE_ASSIGNMENT((#1287));
#596=ADVANCED_FACE('',(#1288),#1289,.F.);
#597=PRESENTATION_STYLE_ASSIGNMENT((#1290));
#598=ADVANCED_FACE('',(#1291),#1292,.F.);
#599=PRESENTATION_STYLE_ASSIGNMENT((#1293));
#600=ADVANCED_FACE('',(#1294),#1295,.F.);
#601=PRESENTATION_STYLE_ASSIGNMENT((#1296));
#602=ADVANCED_FACE('',(#1297),#1298,.F.);
#603=PRESENTATION_STYLE_ASSIGNMENT((#1299));
#604=ADVANCED_FACE('',(#1300),#1301,.F.);
#605=PRESENTATION_STYLE_ASSIGNMENT((#1302));
#606=ADVANCED_FACE('',(#1303),#1304,.F.);
#607=PRESENTATION_STYLE_ASSIGNMENT((#1305));
#608=ADVANCED_FACE('',(#1306),#1307,.F.);
#609=PRESENTATION_STYLE_ASSIGNMENT((#1308));
#610=ADVANCED_FACE('',(#1309),#1310,.F.);
#611=PRESENTATION_STYLE_ASSIGNMENT((#1311));
#612=ADVANCED_FACE('',(#1312),#1313,.F.);
#613=PRESENTATION_STYLE_ASSIGNMENT((#1314));
#614=ADVANCED_FACE('',(#1315),#1316,.F.);
#615=PRESENTATION_STYLE_ASSIGNMENT((#1317));
#616=ADVANCED_FACE('',(#1318),#1319,.F.);
#617=PRESENTATION_STYLE_ASSIGNMENT((#1320));
#618=ADVANCED_FACE('',(#1321),#1322,.F.);
#619=PRESENTATION_STYLE_ASSIGNMENT((#1323));
#620=ADVANCED_FACE('',(#1324,#1325,#1326,#1327,#1328,#1329,#1330),#1331,.T.);
#621=PRESENTATION_STYLE_ASSIGNMENT((#1332));
#622=ADVANCED_FACE('',(#1333),#1334,.F.);
#623=PRESENTATION_STYLE_ASSIGNMENT((#1335));
#624=ADVANCED_FACE('',(#1336),#1337,.F.);
#625=PRESENTATION_STYLE_ASSIGNMENT((#1338));
#626=ADVANCED_FACE('',(#1339),#1340,.F.);
#627=PRESENTATION_STYLE_ASSIGNMENT((#1341));
#628=ADVANCED_FACE('',(#1342),#1343,.F.);
#629=PRESENTATION_STYLE_ASSIGNMENT((#1344));
#630=ADVANCED_FACE('',(#1345),#1346,.F.);
#631=PRESENTATION_STYLE_ASSIGNMENT((#1347));
#632=ADVANCED_FACE('',(#1348),#1349,.F.);
#633=PRESENTATION_STYLE_ASSIGNMENT((#1350));
#634=ADVANCED_FACE('',(#1351),#1352,.F.);
#635=PRESENTATION_STYLE_ASSIGNMENT((#1353));
#636=ADVANCED_FACE('',(#1354),#1355,.F.);
#637=PRESENTATION_STYLE_ASSIGNMENT((#1356));
#638=ADVANCED_FACE('',(#1357),#1358,.F.);
#639=PRESENTATION_STYLE_ASSIGNMENT((#1359));
#640=ADVANCED_FACE('',(#1360),#1361,.F.);
#641=PRESENTATION_STYLE_ASSIGNMENT((#1362));
#642=ADVANCED_FACE('',(#1363),#1364,.F.);
#643=PRESENTATION_STYLE_ASSIGNMENT((#1365));
#644=ADVANCED_FACE('',(#1366),#1367,.F.);
#645=PRESENTATION_STYLE_ASSIGNMENT((#1368));
#646=ADVANCED_FACE('',(#1369),#1370,.F.);
#647=PRESENTATION_STYLE_ASSIGNMENT((#1371));
#648=ADVANCED_FACE('',(#1372),#1373,.F.);
#649=PRESENTATION_STYLE_ASSIGNMENT((#1374));
#650=ADVANCED_FACE('',(#1375),#1376,.F.);
#651=PRESENTATION_STYLE_ASSIGNMENT((#1377));
#652=ADVANCED_FACE('',(#1378),#1379,.F.);
#653=PRESENTATION_STYLE_ASSIGNMENT((#1380));
#654=ADVANCED_FACE('',(#1381),#1382,.F.);
#655=PRESENTATION_STYLE_ASSIGNMENT((#1383));
#656=ADVANCED_FACE('',(#1384),#1385,.F.);
#657=PRESENTATION_STYLE_ASSIGNMENT((#1386));
#658=ADVANCED_FACE('',(#1387),#1388,.F.);
#659=PRESENTATION_STYLE_ASSIGNMENT((#1389));
#660=ADVANCED_FACE('',(#1390),#1391,.F.);
#661=PRESENTATION_STYLE_ASSIGNMENT((#1392));
#662=ADVANCED_FACE('',(#1393),#1394,.F.);
#663=PRESENTATION_STYLE_ASSIGNMENT((#1395));
#664=ADVANCED_FACE('',(#1396),#1397,.F.);
#665=PRESENTATION_STYLE_ASSIGNMENT((#1398));
#666=ADVANCED_FACE('',(#1399),#1400,.F.);
#667=PRESENTATION_STYLE_ASSIGNMENT((#1401));
#668=ADVANCED_FACE('',(#1402),#1403,.F.);
#669=PRESENTATION_STYLE_ASSIGNMENT((#1404));
#670=ADVANCED_FACE('',(#1405),#1406,.F.);
#671=PRESENTATION_STYLE_ASSIGNMENT((#1407));
#672=ADVANCED_FACE('',(#1408),#1409,.F.);
#673=PRESENTATION_STYLE_ASSIGNMENT((#1410));
#674=ADVANCED_FACE('',(#1411),#1412,.F.);
#675=PRESENTATION_STYLE_ASSIGNMENT((#1413));
#676=ADVANCED_FACE('',(#1414),#1415,.T.);
#677=PRESENTATION_STYLE_ASSIGNMENT((#1416));
#678=ADVANCED_FACE('',(#1417),#1418,.T.);
#679=PRESENTATION_STYLE_ASSIGNMENT((#1419));
#680=ADVANCED_FACE('',(#1420),#1421,.T.);
#681=PRESENTATION_STYLE_ASSIGNMENT((#1422));
#682=ADVANCED_FACE('',(#1423),#1424,.T.);
#683=PRESENTATION_STYLE_ASSIGNMENT((#1425));
#684=ADVANCED_FACE('',(#1426),#1427,.F.);
#685=PRESENTATION_STYLE_ASSIGNMENT((#1428));
#686=ADVANCED_FACE('',(#1429),#1430,.T.);
#687=PRESENTATION_STYLE_ASSIGNMENT((#1431));
#688=ADVANCED_FACE('',(#1432),#1433,.T.);
#689=PRESENTATION_STYLE_ASSIGNMENT((#1434));
#690=ADVANCED_FACE('',(#1435),#1436,.T.);
#691=PRESENTATION_STYLE_ASSIGNMENT((#1437));
#692=ADVANCED_FACE('',(#1438),#1439,.T.);
#693=PRESENTATION_STYLE_ASSIGNMENT((#1440));
#694=ADVANCED_FACE('',(#1441),#1442,.T.);
#695=PRESENTATION_STYLE_ASSIGNMENT((#1443));
#696=ADVANCED_FACE('',(#1444),#1445,.T.);
#697=PRESENTATION_STYLE_ASSIGNMENT((#1446));
#698=ADVANCED_FACE('',(#1447),#1448,.F.);
#699=PRESENTATION_STYLE_ASSIGNMENT((#1449));
#700=ADVANCED_FACE('',(#1450),#1451,.F.);
#701=PRESENTATION_STYLE_ASSIGNMENT((#1452));
#702=ADVANCED_FACE('',(#1453),#1454,.F.);
#703=PRESENTATION_STYLE_ASSIGNMENT((#1455));
#704=ADVANCED_FACE('',(#1456),#1457,.F.);
#705=PRESENTATION_STYLE_ASSIGNMENT((#1458));
#706=ADVANCED_FACE('',(#1459,#1460),#1461,.T.);
#707=PRESENTATION_STYLE_ASSIGNMENT((#1462));
#708=ADVANCED_FACE('',(#1463),#1464,.T.);
#709=PRESENTATION_STYLE_ASSIGNMENT((#1465));
#710=ADVANCED_FACE('',(#1466),#1467,.F.);
#711=PRESENTATION_STYLE_ASSIGNMENT((#1468));
#712=ADVANCED_FACE('',(#1469),#1470,.F.);
#713=PRESENTATION_STYLE_ASSIGNMENT((#1471));
#714=ADVANCED_FACE('',(#1472),#1473,.F.);
#715=PRESENTATION_STYLE_ASSIGNMENT((#1474));
#716=ADVANCED_FACE('',(#1475),#1476,.T.);
#717=PRESENTATION_STYLE_ASSIGNMENT((#1477));
#718=ADVANCED_FACE('',(#1478),#1479,.F.);
#719=PRESENTATION_STYLE_ASSIGNMENT((#1480));
#720=ADVANCED_FACE('',(#1481),#1482,.F.);
#721=PRESENTATION_STYLE_ASSIGNMENT((#1483));
#722=ADVANCED_FACE('',(#1484),#1485,.F.);
#723=PRESENTATION_STYLE_ASSIGNMENT((#1486));
#724=ADVANCED_FACE('',(#1487),#1488,.F.);
#725=PRESENTATION_STYLE_ASSIGNMENT((#1489));
#726=ADVANCED_FACE('',(#1490),#1491,.T.);
#727=PRESENTATION_STYLE_ASSIGNMENT((#1492));
#728=ADVANCED_FACE('',(#1493),#1494,.T.);
#729=PRESENTATION_STYLE_ASSIGNMENT((#1495));
#730=ADVANCED_FACE('',(#1496),#1497,.T.);
#731=PRESENTATION_STYLE_ASSIGNMENT((#1498));
#732=ADVANCED_FACE('',(#1499),#1500,.T.);
#733=PRESENTATION_STYLE_ASSIGNMENT((#1501));
#734=ADVANCED_FACE('',(#1502),#1503,.F.);
#735=PRESENTATION_STYLE_ASSIGNMENT((#1504));
#736=ADVANCED_FACE('',(#1505),#1506,.T.);
#737=PRESENTATION_STYLE_ASSIGNMENT((#1507));
#738=ADVANCED_FACE('',(#1508),#1509,.T.);
#739=PRESENTATION_STYLE_ASSIGNMENT((#1510));
#740=ADVANCED_FACE('',(#1511),#1512,.F.);
#741=PRESENTATION_STYLE_ASSIGNMENT((#1513));
#742=ADVANCED_FACE('',(#1514),#1515,.F.);
#743=PRESENTATION_STYLE_ASSIGNMENT((#1516));
#744=ADVANCED_FACE('',(#1517),#1518,.F.);
#745=PRESENTATION_STYLE_ASSIGNMENT((#1519));
#746=ADVANCED_FACE('',(#1520),#1521,.T.);
#747=PRESENTATION_STYLE_ASSIGNMENT((#1522));
#748=ADVANCED_FACE('',(#1523),#1524,.T.);
#749=PRESENTATION_STYLE_ASSIGNMENT((#1525));
#750=ADVANCED_FACE('',(#1526),#1527,.T.);
#751=PRESENTATION_STYLE_ASSIGNMENT((#1528));
#752=ADVANCED_FACE('',(#1529),#1530,.T.);
#753=PRESENTATION_STYLE_ASSIGNMENT((#1531));
#754=ADVANCED_FACE('',(#1532),#1533,.T.);
#755=PRESENTATION_STYLE_ASSIGNMENT((#1534));
#756=ADVANCED_FACE('',(#1535),#1536,.T.);
#757=PRESENTATION_STYLE_ASSIGNMENT((#1537));
#758=ADVANCED_FACE('',(#1538),#1539,.F.);
#759=PRESENTATION_STYLE_ASSIGNMENT((#1540));
#760=ADVANCED_FACE('',(#1541),#1542,.F.);
#761=PRESENTATION_STYLE_ASSIGNMENT((#1543));
#762=ADVANCED_FACE('',(#1544),#1545,.F.);
#763=PRESENTATION_STYLE_ASSIGNMENT((#1546));
#764=ADVANCED_FACE('',(#1547),#1548,.F.);
#765=PRESENTATION_STYLE_ASSIGNMENT((#1549));
#766=ADVANCED_FACE('',(#1550),#1551,.F.);
#767=PRESENTATION_STYLE_ASSIGNMENT((#1552));
#768=ADVANCED_FACE('',(#1553),#1554,.F.);
#769=PRESENTATION_STYLE_ASSIGNMENT((#1555));
#770=ADVANCED_FACE('',(#1556),#1557,.F.);
#771=PRESENTATION_STYLE_ASSIGNMENT((#1558));
#772=ADVANCED_FACE('',(#1559),#1560,.T.);
#773=PRESENTATION_STYLE_ASSIGNMENT((#1561));
#774=ADVANCED_FACE('',(#1562),#1563,.F.);
#775=PRESENTATION_STYLE_ASSIGNMENT((#1564));
#776=ADVANCED_FACE('',(#1565),#1566,.F.);
#777=PRESENTATION_STYLE_ASSIGNMENT((#1567));
#778=ADVANCED_FACE('',(#1568),#1569,.F.);
#779=PRESENTATION_STYLE_ASSIGNMENT((#1570));
#780=ADVANCED_FACE('',(#1571),#1572,.F.);
#781=PRESENTATION_STYLE_ASSIGNMENT((#1573));
#782=ADVANCED_FACE('',(#1574),#1575,.T.);
#783=PRESENTATION_STYLE_ASSIGNMENT((#1576));
#784=ADVANCED_FACE('',(#1577),#1578,.T.);
#785=PRESENTATION_STYLE_ASSIGNMENT((#1579));
#786=ADVANCED_FACE('',(#1580),#1581,.T.);
#787=PRESENTATION_STYLE_ASSIGNMENT((#1582));
#788=ADVANCED_FACE('',(#1583),#1584,.T.);
#789=PRESENTATION_STYLE_ASSIGNMENT((#1585));
#790=ADVANCED_FACE('',(#1586),#1587,.T.);
#791=PRESENTATION_STYLE_ASSIGNMENT((#1588));
#792=ADVANCED_FACE('',(#1589),#1590,.T.);
#793=PRESENTATION_STYLE_ASSIGNMENT((#1591));
#794=ADVANCED_FACE('',(#1592),#1593,.T.);
#795=PRESENTATION_STYLE_ASSIGNMENT((#1594));
#796=ADVANCED_FACE('',(#1595),#1596,.T.);
#797=PRODUCT('1','','PART--DESC',(#1597));
#798=PRODUCT_DEFINITION('','NONE',#1598,#2);
#799=MANIFOLD_SOLID_BREP('1',#1599);
#800=AXIS2_PLACEMENT_3D('',#1600,#1601,#1602);
#803=LENGTH_MEASURE_WITH_UNIT(LENGTH_MEASURE(1.0),#1603);
#806=DIMENSIONAL_EXPONENTS(1.0,0.0,0.0,0.0,0.0,0.0,0.0);
#808=DIMENSIONAL_EXPONENTS(0.0,0.0,0.0,0.0,0.0,0.0,0.0);
#814=SURFACE_STYLE_USAGE(.BOTH.,#1604);
#815=FACE_OUTER_BOUND('',#1605,.T.);
#816=CONICAL_SURFACE('',#1606,0.275,0.785398163397448);
#817=SURFACE_STYLE_USAGE(.BOTH.,#1607);
#818=FACE_OUTER_BOUND('',#1608,.T.);
#819=CYLINDRICAL_SURFACE('',#1609,0.35);
#820=SURFACE_STYLE_USAGE(.BOTH.,#1610);
#821=FACE_OUTER_BOUND('',#1611,.T.);
#822=CONICAL_SURFACE('',#1612,0.275,0.785398163397448);
#823=SURFACE_STYLE_USAGE(.BOTH.,#1613);
#824=FACE_OUTER_BOUND('',#1614,.T.);
#825=CYLINDRICAL_SURFACE('',#1615,0.35);
#826=SURFACE_STYLE_USAGE(.BOTH.,#1616);
#827=FACE_OUTER_BOUND('',#1617,.T.);
#828=PLANE('',#1618);
#829=SURFACE_STYLE_USAGE(.BOTH.,#1619);
#830=FACE_OUTER_BOUND('',#1620,.T.);
#831=CYLINDRICAL_SURFACE('',#1621,0.55);
#832=SURFACE_STYLE_USAGE(.BOTH.,#1622);
#833=FACE_OUTER_BOUND('',#1623,.T.);
#834=PLANE('',#1624);
#835=SURFACE_STYLE_USAGE(.BOTH.,#1625);
#836=FACE_OUTER_BOUND('',#1626,.T.);
#837=PLANE('',#1627);
#838=SURFACE_STYLE_USAGE(.BOTH.,#1628);
#839=FACE_OUTER_BOUND('',#1629,.T.);
#840=CYLINDRICAL_SURFACE('',#1630,0.0499961747729044);
#841=SURFACE_STYLE_USAGE(.BOTH.,#1631);
#842=FACE_OUTER_BOUND('',#1632,.T.);
#843=PLANE('',#1633);
#844=SURFACE_STYLE_USAGE(.BOTH.,#1634);
#845=FACE_OUTER_BOUND('',#1635,.T.);
#846=CYLINDRICAL_SURFACE('',#1636,0.0499961747728573);
#847=SURFACE_STYLE_USAGE(.BOTH.,#1637);
#848=FACE_OUTER_BOUND('',#1638,.T.);
#849=PLANE('',#1639);
#850=SURFACE_STYLE_USAGE(.BOTH.,#1640);
#851=FACE_OUTER_BOUND('',#1641,.T.);
#852=PLANE('',#1642);
#853=SURFACE_STYLE_USAGE(.BOTH.,#1643);
#854=FACE_OUTER_BOUND('',#1644,.T.);
#855=PLANE('',#1645);
#856=SURFACE_STYLE_USAGE(.BOTH.,#1646);
#857=FACE_OUTER_BOUND('',#1647,.T.);
#858=PLANE('',#1648);
#859=SURFACE_STYLE_USAGE(.BOTH.,#1649);
#860=FACE_OUTER_BOUND('',#1650,.T.);
#861=PLANE('',#1651);
#862=SURFACE_STYLE_USAGE(.BOTH.,#1652);
#863=FACE_BOUND('',#1653,.T.);
#864=FACE_BOUND('',#1654,.T.);
#865=FACE_OUTER_BOUND('',#1655,.T.);
#866=PLANE('',#1656);
#867=SURFACE_STYLE_USAGE(.BOTH.,#1657);
#868=FACE_OUTER_BOUND('',#1658,.T.);
#869=PLANE('',#1659);
#870=SURFACE_STYLE_USAGE(.BOTH.,#1660);
#871=FACE_OUTER_BOUND('',#1661,.T.);
#872=CYLINDRICAL_SURFACE('',#1662,0.55);
#873=SURFACE_STYLE_USAGE(.BOTH.,#1663);
#874=FACE_OUTER_BOUND('',#1664,.T.);
#875=PLANE('',#1665);
#876=SURFACE_STYLE_USAGE(.BOTH.,#1666);
#877=FACE_OUTER_BOUND('',#1667,.T.);
#878=PLANE('',#1668);
#879=SURFACE_STYLE_USAGE(.BOTH.,#1669);
#880=FACE_OUTER_BOUND('',#1670,.T.);
#881=CYLINDRICAL_SURFACE('',#1671,0.0499961747729044);
#882=SURFACE_STYLE_USAGE(.BOTH.,#1672);
#883=FACE_OUTER_BOUND('',#1673,.T.);
#884=PLANE('',#1674);
#885=SURFACE_STYLE_USAGE(.BOTH.,#1675);
#886=FACE_OUTER_BOUND('',#1676,.T.);
#887=CYLINDRICAL_SURFACE('',#1677,0.0499961747728573);
#888=SURFACE_STYLE_USAGE(.BOTH.,#1678);
#889=FACE_OUTER_BOUND('',#1679,.T.);
#890=PLANE('',#1680);
#891=SURFACE_STYLE_USAGE(.BOTH.,#1681);
#892=FACE_OUTER_BOUND('',#1682,.T.);
#893=PLANE('',#1683);
#894=SURFACE_STYLE_USAGE(.BOTH.,#1684);
#895=FACE_OUTER_BOUND('',#1685,.T.);
#896=PLANE('',#1686);
#897=SURFACE_STYLE_USAGE(.BOTH.,#1687);
#898=FACE_OUTER_BOUND('',#1688,.T.);
#899=PLANE('',#1689);
#900=SURFACE_STYLE_USAGE(.BOTH.,#1690);
#901=FACE_OUTER_BOUND('',#1691,.T.);
#902=PLANE('',#1692);
#903=SURFACE_STYLE_USAGE(.BOTH.,#1693);
#904=FACE_OUTER_BOUND('',#1694,.T.);
#905=PLANE('',#1695);
#906=SURFACE_STYLE_USAGE(.BOTH.,#1696);
#907=FACE_OUTER_BOUND('',#1697,.T.);
#908=CYLINDRICAL_SURFACE('',#1698,0.55);
#909=SURFACE_STYLE_USAGE(.BOTH.,#1699);
#910=FACE_OUTER_BOUND('',#1700,.T.);
#911=PLANE('',#1701);
#912=SURFACE_STYLE_USAGE(.BOTH.,#1702);
#913=FACE_OUTER_BOUND('',#1703,.T.);
#914=PLANE('',#1704);
#915=SURFACE_STYLE_USAGE(.BOTH.,#1705);
#916=FACE_OUTER_BOUND('',#1706,.T.);
#917=CYLINDRICAL_SURFACE('',#1707,0.0499961747729044);
#918=SURFACE_STYLE_USAGE(.BOTH.,#1708);
#919=FACE_OUTER_BOUND('',#1709,.T.);
#920=PLANE('',#1710);
#921=SURFACE_STYLE_USAGE(.BOTH.,#1711);
#922=FACE_OUTER_BOUND('',#1712,.T.);
#923=CYLINDRICAL_SURFACE('',#1713,0.0499961747728573);
#924=SURFACE_STYLE_USAGE(.BOTH.,#1714);
#925=FACE_OUTER_BOUND('',#1715,.T.);
#926=PLANE('',#1716);
#927=SURFACE_STYLE_USAGE(.BOTH.,#1717);
#928=FACE_OUTER_BOUND('',#1718,.T.);
#929=PLANE('',#1719);
#930=SURFACE_STYLE_USAGE(.BOTH.,#1720);
#931=FACE_OUTER_BOUND('',#1721,.T.);
#932=PLANE('',#1722);
#933=SURFACE_STYLE_USAGE(.BOTH.,#1723);
#934=FACE_OUTER_BOUND('',#1724,.T.);
#935=PLANE('',#1725);
#936=SURFACE_STYLE_USAGE(.BOTH.,#1726);
#937=FACE_OUTER_BOUND('',#1727,.T.);
#938=PLANE('',#1728);
#939=SURFACE_STYLE_USAGE(.BOTH.,#1729);
#940=FACE_OUTER_BOUND('',#1730,.T.);
#941=PLANE('',#1731);
#942=SURFACE_STYLE_USAGE(.BOTH.,#1732);
#943=FACE_OUTER_BOUND('',#1733,.T.);
#944=CYLINDRICAL_SURFACE('',#1734,0.55);
#945=SURFACE_STYLE_USAGE(.BOTH.,#1735);
#946=FACE_OUTER_BOUND('',#1736,.T.);
#947=PLANE('',#1737);
#948=SURFACE_STYLE_USAGE(.BOTH.,#1738);
#949=FACE_OUTER_BOUND('',#1739,.T.);
#950=PLANE('',#1740);
#951=SURFACE_STYLE_USAGE(.BOTH.,#1741);
#952=FACE_OUTER_BOUND('',#1742,.T.);
#953=CYLINDRICAL_SURFACE('',#1743,0.0499961747729044);
#954=SURFACE_STYLE_USAGE(.BOTH.,#1744);
#955=FACE_OUTER_BOUND('',#1745,.T.);
#956=PLANE('',#1746);
#957=SURFACE_STYLE_USAGE(.BOTH.,#1747);
#958=FACE_OUTER_BOUND('',#1748,.T.);
#959=CYLINDRICAL_SURFACE('',#1749,0.0499961747728573);
#960=SURFACE_STYLE_USAGE(.BOTH.,#1750);
#961=FACE_OUTER_BOUND('',#1751,.T.);
#962=PLANE('',#1752);
#963=SURFACE_STYLE_USAGE(.BOTH.,#1753);
#964=FACE_OUTER_BOUND('',#1754,.T.);
#965=PLANE('',#1755);
#966=SURFACE_STYLE_USAGE(.BOTH.,#1756);
#967=FACE_OUTER_BOUND('',#1757,.T.);
#968=PLANE('',#1758);
#969=SURFACE_STYLE_USAGE(.BOTH.,#1759);
#970=FACE_OUTER_BOUND('',#1760,.T.);
#971=PLANE('',#1761);
#972=SURFACE_STYLE_USAGE(.BOTH.,#1762);
#973=FACE_OUTER_BOUND('',#1763,.T.);
#974=PLANE('',#1764);
#975=SURFACE_STYLE_USAGE(.BOTH.,#1765);
#976=FACE_OUTER_BOUND('',#1766,.T.);
#977=PLANE('',#1767);
#978=SURFACE_STYLE_USAGE(.BOTH.,#1768);
#979=FACE_OUTER_BOUND('',#1769,.T.);
#980=CYLINDRICAL_SURFACE('',#1770,0.55);
#981=SURFACE_STYLE_USAGE(.BOTH.,#1771);
#982=FACE_OUTER_BOUND('',#1772,.T.);
#983=PLANE('',#1773);
#984=SURFACE_STYLE_USAGE(.BOTH.,#1774);
#985=FACE_OUTER_BOUND('',#1775,.T.);
#986=PLANE('',#1776);
#987=SURFACE_STYLE_USAGE(.BOTH.,#1777);
#988=FACE_OUTER_BOUND('',#1778,.T.);
#989=CYLINDRICAL_SURFACE('',#1779,0.0499961747729044);
#990=SURFACE_STYLE_USAGE(.BOTH.,#1780);
#991=FACE_OUTER_BOUND('',#1781,.T.);
#992=PLANE('',#1782);
#993=SURFACE_STYLE_USAGE(.BOTH.,#1783);
#994=FACE_OUTER_BOUND('',#1784,.T.);
#995=CYLINDRICAL_SURFACE('',#1785,0.0499961747728573);
#996=SURFACE_STYLE_USAGE(.BOTH.,#1786);
#997=FACE_OUTER_BOUND('',#1787,.T.);
#998=PLANE('',#1788);
#999=SURFACE_STYLE_USAGE(.BOTH.,#1789);
#1000=FACE_OUTER_BOUND('',#1790,.T.);
#1001=PLANE('',#1791);
#1002=SURFACE_STYLE_USAGE(.BOTH.,#1792);
#1003=FACE_OUTER_BOUND('',#1793,.T.);
#1004=PLANE('',#1794);
#1005=SURFACE_STYLE_USAGE(.BOTH.,#1795);
#1006=FACE_OUTER_BOUND('',#1796,.T.);
#1007=PLANE('',#1797);
#1008=SURFACE_STYLE_USAGE(.BOTH.,#1798);
#1009=FACE_OUTER_BOUND('',#1799,.T.);
#1010=PLANE('',#1800);
#1011=SURFACE_STYLE_USAGE(.BOTH.,#1801);
#1012=FACE_OUTER_BOUND('',#1802,.T.);
#1013=PLANE('',#1803);
#1014=SURFACE_STYLE_USAGE(.BOTH.,#1804);
#1015=FACE_OUTER_BOUND('',#1805,.T.);
#1016=CYLINDRICAL_SURFACE('',#1806,0.55);
#1017=SURFACE_STYLE_USAGE(.BOTH.,#1807);
#1018=FACE_OUTER_BOUND('',#1808,.T.);
#1019=PLANE('',#1809);
#1020=SURFACE_STYLE_USAGE(.BOTH.,#1810);
#1021=FACE_OUTER_BOUND('',#1811,.T.);
#1022=PLANE('',#1812);
#1023=SURFACE_STYLE_USAGE(.BOTH.,#1813);
#1024=FACE_OUTER_BOUND('',#1814,.T.);
#1025=CYLINDRICAL_SURFACE('',#1815,0.0499961747729044);
#1026=SURFACE_STYLE_USAGE(.BOTH.,#1816);
#1027=FACE_OUTER_BOUND('',#1817,.T.);
#1028=PLANE('',#1818);
#1029=SURFACE_STYLE_USAGE(.BOTH.,#1819);
#1030=FACE_OUTER_BOUND('',#1820,.T.);
#1031=CYLINDRICAL_SURFACE('',#1821,0.0499961747728573);
#1032=SURFACE_STYLE_USAGE(.BOTH.,#1822);
#1033=FACE_OUTER_BOUND('',#1823,.T.);
#1034=PLANE('',#1824);
#1035=SURFACE_STYLE_USAGE(.BOTH.,#1825);
#1036=FACE_OUTER_BOUND('',#1826,.T.);
#1037=PLANE('',#1827);
#1038=SURFACE_STYLE_USAGE(.BOTH.,#1828);
#1039=FACE_OUTER_BOUND('',#1829,.T.);
#1040=PLANE('',#1830);
#1041=SURFACE_STYLE_USAGE(.BOTH.,#1831);
#1042=FACE_OUTER_BOUND('',#1832,.T.);
#1043=PLANE('',#1833);
#1044=SURFACE_STYLE_USAGE(.BOTH.,#1834);
#1045=FACE_OUTER_BOUND('',#1835,.T.);
#1046=PLANE('',#1836);
#1047=SURFACE_STYLE_USAGE(.BOTH.,#1837);
#1048=FACE_OUTER_BOUND('',#1838,.T.);
#1049=PLANE('',#1839);
#1050=SURFACE_STYLE_USAGE(.BOTH.,#1840);
#1051=FACE_OUTER_BOUND('',#1841,.T.);
#1052=PLANE('',#1842);
#1053=SURFACE_STYLE_USAGE(.BOTH.,#1843);
#1054=FACE_OUTER_BOUND('',#1844,.T.);
#1055=CYLINDRICAL_SURFACE('',#1845,0.2);
#1056=SURFACE_STYLE_USAGE(.BOTH.,#1846);
#1057=FACE_OUTER_BOUND('',#1847,.T.);
#1058=PLANE('',#1848);
#1059=SURFACE_STYLE_USAGE(.BOTH.,#1849);
#1060=FACE_OUTER_BOUND('',#1850,.T.);
#1061=CYLINDRICAL_SURFACE('',#1851,0.0999999999999957);
#1062=SURFACE_STYLE_USAGE(.BOTH.,#1852);
#1063=FACE_OUTER_BOUND('',#1853,.T.);
#1064=PLANE('',#1854);
#1065=SURFACE_STYLE_USAGE(.BOTH.,#1855);
#1066=FACE_OUTER_BOUND('',#1856,.T.);
#1067=PLANE('',#1857);
#1068=SURFACE_STYLE_USAGE(.BOTH.,#1858);
#1069=FACE_OUTER_BOUND('',#1859,.T.);
#1070=PLANE('',#1860);
#1071=SURFACE_STYLE_USAGE(.BOTH.,#1861);
#1072=FACE_OUTER_BOUND('',#1862,.T.);
#1073=CYLINDRICAL_SURFACE('',#1863,0.100000000000001);
#1074=SURFACE_STYLE_USAGE(.BOTH.,#1864);
#1075=FACE_OUTER_BOUND('',#1865,.T.);
#1076=PLANE('',#1866);
#1077=SURFACE_STYLE_USAGE(.BOTH.,#1867);
#1078=FACE_OUTER_BOUND('',#1868,.T.);
#1079=PLANE('',#1869);
#1080=SURFACE_STYLE_USAGE(.BOTH.,#1870);
#1081=FACE_OUTER_BOUND('',#1871,.T.);
#1082=PLANE('',#1872);
#1083=SURFACE_STYLE_USAGE(.BOTH.,#1873);
#1084=FACE_OUTER_BOUND('',#1874,.T.);
#1085=PLANE('',#1875);
#1086=SURFACE_STYLE_USAGE(.BOTH.,#1876);
#1087=FACE_OUTER_BOUND('',#1877,.T.);
#1088=PLANE('',#1878);
#1089=SURFACE_STYLE_USAGE(.BOTH.,#1879);
#1090=FACE_OUTER_BOUND('',#1880,.T.);
#1091=CYLINDRICAL_SURFACE('',#1881,0.2);
#1092=SURFACE_STYLE_USAGE(.BOTH.,#1882);
#1093=FACE_OUTER_BOUND('',#1883,.T.);
#1094=PLANE('',#1884);
#1095=SURFACE_STYLE_USAGE(.BOTH.,#1885);
#1096=FACE_OUTER_BOUND('',#1886,.T.);
#1097=CYLINDRICAL_SURFACE('',#1887,0.0999999999999957);
#1098=SURFACE_STYLE_USAGE(.BOTH.,#1888);
#1099=FACE_OUTER_BOUND('',#1889,.T.);
#1100=PLANE('',#1890);
#1101=SURFACE_STYLE_USAGE(.BOTH.,#1891);
#1102=FACE_OUTER_BOUND('',#1892,.T.);
#1103=PLANE('',#1893);
#1104=SURFACE_STYLE_USAGE(.BOTH.,#1894);
#1105=FACE_OUTER_BOUND('',#1895,.T.);
#1106=PLANE('',#1896);
#1107=SURFACE_STYLE_USAGE(.BOTH.,#1897);
#1108=FACE_OUTER_BOUND('',#1898,.T.);
#1109=CYLINDRICAL_SURFACE('',#1899,0.100000000000001);
#1110=SURFACE_STYLE_USAGE(.BOTH.,#1900);
#1111=FACE_OUTER_BOUND('',#1901,.T.);
#1112=PLANE('',#1902);
#1113=SURFACE_STYLE_USAGE(.BOTH.,#1903);
#1114=FACE_OUTER_BOUND('',#1904,.T.);
#1115=PLANE('',#1905);
#1116=SURFACE_STYLE_USAGE(.BOTH.,#1906);
#1117=FACE_OUTER_BOUND('',#1907,.T.);
#1118=PLANE('',#1908);
#1119=SURFACE_STYLE_USAGE(.BOTH.,#1909);
#1120=FACE_OUTER_BOUND('',#1910,.T.);
#1121=PLANE('',#1911);
#1122=SURFACE_STYLE_USAGE(.BOTH.,#1912);
#1123=FACE_OUTER_BOUND('',#1913,.T.);
#1124=PLANE('',#1914);
#1125=SURFACE_STYLE_USAGE(.BOTH.,#1915);
#1126=FACE_OUTER_BOUND('',#1916,.T.);
#1127=CYLINDRICAL_SURFACE('',#1917,0.2);
#1128=SURFACE_STYLE_USAGE(.BOTH.,#1918);
#1129=FACE_OUTER_BOUND('',#1919,.T.);
#1130=PLANE('',#1920);
#1131=SURFACE_STYLE_USAGE(.BOTH.,#1921);
#1132=FACE_OUTER_BOUND('',#1922,.T.);
#1133=CYLINDRICAL_SURFACE('',#1923,0.0999999999999957);
#1134=SURFACE_STYLE_USAGE(.BOTH.,#1924);
#1135=FACE_OUTER_BOUND('',#1925,.T.);
#1136=PLANE('',#1926);
#1137=SURFACE_STYLE_USAGE(.BOTH.,#1927);
#1138=FACE_OUTER_BOUND('',#1928,.T.);
#1139=PLANE('',#1929);
#1140=SURFACE_STYLE_USAGE(.BOTH.,#1930);
#1141=FACE_OUTER_BOUND('',#1931,.T.);
#1142=PLANE('',#1932);
#1143=SURFACE_STYLE_USAGE(.BOTH.,#1933);
#1144=FACE_OUTER_BOUND('',#1934,.T.);
#1145=CYLINDRICAL_SURFACE('',#1935,0.100000000000001);
#1146=SURFACE_STYLE_USAGE(.BOTH.,#1936);
#1147=FACE_OUTER_BOUND('',#1937,.T.);
#1148=PLANE('',#1938);
#1149=SURFACE_STYLE_USAGE(.BOTH.,#1939);
#1150=FACE_OUTER_BOUND('',#1940,.T.);
#1151=PLANE('',#1941);
#1152=SURFACE_STYLE_USAGE(.BOTH.,#1942);
#1153=FACE_OUTER_BOUND('',#1943,.T.);
#1154=PLANE('',#1944);
#1155=SURFACE_STYLE_USAGE(.BOTH.,#1945);
#1156=FACE_OUTER_BOUND('',#1946,.T.);
#1157=PLANE('',#1947);
#1158=SURFACE_STYLE_USAGE(.BOTH.,#1948);
#1159=FACE_OUTER_BOUND('',#1949,.T.);
#1160=PLANE('',#1950);
#1161=SURFACE_STYLE_USAGE(.BOTH.,#1951);
#1162=FACE_OUTER_BOUND('',#1952,.T.);
#1163=CYLINDRICAL_SURFACE('',#1953,0.2);
#1164=SURFACE_STYLE_USAGE(.BOTH.,#1954);
#1165=FACE_OUTER_BOUND('',#1955,.T.);
#1166=PLANE('',#1956);
#1167=SURFACE_STYLE_USAGE(.BOTH.,#1957);
#1168=FACE_OUTER_BOUND('',#1958,.T.);
#1169=CYLINDRICAL_SURFACE('',#1959,0.0999999999999957);
#1170=SURFACE_STYLE_USAGE(.BOTH.,#1960);
#1171=FACE_OUTER_BOUND('',#1961,.T.);
#1172=PLANE('',#1962);
#1173=SURFACE_STYLE_USAGE(.BOTH.,#1963);
#1174=FACE_OUTER_BOUND('',#1964,.T.);
#1175=PLANE('',#1965);
#1176=SURFACE_STYLE_USAGE(.BOTH.,#1966);
#1177=FACE_OUTER_BOUND('',#1967,.T.);
#1178=PLANE('',#1968);
#1179=SURFACE_STYLE_USAGE(.BOTH.,#1969);
#1180=FACE_OUTER_BOUND('',#1970,.T.);
#1181=CYLINDRICAL_SURFACE('',#1971,0.100000000000001);
#1182=SURFACE_STYLE_USAGE(.BOTH.,#1972);
#1183=FACE_OUTER_BOUND('',#1973,.T.);
#1184=PLANE('',#1974);
#1185=SURFACE_STYLE_USAGE(.BOTH.,#1975);
#1186=FACE_OUTER_BOUND('',#1976,.T.);
#1187=PLANE('',#1977);
#1188=SURFACE_STYLE_USAGE(.BOTH.,#1978);
#1189=FACE_OUTER_BOUND('',#1979,.T.);
#1190=PLANE('',#1980);
#1191=SURFACE_STYLE_USAGE(.BOTH.,#1981);
#1192=FACE_OUTER_BOUND('',#1982,.T.);
#1193=PLANE('',#1983);
#1194=SURFACE_STYLE_USAGE(.BOTH.,#1984);
#1195=FACE_OUTER_BOUND('',#1985,.T.);
#1196=PLANE('',#1986);
#1197=SURFACE_STYLE_USAGE(.BOTH.,#1987);
#1198=FACE_OUTER_BOUND('',#1988,.T.);
#1199=CYLINDRICAL_SURFACE('',#1989,0.2);
#1200=SURFACE_STYLE_USAGE(.BOTH.,#1990);
#1201=FACE_OUTER_BOUND('',#1991,.T.);
#1202=PLANE('',#1992);
#1203=SURFACE_STYLE_USAGE(.BOTH.,#1993);
#1204=FACE_OUTER_BOUND('',#1994,.T.);
#1205=CYLINDRICAL_SURFACE('',#1995,0.0999999999999957);
#1206=SURFACE_STYLE_USAGE(.BOTH.,#1996);
#1207=FACE_OUTER_BOUND('',#1997,.T.);
#1208=PLANE('',#1998);
#1209=SURFACE_STYLE_USAGE(.BOTH.,#1999);
#1210=FACE_OUTER_BOUND('',#2000,.T.);
#1211=PLANE('',#2001);
#1212=SURFACE_STYLE_USAGE(.BOTH.,#2002);
#1213=FACE_OUTER_BOUND('',#2003,.T.);
#1214=PLANE('',#2004);
#1215=SURFACE_STYLE_USAGE(.BOTH.,#2005);
#1216=FACE_OUTER_BOUND('',#2006,.T.);
#1217=CYLINDRICAL_SURFACE('',#2007,0.100000000000001);
#1218=SURFACE_STYLE_USAGE(.BOTH.,#2008);
#1219=FACE_OUTER_BOUND('',#2009,.T.);
#1220=PLANE('',#2010);
#1221=SURFACE_STYLE_USAGE(.BOTH.,#2011);
#1222=FACE_OUTER_BOUND('',#2012,.T.);
#1223=PLANE('',#2013);
#1224=SURFACE_STYLE_USAGE(.BOTH.,#2014);
#1225=FACE_OUTER_BOUND('',#2015,.T.);
#1226=PLANE('',#2016);
#1227=SURFACE_STYLE_USAGE(.BOTH.,#2017);
#1228=FACE_OUTER_BOUND('',#2018,.T.);
#1229=PLANE('',#2019);
#1230=SURFACE_STYLE_USAGE(.BOTH.,#2020);
#1231=FACE_OUTER_BOUND('',#2021,.T.);
#1232=PLANE('',#2022);
#1233=SURFACE_STYLE_USAGE(.BOTH.,#2023);
#1234=FACE_OUTER_BOUND('',#2024,.T.);
#1235=CYLINDRICAL_SURFACE('',#2025,0.2);
#1236=SURFACE_STYLE_USAGE(.BOTH.,#2026);
#1237=FACE_OUTER_BOUND('',#2027,.T.);
#1238=PLANE('',#2028);
#1239=SURFACE_STYLE_USAGE(.BOTH.,#2029);
#1240=FACE_OUTER_BOUND('',#2030,.T.);
#1241=CYLINDRICAL_SURFACE('',#2031,0.0999999999999957);
#1242=SURFACE_STYLE_USAGE(.BOTH.,#2032);
#1243=FACE_OUTER_BOUND('',#2033,.T.);
#1244=PLANE('',#2034);
#1245=SURFACE_STYLE_USAGE(.BOTH.,#2035);
#1246=FACE_OUTER_BOUND('',#2036,.T.);
#1247=PLANE('',#2037);
#1248=SURFACE_STYLE_USAGE(.BOTH.,#2038);
#1249=FACE_OUTER_BOUND('',#2039,.T.);
#1250=PLANE('',#2040);
#1251=SURFACE_STYLE_USAGE(.BOTH.,#2041);
#1252=FACE_OUTER_BOUND('',#2042,.T.);
#1253=CYLINDRICAL_SURFACE('',#2043,0.100000000000001);
#1254=SURFACE_STYLE_USAGE(.BOTH.,#2044);
#1255=FACE_OUTER_BOUND('',#2045,.T.);
#1256=PLANE('',#2046);
#1257=SURFACE_STYLE_USAGE(.BOTH.,#2047);
#1258=FACE_OUTER_BOUND('',#2048,.T.);
#1259=PLANE('',#2049);
#1260=SURFACE_STYLE_USAGE(.BOTH.,#2050);
#1261=FACE_OUTER_BOUND('',#2051,.T.);
#1262=PLANE('',#2052);
#1263=SURFACE_STYLE_USAGE(.BOTH.,#2053);
#1264=FACE_OUTER_BOUND('',#2054,.T.);
#1265=PLANE('',#2055);
#1266=SURFACE_STYLE_USAGE(.BOTH.,#2056);
#1267=FACE_OUTER_BOUND('',#2057,.T.);
#1268=PLANE('',#2058);
#1269=SURFACE_STYLE_USAGE(.BOTH.,#2059);
#1270=FACE_OUTER_BOUND('',#2060,.T.);
#1271=PLANE('',#2061);
#1272=SURFACE_STYLE_USAGE(.BOTH.,#2062);
#1273=FACE_OUTER_BOUND('',#2063,.T.);
#1274=PLANE('',#2064);
#1275=SURFACE_STYLE_USAGE(.BOTH.,#2065);
#1276=FACE_OUTER_BOUND('',#2066,.T.);
#1277=PLANE('',#2067);
#1278=SURFACE_STYLE_USAGE(.BOTH.,#2068);
#1279=FACE_OUTER_BOUND('',#2069,.T.);
#1280=PLANE('',#2070);
#1281=SURFACE_STYLE_USAGE(.BOTH.,#2071);
#1282=FACE_OUTER_BOUND('',#2072,.T.);
#1283=PLANE('',#2073);
#1284=SURFACE_STYLE_USAGE(.BOTH.,#2074);
#1285=FACE_OUTER_BOUND('',#2075,.T.);
#1286=PLANE('',#2076);
#1287=SURFACE_STYLE_USAGE(.BOTH.,#2077);
#1288=FACE_OUTER_BOUND('',#2078,.T.);
#1289=PLANE('',#2079);
#1290=SURFACE_STYLE_USAGE(.BOTH.,#2080);
#1291=FACE_OUTER_BOUND('',#2081,.T.);
#1292=PLANE('',#2082);
#1293=SURFACE_STYLE_USAGE(.BOTH.,#2083);
#1294=FACE_OUTER_BOUND('',#2084,.T.);
#1295=PLANE('',#2085);
#1296=SURFACE_STYLE_USAGE(.BOTH.,#2086);
#1297=FACE_OUTER_BOUND('',#2087,.T.);
#1298=PLANE('',#2088);
#1299=SURFACE_STYLE_USAGE(.BOTH.,#2089);
#1300=FACE_OUTER_BOUND('',#2090,.T.);
#1301=PLANE('',#2091);
#1302=SURFACE_STYLE_USAGE(.BOTH.,#2092);
#1303=FACE_OUTER_BOUND('',#2093,.T.);
#1304=PLANE('',#2094);
#1305=SURFACE_STYLE_USAGE(.BOTH.,#2095);
#1306=FACE_OUTER_BOUND('',#2096,.T.);
#1307=PLANE('',#2097);
#1308=SURFACE_STYLE_USAGE(.BOTH.,#2098);
#1309=FACE_OUTER_BOUND('',#2099,.T.);
#1310=PLANE('',#2100);
#1311=SURFACE_STYLE_USAGE(.BOTH.,#2101);
#1312=FACE_OUTER_BOUND('',#2102,.T.);
#1313=PLANE('',#2103);
#1314=SURFACE_STYLE_USAGE(.BOTH.,#2104);
#1315=FACE_OUTER_BOUND('',#2105,.T.);
#1316=PLANE('',#2106);
#1317=SURFACE_STYLE_USAGE(.BOTH.,#2107);
#1318=FACE_OUTER_BOUND('',#2108,.T.);
#1319=PLANE('',#2109);
#1320=SURFACE_STYLE_USAGE(.BOTH.,#2110);
#1321=FACE_OUTER_BOUND('',#2111,.T.);
#1322=PLANE('',#2112);
#1323=SURFACE_STYLE_USAGE(.BOTH.,#2113);
#1324=FACE_BOUND('',#2114,.T.);
#1325=FACE_BOUND('',#2115,.T.);
#1326=FACE_BOUND('',#2116,.T.);
#1327=FACE_BOUND('',#2117,.T.);
#1328=FACE_BOUND('',#2118,.T.);
#1329=FACE_BOUND('',#2119,.T.);
#1330=FACE_OUTER_BOUND('',#2120,.T.);
#1331=PLANE('',#2121);
#1332=SURFACE_STYLE_USAGE(.BOTH.,#2122);
#1333=FACE_OUTER_BOUND('',#2123,.T.);
#1334=PLANE('',#2124);
#1335=SURFACE_STYLE_USAGE(.BOTH.,#2125);
#1336=FACE_OUTER_BOUND('',#2126,.T.);
#1337=PLANE('',#2127);
#1338=SURFACE_STYLE_USAGE(.BOTH.,#2128);
#1339=FACE_OUTER_BOUND('',#2129,.T.);
#1340=PLANE('',#2130);
#1341=SURFACE_STYLE_USAGE(.BOTH.,#2131);
#1342=FACE_OUTER_BOUND('',#2132,.T.);
#1343=PLANE('',#2133);
#1344=SURFACE_STYLE_USAGE(.BOTH.,#2134);
#1345=FACE_OUTER_BOUND('',#2135,.T.);
#1346=PLANE('',#2136);
#1347=SURFACE_STYLE_USAGE(.BOTH.,#2137);
#1348=FACE_OUTER_BOUND('',#2138,.T.);
#1349=PLANE('',#2139);
#1350=SURFACE_STYLE_USAGE(.BOTH.,#2140);
#1351=FACE_OUTER_BOUND('',#2141,.T.);
#1352=PLANE('',#2142);
#1353=SURFACE_STYLE_USAGE(.BOTH.,#2143);
#1354=FACE_OUTER_BOUND('',#2144,.T.);
#1355=PLANE('',#2145);
#1356=SURFACE_STYLE_USAGE(.BOTH.,#2146);
#1357=FACE_OUTER_BOUND('',#2147,.T.);
#1358=PLANE('',#2148);
#1359=SURFACE_STYLE_USAGE(.BOTH.,#2149);
#1360=FACE_OUTER_BOUND('',#2150,.T.);
#1361=PLANE('',#2151);
#1362=SURFACE_STYLE_USAGE(.BOTH.,#2152);
#1363=FACE_OUTER_BOUND('',#2153,.T.);
#1364=PLANE('',#2154);
#1365=SURFACE_STYLE_USAGE(.BOTH.,#2155);
#1366=FACE_OUTER_BOUND('',#2156,.T.);
#1367=PLANE('',#2157);
#1368=SURFACE_STYLE_USAGE(.BOTH.,#2158);
#1369=FACE_OUTER_BOUND('',#2159,.T.);
#1370=PLANE('',#2160);
#1371=SURFACE_STYLE_USAGE(.BOTH.,#2161);
#1372=FACE_OUTER_BOUND('',#2162,.T.);
#1373=PLANE('',#2163);
#1374=SURFACE_STYLE_USAGE(.BOTH.,#2164);
#1375=FACE_OUTER_BOUND('',#2165,.T.);
#1376=PLANE('',#2166);
#1377=SURFACE_STYLE_USAGE(.BOTH.,#2167);
#1378=FACE_OUTER_BOUND('',#2168,.T.);
#1379=PLANE('',#2169);
#1380=SURFACE_STYLE_USAGE(.BOTH.,#2170);
#1381=FACE_OUTER_BOUND('',#2171,.T.);
#1382=PLANE('',#2172);
#1383=SURFACE_STYLE_USAGE(.BOTH.,#2173);
#1384=FACE_OUTER_BOUND('',#2174,.T.);
#1385=PLANE('',#2175);
#1386=SURFACE_STYLE_USAGE(.BOTH.,#2176);
#1387=FACE_OUTER_BOUND('',#2177,.T.);
#1388=CYLINDRICAL_SURFACE('',#2178,0.15);
#1389=SURFACE_STYLE_USAGE(.BOTH.,#2179);
#1390=FACE_OUTER_BOUND('',#2180,.T.);
#1391=PLANE('',#2181);
#1392=SURFACE_STYLE_USAGE(.BOTH.,#2182);
#1393=FACE_OUTER_BOUND('',#2183,.T.);
#1394=CYLINDRICAL_SURFACE('',#2184,0.15);
#1395=SURFACE_STYLE_USAGE(.BOTH.,#2185);
#1396=FACE_OUTER_BOUND('',#2186,.T.);
#1397=PLANE('',#2187);
#1398=SURFACE_STYLE_USAGE(.BOTH.,#2188);
#1399=FACE_OUTER_BOUND('',#2189,.T.);
#1400=PLANE('',#2190);
#1401=SURFACE_STYLE_USAGE(.BOTH.,#2191);
#1402=FACE_OUTER_BOUND('',#2192,.T.);
#1403=PLANE('',#2193);
#1404=SURFACE_STYLE_USAGE(.BOTH.,#2194);
#1405=FACE_OUTER_BOUND('',#2195,.T.);
#1406=CYLINDRICAL_SURFACE('',#2196,0.15);
#1407=SURFACE_STYLE_USAGE(.BOTH.,#2197);
#1408=FACE_OUTER_BOUND('',#2198,.T.);
#1409=PLANE('',#2199);
#1410=SURFACE_STYLE_USAGE(.BOTH.,#2200);
#1411=FACE_OUTER_BOUND('',#2201,.T.);
#1412=CYLINDRICAL_SURFACE('',#2202,0.15);
#1413=SURFACE_STYLE_USAGE(.BOTH.,#2203);
#1414=FACE_OUTER_BOUND('',#2204,.T.);
#1415=PLANE('',#2205);
#1416=SURFACE_STYLE_USAGE(.BOTH.,#2206);
#1417=FACE_OUTER_BOUND('',#2207,.T.);
#1418=PLANE('',#2208);
#1419=SURFACE_STYLE_USAGE(.BOTH.,#2209);
#1420=FACE_OUTER_BOUND('',#2210,.T.);
#1421=PLANE('',#2211);
#1422=SURFACE_STYLE_USAGE(.BOTH.,#2212);
#1423=FACE_OUTER_BOUND('',#2213,.T.);
#1424=PLANE('',#2214);
#1425=SURFACE_STYLE_USAGE(.BOTH.,#2215);
#1426=FACE_OUTER_BOUND('',#2216,.T.);
#1427=PLANE('',#2217);
#1428=SURFACE_STYLE_USAGE(.BOTH.,#2218);
#1429=FACE_OUTER_BOUND('',#2219,.T.);
#1430=CYLINDRICAL_SURFACE('',#2220,0.35);
#1431=SURFACE_STYLE_USAGE(.BOTH.,#2221);
#1432=FACE_OUTER_BOUND('',#2222,.T.);
#1433=CONICAL_SURFACE('',#2223,0.275,0.785398163397448);
#1434=SURFACE_STYLE_USAGE(.BOTH.,#2224);
#1435=FACE_OUTER_BOUND('',#2225,.T.);
#1436=PLANE('',#2226);
#1437=SURFACE_STYLE_USAGE(.BOTH.,#2227);
#1438=FACE_OUTER_BOUND('',#2228,.T.);
#1439=CYLINDRICAL_SURFACE('',#2229,0.35);
#1440=SURFACE_STYLE_USAGE(.BOTH.,#2230);
#1441=FACE_OUTER_BOUND('',#2231,.T.);
#1442=CONICAL_SURFACE('',#2232,0.275,0.785398163397448);
#1443=SURFACE_STYLE_USAGE(.BOTH.,#2233);
#1444=FACE_OUTER_BOUND('',#2234,.T.);
#1445=PLANE('',#2235);
#1446=SURFACE_STYLE_USAGE(.BOTH.,#2236);
#1447=FACE_OUTER_BOUND('',#2237,.T.);
#1448=PLANE('',#2238);
#1449=SURFACE_STYLE_USAGE(.BOTH.,#2239);
#1450=FACE_OUTER_BOUND('',#2240,.T.);
#1451=PLANE('',#2241);
#1452=SURFACE_STYLE_USAGE(.BOTH.,#2242);
#1453=FACE_OUTER_BOUND('',#2243,.T.);
#1454=PLANE('',#2244);
#1455=SURFACE_STYLE_USAGE(.BOTH.,#2245);
#1456=FACE_OUTER_BOUND('',#2246,.T.);
#1457=PLANE('',#2247);
#1458=SURFACE_STYLE_USAGE(.BOTH.,#2248);
#1459=FACE_OUTER_BOUND('',#2249,.T.);
#1460=FACE_BOUND('',#2250,.T.);
#1461=PLANE('',#2251);
#1462=SURFACE_STYLE_USAGE(.BOTH.,#2252);
#1463=FACE_OUTER_BOUND('',#2253,.T.);
#1464=PLANE('',#2254);
#1465=SURFACE_STYLE_USAGE(.BOTH.,#2255);
#1466=FACE_OUTER_BOUND('',#2256,.T.);
#1467=PLANE('',#2257);
#1468=SURFACE_STYLE_USAGE(.BOTH.,#2258);
#1469=FACE_OUTER_BOUND('',#2259,.T.);
#1470=PLANE('',#2260);
#1471=SURFACE_STYLE_USAGE(.BOTH.,#2261);
#1472=FACE_OUTER_BOUND('',#2262,.T.);
#1473=PLANE('',#2263);
#1474=SURFACE_STYLE_USAGE(.BOTH.,#2264);
#1475=FACE_OUTER_BOUND('',#2265,.T.);
#1476=PLANE('',#2266);
#1477=SURFACE_STYLE_USAGE(.BOTH.,#2267);
#1478=FACE_OUTER_BOUND('',#2268,.T.);
#1479=PLANE('',#2269);
#1480=SURFACE_STYLE_USAGE(.BOTH.,#2270);
#1481=FACE_OUTER_BOUND('',#2271,.T.);
#1482=PLANE('',#2272);
#1483=SURFACE_STYLE_USAGE(.BOTH.,#2273);
#1484=FACE_OUTER_BOUND('',#2274,.T.);
#1485=PLANE('',#2275);
#1486=SURFACE_STYLE_USAGE(.BOTH.,#2276);
#1487=FACE_OUTER_BOUND('',#2277,.T.);
#1488=PLANE('',#2278);
#1489=SURFACE_STYLE_USAGE(.BOTH.,#2279);
#1490=FACE_OUTER_BOUND('',#2280,.T.);
#1491=PLANE('',#2281);
#1492=SURFACE_STYLE_USAGE(.BOTH.,#2282);
#1493=FACE_OUTER_BOUND('',#2283,.T.);
#1494=PLANE('',#2284);
#1495=SURFACE_STYLE_USAGE(.BOTH.,#2285);
#1496=FACE_OUTER_BOUND('',#2286,.T.);
#1497=PLANE('',#2287);
#1498=SURFACE_STYLE_USAGE(.BOTH.,#2288);
#1499=FACE_OUTER_BOUND('',#2289,.T.);
#1500=PLANE('',#2290);
#1501=SURFACE_STYLE_USAGE(.BOTH.,#2291);
#1502=FACE_OUTER_BOUND('',#2292,.T.);
#1503=PLANE('',#2293);
#1504=SURFACE_STYLE_USAGE(.BOTH.,#2294);
#1505=FACE_OUTER_BOUND('',#2295,.T.);
#1506=PLANE('',#2296);
#1507=SURFACE_STYLE_USAGE(.BOTH.,#2297);
#1508=FACE_OUTER_BOUND('',#2298,.T.);
#1509=PLANE('',#2299);
#1510=SURFACE_STYLE_USAGE(.BOTH.,#2300);
#1511=FACE_OUTER_BOUND('',#2301,.T.);
#1512=PLANE('',#2302);
#1513=SURFACE_STYLE_USAGE(.BOTH.,#2303);
#1514=FACE_OUTER_BOUND('',#2304,.T.);
#1515=PLANE('',#2305);
#1516=SURFACE_STYLE_USAGE(.BOTH.,#2306);
#1517=FACE_OUTER_BOUND('',#2307,.T.);
#1518=PLANE('',#2308);
#1519=SURFACE_STYLE_USAGE(.BOTH.,#2309);
#1520=FACE_OUTER_BOUND('',#2310,.T.);
#1521=PLANE('',#2311);
#1522=SURFACE_STYLE_USAGE(.BOTH.,#2312);
#1523=FACE_OUTER_BOUND('',#2313,.T.);
#1524=PLANE('',#2314);
#1525=SURFACE_STYLE_USAGE(.BOTH.,#2315);
#1526=FACE_OUTER_BOUND('',#2316,.T.);
#1527=PLANE('',#2317);
#1528=SURFACE_STYLE_USAGE(.BOTH.,#2318);
#1529=FACE_OUTER_BOUND('',#2319,.T.);
#1530=PLANE('',#2320);
#1531=SURFACE_STYLE_USAGE(.BOTH.,#2321);
#1532=FACE_OUTER_BOUND('',#2322,.T.);
#1533=PLANE('',#2323);
#1534=SURFACE_STYLE_USAGE(.BOTH.,#2324);
#1535=FACE_OUTER_BOUND('',#2325,.T.);
#1536=PLANE('',#2326);
#1537=SURFACE_STYLE_USAGE(.BOTH.,#2327);
#1538=FACE_OUTER_BOUND('',#2328,.T.);
#1539=PLANE('',#2329);
#1540=SURFACE_STYLE_USAGE(.BOTH.,#2330);
#1541=FACE_OUTER_BOUND('',#2331,.T.);
#1542=PLANE('',#2332);
#1543=SURFACE_STYLE_USAGE(.BOTH.,#2333);
#1544=FACE_OUTER_BOUND('',#2334,.T.);
#1545=PLANE('',#2335);
#1546=SURFACE_STYLE_USAGE(.BOTH.,#2336);
#1547=FACE_OUTER_BOUND('',#2337,.T.);
#1548=PLANE('',#2338);
#1549=SURFACE_STYLE_USAGE(.BOTH.,#2339);
#1550=FACE_OUTER_BOUND('',#2340,.T.);
#1551=PLANE('',#2341);
#1552=SURFACE_STYLE_USAGE(.BOTH.,#2342);
#1553=FACE_OUTER_BOUND('',#2343,.T.);
#1554=PLANE('',#2344);
#1555=SURFACE_STYLE_USAGE(.BOTH.,#2345);
#1556=FACE_OUTER_BOUND('',#2346,.T.);
#1557=PLANE('',#2347);
#1558=SURFACE_STYLE_USAGE(.BOTH.,#2348);
#1559=FACE_OUTER_BOUND('',#2349,.T.);
#1560=PLANE('',#2350);
#1561=SURFACE_STYLE_USAGE(.BOTH.,#2351);
#1562=FACE_OUTER_BOUND('',#2352,.T.);
#1563=PLANE('',#2353);
#1564=SURFACE_STYLE_USAGE(.BOTH.,#2354);
#1565=FACE_OUTER_BOUND('',#2355,.T.);
#1566=PLANE('',#2356);
#1567=SURFACE_STYLE_USAGE(.BOTH.,#2357);
#1568=FACE_OUTER_BOUND('',#2358,.T.);
#1569=PLANE('',#2359);
#1570=SURFACE_STYLE_USAGE(.BOTH.,#2360);
#1571=FACE_OUTER_BOUND('',#2361,.T.);
#1572=PLANE('',#2362);
#1573=SURFACE_STYLE_USAGE(.BOTH.,#2363);
#1574=FACE_OUTER_BOUND('',#2364,.T.);
#1575=PLANE('',#2365);
#1576=SURFACE_STYLE_USAGE(.BOTH.,#2366);
#1577=FACE_OUTER_BOUND('',#2367,.T.);
#1578=PLANE('',#2368);
#1579=SURFACE_STYLE_USAGE(.BOTH.,#2369);
#1580=FACE_OUTER_BOUND('',#2370,.T.);
#1581=PLANE('',#2371);
#1582=SURFACE_STYLE_USAGE(.BOTH.,#2372);
#1583=FACE_OUTER_BOUND('',#2373,.T.);
#1584=PLANE('',#2374);
#1585=SURFACE_STYLE_USAGE(.BOTH.,#2375);
#1586=FACE_OUTER_BOUND('',#2376,.T.);
#1587=PLANE('',#2377);
#1588=SURFACE_STYLE_USAGE(.BOTH.,#2378);
#1589=FACE_OUTER_BOUND('',#2379,.T.);
#1590=PLANE('',#2380);
#1591=SURFACE_STYLE_USAGE(.BOTH.,#2381);
#1592=FACE_OUTER_BOUND('',#2382,.T.);
#1593=PLANE('',#2383);
#1594=SURFACE_STYLE_USAGE(.BOTH.,#2384);
#1595=FACE_OUTER_BOUND('',#2385,.T.);
#1596=PLANE('',#2386);
#1597=PRODUCT_CONTEXT('',#268,'mechanical');
#1598=PRODUCT_DEFINITION_FORMATION_WITH_SPECIFIED_SOURCE(' ','NONE',#797,.NOT_KNOWN.);
#1599=CLOSED_SHELL('',(#282,#284,#286,#288,#290,#292,#294,#296,#298,#300,#302,#304,#306,#308,#310,#312,#314,#316,#318,#320,#322,#324,#326,#328,#330,#332,#334,#336,#338,#340,#342,#344,#346,#348,#350,#352,#354,#356,#358,#360,#362,#364,#366,#368,#370,#372,#374,#376,#378,#380,#382,#384,#386,#388,#390,#392,#394,#396,#398,#400,#402,#404,#406,#408,#410,#412,#414,#416,#418,#420,#422,#424,#426,#428,#430,#432,#434,#436,#438,#440,#442,#444,#446,#448,#450,#452,#454,#456,#458,#460,#462,#464,#466,#468,#470,#472,#474,#476,#478,#480,#482,#484,#486,#488,#490,#492,#494,#496,#498,#500,#502,#504,#506,#508,#510,#512,#514,#516,#518,#520,#522,#524,#526,#528,#530,#532,#534,#536,#538,#540,#542,#544,#546,#548,#550,#552,#554,#556,#558,#560,#562,#564,#566,#568,#570,#572,#574,#576,#578,#580,#582,#584,#586,#588,#590,#592,#594,#596,#598,#600,#602,#604,#606,#608,#610,#612,#614,#616,#618,#620,#622,#624,#626,#628,#630,#632,#634,#636,#638,#640,#642,#644,#646,#648,#650,#652,#654,#656,#658,#660,#662,#664,#666,#668,#670,#672,#674,#676,#678,#680,#682,#684,#686,#688,#690,#692,#694,#696,#698,#700,#702,#704,#706,#708,#710,#712,#714,#716,#718,#720,#722,#724,#726,#728,#730,#732,#734,#736,#738,#740,#742,#744,#746,#748,#750,#752,#754,#756,#758,#760,#762,#764,#766,#768,#770,#772,#774,#776,#778,#780,#782,#784,#786,#788,#790,#792,#794,#796));
#1600=CARTESIAN_POINT('',(0.0,0.0,0.0));
#1601=DIRECTION('',(0.0,0.0,1.0));
#1602=DIRECTION('',(1.0,0.0,0.0));
#1603= (NAMED_UNIT(#806)LENGTH_UNIT()SI_UNIT(.MILLI.,.METRE.));
#1604=SURFACE_SIDE_STYLE('',(#2388));
#1605=EDGE_LOOP('',(#2389,#2390,#2391,#2392));
#1606=AXIS2_PLACEMENT_3D('',#2393,#2394,#2395);
#1607=SURFACE_SIDE_STYLE('',(#2396));
#1608=EDGE_LOOP('',(#2397,#2398,#2399,#2400));
#1609=AXIS2_PLACEMENT_3D('',#2401,#2402,#2403);
#1610=SURFACE_SIDE_STYLE('',(#2404));
#1611=EDGE_LOOP('',(#2405,#2406,#2407,#2408));
#1612=AXIS2_PLACEMENT_3D('',#2409,#2410,#2411);
#1613=SURFACE_SIDE_STYLE('',(#2412));
#1614=EDGE_LOOP('',(#2413,#2414,#2415,#2416));
#1615=AXIS2_PLACEMENT_3D('',#2417,#2418,#2419);
#1616=SURFACE_SIDE_STYLE('',(#2420));
#1617=EDGE_LOOP('',(#2421,#2422,#2423,#2424,#2425,#2426));
#1618=AXIS2_PLACEMENT_3D('',#2427,#2428,#2429);
#1619=SURFACE_SIDE_STYLE('',(#2430));
#1620=EDGE_LOOP('',(#2431,#2432,#2433,#2434));
#1621=AXIS2_PLACEMENT_3D('',#2435,#2436,#2437);
#1622=SURFACE_SIDE_STYLE('',(#2438));
#1623=EDGE_LOOP('',(#2439,#2440,#2441,#2442));
#1624=AXIS2_PLACEMENT_3D('',#2443,#2444,#2445);
#1625=SURFACE_SIDE_STYLE('',(#2446));
#1626=EDGE_LOOP('',(#2447,#2448,#2449,#2450,#2451,#2452));
#1627=AXIS2_PLACEMENT_3D('',#2453,#2454,#2455);
#1628=SURFACE_SIDE_STYLE('',(#2456));
#1629=EDGE_LOOP('',(#2457,#2458,#2459,#2460));
#1630=AXIS2_PLACEMENT_3D('',#2461,#2462,#2463);
#1631=SURFACE_SIDE_STYLE('',(#2464));
#1632=EDGE_LOOP('',(#2465,#2466,#2467,#2468));
#1633=AXIS2_PLACEMENT_3D('',#2469,#2470,#2471);
#1634=SURFACE_SIDE_STYLE('',(#2472));
#1635=EDGE_LOOP('',(#2473,#2474,#2475,#2476));
#1636=AXIS2_PLACEMENT_3D('',#2477,#2478,#2479);
#1637=SURFACE_SIDE_STYLE('',(#2480));
#1638=EDGE_LOOP('',(#2481,#2482,#2483,#2484,#2485,#2486));
#1639=AXIS2_PLACEMENT_3D('',#2487,#2488,#2489);
#1640=SURFACE_SIDE_STYLE('',(#2490));
#1641=EDGE_LOOP('',(#2491,#2492,#2493,#2494));
#1642=AXIS2_PLACEMENT_3D('',#2495,#2496,#2497);
#1643=SURFACE_SIDE_STYLE('',(#2498));
#1644=EDGE_LOOP('',(#2499,#2500,#2501,#2502,#2503,#2504));
#1645=AXIS2_PLACEMENT_3D('',#2505,#2506,#2507);
#1646=SURFACE_SIDE_STYLE('',(#2508));
#1647=EDGE_LOOP('',(#2509,#2510,#2511,#2512,#2513,#2514,#2515,#2516));
#1648=AXIS2_PLACEMENT_3D('',#2517,#2518,#2519);
#1649=SURFACE_SIDE_STYLE('',(#2520));
#1650=EDGE_LOOP('',(#2521,#2522,#2523,#2524,#2525,#2526,#2527,#2528));
#1651=AXIS2_PLACEMENT_3D('',#2529,#2530,#2531);
#1652=SURFACE_SIDE_STYLE('',(#2532));
#1653=EDGE_LOOP('',(#2533,#2534));
#1654=EDGE_LOOP('',(#2535,#2536));
#1655=EDGE_LOOP('',(#2537,#2538,#2539,#2540,#2541,#2542,#2543,#2544,#2545,#2546,#2547,#2548,#2549,#2550,#2551,#2552,#2553,#2554,#2555,#2556,#2557,#2558,#2559,#2560,#2561,#2562,#2563,#2564,#2565,#2566,#2567,#2568));
#1656=AXIS2_PLACEMENT_3D('',#2569,#2570,#2571);
#1657=SURFACE_SIDE_STYLE('',(#2572));
#1658=EDGE_LOOP('',(#2573,#2574,#2575,#2576,#2577,#2578));
#1659=AXIS2_PLACEMENT_3D('',#2579,#2580,#2581);
#1660=SURFACE_SIDE_STYLE('',(#2582));
#1661=EDGE_LOOP('',(#2583,#2584,#2585,#2586));
#1662=AXIS2_PLACEMENT_3D('',#2587,#2588,#2589);
#1663=SURFACE_SIDE_STYLE('',(#2590));
#1664=EDGE_LOOP('',(#2591,#2592,#2593,#2594));
#1665=AXIS2_PLACEMENT_3D('',#2595,#2596,#2597);
#1666=SURFACE_SIDE_STYLE('',(#2598));
#1667=EDGE_LOOP('',(#2599,#2600,#2601,#2602,#2603,#2604));
#1668=AXIS2_PLACEMENT_3D('',#2605,#2606,#2607);
#1669=SURFACE_SIDE_STYLE('',(#2608));
#1670=EDGE_LOOP('',(#2609,#2610,#2611,#2612));
#1671=AXIS2_PLACEMENT_3D('',#2613,#2614,#2615);
#1672=SURFACE_SIDE_STYLE('',(#2616));
#1673=EDGE_LOOP('',(#2617,#2618,#2619,#2620));
#1674=AXIS2_PLACEMENT_3D('',#2621,#2622,#2623);
#1675=SURFACE_SIDE_STYLE('',(#2624));
#1676=EDGE_LOOP('',(#2625,#2626,#2627,#2628));
#1677=AXIS2_PLACEMENT_3D('',#2629,#2630,#2631);
#1678=SURFACE_SIDE_STYLE('',(#2632));
#1679=EDGE_LOOP('',(#2633,#2634,#2635,#2636,#2637,#2638));
#1680=AXIS2_PLACEMENT_3D('',#2639,#2640,#2641);
#1681=SURFACE_SIDE_STYLE('',(#2642));
#1682=EDGE_LOOP('',(#2643,#2644,#2645,#2646));
#1683=AXIS2_PLACEMENT_3D('',#2647,#2648,#2649);
#1684=SURFACE_SIDE_STYLE('',(#2650));
#1685=EDGE_LOOP('',(#2651,#2652,#2653,#2654,#2655,#2656));
#1686=AXIS2_PLACEMENT_3D('',#2657,#2658,#2659);
#1687=SURFACE_SIDE_STYLE('',(#2660));
#1688=EDGE_LOOP('',(#2661,#2662,#2663,#2664,#2665,#2666,#2667,#2668));
#1689=AXIS2_PLACEMENT_3D('',#2669,#2670,#2671);
#1690=SURFACE_SIDE_STYLE('',(#2672));
#1691=EDGE_LOOP('',(#2673,#2674,#2675,#2676,#2677,#2678,#2679,#2680));
#1692=AXIS2_PLACEMENT_3D('',#2681,#2682,#2683);
#1693=SURFACE_SIDE_STYLE('',(#2684));
#1694=EDGE_LOOP('',(#2685,#2686,#2687,#2688,#2689,#2690));
#1695=AXIS2_PLACEMENT_3D('',#2691,#2692,#2693);
#1696=SURFACE_SIDE_STYLE('',(#2694));
#1697=EDGE_LOOP('',(#2695,#2696,#2697,#2698));
#1698=AXIS2_PLACEMENT_3D('',#2699,#2700,#2701);
#1699=SURFACE_SIDE_STYLE('',(#2702));
#1700=EDGE_LOOP('',(#2703,#2704,#2705,#2706));
#1701=AXIS2_PLACEMENT_3D('',#2707,#2708,#2709);
#1702=SURFACE_SIDE_STYLE('',(#2710));
#1703=EDGE_LOOP('',(#2711,#2712,#2713,#2714,#2715,#2716));
#1704=AXIS2_PLACEMENT_3D('',#2717,#2718,#2719);
#1705=SURFACE_SIDE_STYLE('',(#2720));
#1706=EDGE_LOOP('',(#2721,#2722,#2723,#2724));
#1707=AXIS2_PLACEMENT_3D('',#2725,#2726,#2727);
#1708=SURFACE_SIDE_STYLE('',(#2728));
#1709=EDGE_LOOP('',(#2729,#2730,#2731,#2732));
#1710=AXIS2_PLACEMENT_3D('',#2733,#2734,#2735);
#1711=SURFACE_SIDE_STYLE('',(#2736));
#1712=EDGE_LOOP('',(#2737,#2738,#2739,#2740));
#1713=AXIS2_PLACEMENT_3D('',#2741,#2742,#2743);
#1714=SURFACE_SIDE_STYLE('',(#2744));
#1715=EDGE_LOOP('',(#2745,#2746,#2747,#2748,#2749,#2750));
#1716=AXIS2_PLACEMENT_3D('',#2751,#2752,#2753);
#1717=SURFACE_SIDE_STYLE('',(#2754));
#1718=EDGE_LOOP('',(#2755,#2756,#2757,#2758));
#1719=AXIS2_PLACEMENT_3D('',#2759,#2760,#2761);
#1720=SURFACE_SIDE_STYLE('',(#2762));
#1721=EDGE_LOOP('',(#2763,#2764,#2765,#2766,#2767,#2768));
#1722=AXIS2_PLACEMENT_3D('',#2769,#2770,#2771);
#1723=SURFACE_SIDE_STYLE('',(#2772));
#1724=EDGE_LOOP('',(#2773,#2774,#2775,#2776,#2777,#2778,#2779,#2780));
#1725=AXIS2_PLACEMENT_3D('',#2781,#2782,#2783);
#1726=SURFACE_SIDE_STYLE('',(#2784));
#1727=EDGE_LOOP('',(#2785,#2786,#2787,#2788,#2789,#2790,#2791,#2792));
#1728=AXIS2_PLACEMENT_3D('',#2793,#2794,#2795);
#1729=SURFACE_SIDE_STYLE('',(#2796));
#1730=EDGE_LOOP('',(#2797,#2798,#2799,#2800,#2801,#2802));
#1731=AXIS2_PLACEMENT_3D('',#2803,#2804,#2805);
#1732=SURFACE_SIDE_STYLE('',(#2806));
#1733=EDGE_LOOP('',(#2807,#2808,#2809,#2810));
#1734=AXIS2_PLACEMENT_3D('',#2811,#2812,#2813);
#1735=SURFACE_SIDE_STYLE('',(#2814));
#1736=EDGE_LOOP('',(#2815,#2816,#2817,#2818));
#1737=AXIS2_PLACEMENT_3D('',#2819,#2820,#2821);
#1738=SURFACE_SIDE_STYLE('',(#2822));
#1739=EDGE_LOOP('',(#2823,#2824,#2825,#2826,#2827,#2828));
#1740=AXIS2_PLACEMENT_3D('',#2829,#2830,#2831);
#1741=SURFACE_SIDE_STYLE('',(#2832));
#1742=EDGE_LOOP('',(#2833,#2834,#2835,#2836));
#1743=AXIS2_PLACEMENT_3D('',#2837,#2838,#2839);
#1744=SURFACE_SIDE_STYLE('',(#2840));
#1745=EDGE_LOOP('',(#2841,#2842,#2843,#2844));
#1746=AXIS2_PLACEMENT_3D('',#2845,#2846,#2847);
#1747=SURFACE_SIDE_STYLE('',(#2848));
#1748=EDGE_LOOP('',(#2849,#2850,#2851,#2852));
#1749=AXIS2_PLACEMENT_3D('',#2853,#2854,#2855);
#1750=SURFACE_SIDE_STYLE('',(#2856));
#1751=EDGE_LOOP('',(#2857,#2858,#2859,#2860,#2861,#2862));
#1752=AXIS2_PLACEMENT_3D('',#2863,#2864,#2865);
#1753=SURFACE_SIDE_STYLE('',(#2866));
#1754=EDGE_LOOP('',(#2867,#2868,#2869,#2870));
#1755=AXIS2_PLACEMENT_3D('',#2871,#2872,#2873);
#1756=SURFACE_SIDE_STYLE('',(#2874));
#1757=EDGE_LOOP('',(#2875,#2876,#2877,#2878,#2879,#2880));
#1758=AXIS2_PLACEMENT_3D('',#2881,#2882,#2883);
#1759=SURFACE_SIDE_STYLE('',(#2884));
#1760=EDGE_LOOP('',(#2885,#2886,#2887,#2888,#2889,#2890,#2891,#2892));
#1761=AXIS2_PLACEMENT_3D('',#2893,#2894,#2895);
#1762=SURFACE_SIDE_STYLE('',(#2896));
#1763=EDGE_LOOP('',(#2897,#2898,#2899,#2900,#2901,#2902,#2903,#2904));
#1764=AXIS2_PLACEMENT_3D('',#2905,#2906,#2907);
#1765=SURFACE_SIDE_STYLE('',(#2908));
#1766=EDGE_LOOP('',(#2909,#2910,#2911,#2912,#2913,#2914));
#1767=AXIS2_PLACEMENT_3D('',#2915,#2916,#2917);
#1768=SURFACE_SIDE_STYLE('',(#2918));
#1769=EDGE_LOOP('',(#2919,#2920,#2921,#2922));
#1770=AXIS2_PLACEMENT_3D('',#2923,#2924,#2925);
#1771=SURFACE_SIDE_STYLE('',(#2926));
#1772=EDGE_LOOP('',(#2927,#2928,#2929,#2930));
#1773=AXIS2_PLACEMENT_3D('',#2931,#2932,#2933);
#1774=SURFACE_SIDE_STYLE('',(#2934));
#1775=EDGE_LOOP('',(#2935,#2936,#2937,#2938,#2939,#2940));
#1776=AXIS2_PLACEMENT_3D('',#2941,#2942,#2943);
#1777=SURFACE_SIDE_STYLE('',(#2944));
#1778=EDGE_LOOP('',(#2945,#2946,#2947,#2948));
#1779=AXIS2_PLACEMENT_3D('',#2949,#2950,#2951);
#1780=SURFACE_SIDE_STYLE('',(#2952));
#1781=EDGE_LOOP('',(#2953,#2954,#2955,#2956));
#1782=AXIS2_PLACEMENT_3D('',#2957,#2958,#2959);
#1783=SURFACE_SIDE_STYLE('',(#2960));
#1784=EDGE_LOOP('',(#2961,#2962,#2963,#2964));
#1785=AXIS2_PLACEMENT_3D('',#2965,#2966,#2967);
#1786=SURFACE_SIDE_STYLE('',(#2968));
#1787=EDGE_LOOP('',(#2969,#2970,#2971,#2972,#2973,#2974));
#1788=AXIS2_PLACEMENT_3D('',#2975,#2976,#2977);
#1789=SURFACE_SIDE_STYLE('',(#2978));
#1790=EDGE_LOOP('',(#2979,#2980,#2981,#2982));
#1791=AXIS2_PLACEMENT_3D('',#2983,#2984,#2985);
#1792=SURFACE_SIDE_STYLE('',(#2986));
#1793=EDGE_LOOP('',(#2987,#2988,#2989,#2990,#2991,#2992));
#1794=AXIS2_PLACEMENT_3D('',#2993,#2994,#2995);
#1795=SURFACE_SIDE_STYLE('',(#2996));
#1796=EDGE_LOOP('',(#2997,#2998,#2999,#3000,#3001,#3002,#3003,#3004));
#1797=AXIS2_PLACEMENT_3D('',#3005,#3006,#3007);
#1798=SURFACE_SIDE_STYLE('',(#3008));
#1799=EDGE_LOOP('',(#3009,#3010,#3011,#3012,#3013,#3014,#3015,#3016));
#1800=AXIS2_PLACEMENT_3D('',#3017,#3018,#3019);
#1801=SURFACE_SIDE_STYLE('',(#3020));
#1802=EDGE_LOOP('',(#3021,#3022,#3023,#3024,#3025,#3026));
#1803=AXIS2_PLACEMENT_3D('',#3027,#3028,#3029);
#1804=SURFACE_SIDE_STYLE('',(#3030));
#1805=EDGE_LOOP('',(#3031,#3032,#3033,#3034));
#1806=AXIS2_PLACEMENT_3D('',#3035,#3036,#3037);
#1807=SURFACE_SIDE_STYLE('',(#3038));
#1808=EDGE_LOOP('',(#3039,#3040,#3041,#3042));
#1809=AXIS2_PLACEMENT_3D('',#3043,#3044,#3045);
#1810=SURFACE_SIDE_STYLE('',(#3046));
#1811=EDGE_LOOP('',(#3047,#3048,#3049,#3050,#3051,#3052));
#1812=AXIS2_PLACEMENT_3D('',#3053,#3054,#3055);
#1813=SURFACE_SIDE_STYLE('',(#3056));
#1814=EDGE_LOOP('',(#3057,#3058,#3059,#3060));
#1815=AXIS2_PLACEMENT_3D('',#3061,#3062,#3063);
#1816=SURFACE_SIDE_STYLE('',(#3064));
#1817=EDGE_LOOP('',(#3065,#3066,#3067,#3068));
#1818=AXIS2_PLACEMENT_3D('',#3069,#3070,#3071);
#1819=SURFACE_SIDE_STYLE('',(#3072));
#1820=EDGE_LOOP('',(#3073,#3074,#3075,#3076));
#1821=AXIS2_PLACEMENT_3D('',#3077,#3078,#3079);
#1822=SURFACE_SIDE_STYLE('',(#3080));
#1823=EDGE_LOOP('',(#3081,#3082,#3083,#3084,#3085,#3086));
#1824=AXIS2_PLACEMENT_3D('',#3087,#3088,#3089);
#1825=SURFACE_SIDE_STYLE('',(#3090));
#1826=EDGE_LOOP('',(#3091,#3092,#3093,#3094));
#1827=AXIS2_PLACEMENT_3D('',#3095,#3096,#3097);
#1828=SURFACE_SIDE_STYLE('',(#3098));
#1829=EDGE_LOOP('',(#3099,#3100,#3101,#3102,#3103,#3104));
#1830=AXIS2_PLACEMENT_3D('',#3105,#3106,#3107);
#1831=SURFACE_SIDE_STYLE('',(#3108));
#1832=EDGE_LOOP('',(#3109,#3110,#3111,#3112,#3113,#3114,#3115,#3116));
#1833=AXIS2_PLACEMENT_3D('',#3117,#3118,#3119);
#1834=SURFACE_SIDE_STYLE('',(#3120));
#1835=EDGE_LOOP('',(#3121,#3122,#3123,#3124,#3125,#3126,#3127,#3128));
#1836=AXIS2_PLACEMENT_3D('',#3129,#3130,#3131);
#1837=SURFACE_SIDE_STYLE('',(#3132));
#1838=EDGE_LOOP('',(#3133,#3134,#3135,#3136,#3137,#3138,#3139,#3140,#3141,#3142,#3143));
#1839=AXIS2_PLACEMENT_3D('',#3144,#3145,#3146);
#1840=SURFACE_SIDE_STYLE('',(#3147));
#1841=EDGE_LOOP('',(#3148,#3149,#3150,#3151));
#1842=AXIS2_PLACEMENT_3D('',#3152,#3153,#3154);
#1843=SURFACE_SIDE_STYLE('',(#3155));
#1844=EDGE_LOOP('',(#3156,#3157,#3158,#3159));
#1845=AXIS2_PLACEMENT_3D('',#3160,#3161,#3162);
#1846=SURFACE_SIDE_STYLE('',(#3163));
#1847=EDGE_LOOP('',(#3164,#3165,#3166,#3167));
#1848=AXIS2_PLACEMENT_3D('',#3168,#3169,#3170);
#1849=SURFACE_SIDE_STYLE('',(#3171));
#1850=EDGE_LOOP('',(#3172,#3173,#3174,#3175));
#1851=AXIS2_PLACEMENT_3D('',#3176,#3177,#3178);
#1852=SURFACE_SIDE_STYLE('',(#3179));
#1853=EDGE_LOOP('',(#3180,#3181,#3182,#3183));
#1854=AXIS2_PLACEMENT_3D('',#3184,#3185,#3186);
#1855=SURFACE_SIDE_STYLE('',(#3187));
#1856=EDGE_LOOP('',(#3188,#3189,#3190,#3191));
#1857=AXIS2_PLACEMENT_3D('',#3192,#3193,#3194);
#1858=SURFACE_SIDE_STYLE('',(#3195));
#1859=EDGE_LOOP('',(#3196,#3197,#3198,#3199));
#1860=AXIS2_PLACEMENT_3D('',#3200,#3201,#3202);
#1861=SURFACE_SIDE_STYLE('',(#3203));
#1862=EDGE_LOOP('',(#3204,#3205,#3206,#3207));
#1863=AXIS2_PLACEMENT_3D('',#3208,#3209,#3210);
#1864=SURFACE_SIDE_STYLE('',(#3211));
#1865=EDGE_LOOP('',(#3212,#3213,#3214,#3215));
#1866=AXIS2_PLACEMENT_3D('',#3216,#3217,#3218);
#1867=SURFACE_SIDE_STYLE('',(#3219));
#1868=EDGE_LOOP('',(#3220,#3221,#3222,#3223));
#1869=AXIS2_PLACEMENT_3D('',#3224,#3225,#3226);
#1870=SURFACE_SIDE_STYLE('',(#3227));
#1871=EDGE_LOOP('',(#3228,#3229,#3230,#3231,#3232,#3233,#3234,#3235,#3236,#3237,#3238));
#1872=AXIS2_PLACEMENT_3D('',#3239,#3240,#3241);
#1873=SURFACE_SIDE_STYLE('',(#3242));
#1874=EDGE_LOOP('',(#3243,#3244,#3245,#3246,#3247,#3248,#3249,#3250,#3251,#3252,#3253));
#1875=AXIS2_PLACEMENT_3D('',#3254,#3255,#3256);
#1876=SURFACE_SIDE_STYLE('',(#3257));
#1877=EDGE_LOOP('',(#3258,#3259,#3260,#3261));
#1878=AXIS2_PLACEMENT_3D('',#3262,#3263,#3264);
#1879=SURFACE_SIDE_STYLE('',(#3265));
#1880=EDGE_LOOP('',(#3266,#3267,#3268,#3269));
#1881=AXIS2_PLACEMENT_3D('',#3270,#3271,#3272);
#1882=SURFACE_SIDE_STYLE('',(#3273));
#1883=EDGE_LOOP('',(#3274,#3275,#3276,#3277));
#1884=AXIS2_PLACEMENT_3D('',#3278,#3279,#3280);
#1885=SURFACE_SIDE_STYLE('',(#3281));
#1886=EDGE_LOOP('',(#3282,#3283,#3284,#3285));
#1887=AXIS2_PLACEMENT_3D('',#3286,#3287,#3288);
#1888=SURFACE_SIDE_STYLE('',(#3289));
#1889=EDGE_LOOP('',(#3290,#3291,#3292,#3293));
#1890=AXIS2_PLACEMENT_3D('',#3294,#3295,#3296);
#1891=SURFACE_SIDE_STYLE('',(#3297));
#1892=EDGE_LOOP('',(#3298,#3299,#3300,#3301));
#1893=AXIS2_PLACEMENT_3D('',#3302,#3303,#3304);
#1894=SURFACE_SIDE_STYLE('',(#3305));
#1895=EDGE_LOOP('',(#3306,#3307,#3308,#3309));
#1896=AXIS2_PLACEMENT_3D('',#3310,#3311,#3312);
#1897=SURFACE_SIDE_STYLE('',(#3313));
#1898=EDGE_LOOP('',(#3314,#3315,#3316,#3317));
#1899=AXIS2_PLACEMENT_3D('',#3318,#3319,#3320);
#1900=SURFACE_SIDE_STYLE('',(#3321));
#1901=EDGE_LOOP('',(#3322,#3323,#3324,#3325));
#1902=AXIS2_PLACEMENT_3D('',#3326,#3327,#3328);
#1903=SURFACE_SIDE_STYLE('',(#3329));
#1904=EDGE_LOOP('',(#3330,#3331,#3332,#3333));
#1905=AXIS2_PLACEMENT_3D('',#3334,#3335,#3336);
#1906=SURFACE_SIDE_STYLE('',(#3337));
#1907=EDGE_LOOP('',(#3338,#3339,#3340,#3341,#3342,#3343,#3344,#3345,#3346,#3347,#3348));
#1908=AXIS2_PLACEMENT_3D('',#3349,#3350,#3351);
#1909=SURFACE_SIDE_STYLE('',(#3352));
#1910=EDGE_LOOP('',(#3353,#3354,#3355,#3356,#3357,#3358,#3359,#3360,#3361,#3362,#3363));
#1911=AXIS2_PLACEMENT_3D('',#3364,#3365,#3366);
#1912=SURFACE_SIDE_STYLE('',(#3367));
#1913=EDGE_LOOP('',(#3368,#3369,#3370,#3371));
#1914=AXIS2_PLACEMENT_3D('',#3372,#3373,#3374);
#1915=SURFACE_SIDE_STYLE('',(#3375));
#1916=EDGE_LOOP('',(#3376,#3377,#3378,#3379));
#1917=AXIS2_PLACEMENT_3D('',#3380,#3381,#3382);
#1918=SURFACE_SIDE_STYLE('',(#3383));
#1919=EDGE_LOOP('',(#3384,#3385,#3386,#3387));
#1920=AXIS2_PLACEMENT_3D('',#3388,#3389,#3390);
#1921=SURFACE_SIDE_STYLE('',(#3391));
#1922=EDGE_LOOP('',(#3392,#3393,#3394,#3395));
#1923=AXIS2_PLACEMENT_3D('',#3396,#3397,#3398);
#1924=SURFACE_SIDE_STYLE('',(#3399));
#1925=EDGE_LOOP('',(#3400,#3401,#3402,#3403));
#1926=AXIS2_PLACEMENT_3D('',#3404,#3405,#3406);
#1927=SURFACE_SIDE_STYLE('',(#3407));
#1928=EDGE_LOOP('',(#3408,#3409,#3410,#3411));
#1929=AXIS2_PLACEMENT_3D('',#3412,#3413,#3414);
#1930=SURFACE_SIDE_STYLE('',(#3415));
#1931=EDGE_LOOP('',(#3416,#3417,#3418,#3419));
#1932=AXIS2_PLACEMENT_3D('',#3420,#3421,#3422);
#1933=SURFACE_SIDE_STYLE('',(#3423));
#1934=EDGE_LOOP('',(#3424,#3425,#3426,#3427));
#1935=AXIS2_PLACEMENT_3D('',#3428,#3429,#3430);
#1936=SURFACE_SIDE_STYLE('',(#3431));
#1937=EDGE_LOOP('',(#3432,#3433,#3434,#3435));
#1938=AXIS2_PLACEMENT_3D('',#3436,#3437,#3438);
#1939=SURFACE_SIDE_STYLE('',(#3439));
#1940=EDGE_LOOP('',(#3440,#3441,#3442,#3443));
#1941=AXIS2_PLACEMENT_3D('',#3444,#3445,#3446);
#1942=SURFACE_SIDE_STYLE('',(#3447));
#1943=EDGE_LOOP('',(#3448,#3449,#3450,#3451,#3452,#3453,#3454,#3455,#3456,#3457,#3458));
#1944=AXIS2_PLACEMENT_3D('',#3459,#3460,#3461);
#1945=SURFACE_SIDE_STYLE('',(#3462));
#1946=EDGE_LOOP('',(#3463,#3464,#3465,#3466,#3467,#3468,#3469,#3470,#3471,#3472,#3473));
#1947=AXIS2_PLACEMENT_3D('',#3474,#3475,#3476);
#1948=SURFACE_SIDE_STYLE('',(#3477));
#1949=EDGE_LOOP('',(#3478,#3479,#3480,#3481));
#1950=AXIS2_PLACEMENT_3D('',#3482,#3483,#3484);
#1951=SURFACE_SIDE_STYLE('',(#3485));
#1952=EDGE_LOOP('',(#3486,#3487,#3488,#3489));
#1953=AXIS2_PLACEMENT_3D('',#3490,#3491,#3492);
#1954=SURFACE_SIDE_STYLE('',(#3493));
#1955=EDGE_LOOP('',(#3494,#3495,#3496,#3497));
#1956=AXIS2_PLACEMENT_3D('',#3498,#3499,#3500);
#1957=SURFACE_SIDE_STYLE('',(#3501));
#1958=EDGE_LOOP('',(#3502,#3503,#3504,#3505));
#1959=AXIS2_PLACEMENT_3D('',#3506,#3507,#3508);
#1960=SURFACE_SIDE_STYLE('',(#3509));
#1961=EDGE_LOOP('',(#3510,#3511,#3512,#3513));
#1962=AXIS2_PLACEMENT_3D('',#3514,#3515,#3516);
#1963=SURFACE_SIDE_STYLE('',(#3517));
#1964=EDGE_LOOP('',(#3518,#3519,#3520,#3521));
#1965=AXIS2_PLACEMENT_3D('',#3522,#3523,#3524);
#1966=SURFACE_SIDE_STYLE('',(#3525));
#1967=EDGE_LOOP('',(#3526,#3527,#3528,#3529));
#1968=AXIS2_PLACEMENT_3D('',#3530,#3531,#3532);
#1969=SURFACE_SIDE_STYLE('',(#3533));
#1970=EDGE_LOOP('',(#3534,#3535,#3536,#3537));
#1971=AXIS2_PLACEMENT_3D('',#3538,#3539,#3540);
#1972=SURFACE_SIDE_STYLE('',(#3541));
#1973=EDGE_LOOP('',(#3542,#3543,#3544,#3545));
#1974=AXIS2_PLACEMENT_3D('',#3546,#3547,#3548);
#1975=SURFACE_SIDE_STYLE('',(#3549));
#1976=EDGE_LOOP('',(#3550,#3551,#3552,#3553));
#1977=AXIS2_PLACEMENT_3D('',#3554,#3555,#3556);
#1978=SURFACE_SIDE_STYLE('',(#3557));
#1979=EDGE_LOOP('',(#3558,#3559,#3560,#3561,#3562,#3563,#3564,#3565,#3566,#3567,#3568));
#1980=AXIS2_PLACEMENT_3D('',#3569,#3570,#3571);
#1981=SURFACE_SIDE_STYLE('',(#3572));
#1982=EDGE_LOOP('',(#3573,#3574,#3575,#3576,#3577,#3578,#3579,#3580,#3581,#3582,#3583));
#1983=AXIS2_PLACEMENT_3D('',#3584,#3585,#3586);
#1984=SURFACE_SIDE_STYLE('',(#3587));
#1985=EDGE_LOOP('',(#3588,#3589,#3590,#3591));
#1986=AXIS2_PLACEMENT_3D('',#3592,#3593,#3594);
#1987=SURFACE_SIDE_STYLE('',(#3595));
#1988=EDGE_LOOP('',(#3596,#3597,#3598,#3599));
#1989=AXIS2_PLACEMENT_3D('',#3600,#3601,#3602);
#1990=SURFACE_SIDE_STYLE('',(#3603));
#1991=EDGE_LOOP('',(#3604,#3605,#3606,#3607));
#1992=AXIS2_PLACEMENT_3D('',#3608,#3609,#3610);
#1993=SURFACE_SIDE_STYLE('',(#3611));
#1994=EDGE_LOOP('',(#3612,#3613,#3614,#3615));
#1995=AXIS2_PLACEMENT_3D('',#3616,#3617,#3618);
#1996=SURFACE_SIDE_STYLE('',(#3619));
#1997=EDGE_LOOP('',(#3620,#3621,#3622,#3623));
#1998=AXIS2_PLACEMENT_3D('',#3624,#3625,#3626);
#1999=SURFACE_SIDE_STYLE('',(#3627));
#2000=EDGE_LOOP('',(#3628,#3629,#3630,#3631));
#2001=AXIS2_PLACEMENT_3D('',#3632,#3633,#3634);
#2002=SURFACE_SIDE_STYLE('',(#3635));
#2003=EDGE_LOOP('',(#3636,#3637,#3638,#3639));
#2004=AXIS2_PLACEMENT_3D('',#3640,#3641,#3642);
#2005=SURFACE_SIDE_STYLE('',(#3643));
#2006=EDGE_LOOP('',(#3644,#3645,#3646,#3647));
#2007=AXIS2_PLACEMENT_3D('',#3648,#3649,#3650);
#2008=SURFACE_SIDE_STYLE('',(#3651));
#2009=EDGE_LOOP('',(#3652,#3653,#3654,#3655));
#2010=AXIS2_PLACEMENT_3D('',#3656,#3657,#3658);
#2011=SURFACE_SIDE_STYLE('',(#3659));
#2012=EDGE_LOOP('',(#3660,#3661,#3662,#3663));
#2013=AXIS2_PLACEMENT_3D('',#3664,#3665,#3666);
#2014=SURFACE_SIDE_STYLE('',(#3667));
#2015=EDGE_LOOP('',(#3668,#3669,#3670,#3671,#3672,#3673,#3674,#3675,#3676,#3677,#3678));
#2016=AXIS2_PLACEMENT_3D('',#3679,#3680,#3681);
#2017=SURFACE_SIDE_STYLE('',(#3682));
#2018=EDGE_LOOP('',(#3683,#3684,#3685,#3686,#3687,#3688,#3689,#3690,#3691,#3692,#3693));
#2019=AXIS2_PLACEMENT_3D('',#3694,#3695,#3696);
#2020=SURFACE_SIDE_STYLE('',(#3697));
#2021=EDGE_LOOP('',(#3698,#3699,#3700,#3701));
#2022=AXIS2_PLACEMENT_3D('',#3702,#3703,#3704);
#2023=SURFACE_SIDE_STYLE('',(#3705));
#2024=EDGE_LOOP('',(#3706,#3707,#3708,#3709));
#2025=AXIS2_PLACEMENT_3D('',#3710,#3711,#3712);
#2026=SURFACE_SIDE_STYLE('',(#3713));
#2027=EDGE_LOOP('',(#3714,#3715,#3716,#3717));
#2028=AXIS2_PLACEMENT_3D('',#3718,#3719,#3720);
#2029=SURFACE_SIDE_STYLE('',(#3721));
#2030=EDGE_LOOP('',(#3722,#3723,#3724,#3725));
#2031=AXIS2_PLACEMENT_3D('',#3726,#3727,#3728);
#2032=SURFACE_SIDE_STYLE('',(#3729));
#2033=EDGE_LOOP('',(#3730,#3731,#3732,#3733));
#2034=AXIS2_PLACEMENT_3D('',#3734,#3735,#3736);
#2035=SURFACE_SIDE_STYLE('',(#3737));
#2036=EDGE_LOOP('',(#3738,#3739,#3740,#3741));
#2037=AXIS2_PLACEMENT_3D('',#3742,#3743,#3744);
#2038=SURFACE_SIDE_STYLE('',(#3745));
#2039=EDGE_LOOP('',(#3746,#3747,#3748,#3749));
#2040=AXIS2_PLACEMENT_3D('',#3750,#3751,#3752);
#2041=SURFACE_SIDE_STYLE('',(#3753));
#2042=EDGE_LOOP('',(#3754,#3755,#3756,#3757));
#2043=AXIS2_PLACEMENT_3D('',#3758,#3759,#3760);
#2044=SURFACE_SIDE_STYLE('',(#3761));
#2045=EDGE_LOOP('',(#3762,#3763,#3764,#3765));
#2046=AXIS2_PLACEMENT_3D('',#3766,#3767,#3768);
#2047=SURFACE_SIDE_STYLE('',(#3769));
#2048=EDGE_LOOP('',(#3770,#3771,#3772,#3773));
#2049=AXIS2_PLACEMENT_3D('',#3774,#3775,#3776);
#2050=SURFACE_SIDE_STYLE('',(#3777));
#2051=EDGE_LOOP('',(#3778,#3779,#3780,#3781,#3782,#3783,#3784,#3785,#3786,#3787,#3788));
#2052=AXIS2_PLACEMENT_3D('',#3789,#3790,#3791);
#2053=SURFACE_SIDE_STYLE('',(#3792));
#2054=EDGE_LOOP('',(#3793,#3794,#3795));
#2055=AXIS2_PLACEMENT_3D('',#3796,#3797,#3798);
#2056=SURFACE_SIDE_STYLE('',(#3799));
#2057=EDGE_LOOP('',(#3800,#3801,#3802,#3803));
#2058=AXIS2_PLACEMENT_3D('',#3804,#3805,#3806);
#2059=SURFACE_SIDE_STYLE('',(#3807));
#2060=EDGE_LOOP('',(#3808,#3809,#3810,#3811));
#2061=AXIS2_PLACEMENT_3D('',#3812,#3813,#3814);
#2062=SURFACE_SIDE_STYLE('',(#3815));
#2063=EDGE_LOOP('',(#3816,#3817,#3818,#3819,#3820,#3821,#3822,#3823,#3824,#3825));
#2064=AXIS2_PLACEMENT_3D('',#3826,#3827,#3828);
#2065=SURFACE_SIDE_STYLE('',(#3829));
#2066=EDGE_LOOP('',(#3830,#3831,#3832));
#2067=AXIS2_PLACEMENT_3D('',#3833,#3834,#3835);
#2068=SURFACE_SIDE_STYLE('',(#3836));
#2069=EDGE_LOOP('',(#3837,#3838,#3839,#3840,#3841,#3842,#3843,#3844,#3845,#3846,#3847,#3848,#3849,#3850,#3851,#3852,#3853,#3854,#3855,#3856,#3857,#3858,#3859,#3860,#3861,#3862,#3863,#3864));
#2070=AXIS2_PLACEMENT_3D('',#3865,#3866,#3867);
#2071=SURFACE_SIDE_STYLE('',(#3868));
#2072=EDGE_LOOP('',(#3869,#3870,#3871));
#2073=AXIS2_PLACEMENT_3D('',#3872,#3873,#3874);
#2074=SURFACE_SIDE_STYLE('',(#3875));
#2075=EDGE_LOOP('',(#3876,#3877,#3878,#3879));
#2076=AXIS2_PLACEMENT_3D('',#3880,#3881,#3882);
#2077=SURFACE_SIDE_STYLE('',(#3883));
#2078=EDGE_LOOP('',(#3884,#3885,#3886,#3887));
#2079=AXIS2_PLACEMENT_3D('',#3888,#3889,#3890);
#2080=SURFACE_SIDE_STYLE('',(#3891));
#2081=EDGE_LOOP('',(#3892,#3893,#3894,#3895));
#2082=AXIS2_PLACEMENT_3D('',#3896,#3897,#3898);
#2083=SURFACE_SIDE_STYLE('',(#3899));
#2084=EDGE_LOOP('',(#3900,#3901,#3902,#3903));
#2085=AXIS2_PLACEMENT_3D('',#3904,#3905,#3906);
#2086=SURFACE_SIDE_STYLE('',(#3907));
#2087=EDGE_LOOP('',(#3908,#3909,#3910,#3911));
#2088=AXIS2_PLACEMENT_3D('',#3912,#3913,#3914);
#2089=SURFACE_SIDE_STYLE('',(#3915));
#2090=EDGE_LOOP('',(#3916,#3917,#3918,#3919));
#2091=AXIS2_PLACEMENT_3D('',#3920,#3921,#3922);
#2092=SURFACE_SIDE_STYLE('',(#3923));
#2093=EDGE_LOOP('',(#3924,#3925,#3926,#3927));
#2094=AXIS2_PLACEMENT_3D('',#3928,#3929,#3930);
#2095=SURFACE_SIDE_STYLE('',(#3931));
#2096=EDGE_LOOP('',(#3932,#3933,#3934,#3935));
#2097=AXIS2_PLACEMENT_3D('',#3936,#3937,#3938);
#2098=SURFACE_SIDE_STYLE('',(#3939));
#2099=EDGE_LOOP('',(#3940,#3941,#3942,#3943));
#2100=AXIS2_PLACEMENT_3D('',#3944,#3945,#3946);
#2101=SURFACE_SIDE_STYLE('',(#3947));
#2102=EDGE_LOOP('',(#3948,#3949,#3950,#3951));
#2103=AXIS2_PLACEMENT_3D('',#3952,#3953,#3954);
#2104=SURFACE_SIDE_STYLE('',(#3955));
#2105=EDGE_LOOP('',(#3956,#3957,#3958,#3959));
#2106=AXIS2_PLACEMENT_3D('',#3960,#3961,#3962);
#2107=SURFACE_SIDE_STYLE('',(#3963));
#2108=EDGE_LOOP('',(#3964,#3965,#3966,#3967));
#2109=AXIS2_PLACEMENT_3D('',#3968,#3969,#3970);
#2110=SURFACE_SIDE_STYLE('',(#3971));
#2111=EDGE_LOOP('',(#3972,#3973,#3974,#3975,#3976,#3977));
#2112=AXIS2_PLACEMENT_3D('',#3978,#3979,#3980);
#2113=SURFACE_SIDE_STYLE('',(#3981));
#2114=EDGE_LOOP('',(#3982,#3983,#3984,#3985));
#2115=EDGE_LOOP('',(#3986,#3987,#3988,#3989));
#2116=EDGE_LOOP('',(#3990,#3991,#3992,#3993));
#2117=EDGE_LOOP('',(#3994,#3995,#3996,#3997));
#2118=EDGE_LOOP('',(#3998,#3999,#4000,#4001));
#2119=EDGE_LOOP('',(#4002,#4003,#4004,#4005));
#2120=EDGE_LOOP('',(#4006,#4007,#4008,#4009,#4010,#4011,#4012,#4013,#4014,#4015,#4016,#4017,#4018,#4019,#4020,#4021,#4022,#4023,#4024,#4025,#4026,#4027,#4028,#4029,#4030,#4031,#4032,#4033,#4034,#4035,#4036,#4037,#4038,#4039,#4040,#4041,#4042,#4043,#4044,#4045));
#2121=AXIS2_PLACEMENT_3D('',#4046,#4047,#4048);
#2122=SURFACE_SIDE_STYLE('',(#4049));
#2123=EDGE_LOOP('',(#4050,#4051,#4052,#4053));
#2124=AXIS2_PLACEMENT_3D('',#4054,#4055,#4056);
#2125=SURFACE_SIDE_STYLE('',(#4057));
#2126=EDGE_LOOP('',(#4058,#4059,#4060,#4061));
#2127=AXIS2_PLACEMENT_3D('',#4062,#4063,#4064);
#2128=SURFACE_SIDE_STYLE('',(#4065));
#2129=EDGE_LOOP('',(#4066,#4067,#4068,#4069));
#2130=AXIS2_PLACEMENT_3D('',#4070,#4071,#4072);
#2131=SURFACE_SIDE_STYLE('',(#4073));
#2132=EDGE_LOOP('',(#4074,#4075,#4076,#4077));
#2133=AXIS2_PLACEMENT_3D('',#4078,#4079,#4080);
#2134=SURFACE_SIDE_STYLE('',(#4081));
#2135=EDGE_LOOP('',(#4082,#4083,#4084,#4085));
#2136=AXIS2_PLACEMENT_3D('',#4086,#4087,#4088);
#2137=SURFACE_SIDE_STYLE('',(#4089));
#2138=EDGE_LOOP('',(#4090,#4091,#4092,#4093));
#2139=AXIS2_PLACEMENT_3D('',#4094,#4095,#4096);
#2140=SURFACE_SIDE_STYLE('',(#4097));
#2141=EDGE_LOOP('',(#4098,#4099,#4100,#4101));
#2142=AXIS2_PLACEMENT_3D('',#4102,#4103,#4104);
#2143=SURFACE_SIDE_STYLE('',(#4105));
#2144=EDGE_LOOP('',(#4106,#4107,#4108,#4109));
#2145=AXIS2_PLACEMENT_3D('',#4110,#4111,#4112);
#2146=SURFACE_SIDE_STYLE('',(#4113));
#2147=EDGE_LOOP('',(#4114,#4115,#4116,#4117));
#2148=AXIS2_PLACEMENT_3D('',#4118,#4119,#4120);
#2149=SURFACE_SIDE_STYLE('',(#4121));
#2150=EDGE_LOOP('',(#4122,#4123,#4124,#4125));
#2151=AXIS2_PLACEMENT_3D('',#4126,#4127,#4128);
#2152=SURFACE_SIDE_STYLE('',(#4129));
#2153=EDGE_LOOP('',(#4130,#4131,#4132,#4133));
#2154=AXIS2_PLACEMENT_3D('',#4134,#4135,#4136);
#2155=SURFACE_SIDE_STYLE('',(#4137));
#2156=EDGE_LOOP('',(#4138,#4139,#4140,#4141));
#2157=AXIS2_PLACEMENT_3D('',#4142,#4143,#4144);
#2158=SURFACE_SIDE_STYLE('',(#4145));
#2159=EDGE_LOOP('',(#4146,#4147,#4148,#4149));
#2160=AXIS2_PLACEMENT_3D('',#4150,#4151,#4152);
#2161=SURFACE_SIDE_STYLE('',(#4153));
#2162=EDGE_LOOP('',(#4154,#4155,#4156,#4157));
#2163=AXIS2_PLACEMENT_3D('',#4158,#4159,#4160);
#2164=SURFACE_SIDE_STYLE('',(#4161));
#2165=EDGE_LOOP('',(#4162,#4163,#4164,#4165,#4166,#4167));
#2166=AXIS2_PLACEMENT_3D('',#4168,#4169,#4170);
#2167=SURFACE_SIDE_STYLE('',(#4171));
#2168=EDGE_LOOP('',(#4172,#4173,#4174,#4175));
#2169=AXIS2_PLACEMENT_3D('',#4176,#4177,#4178);
#2170=SURFACE_SIDE_STYLE('',(#4179));
#2171=EDGE_LOOP('',(#4180,#4181,#4182,#4183));
#2172=AXIS2_PLACEMENT_3D('',#4184,#4185,#4186);
#2173=SURFACE_SIDE_STYLE('',(#4187));
#2174=EDGE_LOOP('',(#4188,#4189,#4190,#4191));
#2175=AXIS2_PLACEMENT_3D('',#4192,#4193,#4194);
#2176=SURFACE_SIDE_STYLE('',(#4195));
#2177=EDGE_LOOP('',(#4196,#4197,#4198,#4199));
#2178=AXIS2_PLACEMENT_3D('',#4200,#4201,#4202);
#2179=SURFACE_SIDE_STYLE('',(#4203));
#2180=EDGE_LOOP('',(#4204,#4205,#4206,#4207));
#2181=AXIS2_PLACEMENT_3D('',#4208,#4209,#4210);
#2182=SURFACE_SIDE_STYLE('',(#4211));
#2183=EDGE_LOOP('',(#4212,#4213,#4214,#4215));
#2184=AXIS2_PLACEMENT_3D('',#4216,#4217,#4218);
#2185=SURFACE_SIDE_STYLE('',(#4219));
#2186=EDGE_LOOP('',(#4220,#4221,#4222,#4223));
#2187=AXIS2_PLACEMENT_3D('',#4224,#4225,#4226);
#2188=SURFACE_SIDE_STYLE('',(#4227));
#2189=EDGE_LOOP('',(#4228,#4229,#4230,#4231));
#2190=AXIS2_PLACEMENT_3D('',#4232,#4233,#4234);
#2191=SURFACE_SIDE_STYLE('',(#4235));
#2192=EDGE_LOOP('',(#4236,#4237,#4238,#4239));
#2193=AXIS2_PLACEMENT_3D('',#4240,#4241,#4242);
#2194=SURFACE_SIDE_STYLE('',(#4243));
#2195=EDGE_LOOP('',(#4244,#4245,#4246,#4247));
#2196=AXIS2_PLACEMENT_3D('',#4248,#4249,#4250);
#2197=SURFACE_SIDE_STYLE('',(#4251));
#2198=EDGE_LOOP('',(#4252,#4253,#4254,#4255));
#2199=AXIS2_PLACEMENT_3D('',#4256,#4257,#4258);
#2200=SURFACE_SIDE_STYLE('',(#4259));
#2201=EDGE_LOOP('',(#4260,#4261,#4262,#4263));
#2202=AXIS2_PLACEMENT_3D('',#4264,#4265,#4266);
#2203=SURFACE_SIDE_STYLE('',(#4267));
#2204=EDGE_LOOP('',(#4268,#4269,#4270,#4271));
#2205=AXIS2_PLACEMENT_3D('',#4272,#4273,#4274);
#2206=SURFACE_SIDE_STYLE('',(#4275));
#2207=EDGE_LOOP('',(#4276,#4277,#4278,#4279));
#2208=AXIS2_PLACEMENT_3D('',#4280,#4281,#4282);
#2209=SURFACE_SIDE_STYLE('',(#4283));
#2210=EDGE_LOOP('',(#4284,#4285,#4286,#4287));
#2211=AXIS2_PLACEMENT_3D('',#4288,#4289,#4290);
#2212=SURFACE_SIDE_STYLE('',(#4291));
#2213=EDGE_LOOP('',(#4292,#4293,#4294,#4295));
#2214=AXIS2_PLACEMENT_3D('',#4296,#4297,#4298);
#2215=SURFACE_SIDE_STYLE('',(#4299));
#2216=EDGE_LOOP('',(#4300,#4301,#4302,#4303));
#2217=AXIS2_PLACEMENT_3D('',#4304,#4305,#4306);
#2218=SURFACE_SIDE_STYLE('',(#4307));
#2219=EDGE_LOOP('',(#4308,#4309,#4310,#4311));
#2220=AXIS2_PLACEMENT_3D('',#4312,#4313,#4314);
#2221=SURFACE_SIDE_STYLE('',(#4315));
#2222=EDGE_LOOP('',(#4316,#4317,#4318,#4319));
#2223=AXIS2_PLACEMENT_3D('',#4320,#4321,#4322);
#2224=SURFACE_SIDE_STYLE('',(#4323));
#2225=EDGE_LOOP('',(#4324,#4325));
#2226=AXIS2_PLACEMENT_3D('',#4326,#4327,#4328);
#2227=SURFACE_SIDE_STYLE('',(#4329));
#2228=EDGE_LOOP('',(#4330,#4331,#4332,#4333));
#2229=AXIS2_PLACEMENT_3D('',#4334,#4335,#4336);
#2230=SURFACE_SIDE_STYLE('',(#4337));
#2231=EDGE_LOOP('',(#4338,#4339,#4340,#4341));
#2232=AXIS2_PLACEMENT_3D('',#4342,#4343,#4344);
#2233=SURFACE_SIDE_STYLE('',(#4345));
#2234=EDGE_LOOP('',(#4346,#4347));
#2235=AXIS2_PLACEMENT_3D('',#4348,#4349,#4350);
#2236=SURFACE_SIDE_STYLE('',(#4351));
#2237=EDGE_LOOP('',(#4352,#4353,#4354,#4355));
#2238=AXIS2_PLACEMENT_3D('',#4356,#4357,#4358);
#2239=SURFACE_SIDE_STYLE('',(#4359));
#2240=EDGE_LOOP('',(#4360,#4361,#4362,#4363));
#2241=AXIS2_PLACEMENT_3D('',#4364,#4365,#4366);
#2242=SURFACE_SIDE_STYLE('',(#4367));
#2243=EDGE_LOOP('',(#4368,#4369,#4370,#4371));
#2244=AXIS2_PLACEMENT_3D('',#4372,#4373,#4374);
#2245=SURFACE_SIDE_STYLE('',(#4375));
#2246=EDGE_LOOP('',(#4376,#4377,#4378,#4379));
#2247=AXIS2_PLACEMENT_3D('',#4380,#4381,#4382);
#2248=SURFACE_SIDE_STYLE('',(#4383));
#2249=EDGE_LOOP('',(#4384,#4385,#4386,#4387,#4388,#4389,#4390,#4391,#4392,#4393,#4394,#4395,#4396,#4397,#4398,#4399,#4400,#4401,#4402,#4403,#4404,#4405,#4406,#4407,#4408,#4409,#4410,#4411,#4412));
#2250=EDGE_LOOP('',(#4413,#4414,#4415,#4416,#4417,#4418,#4419,#4420,#4421,#4422,#4423,#4424,#4425,#4426,#4427,#4428,#4429,#4430,#4431,#4432));
#2251=AXIS2_PLACEMENT_3D('',#4433,#4434,#4435);
#2252=SURFACE_SIDE_STYLE('',(#4436));
#2253=EDGE_LOOP('',(#4437,#4438,#4439,#4440));
#2254=AXIS2_PLACEMENT_3D('',#4441,#4442,#4443);
#2255=SURFACE_SIDE_STYLE('',(#4444));
#2256=EDGE_LOOP('',(#4445,#4446,#4447,#4448));
#2257=AXIS2_PLACEMENT_3D('',#4449,#4450,#4451);
#2258=SURFACE_SIDE_STYLE('',(#4452));
#2259=EDGE_LOOP('',(#4453,#4454,#4455,#4456));
#2260=AXIS2_PLACEMENT_3D('',#4457,#4458,#4459);
#2261=SURFACE_SIDE_STYLE('',(#4460));
#2262=EDGE_LOOP('',(#4461,#4462,#4463,#4464));
#2263=AXIS2_PLACEMENT_3D('',#4465,#4466,#4467);
#2264=SURFACE_SIDE_STYLE('',(#4468));
#2265=EDGE_LOOP('',(#4469,#4470,#4471,#4472,#4473,#4474,#4475,#4476,#4477,#4478,#4479,#4480,#4481,#4482,#4483,#4484));
#2266=AXIS2_PLACEMENT_3D('',#4485,#4486,#4487);
#2267=SURFACE_SIDE_STYLE('',(#4488));
#2268=EDGE_LOOP('',(#4489,#4490,#4491,#4492));
#2269=AXIS2_PLACEMENT_3D('',#4493,#4494,#4495);
#2270=SURFACE_SIDE_STYLE('',(#4496));
#2271=EDGE_LOOP('',(#4497,#4498,#4499,#4500));
#2272=AXIS2_PLACEMENT_3D('',#4501,#4502,#4503);
#2273=SURFACE_SIDE_STYLE('',(#4504));
#2274=EDGE_LOOP('',(#4505,#4506,#4507,#4508,#4509,#4510,#4511,#4512,#4513,#4514,#4515,#4516,#4517,#4518,#4519,#4520,#4521,#4522,#4523,#4524,#4525,#4526,#4527,#4528,#4529,#4530,#4531,#4532,#4533,#4534,#4535,#4536,#4537,#4538,#4539,#4540,#4541,#4542,#4543,#4544,#4545,#4546));
#2275=AXIS2_PLACEMENT_3D('',#4547,#4548,#4549);
#2276=SURFACE_SIDE_STYLE('',(#4550));
#2277=EDGE_LOOP('',(#4551,#4552,#4553,#4554));
#2278=AXIS2_PLACEMENT_3D('',#4555,#4556,#4557);
#2279=SURFACE_SIDE_STYLE('',(#4558));
#2280=EDGE_LOOP('',(#4559,#4560,#4561,#4562,#4563,#4564));
#2281=AXIS2_PLACEMENT_3D('',#4565,#4566,#4567);
#2282=SURFACE_SIDE_STYLE('',(#4568));
#2283=EDGE_LOOP('',(#4569,#4570,#4571,#4572));
#2284=AXIS2_PLACEMENT_3D('',#4573,#4574,#4575);
#2285=SURFACE_SIDE_STYLE('',(#4576));
#2286=EDGE_LOOP('',(#4577,#4578,#4579,#4580));
#2287=AXIS2_PLACEMENT_3D('',#4581,#4582,#4583);
#2288=SURFACE_SIDE_STYLE('',(#4584));
#2289=EDGE_LOOP('',(#4585,#4586,#4587,#4588));
#2290=AXIS2_PLACEMENT_3D('',#4589,#4590,#4591);
#2291=SURFACE_SIDE_STYLE('',(#4592));
#2292=EDGE_LOOP('',(#4593,#4594,#4595,#4596,#4597,#4598,#4599,#4600,#4601,#4602));
#2293=AXIS2_PLACEMENT_3D('',#4603,#4604,#4605);
#2294=SURFACE_SIDE_STYLE('',(#4606));
#2295=EDGE_LOOP('',(#4607,#4608,#4609,#4610));
#2296=AXIS2_PLACEMENT_3D('',#4611,#4612,#4613);
#2297=SURFACE_SIDE_STYLE('',(#4614));
#2298=EDGE_LOOP('',(#4615,#4616,#4617,#4618));
#2299=AXIS2_PLACEMENT_3D('',#4619,#4620,#4621);
#2300=SURFACE_SIDE_STYLE('',(#4622));
#2301=EDGE_LOOP('',(#4623,#4624,#4625,#4626,#4627));
#2302=AXIS2_PLACEMENT_3D('',#4628,#4629,#4630);
#2303=SURFACE_SIDE_STYLE('',(#4631));
#2304=EDGE_LOOP('',(#4632,#4633,#4634,#4635,#4636));
#2305=AXIS2_PLACEMENT_3D('',#4637,#4638,#4639);
#2306=SURFACE_SIDE_STYLE('',(#4640));
#2307=EDGE_LOOP('',(#4641,#4642,#4643,#4644,#4645,#4646));
#2308=AXIS2_PLACEMENT_3D('',#4647,#4648,#4649);
#2309=SURFACE_SIDE_STYLE('',(#4650));
#2310=EDGE_LOOP('',(#4651,#4652,#4653,#4654,#4655,#4656,#4657,#4658,#4659,#4660,#4661,#4662,#4663,#4664,#4665,#4666));
#2311=AXIS2_PLACEMENT_3D('',#4667,#4668,#4669);
#2312=SURFACE_SIDE_STYLE('',(#4670));
#2313=EDGE_LOOP('',(#4671,#4672,#4673,#4674));
#2314=AXIS2_PLACEMENT_3D('',#4675,#4676,#4677);
#2315=SURFACE_SIDE_STYLE('',(#4678));
#2316=EDGE_LOOP('',(#4679,#4680,#4681,#4682));
#2317=AXIS2_PLACEMENT_3D('',#4683,#4684,#4685);
#2318=SURFACE_SIDE_STYLE('',(#4686));
#2319=EDGE_LOOP('',(#4687,#4688,#4689,#4690));
#2320=AXIS2_PLACEMENT_3D('',#4691,#4692,#4693);
#2321=SURFACE_SIDE_STYLE('',(#4694));
#2322=EDGE_LOOP('',(#4695,#4696,#4697,#4698));
#2323=AXIS2_PLACEMENT_3D('',#4699,#4700,#4701);
#2324=SURFACE_SIDE_STYLE('',(#4702));
#2325=EDGE_LOOP('',(#4703,#4704,#4705,#4706));
#2326=AXIS2_PLACEMENT_3D('',#4707,#4708,#4709);
#2327=SURFACE_SIDE_STYLE('',(#4710));
#2328=EDGE_LOOP('',(#4711,#4712,#4713,#4714));
#2329=AXIS2_PLACEMENT_3D('',#4715,#4716,#4717);
#2330=SURFACE_SIDE_STYLE('',(#4718));
#2331=EDGE_LOOP('',(#4719,#4720,#4721,#4722));
#2332=AXIS2_PLACEMENT_3D('',#4723,#4724,#4725);
#2333=SURFACE_SIDE_STYLE('',(#4726));
#2334=EDGE_LOOP('',(#4727,#4728,#4729,#4730));
#2335=AXIS2_PLACEMENT_3D('',#4731,#4732,#4733);
#2336=SURFACE_SIDE_STYLE('',(#4734));
#2337=EDGE_LOOP('',(#4735,#4736,#4737,#4738));
#2338=AXIS2_PLACEMENT_3D('',#4739,#4740,#4741);
#2339=SURFACE_SIDE_STYLE('',(#4742));
#2340=EDGE_LOOP('',(#4743,#4744,#4745,#4746));
#2341=AXIS2_PLACEMENT_3D('',#4747,#4748,#4749);
#2342=SURFACE_SIDE_STYLE('',(#4750));
#2343=EDGE_LOOP('',(#4751,#4752,#4753,#4754,#4755,#4756));
#2344=AXIS2_PLACEMENT_3D('',#4757,#4758,#4759);
#2345=SURFACE_SIDE_STYLE('',(#4760));
#2346=EDGE_LOOP('',(#4761,#4762,#4763,#4764));
#2347=AXIS2_PLACEMENT_3D('',#4765,#4766,#4767);
#2348=SURFACE_SIDE_STYLE('',(#4768));
#2349=EDGE_LOOP('',(#4769,#4770,#4771,#4772,#4773,#4774));
#2350=AXIS2_PLACEMENT_3D('',#4775,#4776,#4777);
#2351=SURFACE_SIDE_STYLE('',(#4778));
#2352=EDGE_LOOP('',(#4779,#4780,#4781,#4782,#4783));
#2353=AXIS2_PLACEMENT_3D('',#4784,#4785,#4786);
#2354=SURFACE_SIDE_STYLE('',(#4787));
#2355=EDGE_LOOP('',(#4788,#4789,#4790,#4791,#4792));
#2356=AXIS2_PLACEMENT_3D('',#4793,#4794,#4795);
#2357=SURFACE_SIDE_STYLE('',(#4796));
#2358=EDGE_LOOP('',(#4797,#4798,#4799,#4800,#4801));
#2359=AXIS2_PLACEMENT_3D('',#4802,#4803,#4804);
#2360=SURFACE_SIDE_STYLE('',(#4805));
#2361=EDGE_LOOP('',(#4806,#4807,#4808,#4809,#4810));
#2362=AXIS2_PLACEMENT_3D('',#4811,#4812,#4813);
#2363=SURFACE_SIDE_STYLE('',(#4814));
#2364=EDGE_LOOP('',(#4815,#4816,#4817,#4818));
#2365=AXIS2_PLACEMENT_3D('',#4819,#4820,#4821);
#2366=SURFACE_SIDE_STYLE('',(#4822));
#2367=EDGE_LOOP('',(#4823,#4824,#4825,#4826,#4827,#4828,#4829,#4830));
#2368=AXIS2_PLACEMENT_3D('',#4831,#4832,#4833);
#2369=SURFACE_SIDE_STYLE('',(#4834));
#2370=EDGE_LOOP('',(#4835,#4836,#4837,#4838,#4839,#4840,#4841,#4842));
#2371=AXIS2_PLACEMENT_3D('',#4843,#4844,#4845);
#2372=SURFACE_SIDE_STYLE('',(#4846));
#2373=EDGE_LOOP('',(#4847,#4848,#4849,#4850,#4851,#4852,#4853,#4854));
#2374=AXIS2_PLACEMENT_3D('',#4855,#4856,#4857);
#2375=SURFACE_SIDE_STYLE('',(#4858));
#2376=EDGE_LOOP('',(#4859,#4860,#4861,#4862));
#2377=AXIS2_PLACEMENT_3D('',#4863,#4864,#4865);
#2378=SURFACE_SIDE_STYLE('',(#4866));
#2379=EDGE_LOOP('',(#4867,#4868,#4869,#4870));
#2380=AXIS2_PLACEMENT_3D('',#4871,#4872,#4873);
#2381=SURFACE_SIDE_STYLE('',(#4874));
#2382=EDGE_LOOP('',(#4875,#4876,#4877,#4878));
#2383=AXIS2_PLACEMENT_3D('',#4879,#4880,#4881);
#2384=SURFACE_SIDE_STYLE('',(#4882));
#2385=EDGE_LOOP('',(#4883,#4884,#4885,#4886));
#2386=AXIS2_PLACEMENT_3D('',#4887,#4888,#4889);
#2388=SURFACE_STYLE_FILL_AREA(#4890);
#2389=ORIENTED_EDGE('',*,*,#4891,.F.);
#2390=ORIENTED_EDGE('',*,*,#4892,.T.);
#2391=ORIENTED_EDGE('',*,*,#4893,.F.);
#2392=ORIENTED_EDGE('',*,*,#4894,.F.);
#2393=CARTESIAN_POINT('',(-0.95,-0.575,2.7));
#2394=DIRECTION('',(-0.0,1.0,-0.0));
#2395=DIRECTION('',(1.0,0.0,0.0));
#2396=SURFACE_STYLE_FILL_AREA(#4895);
#2397=ORIENTED_EDGE('',*,*,#4896,.F.);
#2398=ORIENTED_EDGE('',*,*,#4894,.T.);
#2399=ORIENTED_EDGE('',*,*,#4897,.F.);
#2400=ORIENTED_EDGE('',*,*,#4898,.F.);
#2401=CARTESIAN_POINT('',(-0.95,-0.0250000000000001,2.7));
#2402=DIRECTION('',(-0.0,1.0,0.0));
#2403=DIRECTION('',(1.0,0.0,0.0));
#2404=SURFACE_STYLE_FILL_AREA(#4899);
#2405=ORIENTED_EDGE('',*,*,#4900,.F.);
#2406=ORIENTED_EDGE('',*,*,#4901,.T.);
#2407=ORIENTED_EDGE('',*,*,#4902,.F.);
#2408=ORIENTED_EDGE('',*,*,#4903,.F.);
#2409=CARTESIAN_POINT('',(7.2,-0.575,2.7));
#2410=DIRECTION('',(-0.0,1.0,-0.0));
#2411=DIRECTION('',(1.0,0.0,0.0));
#2412=SURFACE_STYLE_FILL_AREA(#4904);
#2413=ORIENTED_EDGE('',*,*,#4905,.F.);
#2414=ORIENTED_EDGE('',*,*,#4903,.T.);
#2415=ORIENTED_EDGE('',*,*,#4906,.F.);
#2416=ORIENTED_EDGE('',*,*,#4907,.F.);
#2417=CARTESIAN_POINT('',(7.2,-0.0250000000000001,2.7));
#2418=DIRECTION('',(-0.0,1.0,0.0));
#2419=DIRECTION('',(1.0,0.0,0.0));
#2420=SURFACE_STYLE_FILL_AREA(#4908);
#2421=ORIENTED_EDGE('',*,*,#4909,.F.);
#2422=ORIENTED_EDGE('',*,*,#4910,.F.);
#2423=ORIENTED_EDGE('',*,*,#4911,.F.);
#2424=ORIENTED_EDGE('',*,*,#4912,.F.);
#2425=ORIENTED_EDGE('',*,*,#4913,.T.);
#2426=ORIENTED_EDGE('',*,*,#4914,.F.);
#2427=CARTESIAN_POINT('',(6.075,-0.0124088999376484,-0.8));
#2428=DIRECTION('',(-1.0,8.22408827970777E-18,0.0));
#2429=DIRECTION('',(-8.22408827970777E-18,-1.0,-0.0));
#2430=SURFACE_STYLE_FILL_AREA(#4915);
#2431=ORIENTED_EDGE('',*,*,#4916,.F.);
#2432=ORIENTED_EDGE('',*,*,#4917,.T.);
#2433=ORIENTED_EDGE('',*,*,#4918,.F.);
#2434=ORIENTED_EDGE('',*,*,#4911,.T.);
#2435=CARTESIAN_POINT('',(6.04,1.02510111644717,0.375));
#2436=DIRECTION('',(1.0,0.0,6.12323399573676E-17));
#2437=DIRECTION('',(6.12323399573676E-17,0.0,-1.0));
#2438=SURFACE_STYLE_FILL_AREA(#4919);
#2439=ORIENTED_EDGE('',*,*,#4920,.T.);
#2440=ORIENTED_EDGE('',*,*,#4921,.F.);
#2441=ORIENTED_EDGE('',*,*,#4922,.T.);
#2442=ORIENTED_EDGE('',*,*,#4923,.T.);
#2443=CARTESIAN_POINT('',(6.04,-1.97921928883903,0.128475085621216));
#2444=DIRECTION('',(-6.03979894411101E-17,-0.164518353671769,0.986374022014535));
#2445=DIRECTION('',(1.00738437612562E-17,-0.986374022014535,-0.164518353671769));
#2446=SURFACE_STYLE_FILL_AREA(#4924);
#2447=ORIENTED_EDGE('',*,*,#4925,.F.);
#2448=ORIENTED_EDGE('',*,*,#4914,.T.);
#2449=ORIENTED_EDGE('',*,*,#4926,.T.);
#2450=ORIENTED_EDGE('',*,*,#4921,.T.);
#2451=ORIENTED_EDGE('',*,*,#4927,.T.);
#2452=ORIENTED_EDGE('',*,*,#4928,.T.);
#2453=CARTESIAN_POINT('',(6.04,-0.0814146564930376,0.175));
#2454=DIRECTION('',(-6.12323399573676E-17,0.0,1.0));
#2455=DIRECTION('',(0.0,-1.0,0.0));
#2456=SURFACE_STYLE_FILL_AREA(#4929);
#2457=ORIENTED_EDGE('',*,*,#4930,.T.);
#2458=ORIENTED_EDGE('',*,*,#4923,.F.);
#2459=ORIENTED_EDGE('',*,*,#4931,.T.);
#2460=ORIENTED_EDGE('',*,*,#4932,.T.);
#2461=CARTESIAN_POINT('',(6.04,-2.25000382587288,0.0326238662369489));
#2462=DIRECTION('',(1.0,0.0,6.12323399573676E-17));
#2463=DIRECTION('',(6.12323399573676E-17,0.0,-1.0));
#2464=SURFACE_STYLE_FILL_AREA(#4933);
#2465=ORIENTED_EDGE('',*,*,#4934,.T.);
#2466=ORIENTED_EDGE('',*,*,#4932,.F.);
#2467=ORIENTED_EDGE('',*,*,#4935,.T.);
#2468=ORIENTED_EDGE('',*,*,#4936,.T.);
#2469=CARTESIAN_POINT('',(6.04,-2.3,0.0));
#2470=DIRECTION('',(0.0,-1.0,0.0));
#2471=DIRECTION('',(6.12323399573676E-17,0.0,-1.0));
#2472=SURFACE_STYLE_FILL_AREA(#4937);
#2473=ORIENTED_EDGE('',*,*,#4938,.T.);
#2474=ORIENTED_EDGE('',*,*,#4936,.F.);
#2475=ORIENTED_EDGE('',*,*,#4939,.T.);
#2476=ORIENTED_EDGE('',*,*,#4940,.T.);
#2477=CARTESIAN_POINT('',(6.04,-2.25000382587293,-0.032623866236966));
#2478=DIRECTION('',(1.0,0.0,6.12323399573676E-17));
#2479=DIRECTION('',(6.12323399573676E-17,0.0,-1.0));
#2480=SURFACE_STYLE_FILL_AREA(#4941);
#2481=ORIENTED_EDGE('',*,*,#4942,.T.);
#2482=ORIENTED_EDGE('',*,*,#4943,.F.);
#2483=ORIENTED_EDGE('',*,*,#4944,.T.);
#2484=ORIENTED_EDGE('',*,*,#4912,.T.);
#2485=ORIENTED_EDGE('',*,*,#4918,.T.);
#2486=ORIENTED_EDGE('',*,*,#4945,.T.);
#2487=CARTESIAN_POINT('',(6.04,-0.337588425642058,-0.175));
#2488=DIRECTION('',(6.12323399573676E-17,0.0,-1.0));
#2489=DIRECTION('',(0.0,1.0,0.0));
#2490=SURFACE_STYLE_FILL_AREA(#4946);
#2491=ORIENTED_EDGE('',*,*,#4947,.T.);
#2492=ORIENTED_EDGE('',*,*,#4940,.F.);
#2493=ORIENTED_EDGE('',*,*,#4948,.T.);
#2494=ORIENTED_EDGE('',*,*,#4943,.T.);
#2495=CARTESIAN_POINT('',(6.04,-1.97921928883906,-0.128475085621204));
#2496=DIRECTION('',(6.03979894411095E-17,-0.164518353671827,-0.986374022014526));
#2497=DIRECTION('',(1.00738437612597E-17,0.986374022014526,-0.164518353671827));
#2498=SURFACE_STYLE_FILL_AREA(#4949);
#2499=ORIENTED_EDGE('',*,*,#4950,.F.);
#2500=ORIENTED_EDGE('',*,*,#4928,.F.);
#2501=ORIENTED_EDGE('',*,*,#4951,.F.);
#2502=ORIENTED_EDGE('',*,*,#4945,.F.);
#2503=ORIENTED_EDGE('',*,*,#4917,.F.);
#2504=ORIENTED_EDGE('',*,*,#4952,.F.);
#2505=CARTESIAN_POINT('',(6.425,-0.0125096372638154,-0.8));
#2506=DIRECTION('',(1.0,0.0,0.0));
#2507=DIRECTION('',(0.0,1.0,0.0));
#2508=SURFACE_STYLE_FILL_AREA(#4953);
#2509=ORIENTED_EDGE('',*,*,#4926,.F.);
#2510=ORIENTED_EDGE('',*,*,#4913,.F.);
#2511=ORIENTED_EDGE('',*,*,#4944,.F.);
#2512=ORIENTED_EDGE('',*,*,#4948,.F.);
#2513=ORIENTED_EDGE('',*,*,#4939,.F.);
#2514=ORIENTED_EDGE('',*,*,#4935,.F.);
#2515=ORIENTED_EDGE('',*,*,#4931,.F.);
#2516=ORIENTED_EDGE('',*,*,#4922,.F.);
#2517=CARTESIAN_POINT('',(6.16245943159538,-2.22481745188815,-0.8));
#2518=DIRECTION('',(-0.986403869624909,-0.164339301413283,0.0));
#2519=DIRECTION('',(0.164339301413283,-0.986403869624909,0.0));
#2520=SURFACE_STYLE_FILL_AREA(#4954);
#2521=ORIENTED_EDGE('',*,*,#4942,.F.);
#2522=ORIENTED_EDGE('',*,*,#4951,.T.);
#2523=ORIENTED_EDGE('',*,*,#4927,.F.);
#2524=ORIENTED_EDGE('',*,*,#4920,.F.);
#2525=ORIENTED_EDGE('',*,*,#4930,.F.);
#2526=ORIENTED_EDGE('',*,*,#4934,.F.);
#2527=ORIENTED_EDGE('',*,*,#4938,.F.);
#2528=ORIENTED_EDGE('',*,*,#4947,.F.);
#2529=CARTESIAN_POINT('',(6.33745943159538,-2.22491818921431,-0.8));
#2530=DIRECTION('',(0.986374022014535,-0.164518353671769,0.0));
#2531=DIRECTION('',(0.164518353671769,0.986374022014535,0.0));
#2532=SURFACE_STYLE_FILL_AREA(#4955);
#2533=ORIENTED_EDGE('',*,*,#4956,.T.);
#2534=ORIENTED_EDGE('',*,*,#4907,.T.);
#2535=ORIENTED_EDGE('',*,*,#4957,.T.);
#2536=ORIENTED_EDGE('',*,*,#4898,.T.);
#2537=ORIENTED_EDGE('',*,*,#4909,.T.);
#2538=ORIENTED_EDGE('',*,*,#4925,.T.);
#2539=ORIENTED_EDGE('',*,*,#4950,.T.);
#2540=ORIENTED_EDGE('',*,*,#4958,.F.);
#2541=ORIENTED_EDGE('',*,*,#4959,.F.);
#2542=ORIENTED_EDGE('',*,*,#4960,.F.);
#2543=ORIENTED_EDGE('',*,*,#4961,.F.);
#2544=ORIENTED_EDGE('',*,*,#4962,.F.);
#2545=ORIENTED_EDGE('',*,*,#4963,.F.);
#2546=ORIENTED_EDGE('',*,*,#4964,.F.);
#2547=ORIENTED_EDGE('',*,*,#4965,.F.);
#2548=ORIENTED_EDGE('',*,*,#4966,.F.);
#2549=ORIENTED_EDGE('',*,*,#4967,.T.);
#2550=ORIENTED_EDGE('',*,*,#4968,.T.);
#2551=ORIENTED_EDGE('',*,*,#4969,.T.);
#2552=ORIENTED_EDGE('',*,*,#4970,.F.);
#2553=ORIENTED_EDGE('',*,*,#4971,.T.);
#2554=ORIENTED_EDGE('',*,*,#4972,.T.);
#2555=ORIENTED_EDGE('',*,*,#4973,.T.);
#2556=ORIENTED_EDGE('',*,*,#4974,.F.);
#2557=ORIENTED_EDGE('',*,*,#4975,.T.);
#2558=ORIENTED_EDGE('',*,*,#4976,.T.);
#2559=ORIENTED_EDGE('',*,*,#4977,.T.);
#2560=ORIENTED_EDGE('',*,*,#4978,.F.);
#2561=ORIENTED_EDGE('',*,*,#4979,.T.);
#2562=ORIENTED_EDGE('',*,*,#4980,.T.);
#2563=ORIENTED_EDGE('',*,*,#4981,.T.);
#2564=ORIENTED_EDGE('',*,*,#4982,.F.);
#2565=ORIENTED_EDGE('',*,*,#4983,.T.);
#2566=ORIENTED_EDGE('',*,*,#4984,.T.);
#2567=ORIENTED_EDGE('',*,*,#4985,.T.);
#2568=ORIENTED_EDGE('',*,*,#4986,.F.);
#2569=CARTESIAN_POINT('',(3.125,0.3,1.78819839533187));
#2570=DIRECTION('',(0.0,-1.0,6.12323399573676E-17));
#2571=DIRECTION('',(1.0,0.0,0.0));
#2572=SURFACE_STYLE_FILL_AREA(#4987);
#2573=ORIENTED_EDGE('',*,*,#4983,.F.);
#2574=ORIENTED_EDGE('',*,*,#4988,.F.);
#2575=ORIENTED_EDGE('',*,*,#4989,.F.);
#2576=ORIENTED_EDGE('',*,*,#4990,.F.);
#2577=ORIENTED_EDGE('',*,*,#4991,.T.);
#2578=ORIENTED_EDGE('',*,*,#4992,.F.);
#2579=CARTESIAN_POINT('',(4.825,-0.0124088999376484,-0.8));
#2580=DIRECTION('',(-1.0,8.22408827970777E-18,0.0));
#2581=DIRECTION('',(-8.22408827970777E-18,-1.0,-0.0));
#2582=SURFACE_STYLE_FILL_AREA(#4993);
#2583=ORIENTED_EDGE('',*,*,#4994,.F.);
#2584=ORIENTED_EDGE('',*,*,#4995,.T.);
#2585=ORIENTED_EDGE('',*,*,#4996,.F.);
#2586=ORIENTED_EDGE('',*,*,#4989,.T.);
#2587=CARTESIAN_POINT('',(4.79,1.02510111644717,0.375));
#2588=DIRECTION('',(1.0,0.0,6.12323399573676E-17));
#2589=DIRECTION('',(6.12323399573676E-17,0.0,-1.0));
#2590=SURFACE_STYLE_FILL_AREA(#4997);
#2591=ORIENTED_EDGE('',*,*,#4998,.T.);
#2592=ORIENTED_EDGE('',*,*,#4999,.F.);
#2593=ORIENTED_EDGE('',*,*,#5000,.T.);
#2594=ORIENTED_EDGE('',*,*,#5001,.T.);
#2595=CARTESIAN_POINT('',(4.79,-1.97921928883903,0.128475085621216));
#2596=DIRECTION('',(-6.03979894411101E-17,-0.164518353671769,0.986374022014535));
#2597=DIRECTION('',(1.00738437612562E-17,-0.986374022014535,-0.164518353671769));
#2598=SURFACE_STYLE_FILL_AREA(#5002);
#2599=ORIENTED_EDGE('',*,*,#4984,.F.);
#2600=ORIENTED_EDGE('',*,*,#4992,.T.);
#2601=ORIENTED_EDGE('',*,*,#5003,.T.);
#2602=ORIENTED_EDGE('',*,*,#4999,.T.);
#2603=ORIENTED_EDGE('',*,*,#5004,.T.);
#2604=ORIENTED_EDGE('',*,*,#5005,.T.);
#2605=CARTESIAN_POINT('',(4.79,-0.0814146564930376,0.175));
#2606=DIRECTION('',(-6.12323399573676E-17,0.0,1.0));
#2607=DIRECTION('',(0.0,-1.0,0.0));
#2608=SURFACE_STYLE_FILL_AREA(#5006);
#2609=ORIENTED_EDGE('',*,*,#5007,.T.);
#2610=ORIENTED_EDGE('',*,*,#5001,.F.);
#2611=ORIENTED_EDGE('',*,*,#5008,.T.);
#2612=ORIENTED_EDGE('',*,*,#5009,.T.);
#2613=CARTESIAN_POINT('',(4.79,-2.25000382587288,0.0326238662369489));
#2614=DIRECTION('',(1.0,0.0,6.12323399573676E-17));
#2615=DIRECTION('',(6.12323399573676E-17,0.0,-1.0));
#2616=SURFACE_STYLE_FILL_AREA(#5010);
#2617=ORIENTED_EDGE('',*,*,#5011,.T.);
#2618=ORIENTED_EDGE('',*,*,#5009,.F.);
#2619=ORIENTED_EDGE('',*,*,#5012,.T.);
#2620=ORIENTED_EDGE('',*,*,#5013,.T.);
#2621=CARTESIAN_POINT('',(4.79,-2.3,0.0));
#2622=DIRECTION('',(0.0,-1.0,0.0));
#2623=DIRECTION('',(6.12323399573676E-17,0.0,-1.0));
#2624=SURFACE_STYLE_FILL_AREA(#5014);
#2625=ORIENTED_EDGE('',*,*,#5015,.T.);
#2626=ORIENTED_EDGE('',*,*,#5013,.F.);
#2627=ORIENTED_EDGE('',*,*,#5016,.T.);
#2628=ORIENTED_EDGE('',*,*,#5017,.T.);
#2629=CARTESIAN_POINT('',(4.79,-2.25000382587293,-0.032623866236966));
#2630=DIRECTION('',(1.0,0.0,6.12323399573676E-17));
#2631=DIRECTION('',(6.12323399573676E-17,0.0,-1.0));
#2632=SURFACE_STYLE_FILL_AREA(#5018);
#2633=ORIENTED_EDGE('',*,*,#5019,.T.);
#2634=ORIENTED_EDGE('',*,*,#5020,.F.);
#2635=ORIENTED_EDGE('',*,*,#5021,.T.);
#2636=ORIENTED_EDGE('',*,*,#4990,.T.);
#2637=ORIENTED_EDGE('',*,*,#4996,.T.);
#2638=ORIENTED_EDGE('',*,*,#5022,.T.);
#2639=CARTESIAN_POINT('',(4.79,-0.337588425642058,-0.175));
#2640=DIRECTION('',(6.12323399573676E-17,0.0,-1.0));
#2641=DIRECTION('',(0.0,1.0,0.0));
#2642=SURFACE_STYLE_FILL_AREA(#5023);
#2643=ORIENTED_EDGE('',*,*,#5024,.T.);
#2644=ORIENTED_EDGE('',*,*,#5017,.F.);
#2645=ORIENTED_EDGE('',*,*,#5025,.T.);
#2646=ORIENTED_EDGE('',*,*,#5020,.T.);
#2647=CARTESIAN_POINT('',(4.79,-1.97921928883906,-0.128475085621204));
#2648=DIRECTION('',(6.03979894411095E-17,-0.164518353671827,-0.986374022014526));
#2649=DIRECTION('',(1.00738437612597E-17,0.986374022014526,-0.164518353671827));
#2650=SURFACE_STYLE_FILL_AREA(#5026);
#2651=ORIENTED_EDGE('',*,*,#4985,.F.);
#2652=ORIENTED_EDGE('',*,*,#5005,.F.);
#2653=ORIENTED_EDGE('',*,*,#5027,.F.);
#2654=ORIENTED_EDGE('',*,*,#5022,.F.);
#2655=ORIENTED_EDGE('',*,*,#4995,.F.);
#2656=ORIENTED_EDGE('',*,*,#5028,.F.);
#2657=CARTESIAN_POINT('',(5.175,-0.0125096372638154,-0.8));
#2658=DIRECTION('',(1.0,0.0,0.0));
#2659=DIRECTION('',(0.0,1.0,0.0));
#2660=SURFACE_STYLE_FILL_AREA(#5029);
#2661=ORIENTED_EDGE('',*,*,#5003,.F.);
#2662=ORIENTED_EDGE('',*,*,#4991,.F.);
#2663=ORIENTED_EDGE('',*,*,#5021,.F.);
#2664=ORIENTED_EDGE('',*,*,#5025,.F.);
#2665=ORIENTED_EDGE('',*,*,#5016,.F.);
#2666=ORIENTED_EDGE('',*,*,#5012,.F.);
#2667=ORIENTED_EDGE('',*,*,#5008,.F.);
#2668=ORIENTED_EDGE('',*,*,#5000,.F.);
#2669=CARTESIAN_POINT('',(4.91245943159538,-2.22481745188815,-0.8));
#2670=DIRECTION('',(-0.986403869624909,-0.164339301413283,0.0));
#2671=DIRECTION('',(0.164339301413283,-0.986403869624909,0.0));
#2672=SURFACE_STYLE_FILL_AREA(#5030);
#2673=ORIENTED_EDGE('',*,*,#5019,.F.);
#2674=ORIENTED_EDGE('',*,*,#5027,.T.);
#2675=ORIENTED_EDGE('',*,*,#5004,.F.);
#2676=ORIENTED_EDGE('',*,*,#4998,.F.);
#2677=ORIENTED_EDGE('',*,*,#5007,.F.);
#2678=ORIENTED_EDGE('',*,*,#5011,.F.);
#2679=ORIENTED_EDGE('',*,*,#5015,.F.);
#2680=ORIENTED_EDGE('',*,*,#5024,.F.);
#2681=CARTESIAN_POINT('',(5.08745943159538,-2.22491818921431,-0.8));
#2682=DIRECTION('',(0.986374022014535,-0.164518353671769,0.0));
#2683=DIRECTION('',(0.164518353671769,0.986374022014535,0.0));
#2684=SURFACE_STYLE_FILL_AREA(#5031);
#2685=ORIENTED_EDGE('',*,*,#4979,.F.);
#2686=ORIENTED_EDGE('',*,*,#5032,.F.);
#2687=ORIENTED_EDGE('',*,*,#5033,.F.);
#2688=ORIENTED_EDGE('',*,*,#5034,.F.);
#2689=ORIENTED_EDGE('',*,*,#5035,.T.);
#2690=ORIENTED_EDGE('',*,*,#5036,.F.);
#2691=CARTESIAN_POINT('',(3.575,-0.0124088999376484,-0.8));
#2692=DIRECTION('',(-1.0,8.22408827970777E-18,0.0));
#2693=DIRECTION('',(-8.22408827970777E-18,-1.0,-0.0));
#2694=SURFACE_STYLE_FILL_AREA(#5037);
#2695=ORIENTED_EDGE('',*,*,#5038,.F.);
#2696=ORIENTED_EDGE('',*,*,#5039,.T.);
#2697=ORIENTED_EDGE('',*,*,#5040,.F.);
#2698=ORIENTED_EDGE('',*,*,#5033,.T.);
#2699=CARTESIAN_POINT('',(3.54,1.02510111644717,0.375));
#2700=DIRECTION('',(1.0,0.0,6.12323399573676E-17));
#2701=DIRECTION('',(6.12323399573676E-17,0.0,-1.0));
#2702=SURFACE_STYLE_FILL_AREA(#5041);
#2703=ORIENTED_EDGE('',*,*,#5042,.T.);
#2704=ORIENTED_EDGE('',*,*,#5043,.F.);
#2705=ORIENTED_EDGE('',*,*,#5044,.T.);
#2706=ORIENTED_EDGE('',*,*,#5045,.T.);
#2707=CARTESIAN_POINT('',(3.54,-1.97921928883903,0.128475085621216));
#2708=DIRECTION('',(-6.03979894411101E-17,-0.164518353671769,0.986374022014535));
#2709=DIRECTION('',(1.00738437612562E-17,-0.986374022014535,-0.164518353671769));
#2710=SURFACE_STYLE_FILL_AREA(#5046);
#2711=ORIENTED_EDGE('',*,*,#4980,.F.);
#2712=ORIENTED_EDGE('',*,*,#5036,.T.);
#2713=ORIENTED_EDGE('',*,*,#5047,.T.);
#2714=ORIENTED_EDGE('',*,*,#5043,.T.);
#2715=ORIENTED_EDGE('',*,*,#5048,.T.);
#2716=ORIENTED_EDGE('',*,*,#5049,.T.);
#2717=CARTESIAN_POINT('',(3.54,-0.0814146564930376,0.175));
#2718=DIRECTION('',(-6.12323399573676E-17,0.0,1.0));
#2719=DIRECTION('',(0.0,-1.0,0.0));
#2720=SURFACE_STYLE_FILL_AREA(#5050);
#2721=ORIENTED_EDGE('',*,*,#5051,.T.);
#2722=ORIENTED_EDGE('',*,*,#5045,.F.);
#2723=ORIENTED_EDGE('',*,*,#5052,.T.);
#2724=ORIENTED_EDGE('',*,*,#5053,.T.);
#2725=CARTESIAN_POINT('',(3.54,-2.25000382587288,0.0326238662369489));
#2726=DIRECTION('',(1.0,0.0,6.12323399573676E-17));
#2727=DIRECTION('',(6.12323399573676E-17,0.0,-1.0));
#2728=SURFACE_STYLE_FILL_AREA(#5054);
#2729=ORIENTED_EDGE('',*,*,#5055,.T.);
#2730=ORIENTED_EDGE('',*,*,#5053,.F.);
#2731=ORIENTED_EDGE('',*,*,#5056,.T.);
#2732=ORIENTED_EDGE('',*,*,#5057,.T.);
#2733=CARTESIAN_POINT('',(3.54,-2.3,0.0));
#2734=DIRECTION('',(0.0,-1.0,0.0));
#2735=DIRECTION('',(6.12323399573676E-17,0.0,-1.0));
#2736=SURFACE_STYLE_FILL_AREA(#5058);
#2737=ORIENTED_EDGE('',*,*,#5059,.T.);
#2738=ORIENTED_EDGE('',*,*,#5057,.F.);
#2739=ORIENTED_EDGE('',*,*,#5060,.T.);
#2740=ORIENTED_EDGE('',*,*,#5061,.T.);
#2741=CARTESIAN_POINT('',(3.54,-2.25000382587293,-0.032623866236966));
#2742=DIRECTION('',(1.0,0.0,6.12323399573676E-17));
#2743=DIRECTION('',(6.12323399573676E-17,0.0,-1.0));
#2744=SURFACE_STYLE_FILL_AREA(#5062);
#2745=ORIENTED_EDGE('',*,*,#5063,.T.);
#2746=ORIENTED_EDGE('',*,*,#5064,.F.);
#2747=ORIENTED_EDGE('',*,*,#5065,.T.);
#2748=ORIENTED_EDGE('',*,*,#5034,.T.);
#2749=ORIENTED_EDGE('',*,*,#5040,.T.);
#2750=ORIENTED_EDGE('',*,*,#5066,.T.);
#2751=CARTESIAN_POINT('',(3.54,-0.337588425642058,-0.175));
#2752=DIRECTION('',(6.12323399573676E-17,0.0,-1.0));
#2753=DIRECTION('',(0.0,1.0,0.0));
#2754=SURFACE_STYLE_FILL_AREA(#5067);
#2755=ORIENTED_EDGE('',*,*,#5068,.T.);
#2756=ORIENTED_EDGE('',*,*,#5061,.F.);
#2757=ORIENTED_EDGE('',*,*,#5069,.T.);
#2758=ORIENTED_EDGE('',*,*,#5064,.T.);
#2759=CARTESIAN_POINT('',(3.54,-1.97921928883906,-0.128475085621204));
#2760=DIRECTION('',(6.03979894411095E-17,-0.164518353671827,-0.986374022014526));
#2761=DIRECTION('',(1.00738437612597E-17,0.986374022014526,-0.164518353671827));
#2762=SURFACE_STYLE_FILL_AREA(#5070);
#2763=ORIENTED_EDGE('',*,*,#4981,.F.);
#2764=ORIENTED_EDGE('',*,*,#5049,.F.);
#2765=ORIENTED_EDGE('',*,*,#5071,.F.);
#2766=ORIENTED_EDGE('',*,*,#5066,.F.);
#2767=ORIENTED_EDGE('',*,*,#5039,.F.);
#2768=ORIENTED_EDGE('',*,*,#5072,.F.);
#2769=CARTESIAN_POINT('',(3.925,-0.0125096372638154,-0.8));
#2770=DIRECTION('',(1.0,0.0,0.0));
#2771=DIRECTION('',(0.0,1.0,0.0));
#2772=SURFACE_STYLE_FILL_AREA(#5073);
#2773=ORIENTED_EDGE('',*,*,#5047,.F.);
#2774=ORIENTED_EDGE('',*,*,#5035,.F.);
#2775=ORIENTED_EDGE('',*,*,#5065,.F.);
#2776=ORIENTED_EDGE('',*,*,#5069,.F.);
#2777=ORIENTED_EDGE('',*,*,#5060,.F.);
#2778=ORIENTED_EDGE('',*,*,#5056,.F.);
#2779=ORIENTED_EDGE('',*,*,#5052,.F.);
#2780=ORIENTED_EDGE('',*,*,#5044,.F.);
#2781=CARTESIAN_POINT('',(3.66245943159538,-2.22481745188815,-0.8));
#2782=DIRECTION('',(-0.986403869624909,-0.164339301413283,0.0));
#2783=DIRECTION('',(0.164339301413283,-0.986403869624909,0.0));
#2784=SURFACE_STYLE_FILL_AREA(#5074);
#2785=ORIENTED_EDGE('',*,*,#5063,.F.);
#2786=ORIENTED_EDGE('',*,*,#5071,.T.);
#2787=ORIENTED_EDGE('',*,*,#5048,.F.);
#2788=ORIENTED_EDGE('',*,*,#5042,.F.);
#2789=ORIENTED_EDGE('',*,*,#5051,.F.);
#2790=ORIENTED_EDGE('',*,*,#5055,.F.);
#2791=ORIENTED_EDGE('',*,*,#5059,.F.);
#2792=ORIENTED_EDGE('',*,*,#5068,.F.);
#2793=CARTESIAN_POINT('',(3.83745943159538,-2.22491818921431,-0.8));
#2794=DIRECTION('',(0.986374022014535,-0.164518353671769,0.0));
#2795=DIRECTION('',(0.164518353671769,0.986374022014535,0.0));
#2796=SURFACE_STYLE_FILL_AREA(#5075);
#2797=ORIENTED_EDGE('',*,*,#4975,.F.);
#2798=ORIENTED_EDGE('',*,*,#5076,.F.);
#2799=ORIENTED_EDGE('',*,*,#5077,.F.);
#2800=ORIENTED_EDGE('',*,*,#5078,.F.);
#2801=ORIENTED_EDGE('',*,*,#5079,.T.);
#2802=ORIENTED_EDGE('',*,*,#5080,.F.);
#2803=CARTESIAN_POINT('',(2.325,-0.0124088999376484,-0.8));
#2804=DIRECTION('',(-1.0,8.22408827970777E-18,0.0));
#2805=DIRECTION('',(-8.22408827970777E-18,-1.0,-0.0));
#2806=SURFACE_STYLE_FILL_AREA(#5081);
#2807=ORIENTED_EDGE('',*,*,#5082,.F.);
#2808=ORIENTED_EDGE('',*,*,#5083,.T.);
#2809=ORIENTED_EDGE('',*,*,#5084,.F.);
#2810=ORIENTED_EDGE('',*,*,#5077,.T.);
#2811=CARTESIAN_POINT('',(2.29,1.02510111644717,0.375));
#2812=DIRECTION('',(1.0,0.0,6.12323399573676E-17));
#2813=DIRECTION('',(6.12323399573676E-17,0.0,-1.0));
#2814=SURFACE_STYLE_FILL_AREA(#5085);
#2815=ORIENTED_EDGE('',*,*,#5086,.T.);
#2816=ORIENTED_EDGE('',*,*,#5087,.F.);
#2817=ORIENTED_EDGE('',*,*,#5088,.T.);
#2818=ORIENTED_EDGE('',*,*,#5089,.T.);
#2819=CARTESIAN_POINT('',(2.29,-1.97921928883903,0.128475085621216));
#2820=DIRECTION('',(-6.03979894411101E-17,-0.164518353671769,0.986374022014535));
#2821=DIRECTION('',(1.00738437612562E-17,-0.986374022014535,-0.164518353671769));
#2822=SURFACE_STYLE_FILL_AREA(#5090);
#2823=ORIENTED_EDGE('',*,*,#4976,.F.);
#2824=ORIENTED_EDGE('',*,*,#5080,.T.);
#2825=ORIENTED_EDGE('',*,*,#5091,.T.);
#2826=ORIENTED_EDGE('',*,*,#5087,.T.);
#2827=ORIENTED_EDGE('',*,*,#5092,.T.);
#2828=ORIENTED_EDGE('',*,*,#5093,.T.);
#2829=CARTESIAN_POINT('',(2.29,-0.0814146564930376,0.175));
#2830=DIRECTION('',(-6.12323399573676E-17,0.0,1.0));
#2831=DIRECTION('',(0.0,-1.0,0.0));
#2832=SURFACE_STYLE_FILL_AREA(#5094);
#2833=ORIENTED_EDGE('',*,*,#5095,.T.);
#2834=ORIENTED_EDGE('',*,*,#5089,.F.);
#2835=ORIENTED_EDGE('',*,*,#5096,.T.);
#2836=ORIENTED_EDGE('',*,*,#5097,.T.);
#2837=CARTESIAN_POINT('',(2.29,-2.25000382587288,0.0326238662369489));
#2838=DIRECTION('',(1.0,0.0,6.12323399573676E-17));
#2839=DIRECTION('',(6.12323399573676E-17,0.0,-1.0));
#2840=SURFACE_STYLE_FILL_AREA(#5098);
#2841=ORIENTED_EDGE('',*,*,#5099,.T.);
#2842=ORIENTED_EDGE('',*,*,#5097,.F.);
#2843=ORIENTED_EDGE('',*,*,#5100,.T.);
#2844=ORIENTED_EDGE('',*,*,#5101,.T.);
#2845=CARTESIAN_POINT('',(2.29,-2.3,0.0));
#2846=DIRECTION('',(0.0,-1.0,0.0));
#2847=DIRECTION('',(6.12323399573676E-17,0.0,-1.0));
#2848=SURFACE_STYLE_FILL_AREA(#5102);
#2849=ORIENTED_EDGE('',*,*,#5103,.T.);
#2850=ORIENTED_EDGE('',*,*,#5101,.F.);
#2851=ORIENTED_EDGE('',*,*,#5104,.T.);
#2852=ORIENTED_EDGE('',*,*,#5105,.T.);
#2853=CARTESIAN_POINT('',(2.29,-2.25000382587293,-0.032623866236966));
#2854=DIRECTION('',(1.0,0.0,6.12323399573676E-17));
#2855=DIRECTION('',(6.12323399573676E-17,0.0,-1.0));
#2856=SURFACE_STYLE_FILL_AREA(#5106);
#2857=ORIENTED_EDGE('',*,*,#5107,.T.);
#2858=ORIENTED_EDGE('',*,*,#5108,.F.);
#2859=ORIENTED_EDGE('',*,*,#5109,.T.);
#2860=ORIENTED_EDGE('',*,*,#5078,.T.);
#2861=ORIENTED_EDGE('',*,*,#5084,.T.);
#2862=ORIENTED_EDGE('',*,*,#5110,.T.);
#2863=CARTESIAN_POINT('',(2.29,-0.337588425642058,-0.175));
#2864=DIRECTION('',(6.12323399573676E-17,0.0,-1.0));
#2865=DIRECTION('',(0.0,1.0,0.0));
#2866=SURFACE_STYLE_FILL_AREA(#5111);
#2867=ORIENTED_EDGE('',*,*,#5112,.T.);
#2868=ORIENTED_EDGE('',*,*,#5105,.F.);
#2869=ORIENTED_EDGE('',*,*,#5113,.T.);
#2870=ORIENTED_EDGE('',*,*,#5108,.T.);
#2871=CARTESIAN_POINT('',(2.29,-1.97921928883906,-0.128475085621204));
#2872=DIRECTION('',(6.03979894411095E-17,-0.164518353671827,-0.986374022014526));
#2873=DIRECTION('',(1.00738437612597E-17,0.986374022014526,-0.164518353671827));
#2874=SURFACE_STYLE_FILL_AREA(#5114);
#2875=ORIENTED_EDGE('',*,*,#4977,.F.);
#2876=ORIENTED_EDGE('',*,*,#5093,.F.);
#2877=ORIENTED_EDGE('',*,*,#5115,.F.);
#2878=ORIENTED_EDGE('',*,*,#5110,.F.);
#2879=ORIENTED_EDGE('',*,*,#5083,.F.);
#2880=ORIENTED_EDGE('',*,*,#5116,.F.);
#2881=CARTESIAN_POINT('',(2.675,-0.0125096372638154,-0.8));
#2882=DIRECTION('',(1.0,0.0,0.0));
#2883=DIRECTION('',(0.0,1.0,0.0));
#2884=SURFACE_STYLE_FILL_AREA(#5117);
#2885=ORIENTED_EDGE('',*,*,#5091,.F.);
#2886=ORIENTED_EDGE('',*,*,#5079,.F.);
#2887=ORIENTED_EDGE('',*,*,#5109,.F.);
#2888=ORIENTED_EDGE('',*,*,#5113,.F.);
#2889=ORIENTED_EDGE('',*,*,#5104,.F.);
#2890=ORIENTED_EDGE('',*,*,#5100,.F.);
#2891=ORIENTED_EDGE('',*,*,#5096,.F.);
#2892=ORIENTED_EDGE('',*,*,#5088,.F.);
#2893=CARTESIAN_POINT('',(2.41245943159538,-2.22481745188815,-0.8));
#2894=DIRECTION('',(-0.986403869624909,-0.164339301413283,0.0));
#2895=DIRECTION('',(0.164339301413283,-0.986403869624909,0.0));
#2896=SURFACE_STYLE_FILL_AREA(#5118);
#2897=ORIENTED_EDGE('',*,*,#5107,.F.);
#2898=ORIENTED_EDGE('',*,*,#5115,.T.);
#2899=ORIENTED_EDGE('',*,*,#5092,.F.);
#2900=ORIENTED_EDGE('',*,*,#5086,.F.);
#2901=ORIENTED_EDGE('',*,*,#5095,.F.);
#2902=ORIENTED_EDGE('',*,*,#5099,.F.);
#2903=ORIENTED_EDGE('',*,*,#5103,.F.);
#2904=ORIENTED_EDGE('',*,*,#5112,.F.);
#2905=CARTESIAN_POINT('',(2.58745943159538,-2.22491818921431,-0.8));
#2906=DIRECTION('',(0.986374022014535,-0.164518353671769,0.0));
#2907=DIRECTION('',(0.164518353671769,0.986374022014535,0.0));
#2908=SURFACE_STYLE_FILL_AREA(#5119);
#2909=ORIENTED_EDGE('',*,*,#4971,.F.);
#2910=ORIENTED_EDGE('',*,*,#5120,.F.);
#2911=ORIENTED_EDGE('',*,*,#5121,.F.);
#2912=ORIENTED_EDGE('',*,*,#5122,.F.);
#2913=ORIENTED_EDGE('',*,*,#5123,.T.);
#2914=ORIENTED_EDGE('',*,*,#5124,.F.);
#2915=CARTESIAN_POINT('',(1.075,-0.0124088999376484,-0.8));
#2916=DIRECTION('',(-1.0,8.22408827970777E-18,0.0));
#2917=DIRECTION('',(-8.22408827970777E-18,-1.0,-0.0));
#2918=SURFACE_STYLE_FILL_AREA(#5125);
#2919=ORIENTED_EDGE('',*,*,#5126,.F.);
#2920=ORIENTED_EDGE('',*,*,#5127,.T.);
#2921=ORIENTED_EDGE('',*,*,#5128,.F.);
#2922=ORIENTED_EDGE('',*,*,#5121,.T.);
#2923=CARTESIAN_POINT('',(1.04,1.02510111644717,0.375));
#2924=DIRECTION('',(1.0,0.0,6.12323399573676E-17));
#2925=DIRECTION('',(6.12323399573676E-17,0.0,-1.0));
#2926=SURFACE_STYLE_FILL_AREA(#5129);
#2927=ORIENTED_EDGE('',*,*,#5130,.T.);
#2928=ORIENTED_EDGE('',*,*,#5131,.F.);
#2929=ORIENTED_EDGE('',*,*,#5132,.T.);
#2930=ORIENTED_EDGE('',*,*,#5133,.T.);
#2931=CARTESIAN_POINT('',(1.04,-1.97921928883903,0.128475085621216));
#2932=DIRECTION('',(-6.03979894411101E-17,-0.164518353671769,0.986374022014535));
#2933=DIRECTION('',(1.00738437612562E-17,-0.986374022014535,-0.164518353671769));
#2934=SURFACE_STYLE_FILL_AREA(#5134);
#2935=ORIENTED_EDGE('',*,*,#4972,.F.);
#2936=ORIENTED_EDGE('',*,*,#5124,.T.);
#2937=ORIENTED_EDGE('',*,*,#5135,.T.);
#2938=ORIENTED_EDGE('',*,*,#5131,.T.);
#2939=ORIENTED_EDGE('',*,*,#5136,.T.);
#2940=ORIENTED_EDGE('',*,*,#5137,.T.);
#2941=CARTESIAN_POINT('',(1.04,-0.0814146564930376,0.175));
#2942=DIRECTION('',(-6.12323399573676E-17,0.0,1.0));
#2943=DIRECTION('',(0.0,-1.0,0.0));
#2944=SURFACE_STYLE_FILL_AREA(#5138);
#2945=ORIENTED_EDGE('',*,*,#5139,.T.);
#2946=ORIENTED_EDGE('',*,*,#5133,.F.);
#2947=ORIENTED_EDGE('',*,*,#5140,.T.);
#2948=ORIENTED_EDGE('',*,*,#5141,.T.);
#2949=CARTESIAN_POINT('',(1.04,-2.25000382587288,0.0326238662369489));
#2950=DIRECTION('',(1.0,0.0,6.12323399573676E-17));
#2951=DIRECTION('',(6.12323399573676E-17,0.0,-1.0));
#2952=SURFACE_STYLE_FILL_AREA(#5142);
#2953=ORIENTED_EDGE('',*,*,#5143,.T.);
#2954=ORIENTED_EDGE('',*,*,#5141,.F.);
#2955=ORIENTED_EDGE('',*,*,#5144,.T.);
#2956=ORIENTED_EDGE('',*,*,#5145,.T.);
#2957=CARTESIAN_POINT('',(1.04,-2.3,0.0));
#2958=DIRECTION('',(0.0,-1.0,0.0));
#2959=DIRECTION('',(6.12323399573676E-17,0.0,-1.0));
#2960=SURFACE_STYLE_FILL_AREA(#5146);
#2961=ORIENTED_EDGE('',*,*,#5147,.T.);
#2962=ORIENTED_EDGE('',*,*,#5145,.F.);
#2963=ORIENTED_EDGE('',*,*,#5148,.T.);
#2964=ORIENTED_EDGE('',*,*,#5149,.T.);
#2965=CARTESIAN_POINT('',(1.04,-2.25000382587293,-0.032623866236966));
#2966=DIRECTION('',(1.0,0.0,6.12323399573676E-17));
#2967=DIRECTION('',(6.12323399573676E-17,0.0,-1.0));
#2968=SURFACE_STYLE_FILL_AREA(#5150);
#2969=ORIENTED_EDGE('',*,*,#5151,.T.);
#2970=ORIENTED_EDGE('',*,*,#5152,.F.);
#2971=ORIENTED_EDGE('',*,*,#5153,.T.);
#2972=ORIENTED_EDGE('',*,*,#5122,.T.);
#2973=ORIENTED_EDGE('',*,*,#5128,.T.);
#2974=ORIENTED_EDGE('',*,*,#5154,.T.);
#2975=CARTESIAN_POINT('',(1.04,-0.337588425642058,-0.175));
#2976=DIRECTION('',(6.12323399573676E-17,0.0,-1.0));
#2977=DIRECTION('',(0.0,1.0,0.0));
#2978=SURFACE_STYLE_FILL_AREA(#5155);
#2979=ORIENTED_EDGE('',*,*,#5156,.T.);
#2980=ORIENTED_EDGE('',*,*,#5149,.F.);
#2981=ORIENTED_EDGE('',*,*,#5157,.T.);
#2982=ORIENTED_EDGE('',*,*,#5152,.T.);
#2983=CARTESIAN_POINT('',(1.04,-1.97921928883906,-0.128475085621204));
#2984=DIRECTION('',(6.03979894411095E-17,-0.164518353671827,-0.986374022014526));
#2985=DIRECTION('',(1.00738437612597E-17,0.986374022014526,-0.164518353671827));
#2986=SURFACE_STYLE_FILL_AREA(#5158);
#2987=ORIENTED_EDGE('',*,*,#4973,.F.);
#2988=ORIENTED_EDGE('',*,*,#5137,.F.);
#2989=ORIENTED_EDGE('',*,*,#5159,.F.);
#2990=ORIENTED_EDGE('',*,*,#5154,.F.);
#2991=ORIENTED_EDGE('',*,*,#5127,.F.);
#2992=ORIENTED_EDGE('',*,*,#5160,.F.);
#2993=CARTESIAN_POINT('',(1.425,-0.0125096372638154,-0.8));
#2994=DIRECTION('',(1.0,0.0,0.0));
#2995=DIRECTION('',(0.0,1.0,0.0));
#2996=SURFACE_STYLE_FILL_AREA(#5161);
#2997=ORIENTED_EDGE('',*,*,#5135,.F.);
#2998=ORIENTED_EDGE('',*,*,#5123,.F.);
#2999=ORIENTED_EDGE('',*,*,#5153,.F.);
#3000=ORIENTED_EDGE('',*,*,#5157,.F.);
#3001=ORIENTED_EDGE('',*,*,#5148,.F.);
#3002=ORIENTED_EDGE('',*,*,#5144,.F.);
#3003=ORIENTED_EDGE('',*,*,#5140,.F.);
#3004=ORIENTED_EDGE('',*,*,#5132,.F.);
#3005=CARTESIAN_POINT('',(1.16245943159538,-2.22481745188815,-0.8));
#3006=DIRECTION('',(-0.986403869624909,-0.164339301413283,0.0));
#3007=DIRECTION('',(0.164339301413283,-0.986403869624909,0.0));
#3008=SURFACE_STYLE_FILL_AREA(#5162);
#3009=ORIENTED_EDGE('',*,*,#5151,.F.);
#3010=ORIENTED_EDGE('',*,*,#5159,.T.);
#3011=ORIENTED_EDGE('',*,*,#5136,.F.);
#3012=ORIENTED_EDGE('',*,*,#5130,.F.);
#3013=ORIENTED_EDGE('',*,*,#5139,.F.);
#3014=ORIENTED_EDGE('',*,*,#5143,.F.);
#3015=ORIENTED_EDGE('',*,*,#5147,.F.);
#3016=ORIENTED_EDGE('',*,*,#5156,.F.);
#3017=CARTESIAN_POINT('',(1.33745943159538,-2.22491818921431,-0.8));
#3018=DIRECTION('',(0.986374022014535,-0.164518353671769,0.0));
#3019=DIRECTION('',(0.164518353671769,0.986374022014535,0.0));
#3020=SURFACE_STYLE_FILL_AREA(#5163);
#3021=ORIENTED_EDGE('',*,*,#4967,.F.);
#3022=ORIENTED_EDGE('',*,*,#5164,.F.);
#3023=ORIENTED_EDGE('',*,*,#5165,.F.);
#3024=ORIENTED_EDGE('',*,*,#5166,.F.);
#3025=ORIENTED_EDGE('',*,*,#5167,.T.);
#3026=ORIENTED_EDGE('',*,*,#5168,.F.);
#3027=CARTESIAN_POINT('',(-0.175,-0.0124088999376484,-0.8));
#3028=DIRECTION('',(-1.0,8.22408827970777E-18,0.0));
#3029=DIRECTION('',(-8.22408827970777E-18,-1.0,-0.0));
#3030=SURFACE_STYLE_FILL_AREA(#5169);
#3031=ORIENTED_EDGE('',*,*,#5170,.F.);
#3032=ORIENTED_EDGE('',*,*,#5171,.T.);
#3033=ORIENTED_EDGE('',*,*,#5172,.F.);
#3034=ORIENTED_EDGE('',*,*,#5165,.T.);
#3035=CARTESIAN_POINT('',(-0.21,1.02510111644717,0.375));
#3036=DIRECTION('',(1.0,0.0,6.12323399573676E-17));
#3037=DIRECTION('',(6.12323399573676E-17,0.0,-1.0));
#3038=SURFACE_STYLE_FILL_AREA(#5173);
#3039=ORIENTED_EDGE('',*,*,#5174,.T.);
#3040=ORIENTED_EDGE('',*,*,#5175,.F.);
#3041=ORIENTED_EDGE('',*,*,#5176,.T.);
#3042=ORIENTED_EDGE('',*,*,#5177,.T.);
#3043=CARTESIAN_POINT('',(-0.21,-1.97921928883903,0.128475085621216));
#3044=DIRECTION('',(-6.03979894411101E-17,-0.164518353671769,0.986374022014535));
#3045=DIRECTION('',(1.00738437612562E-17,-0.986374022014535,-0.164518353671769));
#3046=SURFACE_STYLE_FILL_AREA(#5178);
#3047=ORIENTED_EDGE('',*,*,#4968,.F.);
#3048=ORIENTED_EDGE('',*,*,#5168,.T.);
#3049=ORIENTED_EDGE('',*,*,#5179,.T.);
#3050=ORIENTED_EDGE('',*,*,#5175,.T.);
#3051=ORIENTED_EDGE('',*,*,#5180,.T.);
#3052=ORIENTED_EDGE('',*,*,#5181,.T.);
#3053=CARTESIAN_POINT('',(-0.21,-0.0814146564930376,0.175));
#3054=DIRECTION('',(-6.12323399573676E-17,0.0,1.0));
#3055=DIRECTION('',(0.0,-1.0,0.0));
#3056=SURFACE_STYLE_FILL_AREA(#5182);
#3057=ORIENTED_EDGE('',*,*,#5183,.T.);
#3058=ORIENTED_EDGE('',*,*,#5177,.F.);
#3059=ORIENTED_EDGE('',*,*,#5184,.T.);
#3060=ORIENTED_EDGE('',*,*,#5185,.T.);
#3061=CARTESIAN_POINT('',(-0.21,-2.25000382587288,0.0326238662369489));
#3062=DIRECTION('',(1.0,0.0,6.12323399573676E-17));
#3063=DIRECTION('',(6.12323399573676E-17,0.0,-1.0));
#3064=SURFACE_STYLE_FILL_AREA(#5186);
#3065=ORIENTED_EDGE('',*,*,#5187,.T.);
#3066=ORIENTED_EDGE('',*,*,#5185,.F.);
#3067=ORIENTED_EDGE('',*,*,#5188,.T.);
#3068=ORIENTED_EDGE('',*,*,#5189,.T.);
#3069=CARTESIAN_POINT('',(-0.21,-2.3,0.0));
#3070=DIRECTION('',(0.0,-1.0,0.0));
#3071=DIRECTION('',(6.12323399573676E-17,0.0,-1.0));
#3072=SURFACE_STYLE_FILL_AREA(#5190);
#3073=ORIENTED_EDGE('',*,*,#5191,.T.);
#3074=ORIENTED_EDGE('',*,*,#5189,.F.);
#3075=ORIENTED_EDGE('',*,*,#5192,.T.);
#3076=ORIENTED_EDGE('',*,*,#5193,.T.);
#3077=CARTESIAN_POINT('',(-0.21,-2.25000382587293,-0.032623866236966));
#3078=DIRECTION('',(1.0,0.0,6.12323399573676E-17));
#3079=DIRECTION('',(6.12323399573676E-17,0.0,-1.0));
#3080=SURFACE_STYLE_FILL_AREA(#5194);
#3081=ORIENTED_EDGE('',*,*,#5195,.T.);
#3082=ORIENTED_EDGE('',*,*,#5196,.F.);
#3083=ORIENTED_EDGE('',*,*,#5197,.T.);
#3084=ORIENTED_EDGE('',*,*,#5166,.T.);
#3085=ORIENTED_EDGE('',*,*,#5172,.T.);
#3086=ORIENTED_EDGE('',*,*,#5198,.T.);
#3087=CARTESIAN_POINT('',(-0.21,-0.337588425642058,-0.175));
#3088=DIRECTION('',(6.12323399573676E-17,0.0,-1.0));
#3089=DIRECTION('',(0.0,1.0,0.0));
#3090=SURFACE_STYLE_FILL_AREA(#5199);
#3091=ORIENTED_EDGE('',*,*,#5200,.T.);
#3092=ORIENTED_EDGE('',*,*,#5193,.F.);
#3093=ORIENTED_EDGE('',*,*,#5201,.T.);
#3094=ORIENTED_EDGE('',*,*,#5196,.T.);
#3095=CARTESIAN_POINT('',(-0.21,-1.97921928883906,-0.128475085621204));
#3096=DIRECTION('',(6.03979894411095E-17,-0.164518353671827,-0.986374022014526));
#3097=DIRECTION('',(1.00738437612597E-17,0.986374022014526,-0.164518353671827));
#3098=SURFACE_STYLE_FILL_AREA(#5202);
#3099=ORIENTED_EDGE('',*,*,#4969,.F.);
#3100=ORIENTED_EDGE('',*,*,#5181,.F.);
#3101=ORIENTED_EDGE('',*,*,#5203,.F.);
#3102=ORIENTED_EDGE('',*,*,#5198,.F.);
#3103=ORIENTED_EDGE('',*,*,#5171,.F.);
#3104=ORIENTED_EDGE('',*,*,#5204,.F.);
#3105=CARTESIAN_POINT('',(0.175,-0.0125096372638154,-0.8));
#3106=DIRECTION('',(1.0,0.0,0.0));
#3107=DIRECTION('',(0.0,1.0,0.0));
#3108=SURFACE_STYLE_FILL_AREA(#5205);
#3109=ORIENTED_EDGE('',*,*,#5179,.F.);
#3110=ORIENTED_EDGE('',*,*,#5167,.F.);
#3111=ORIENTED_EDGE('',*,*,#5197,.F.);
#3112=ORIENTED_EDGE('',*,*,#5201,.F.);
#3113=ORIENTED_EDGE('',*,*,#5192,.F.);
#3114=ORIENTED_EDGE('',*,*,#5188,.F.);
#3115=ORIENTED_EDGE('',*,*,#5184,.F.);
#3116=ORIENTED_EDGE('',*,*,#5176,.F.);
#3117=CARTESIAN_POINT('',(-0.0875405684046191,-2.22481745188815,-0.8));
#3118=DIRECTION('',(-0.986403869624909,-0.164339301413283,0.0));
#3119=DIRECTION('',(0.164339301413283,-0.986403869624909,0.0));
#3120=SURFACE_STYLE_FILL_AREA(#5206);
#3121=ORIENTED_EDGE('',*,*,#5195,.F.);
#3122=ORIENTED_EDGE('',*,*,#5203,.T.);
#3123=ORIENTED_EDGE('',*,*,#5180,.F.);
#3124=ORIENTED_EDGE('',*,*,#5174,.F.);
#3125=ORIENTED_EDGE('',*,*,#5183,.F.);
#3126=ORIENTED_EDGE('',*,*,#5187,.F.);
#3127=ORIENTED_EDGE('',*,*,#5191,.F.);
#3128=ORIENTED_EDGE('',*,*,#5200,.F.);
#3129=CARTESIAN_POINT('',(0.0874594315953809,-2.22491818921431,-0.8));
#3130=DIRECTION('',(0.986374022014535,-0.164518353671769,0.0));
#3131=DIRECTION('',(0.164518353671769,0.986374022014535,0.0));
#3132=SURFACE_STYLE_FILL_AREA(#5207);
#3133=ORIENTED_EDGE('',*,*,#5208,.F.);
#3134=ORIENTED_EDGE('',*,*,#5209,.F.);
#3135=ORIENTED_EDGE('',*,*,#5210,.T.);
#3136=ORIENTED_EDGE('',*,*,#5211,.F.);
#3137=ORIENTED_EDGE('',*,*,#5212,.F.);
#3138=ORIENTED_EDGE('',*,*,#5213,.F.);
#3139=ORIENTED_EDGE('',*,*,#5214,.T.);
#3140=ORIENTED_EDGE('',*,*,#5215,.F.);
#3141=ORIENTED_EDGE('',*,*,#5216,.F.);
#3142=ORIENTED_EDGE('',*,*,#5217,.F.);
#3143=ORIENTED_EDGE('',*,*,#5218,.F.);
#3144=CARTESIAN_POINT('',(6.05,1.35458480851189,2.65329903423214));
#3145=DIRECTION('',(1.0,0.0,6.12323399573676E-17));
#3146=DIRECTION('',(6.12323399573676E-17,0.0,-1.0));
#3147=SURFACE_STYLE_FILL_AREA(#5219);
#3148=ORIENTED_EDGE('',*,*,#5220,.F.);
#3149=ORIENTED_EDGE('',*,*,#5221,.T.);
#3150=ORIENTED_EDGE('',*,*,#5222,.F.);
#3151=ORIENTED_EDGE('',*,*,#5209,.T.);
#3152=CARTESIAN_POINT('',(6.05,1.15000000000003,1.98409830056277));
#3153=DIRECTION('',(0.0,-1.0,0.0));
#3154=DIRECTION('',(6.12323399573676E-17,0.0,-1.0));
#3155=SURFACE_STYLE_FILL_AREA(#5223);
#3156=ORIENTED_EDGE('',*,*,#5224,.T.);
#3157=ORIENTED_EDGE('',*,*,#5225,.F.);
#3158=ORIENTED_EDGE('',*,*,#5217,.T.);
#3159=ORIENTED_EDGE('',*,*,#5226,.T.);
#3160=CARTESIAN_POINT('',(6.05,1.45000000000003,3.5750000000004));
#3161=DIRECTION('',(1.0,0.0,6.12323399573676E-17));
#3162=DIRECTION('',(6.12323399573676E-17,0.0,-1.0));
#3163=SURFACE_STYLE_FILL_AREA(#5227);
#3164=ORIENTED_EDGE('',*,*,#5228,.F.);
#3165=ORIENTED_EDGE('',*,*,#5218,.T.);
#3166=ORIENTED_EDGE('',*,*,#5225,.T.);
#3167=ORIENTED_EDGE('',*,*,#5229,.T.);
#3168=CARTESIAN_POINT('',(6.05,1.65000000000003,2.60000000000026));
#3169=DIRECTION('',(0.0,1.0,0.0));
#3170=DIRECTION('',(-6.12323399573676E-17,0.0,1.0));
#3171=SURFACE_STYLE_FILL_AREA(#5230);
#3172=ORIENTED_EDGE('',*,*,#5231,.T.);
#3173=ORIENTED_EDGE('',*,*,#5232,.F.);
#3174=ORIENTED_EDGE('',*,*,#5210,.F.);
#3175=ORIENTED_EDGE('',*,*,#5222,.T.);
#3176=CARTESIAN_POINT('',(6.05,1.05000000000004,2.34319660112541));
#3177=DIRECTION('',(1.0,0.0,6.12323399573676E-17));
#3178=DIRECTION('',(6.12323399573676E-17,0.0,-1.0));
#3179=SURFACE_STYLE_FILL_AREA(#5233);
#3180=ORIENTED_EDGE('',*,*,#5234,.T.);
#3181=ORIENTED_EDGE('',*,*,#5235,.F.);
#3182=ORIENTED_EDGE('',*,*,#5211,.T.);
#3183=ORIENTED_EDGE('',*,*,#5232,.T.);
#3184=CARTESIAN_POINT('',(6.05,1.00236067977503,2.47881966011287));
#3185=DIRECTION('',(5.47678698264323E-17,-0.447213595499566,-0.894427191000112));
#3186=DIRECTION('',(2.73839349131861E-17,0.894427191000112,-0.447213595499566));
#3187=SURFACE_STYLE_FILL_AREA(#5236);
#3188=ORIENTED_EDGE('',*,*,#5237,.T.);
#3189=ORIENTED_EDGE('',*,*,#5238,.F.);
#3190=ORIENTED_EDGE('',*,*,#5212,.T.);
#3191=ORIENTED_EDGE('',*,*,#5235,.T.);
#3192=CARTESIAN_POINT('',(6.05,0.910000000000025,2.72500000000038));
#3193=DIRECTION('',(1.69953884180813E-32,-1.0,-2.7755575615621E-16));
#3194=DIRECTION('',(6.12323399573676E-17,2.7755575615621E-16,-1.0));
#3195=SURFACE_STYLE_FILL_AREA(#5239);
#3196=ORIENTED_EDGE('',*,*,#5240,.T.);
#3197=ORIENTED_EDGE('',*,*,#5241,.F.);
#3198=ORIENTED_EDGE('',*,*,#5213,.T.);
#3199=ORIENTED_EDGE('',*,*,#5238,.T.);
#3200=CARTESIAN_POINT('',(6.05,1.00236067977502,2.97118033988795));
#3201=DIRECTION('',(-5.47678698264178E-17,-0.447213595500039,0.894427190999876));
#3202=DIRECTION('',(2.73839349132151E-17,-0.894427190999876,-0.447213595500039));
#3203=SURFACE_STYLE_FILL_AREA(#5242);
#3204=ORIENTED_EDGE('',*,*,#5243,.T.);
#3205=ORIENTED_EDGE('',*,*,#5244,.F.);
#3206=ORIENTED_EDGE('',*,*,#5214,.F.);
#3207=ORIENTED_EDGE('',*,*,#5241,.T.);
#3208=CARTESIAN_POINT('',(6.05,1.05000000000004,3.10680339887542));
#3209=DIRECTION('',(1.0,0.0,6.12323399573676E-17));
#3210=DIRECTION('',(6.12323399573676E-17,0.0,-1.0));
#3211=SURFACE_STYLE_FILL_AREA(#5245);
#3212=ORIENTED_EDGE('',*,*,#5246,.T.);
#3213=ORIENTED_EDGE('',*,*,#5247,.F.);
#3214=ORIENTED_EDGE('',*,*,#5215,.T.);
#3215=ORIENTED_EDGE('',*,*,#5244,.T.);
#3216=CARTESIAN_POINT('',(6.05,1.15000000000003,3.44090169943791));
#3217=DIRECTION('',(0.0,-1.0,0.0));
#3218=DIRECTION('',(6.12323399573676E-17,0.0,-1.0));
#3219=SURFACE_STYLE_FILL_AREA(#5248);
#3220=ORIENTED_EDGE('',*,*,#5249,.T.);
#3221=ORIENTED_EDGE('',*,*,#5226,.F.);
#3222=ORIENTED_EDGE('',*,*,#5216,.T.);
#3223=ORIENTED_EDGE('',*,*,#5247,.T.);
#3224=CARTESIAN_POINT('',(6.05,1.30000000000003,3.7750000000004));
#3225=DIRECTION('',(-6.12323399573676E-17,0.0,1.0));
#3226=DIRECTION('',(0.0,-1.0,0.0));
#3227=SURFACE_STYLE_FILL_AREA(#5250);
#3228=ORIENTED_EDGE('',*,*,#5251,.F.);
#3229=ORIENTED_EDGE('',*,*,#5229,.F.);
#3230=ORIENTED_EDGE('',*,*,#5224,.F.);
#3231=ORIENTED_EDGE('',*,*,#5249,.F.);
#3232=ORIENTED_EDGE('',*,*,#5246,.F.);
#3233=ORIENTED_EDGE('',*,*,#5243,.F.);
#3234=ORIENTED_EDGE('',*,*,#5240,.F.);
#3235=ORIENTED_EDGE('',*,*,#5237,.F.);
#3236=ORIENTED_EDGE('',*,*,#5234,.F.);
#3237=ORIENTED_EDGE('',*,*,#5231,.F.);
#3238=ORIENTED_EDGE('',*,*,#5221,.F.);
#3239=CARTESIAN_POINT('',(6.45,1.35458480851189,2.65329903423214));
#3240=DIRECTION('',(1.0,0.0,6.12323399573676E-17));
#3241=DIRECTION('',(6.12323399573676E-17,0.0,-1.0));
#3242=SURFACE_STYLE_FILL_AREA(#5252);
#3243=ORIENTED_EDGE('',*,*,#5253,.F.);
#3244=ORIENTED_EDGE('',*,*,#5254,.F.);
#3245=ORIENTED_EDGE('',*,*,#5255,.T.);
#3246=ORIENTED_EDGE('',*,*,#5256,.F.);
#3247=ORIENTED_EDGE('',*,*,#5257,.F.);
#3248=ORIENTED_EDGE('',*,*,#5258,.F.);
#3249=ORIENTED_EDGE('',*,*,#5259,.T.);
#3250=ORIENTED_EDGE('',*,*,#5260,.F.);
#3251=ORIENTED_EDGE('',*,*,#5261,.F.);
#3252=ORIENTED_EDGE('',*,*,#5262,.F.);
#3253=ORIENTED_EDGE('',*,*,#5263,.F.);
#3254=CARTESIAN_POINT('',(4.8,1.35458480851189,2.65329903423214));
#3255=DIRECTION('',(1.0,0.0,6.12323399573676E-17));
#3256=DIRECTION('',(6.12323399573676E-17,0.0,-1.0));
#3257=SURFACE_STYLE_FILL_AREA(#5264);
#3258=ORIENTED_EDGE('',*,*,#5265,.F.);
#3259=ORIENTED_EDGE('',*,*,#5266,.T.);
#3260=ORIENTED_EDGE('',*,*,#5267,.F.);
#3261=ORIENTED_EDGE('',*,*,#5254,.T.);
#3262=CARTESIAN_POINT('',(4.8,1.15000000000003,1.98409830056277));
#3263=DIRECTION('',(0.0,-1.0,0.0));
#3264=DIRECTION('',(6.12323399573676E-17,0.0,-1.0));
#3265=SURFACE_STYLE_FILL_AREA(#5268);
#3266=ORIENTED_EDGE('',*,*,#5269,.T.);
#3267=ORIENTED_EDGE('',*,*,#5270,.F.);
#3268=ORIENTED_EDGE('',*,*,#5262,.T.);
#3269=ORIENTED_EDGE('',*,*,#5271,.T.);
#3270=CARTESIAN_POINT('',(4.8,1.45000000000003,3.5750000000004));
#3271=DIRECTION('',(1.0,0.0,6.12323399573676E-17));
#3272=DIRECTION('',(6.12323399573676E-17,0.0,-1.0));
#3273=SURFACE_STYLE_FILL_AREA(#5272);
#3274=ORIENTED_EDGE('',*,*,#5273,.F.);
#3275=ORIENTED_EDGE('',*,*,#5263,.T.);
#3276=ORIENTED_EDGE('',*,*,#5270,.T.);
#3277=ORIENTED_EDGE('',*,*,#5274,.T.);
#3278=CARTESIAN_POINT('',(4.8,1.65000000000003,2.60000000000026));
#3279=DIRECTION('',(0.0,1.0,0.0));
#3280=DIRECTION('',(-6.12323399573676E-17,0.0,1.0));
#3281=SURFACE_STYLE_FILL_AREA(#5275);
#3282=ORIENTED_EDGE('',*,*,#5276,.T.);
#3283=ORIENTED_EDGE('',*,*,#5277,.F.);
#3284=ORIENTED_EDGE('',*,*,#5255,.F.);
#3285=ORIENTED_EDGE('',*,*,#5267,.T.);
#3286=CARTESIAN_POINT('',(4.8,1.05000000000004,2.34319660112541));
#3287=DIRECTION('',(1.0,0.0,6.12323399573676E-17));
#3288=DIRECTION('',(6.12323399573676E-17,0.0,-1.0));
#3289=SURFACE_STYLE_FILL_AREA(#5278);
#3290=ORIENTED_EDGE('',*,*,#5279,.T.);
#3291=ORIENTED_EDGE('',*,*,#5280,.F.);
#3292=ORIENTED_EDGE('',*,*,#5256,.T.);
#3293=ORIENTED_EDGE('',*,*,#5277,.T.);
#3294=CARTESIAN_POINT('',(4.8,1.00236067977503,2.47881966011287));
#3295=DIRECTION('',(5.47678698264323E-17,-0.447213595499566,-0.894427191000112));
#3296=DIRECTION('',(2.73839349131861E-17,0.894427191000112,-0.447213595499566));
#3297=SURFACE_STYLE_FILL_AREA(#5281);
#3298=ORIENTED_EDGE('',*,*,#5282,.T.);
#3299=ORIENTED_EDGE('',*,*,#5283,.F.);
#3300=ORIENTED_EDGE('',*,*,#5257,.T.);
#3301=ORIENTED_EDGE('',*,*,#5280,.T.);
#3302=CARTESIAN_POINT('',(4.8,0.910000000000025,2.72500000000038));
#3303=DIRECTION('',(1.69953884180813E-32,-1.0,-2.7755575615621E-16));
#3304=DIRECTION('',(6.12323399573676E-17,2.7755575615621E-16,-1.0));
#3305=SURFACE_STYLE_FILL_AREA(#5284);
#3306=ORIENTED_EDGE('',*,*,#5285,.T.);
#3307=ORIENTED_EDGE('',*,*,#5286,.F.);
#3308=ORIENTED_EDGE('',*,*,#5258,.T.);
#3309=ORIENTED_EDGE('',*,*,#5283,.T.);
#3310=CARTESIAN_POINT('',(4.8,1.00236067977502,2.97118033988795));
#3311=DIRECTION('',(-5.47678698264178E-17,-0.447213595500039,0.894427190999876));
#3312=DIRECTION('',(2.73839349132151E-17,-0.894427190999876,-0.447213595500039));
#3313=SURFACE_STYLE_FILL_AREA(#5287);
#3314=ORIENTED_EDGE('',*,*,#5288,.T.);
#3315=ORIENTED_EDGE('',*,*,#5289,.F.);
#3316=ORIENTED_EDGE('',*,*,#5259,.F.);
#3317=ORIENTED_EDGE('',*,*,#5286,.T.);
#3318=CARTESIAN_POINT('',(4.8,1.05000000000004,3.10680339887542));
#3319=DIRECTION('',(1.0,0.0,6.12323399573676E-17));
#3320=DIRECTION('',(6.12323399573676E-17,0.0,-1.0));
#3321=SURFACE_STYLE_FILL_AREA(#5290);
#3322=ORIENTED_EDGE('',*,*,#5291,.T.);
#3323=ORIENTED_EDGE('',*,*,#5292,.F.);
#3324=ORIENTED_EDGE('',*,*,#5260,.T.);
#3325=ORIENTED_EDGE('',*,*,#5289,.T.);
#3326=CARTESIAN_POINT('',(4.8,1.15000000000003,3.44090169943791));
#3327=DIRECTION('',(0.0,-1.0,0.0));
#3328=DIRECTION('',(6.12323399573676E-17,0.0,-1.0));
#3329=SURFACE_STYLE_FILL_AREA(#5293);
#3330=ORIENTED_EDGE('',*,*,#5294,.T.);
#3331=ORIENTED_EDGE('',*,*,#5271,.F.);
#3332=ORIENTED_EDGE('',*,*,#5261,.T.);
#3333=ORIENTED_EDGE('',*,*,#5292,.T.);
#3334=CARTESIAN_POINT('',(4.8,1.30000000000003,3.7750000000004));
#3335=DIRECTION('',(-6.12323399573676E-17,0.0,1.0));
#3336=DIRECTION('',(0.0,-1.0,0.0));
#3337=SURFACE_STYLE_FILL_AREA(#5295);
#3338=ORIENTED_EDGE('',*,*,#5296,.F.);
#3339=ORIENTED_EDGE('',*,*,#5274,.F.);
#3340=ORIENTED_EDGE('',*,*,#5269,.F.);
#3341=ORIENTED_EDGE('',*,*,#5294,.F.);
#3342=ORIENTED_EDGE('',*,*,#5291,.F.);
#3343=ORIENTED_EDGE('',*,*,#5288,.F.);
#3344=ORIENTED_EDGE('',*,*,#5285,.F.);
#3345=ORIENTED_EDGE('',*,*,#5282,.F.);
#3346=ORIENTED_EDGE('',*,*,#5279,.F.);
#3347=ORIENTED_EDGE('',*,*,#5276,.F.);
#3348=ORIENTED_EDGE('',*,*,#5266,.F.);
#3349=CARTESIAN_POINT('',(5.2,1.35458480851189,2.65329903423214));
#3350=DIRECTION('',(1.0,0.0,6.12323399573676E-17));
#3351=DIRECTION('',(6.12323399573676E-17,0.0,-1.0));
#3352=SURFACE_STYLE_FILL_AREA(#5297);
#3353=ORIENTED_EDGE('',*,*,#5298,.F.);
#3354=ORIENTED_EDGE('',*,*,#5299,.F.);
#3355=ORIENTED_EDGE('',*,*,#5300,.T.);
#3356=ORIENTED_EDGE('',*,*,#5301,.F.);
#3357=ORIENTED_EDGE('',*,*,#5302,.F.);
#3358=ORIENTED_EDGE('',*,*,#5303,.F.);
#3359=ORIENTED_EDGE('',*,*,#5304,.T.);
#3360=ORIENTED_EDGE('',*,*,#5305,.F.);
#3361=ORIENTED_EDGE('',*,*,#5306,.F.);
#3362=ORIENTED_EDGE('',*,*,#5307,.F.);
#3363=ORIENTED_EDGE('',*,*,#5308,.F.);
#3364=CARTESIAN_POINT('',(3.55,1.35458480851189,2.65329903423214));
#3365=DIRECTION('',(1.0,0.0,6.12323399573676E-17));
#3366=DIRECTION('',(6.12323399573676E-17,0.0,-1.0));
#3367=SURFACE_STYLE_FILL_AREA(#5309);
#3368=ORIENTED_EDGE('',*,*,#5310,.F.);
#3369=ORIENTED_EDGE('',*,*,#5311,.T.);
#3370=ORIENTED_EDGE('',*,*,#5312,.F.);
#3371=ORIENTED_EDGE('',*,*,#5299,.T.);
#3372=CARTESIAN_POINT('',(3.55,1.15000000000003,1.98409830056277));
#3373=DIRECTION('',(0.0,-1.0,0.0));
#3374=DIRECTION('',(6.12323399573676E-17,0.0,-1.0));
#3375=SURFACE_STYLE_FILL_AREA(#5313);
#3376=ORIENTED_EDGE('',*,*,#5314,.T.);
#3377=ORIENTED_EDGE('',*,*,#5315,.F.);
#3378=ORIENTED_EDGE('',*,*,#5307,.T.);
#3379=ORIENTED_EDGE('',*,*,#5316,.T.);
#3380=CARTESIAN_POINT('',(3.55,1.45000000000003,3.5750000000004));
#3381=DIRECTION('',(1.0,0.0,6.12323399573676E-17));
#3382=DIRECTION('',(6.12323399573676E-17,0.0,-1.0));
#3383=SURFACE_STYLE_FILL_AREA(#5317);
#3384=ORIENTED_EDGE('',*,*,#5318,.F.);
#3385=ORIENTED_EDGE('',*,*,#5308,.T.);
#3386=ORIENTED_EDGE('',*,*,#5315,.T.);
#3387=ORIENTED_EDGE('',*,*,#5319,.T.);
#3388=CARTESIAN_POINT('',(3.55,1.65000000000003,2.60000000000026));
#3389=DIRECTION('',(0.0,1.0,0.0));
#3390=DIRECTION('',(-6.12323399573676E-17,0.0,1.0));
#3391=SURFACE_STYLE_FILL_AREA(#5320);
#3392=ORIENTED_EDGE('',*,*,#5321,.T.);
#3393=ORIENTED_EDGE('',*,*,#5322,.F.);
#3394=ORIENTED_EDGE('',*,*,#5300,.F.);
#3395=ORIENTED_EDGE('',*,*,#5312,.T.);
#3396=CARTESIAN_POINT('',(3.55,1.05000000000004,2.34319660112541));
#3397=DIRECTION('',(1.0,0.0,6.12323399573676E-17));
#3398=DIRECTION('',(6.12323399573676E-17,0.0,-1.0));
#3399=SURFACE_STYLE_FILL_AREA(#5323);
#3400=ORIENTED_EDGE('',*,*,#5324,.T.);
#3401=ORIENTED_EDGE('',*,*,#5325,.F.);
#3402=ORIENTED_EDGE('',*,*,#5301,.T.);
#3403=ORIENTED_EDGE('',*,*,#5322,.T.);
#3404=CARTESIAN_POINT('',(3.55,1.00236067977503,2.47881966011287));
#3405=DIRECTION('',(5.47678698264323E-17,-0.447213595499566,-0.894427191000112));
#3406=DIRECTION('',(2.73839349131861E-17,0.894427191000112,-0.447213595499566));
#3407=SURFACE_STYLE_FILL_AREA(#5326);
#3408=ORIENTED_EDGE('',*,*,#5327,.T.);
#3409=ORIENTED_EDGE('',*,*,#5328,.F.);
#3410=ORIENTED_EDGE('',*,*,#5302,.T.);
#3411=ORIENTED_EDGE('',*,*,#5325,.T.);
#3412=CARTESIAN_POINT('',(3.55,0.910000000000025,2.72500000000038));
#3413=DIRECTION('',(1.69953884180813E-32,-1.0,-2.7755575615621E-16));
#3414=DIRECTION('',(6.12323399573676E-17,2.7755575615621E-16,-1.0));
#3415=SURFACE_STYLE_FILL_AREA(#5329);
#3416=ORIENTED_EDGE('',*,*,#5330,.T.);
#3417=ORIENTED_EDGE('',*,*,#5331,.F.);
#3418=ORIENTED_EDGE('',*,*,#5303,.T.);
#3419=ORIENTED_EDGE('',*,*,#5328,.T.);
#3420=CARTESIAN_POINT('',(3.55,1.00236067977502,2.97118033988795));
#3421=DIRECTION('',(-5.47678698264178E-17,-0.447213595500039,0.894427190999876));
#3422=DIRECTION('',(2.73839349132151E-17,-0.894427190999876,-0.447213595500039));
#3423=SURFACE_STYLE_FILL_AREA(#5332);
#3424=ORIENTED_EDGE('',*,*,#5333,.T.);
#3425=ORIENTED_EDGE('',*,*,#5334,.F.);
#3426=ORIENTED_EDGE('',*,*,#5304,.F.);
#3427=ORIENTED_EDGE('',*,*,#5331,.T.);
#3428=CARTESIAN_POINT('',(3.55,1.05000000000004,3.10680339887542));
#3429=DIRECTION('',(1.0,0.0,6.12323399573676E-17));
#3430=DIRECTION('',(6.12323399573676E-17,0.0,-1.0));
#3431=SURFACE_STYLE_FILL_AREA(#5335);
#3432=ORIENTED_EDGE('',*,*,#5336,.T.);
#3433=ORIENTED_EDGE('',*,*,#5337,.F.);
#3434=ORIENTED_EDGE('',*,*,#5305,.T.);
#3435=ORIENTED_EDGE('',*,*,#5334,.T.);
#3436=CARTESIAN_POINT('',(3.55,1.15000000000003,3.44090169943791));
#3437=DIRECTION('',(0.0,-1.0,0.0));
#3438=DIRECTION('',(6.12323399573676E-17,0.0,-1.0));
#3439=SURFACE_STYLE_FILL_AREA(#5338);
#3440=ORIENTED_EDGE('',*,*,#5339,.T.);
#3441=ORIENTED_EDGE('',*,*,#5316,.F.);
#3442=ORIENTED_EDGE('',*,*,#5306,.T.);
#3443=ORIENTED_EDGE('',*,*,#5337,.T.);
#3444=CARTESIAN_POINT('',(3.55,1.30000000000003,3.7750000000004));
#3445=DIRECTION('',(-6.12323399573676E-17,0.0,1.0));
#3446=DIRECTION('',(0.0,-1.0,0.0));
#3447=SURFACE_STYLE_FILL_AREA(#5340);
#3448=ORIENTED_EDGE('',*,*,#5341,.F.);
#3449=ORIENTED_EDGE('',*,*,#5319,.F.);
#3450=ORIENTED_EDGE('',*,*,#5314,.F.);
#3451=ORIENTED_EDGE('',*,*,#5339,.F.);
#3452=ORIENTED_EDGE('',*,*,#5336,.F.);
#3453=ORIENTED_EDGE('',*,*,#5333,.F.);
#3454=ORIENTED_EDGE('',*,*,#5330,.F.);
#3455=ORIENTED_EDGE('',*,*,#5327,.F.);
#3456=ORIENTED_EDGE('',*,*,#5324,.F.);
#3457=ORIENTED_EDGE('',*,*,#5321,.F.);
#3458=ORIENTED_EDGE('',*,*,#5311,.F.);
#3459=CARTESIAN_POINT('',(3.95,1.35458480851189,2.65329903423214));
#3460=DIRECTION('',(1.0,0.0,6.12323399573676E-17));
#3461=DIRECTION('',(6.12323399573676E-17,0.0,-1.0));
#3462=SURFACE_STYLE_FILL_AREA(#5342);
#3463=ORIENTED_EDGE('',*,*,#5343,.F.);
#3464=ORIENTED_EDGE('',*,*,#5344,.F.);
#3465=ORIENTED_EDGE('',*,*,#5345,.T.);
#3466=ORIENTED_EDGE('',*,*,#5346,.F.);
#3467=ORIENTED_EDGE('',*,*,#5347,.F.);
#3468=ORIENTED_EDGE('',*,*,#5348,.F.);
#3469=ORIENTED_EDGE('',*,*,#5349,.T.);
#3470=ORIENTED_EDGE('',*,*,#5350,.F.);
#3471=ORIENTED_EDGE('',*,*,#5351,.F.);
#3472=ORIENTED_EDGE('',*,*,#5352,.F.);
#3473=ORIENTED_EDGE('',*,*,#5353,.F.);
#3474=CARTESIAN_POINT('',(2.3,1.35458480851189,2.65329903423214));
#3475=DIRECTION('',(1.0,0.0,6.12323399573676E-17));
#3476=DIRECTION('',(6.12323399573676E-17,0.0,-1.0));
#3477=SURFACE_STYLE_FILL_AREA(#5354);
#3478=ORIENTED_EDGE('',*,*,#5355,.F.);
#3479=ORIENTED_EDGE('',*,*,#5356,.T.);
#3480=ORIENTED_EDGE('',*,*,#5357,.F.);
#3481=ORIENTED_EDGE('',*,*,#5344,.T.);
#3482=CARTESIAN_POINT('',(2.3,1.15000000000003,1.98409830056277));
#3483=DIRECTION('',(0.0,-1.0,0.0));
#3484=DIRECTION('',(6.12323399573676E-17,0.0,-1.0));
#3485=SURFACE_STYLE_FILL_AREA(#5358);
#3486=ORIENTED_EDGE('',*,*,#5359,.T.);
#3487=ORIENTED_EDGE('',*,*,#5360,.F.);
#3488=ORIENTED_EDGE('',*,*,#5352,.T.);
#3489=ORIENTED_EDGE('',*,*,#5361,.T.);
#3490=CARTESIAN_POINT('',(2.3,1.45000000000003,3.5750000000004));
#3491=DIRECTION('',(1.0,0.0,6.12323399573676E-17));
#3492=DIRECTION('',(6.12323399573676E-17,0.0,-1.0));
#3493=SURFACE_STYLE_FILL_AREA(#5362);
#3494=ORIENTED_EDGE('',*,*,#5363,.F.);
#3495=ORIENTED_EDGE('',*,*,#5353,.T.);
#3496=ORIENTED_EDGE('',*,*,#5360,.T.);
#3497=ORIENTED_EDGE('',*,*,#5364,.T.);
#3498=CARTESIAN_POINT('',(2.3,1.65000000000003,2.60000000000026));
#3499=DIRECTION('',(0.0,1.0,0.0));
#3500=DIRECTION('',(-6.12323399573676E-17,0.0,1.0));
#3501=SURFACE_STYLE_FILL_AREA(#5365);
#3502=ORIENTED_EDGE('',*,*,#5366,.T.);
#3503=ORIENTED_EDGE('',*,*,#5367,.F.);
#3504=ORIENTED_EDGE('',*,*,#5345,.F.);
#3505=ORIENTED_EDGE('',*,*,#5357,.T.);
#3506=CARTESIAN_POINT('',(2.3,1.05000000000004,2.34319660112541));
#3507=DIRECTION('',(1.0,0.0,6.12323399573676E-17));
#3508=DIRECTION('',(6.12323399573676E-17,0.0,-1.0));
#3509=SURFACE_STYLE_FILL_AREA(#5368);
#3510=ORIENTED_EDGE('',*,*,#5369,.T.);
#3511=ORIENTED_EDGE('',*,*,#5370,.F.);
#3512=ORIENTED_EDGE('',*,*,#5346,.T.);
#3513=ORIENTED_EDGE('',*,*,#5367,.T.);
#3514=CARTESIAN_POINT('',(2.3,1.00236067977503,2.47881966011287));
#3515=DIRECTION('',(5.47678698264323E-17,-0.447213595499566,-0.894427191000112));
#3516=DIRECTION('',(2.73839349131861E-17,0.894427191000112,-0.447213595499566));
#3517=SURFACE_STYLE_FILL_AREA(#5371);
#3518=ORIENTED_EDGE('',*,*,#5372,.T.);
#3519=ORIENTED_EDGE('',*,*,#5373,.F.);
#3520=ORIENTED_EDGE('',*,*,#5347,.T.);
#3521=ORIENTED_EDGE('',*,*,#5370,.T.);
#3522=CARTESIAN_POINT('',(2.3,0.910000000000025,2.72500000000038));
#3523=DIRECTION('',(1.69953884180813E-32,-1.0,-2.7755575615621E-16));
#3524=DIRECTION('',(6.12323399573676E-17,2.7755575615621E-16,-1.0));
#3525=SURFACE_STYLE_FILL_AREA(#5374);
#3526=ORIENTED_EDGE('',*,*,#5375,.T.);
#3527=ORIENTED_EDGE('',*,*,#5376,.F.);
#3528=ORIENTED_EDGE('',*,*,#5348,.T.);
#3529=ORIENTED_EDGE('',*,*,#5373,.T.);
#3530=CARTESIAN_POINT('',(2.3,1.00236067977502,2.97118033988795));
#3531=DIRECTION('',(-5.47678698264178E-17,-0.447213595500039,0.894427190999876));
#3532=DIRECTION('',(2.73839349132151E-17,-0.894427190999876,-0.447213595500039));
#3533=SURFACE_STYLE_FILL_AREA(#5377);
#3534=ORIENTED_EDGE('',*,*,#5378,.T.);
#3535=ORIENTED_EDGE('',*,*,#5379,.F.);
#3536=ORIENTED_EDGE('',*,*,#5349,.F.);
#3537=ORIENTED_EDGE('',*,*,#5376,.T.);
#3538=CARTESIAN_POINT('',(2.3,1.05000000000004,3.10680339887542));
#3539=DIRECTION('',(1.0,0.0,6.12323399573676E-17));
#3540=DIRECTION('',(6.12323399573676E-17,0.0,-1.0));
#3541=SURFACE_STYLE_FILL_AREA(#5380);
#3542=ORIENTED_EDGE('',*,*,#5381,.T.);
#3543=ORIENTED_EDGE('',*,*,#5382,.F.);
#3544=ORIENTED_EDGE('',*,*,#5350,.T.);
#3545=ORIENTED_EDGE('',*,*,#5379,.T.);
#3546=CARTESIAN_POINT('',(2.3,1.15000000000003,3.44090169943791));
#3547=DIRECTION('',(0.0,-1.0,0.0));
#3548=DIRECTION('',(6.12323399573676E-17,0.0,-1.0));
#3549=SURFACE_STYLE_FILL_AREA(#5383);
#3550=ORIENTED_EDGE('',*,*,#5384,.T.);
#3551=ORIENTED_EDGE('',*,*,#5361,.F.);
#3552=ORIENTED_EDGE('',*,*,#5351,.T.);
#3553=ORIENTED_EDGE('',*,*,#5382,.T.);
#3554=CARTESIAN_POINT('',(2.3,1.30000000000003,3.7750000000004));
#3555=DIRECTION('',(-6.12323399573676E-17,0.0,1.0));
#3556=DIRECTION('',(0.0,-1.0,0.0));
#3557=SURFACE_STYLE_FILL_AREA(#5385);
#3558=ORIENTED_EDGE('',*,*,#5386,.F.);
#3559=ORIENTED_EDGE('',*,*,#5364,.F.);
#3560=ORIENTED_EDGE('',*,*,#5359,.F.);
#3561=ORIENTED_EDGE('',*,*,#5384,.F.);
#3562=ORIENTED_EDGE('',*,*,#5381,.F.);
#3563=ORIENTED_EDGE('',*,*,#5378,.F.);
#3564=ORIENTED_EDGE('',*,*,#5375,.F.);
#3565=ORIENTED_EDGE('',*,*,#5372,.F.);
#3566=ORIENTED_EDGE('',*,*,#5369,.F.);
#3567=ORIENTED_EDGE('',*,*,#5366,.F.);
#3568=ORIENTED_EDGE('',*,*,#5356,.F.);
#3569=CARTESIAN_POINT('',(2.7,1.35458480851189,2.65329903423214));
#3570=DIRECTION('',(1.0,0.0,6.12323399573676E-17));
#3571=DIRECTION('',(6.12323399573676E-17,0.0,-1.0));
#3572=SURFACE_STYLE_FILL_AREA(#5387);
#3573=ORIENTED_EDGE('',*,*,#5388,.F.);
#3574=ORIENTED_EDGE('',*,*,#5389,.F.);
#3575=ORIENTED_EDGE('',*,*,#5390,.T.);
#3576=ORIENTED_EDGE('',*,*,#5391,.F.);
#3577=ORIENTED_EDGE('',*,*,#5392,.F.);
#3578=ORIENTED_EDGE('',*,*,#5393,.F.);
#3579=ORIENTED_EDGE('',*,*,#5394,.T.);
#3580=ORIENTED_EDGE('',*,*,#5395,.F.);
#3581=ORIENTED_EDGE('',*,*,#5396,.F.);
#3582=ORIENTED_EDGE('',*,*,#5397,.F.);
#3583=ORIENTED_EDGE('',*,*,#5398,.F.);
#3584=CARTESIAN_POINT('',(1.05,1.35458480851189,2.65329903423214));
#3585=DIRECTION('',(1.0,0.0,6.12323399573676E-17));
#3586=DIRECTION('',(6.12323399573676E-17,0.0,-1.0));
#3587=SURFACE_STYLE_FILL_AREA(#5399);
#3588=ORIENTED_EDGE('',*,*,#5400,.F.);
#3589=ORIENTED_EDGE('',*,*,#5401,.T.);
#3590=ORIENTED_EDGE('',*,*,#5402,.F.);
#3591=ORIENTED_EDGE('',*,*,#5389,.T.);
#3592=CARTESIAN_POINT('',(1.05,1.15000000000003,1.98409830056277));
#3593=DIRECTION('',(0.0,-1.0,0.0));
#3594=DIRECTION('',(6.12323399573676E-17,0.0,-1.0));
#3595=SURFACE_STYLE_FILL_AREA(#5403);
#3596=ORIENTED_EDGE('',*,*,#5404,.T.);
#3597=ORIENTED_EDGE('',*,*,#5405,.F.);
#3598=ORIENTED_EDGE('',*,*,#5397,.T.);
#3599=ORIENTED_EDGE('',*,*,#5406,.T.);
#3600=CARTESIAN_POINT('',(1.05,1.45000000000003,3.5750000000004));
#3601=DIRECTION('',(1.0,0.0,6.12323399573676E-17));
#3602=DIRECTION('',(6.12323399573676E-17,0.0,-1.0));
#3603=SURFACE_STYLE_FILL_AREA(#5407);
#3604=ORIENTED_EDGE('',*,*,#5408,.F.);
#3605=ORIENTED_EDGE('',*,*,#5398,.T.);
#3606=ORIENTED_EDGE('',*,*,#5405,.T.);
#3607=ORIENTED_EDGE('',*,*,#5409,.T.);
#3608=CARTESIAN_POINT('',(1.05,1.65000000000003,2.60000000000026));
#3609=DIRECTION('',(0.0,1.0,0.0));
#3610=DIRECTION('',(-6.12323399573676E-17,0.0,1.0));
#3611=SURFACE_STYLE_FILL_AREA(#5410);
#3612=ORIENTED_EDGE('',*,*,#5411,.T.);
#3613=ORIENTED_EDGE('',*,*,#5412,.F.);
#3614=ORIENTED_EDGE('',*,*,#5390,.F.);
#3615=ORIENTED_EDGE('',*,*,#5402,.T.);
#3616=CARTESIAN_POINT('',(1.05,1.05000000000004,2.34319660112541));
#3617=DIRECTION('',(1.0,0.0,6.12323399573676E-17));
#3618=DIRECTION('',(6.12323399573676E-17,0.0,-1.0));
#3619=SURFACE_STYLE_FILL_AREA(#5413);
#3620=ORIENTED_EDGE('',*,*,#5414,.T.);
#3621=ORIENTED_EDGE('',*,*,#5415,.F.);
#3622=ORIENTED_EDGE('',*,*,#5391,.T.);
#3623=ORIENTED_EDGE('',*,*,#5412,.T.);
#3624=CARTESIAN_POINT('',(1.05,1.00236067977503,2.47881966011287));
#3625=DIRECTION('',(5.47678698264323E-17,-0.447213595499566,-0.894427191000112));
#3626=DIRECTION('',(2.73839349131861E-17,0.894427191000112,-0.447213595499566));
#3627=SURFACE_STYLE_FILL_AREA(#5416);
#3628=ORIENTED_EDGE('',*,*,#5417,.T.);
#3629=ORIENTED_EDGE('',*,*,#5418,.F.);
#3630=ORIENTED_EDGE('',*,*,#5392,.T.);
#3631=ORIENTED_EDGE('',*,*,#5415,.T.);
#3632=CARTESIAN_POINT('',(1.05,0.910000000000025,2.72500000000038));
#3633=DIRECTION('',(1.69953884180813E-32,-1.0,-2.7755575615621E-16));
#3634=DIRECTION('',(6.12323399573676E-17,2.7755575615621E-16,-1.0));
#3635=SURFACE_STYLE_FILL_AREA(#5419);
#3636=ORIENTED_EDGE('',*,*,#5420,.T.);
#3637=ORIENTED_EDGE('',*,*,#5421,.F.);
#3638=ORIENTED_EDGE('',*,*,#5393,.T.);
#3639=ORIENTED_EDGE('',*,*,#5418,.T.);
#3640=CARTESIAN_POINT('',(1.05,1.00236067977502,2.97118033988795));
#3641=DIRECTION('',(-5.47678698264178E-17,-0.447213595500039,0.894427190999876));
#3642=DIRECTION('',(2.73839349132151E-17,-0.894427190999876,-0.447213595500039));
#3643=SURFACE_STYLE_FILL_AREA(#5422);
#3644=ORIENTED_EDGE('',*,*,#5423,.T.);
#3645=ORIENTED_EDGE('',*,*,#5424,.F.);
#3646=ORIENTED_EDGE('',*,*,#5394,.F.);
#3647=ORIENTED_EDGE('',*,*,#5421,.T.);
#3648=CARTESIAN_POINT('',(1.05,1.05000000000004,3.10680339887542));
#3649=DIRECTION('',(1.0,0.0,6.12323399573676E-17));
#3650=DIRECTION('',(6.12323399573676E-17,0.0,-1.0));
#3651=SURFACE_STYLE_FILL_AREA(#5425);
#3652=ORIENTED_EDGE('',*,*,#5426,.T.);
#3653=ORIENTED_EDGE('',*,*,#5427,.F.);
#3654=ORIENTED_EDGE('',*,*,#5395,.T.);
#3655=ORIENTED_EDGE('',*,*,#5424,.T.);
#3656=CARTESIAN_POINT('',(1.05,1.15000000000003,3.44090169943791));
#3657=DIRECTION('',(0.0,-1.0,0.0));
#3658=DIRECTION('',(6.12323399573676E-17,0.0,-1.0));
#3659=SURFACE_STYLE_FILL_AREA(#5428);
#3660=ORIENTED_EDGE('',*,*,#5429,.T.);
#3661=ORIENTED_EDGE('',*,*,#5406,.F.);
#3662=ORIENTED_EDGE('',*,*,#5396,.T.);
#3663=ORIENTED_EDGE('',*,*,#5427,.T.);
#3664=CARTESIAN_POINT('',(1.05,1.30000000000003,3.7750000000004));
#3665=DIRECTION('',(-6.12323399573676E-17,0.0,1.0));
#3666=DIRECTION('',(0.0,-1.0,0.0));
#3667=SURFACE_STYLE_FILL_AREA(#5430);
#3668=ORIENTED_EDGE('',*,*,#5431,.F.);
#3669=ORIENTED_EDGE('',*,*,#5409,.F.);
#3670=ORIENTED_EDGE('',*,*,#5404,.F.);
#3671=ORIENTED_EDGE('',*,*,#5429,.F.);
#3672=ORIENTED_EDGE('',*,*,#5426,.F.);
#3673=ORIENTED_EDGE('',*,*,#5423,.F.);
#3674=ORIENTED_EDGE('',*,*,#5420,.F.);
#3675=ORIENTED_EDGE('',*,*,#5417,.F.);
#3676=ORIENTED_EDGE('',*,*,#5414,.F.);
#3677=ORIENTED_EDGE('',*,*,#5411,.F.);
#3678=ORIENTED_EDGE('',*,*,#5401,.F.);
#3679=CARTESIAN_POINT('',(1.45,1.35458480851189,2.65329903423214));
#3680=DIRECTION('',(1.0,0.0,6.12323399573676E-17));
#3681=DIRECTION('',(6.12323399573676E-17,0.0,-1.0));
#3682=SURFACE_STYLE_FILL_AREA(#5432);
#3683=ORIENTED_EDGE('',*,*,#5433,.F.);
#3684=ORIENTED_EDGE('',*,*,#5434,.F.);
#3685=ORIENTED_EDGE('',*,*,#5435,.T.);
#3686=ORIENTED_EDGE('',*,*,#5436,.F.);
#3687=ORIENTED_EDGE('',*,*,#5437,.F.);
#3688=ORIENTED_EDGE('',*,*,#5438,.F.);
#3689=ORIENTED_EDGE('',*,*,#5439,.T.);
#3690=ORIENTED_EDGE('',*,*,#5440,.F.);
#3691=ORIENTED_EDGE('',*,*,#5441,.F.);
#3692=ORIENTED_EDGE('',*,*,#5442,.F.);
#3693=ORIENTED_EDGE('',*,*,#5443,.F.);
#3694=CARTESIAN_POINT('',(-0.2,1.35458480851189,2.65329903423214));
#3695=DIRECTION('',(1.0,0.0,6.12323399573676E-17));
#3696=DIRECTION('',(6.12323399573676E-17,0.0,-1.0));
#3697=SURFACE_STYLE_FILL_AREA(#5444);
#3698=ORIENTED_EDGE('',*,*,#5445,.F.);
#3699=ORIENTED_EDGE('',*,*,#5446,.T.);
#3700=ORIENTED_EDGE('',*,*,#5447,.F.);
#3701=ORIENTED_EDGE('',*,*,#5434,.T.);
#3702=CARTESIAN_POINT('',(-0.2,1.15000000000003,1.98409830056277));
#3703=DIRECTION('',(0.0,-1.0,0.0));
#3704=DIRECTION('',(6.12323399573676E-17,0.0,-1.0));
#3705=SURFACE_STYLE_FILL_AREA(#5448);
#3706=ORIENTED_EDGE('',*,*,#5449,.T.);
#3707=ORIENTED_EDGE('',*,*,#5450,.F.);
#3708=ORIENTED_EDGE('',*,*,#5442,.T.);
#3709=ORIENTED_EDGE('',*,*,#5451,.T.);
#3710=CARTESIAN_POINT('',(-0.2,1.45000000000003,3.5750000000004));
#3711=DIRECTION('',(1.0,0.0,6.12323399573676E-17));
#3712=DIRECTION('',(6.12323399573676E-17,0.0,-1.0));
#3713=SURFACE_STYLE_FILL_AREA(#5452);
#3714=ORIENTED_EDGE('',*,*,#5453,.F.);
#3715=ORIENTED_EDGE('',*,*,#5443,.T.);
#3716=ORIENTED_EDGE('',*,*,#5450,.T.);
#3717=ORIENTED_EDGE('',*,*,#5454,.T.);
#3718=CARTESIAN_POINT('',(-0.2,1.65000000000003,2.60000000000026));
#3719=DIRECTION('',(0.0,1.0,0.0));
#3720=DIRECTION('',(-6.12323399573676E-17,0.0,1.0));
#3721=SURFACE_STYLE_FILL_AREA(#5455);
#3722=ORIENTED_EDGE('',*,*,#5456,.T.);
#3723=ORIENTED_EDGE('',*,*,#5457,.F.);
#3724=ORIENTED_EDGE('',*,*,#5435,.F.);
#3725=ORIENTED_EDGE('',*,*,#5447,.T.);
#3726=CARTESIAN_POINT('',(-0.2,1.05000000000004,2.34319660112541));
#3727=DIRECTION('',(1.0,0.0,6.12323399573676E-17));
#3728=DIRECTION('',(6.12323399573676E-17,0.0,-1.0));
#3729=SURFACE_STYLE_FILL_AREA(#5458);
#3730=ORIENTED_EDGE('',*,*,#5459,.T.);
#3731=ORIENTED_EDGE('',*,*,#5460,.F.);
#3732=ORIENTED_EDGE('',*,*,#5436,.T.);
#3733=ORIENTED_EDGE('',*,*,#5457,.T.);
#3734=CARTESIAN_POINT('',(-0.2,1.00236067977503,2.47881966011287));
#3735=DIRECTION('',(5.47678698264323E-17,-0.447213595499566,-0.894427191000112));
#3736=DIRECTION('',(2.73839349131861E-17,0.894427191000112,-0.447213595499566));
#3737=SURFACE_STYLE_FILL_AREA(#5461);
#3738=ORIENTED_EDGE('',*,*,#5462,.T.);
#3739=ORIENTED_EDGE('',*,*,#5463,.F.);
#3740=ORIENTED_EDGE('',*,*,#5437,.T.);
#3741=ORIENTED_EDGE('',*,*,#5460,.T.);
#3742=CARTESIAN_POINT('',(-0.2,0.910000000000025,2.72500000000038));
#3743=DIRECTION('',(1.69953884180813E-32,-1.0,-2.7755575615621E-16));
#3744=DIRECTION('',(6.12323399573676E-17,2.7755575615621E-16,-1.0));
#3745=SURFACE_STYLE_FILL_AREA(#5464);
#3746=ORIENTED_EDGE('',*,*,#5465,.T.);
#3747=ORIENTED_EDGE('',*,*,#5466,.F.);
#3748=ORIENTED_EDGE('',*,*,#5438,.T.);
#3749=ORIENTED_EDGE('',*,*,#5463,.T.);
#3750=CARTESIAN_POINT('',(-0.2,1.00236067977502,2.97118033988795));
#3751=DIRECTION('',(-5.47678698264178E-17,-0.447213595500039,0.894427190999876));
#3752=DIRECTION('',(2.73839349132151E-17,-0.894427190999876,-0.447213595500039));
#3753=SURFACE_STYLE_FILL_AREA(#5467);
#3754=ORIENTED_EDGE('',*,*,#5468,.T.);
#3755=ORIENTED_EDGE('',*,*,#5469,.F.);
#3756=ORIENTED_EDGE('',*,*,#5439,.F.);
#3757=ORIENTED_EDGE('',*,*,#5466,.T.);
#3758=CARTESIAN_POINT('',(-0.2,1.05000000000004,3.10680339887542));
#3759=DIRECTION('',(1.0,0.0,6.12323399573676E-17));
#3760=DIRECTION('',(6.12323399573676E-17,0.0,-1.0));
#3761=SURFACE_STYLE_FILL_AREA(#5470);
#3762=ORIENTED_EDGE('',*,*,#5471,.T.);
#3763=ORIENTED_EDGE('',*,*,#5472,.F.);
#3764=ORIENTED_EDGE('',*,*,#5440,.T.);
#3765=ORIENTED_EDGE('',*,*,#5469,.T.);
#3766=CARTESIAN_POINT('',(-0.2,1.15000000000003,3.44090169943791));
#3767=DIRECTION('',(0.0,-1.0,0.0));
#3768=DIRECTION('',(6.12323399573676E-17,0.0,-1.0));
#3769=SURFACE_STYLE_FILL_AREA(#5473);
#3770=ORIENTED_EDGE('',*,*,#5474,.T.);
#3771=ORIENTED_EDGE('',*,*,#5451,.F.);
#3772=ORIENTED_EDGE('',*,*,#5441,.T.);
#3773=ORIENTED_EDGE('',*,*,#5472,.T.);
#3774=CARTESIAN_POINT('',(-0.2,1.30000000000003,3.7750000000004));
#3775=DIRECTION('',(-6.12323399573676E-17,0.0,1.0));
#3776=DIRECTION('',(0.0,-1.0,0.0));
#3777=SURFACE_STYLE_FILL_AREA(#5475);
#3778=ORIENTED_EDGE('',*,*,#5476,.F.);
#3779=ORIENTED_EDGE('',*,*,#5454,.F.);
#3780=ORIENTED_EDGE('',*,*,#5449,.F.);
#3781=ORIENTED_EDGE('',*,*,#5474,.F.);
#3782=ORIENTED_EDGE('',*,*,#5471,.F.);
#3783=ORIENTED_EDGE('',*,*,#5468,.F.);
#3784=ORIENTED_EDGE('',*,*,#5465,.F.);
#3785=ORIENTED_EDGE('',*,*,#5462,.F.);
#3786=ORIENTED_EDGE('',*,*,#5459,.F.);
#3787=ORIENTED_EDGE('',*,*,#5456,.F.);
#3788=ORIENTED_EDGE('',*,*,#5446,.F.);
#3789=CARTESIAN_POINT('',(0.2,1.35458480851189,2.65329903423214));
#3790=DIRECTION('',(1.0,0.0,6.12323399573676E-17));
#3791=DIRECTION('',(6.12323399573676E-17,0.0,-1.0));
#3792=SURFACE_STYLE_FILL_AREA(#5477);
#3793=ORIENTED_EDGE('',*,*,#5478,.F.);
#3794=ORIENTED_EDGE('',*,*,#5479,.T.);
#3795=ORIENTED_EDGE('',*,*,#5480,.T.);
#3796=CARTESIAN_POINT('',(-0.975,3.79961289741773,4.615));
#3797=DIRECTION('',(0.0,0.0,1.0));
#3798=DIRECTION('',(1.0,0.0,0.0));
#3799=SURFACE_STYLE_FILL_AREA(#5481);
#3800=ORIENTED_EDGE('',*,*,#5482,.F.);
#3801=ORIENTED_EDGE('',*,*,#5480,.F.);
#3802=ORIENTED_EDGE('',*,*,#5483,.T.);
#3803=ORIENTED_EDGE('',*,*,#5484,.F.);
#3804=CARTESIAN_POINT('',(-0.846428571428578,3.725,4.615));
#3805=DIRECTION('',(0.868243142124468,-0.496138938356819,0.0));
#3806=DIRECTION('',(0.496138938356819,0.868243142124468,0.0));
#3807=SURFACE_STYLE_FILL_AREA(#5485);
#3808=ORIENTED_EDGE('',*,*,#5486,.F.);
#3809=ORIENTED_EDGE('',*,*,#5487,.F.);
#3810=ORIENTED_EDGE('',*,*,#5483,.F.);
#3811=ORIENTED_EDGE('',*,*,#5479,.F.);
#3812=CARTESIAN_POINT('',(-1.10357142857142,3.725,4.615));
#3813=DIRECTION('',(-0.868243142124468,-0.496138938356819,0.0));
#3814=DIRECTION('',(0.496138938356819,-0.868243142124468,0.0));
#3815=SURFACE_STYLE_FILL_AREA(#5488);
#3816=ORIENTED_EDGE('',*,*,#5486,.T.);
#3817=ORIENTED_EDGE('',*,*,#5478,.T.);
#3818=ORIENTED_EDGE('',*,*,#5482,.T.);
#3819=ORIENTED_EDGE('',*,*,#5489,.T.);
#3820=ORIENTED_EDGE('',*,*,#5490,.F.);
#3821=ORIENTED_EDGE('',*,*,#5491,.T.);
#3822=ORIENTED_EDGE('',*,*,#5492,.T.);
#3823=ORIENTED_EDGE('',*,*,#5493,.T.);
#3824=ORIENTED_EDGE('',*,*,#5494,.T.);
#3825=ORIENTED_EDGE('',*,*,#5495,.T.);
#3826=CARTESIAN_POINT('',(-0.975,3.85,-0.175));
#3827=DIRECTION('',(2.22044604925031E-16,1.0,0.0));
#3828=DIRECTION('',(-1.0,2.22044604925031E-16,0.0));
#3829=SURFACE_STYLE_FILL_AREA(#5496);
#3830=ORIENTED_EDGE('',*,*,#5497,.F.);
#3831=ORIENTED_EDGE('',*,*,#5498,.F.);
#3832=ORIENTED_EDGE('',*,*,#5499,.F.);
#3833=CARTESIAN_POINT('',(6.875,0.803432667397366,4.55609727876471));
#3834=DIRECTION('',(-1.0,0.0,6.12323399573676E-17));
#3835=DIRECTION('',(6.12323399573676E-17,0.0,1.0));
#3836=SURFACE_STYLE_FILL_AREA(#5500);
#3837=ORIENTED_EDGE('',*,*,#5501,.F.);
#3838=ORIENTED_EDGE('',*,*,#5502,.F.);
#3839=ORIENTED_EDGE('',*,*,#5503,.F.);
#3840=ORIENTED_EDGE('',*,*,#5498,.T.);
#3841=ORIENTED_EDGE('',*,*,#5504,.F.);
#3842=ORIENTED_EDGE('',*,*,#5505,.F.);
#3843=ORIENTED_EDGE('',*,*,#5506,.F.);
#3844=ORIENTED_EDGE('',*,*,#5507,.F.);
#3845=ORIENTED_EDGE('',*,*,#5508,.F.);
#3846=ORIENTED_EDGE('',*,*,#5509,.F.);
#3847=ORIENTED_EDGE('',*,*,#5510,.F.);
#3848=ORIENTED_EDGE('',*,*,#5511,.F.);
#3849=ORIENTED_EDGE('',*,*,#5512,.F.);
#3850=ORIENTED_EDGE('',*,*,#5513,.F.);
#3851=ORIENTED_EDGE('',*,*,#5514,.F.);
#3852=ORIENTED_EDGE('',*,*,#5515,.F.);
#3853=ORIENTED_EDGE('',*,*,#5516,.F.);
#3854=ORIENTED_EDGE('',*,*,#5517,.F.);
#3855=ORIENTED_EDGE('',*,*,#5518,.F.);
#3856=ORIENTED_EDGE('',*,*,#5519,.F.);
#3857=ORIENTED_EDGE('',*,*,#5520,.F.);
#3858=ORIENTED_EDGE('',*,*,#5521,.F.);
#3859=ORIENTED_EDGE('',*,*,#5522,.F.);
#3860=ORIENTED_EDGE('',*,*,#5523,.F.);
#3861=ORIENTED_EDGE('',*,*,#5524,.F.);
#3862=ORIENTED_EDGE('',*,*,#5525,.F.);
#3863=ORIENTED_EDGE('',*,*,#5526,.F.);
#3864=ORIENTED_EDGE('',*,*,#5527,.F.);
#3865=CARTESIAN_POINT('',(6.875,0.707264973081037,4.45992958444838));
#3866=DIRECTION('',(-3.06161699786838E-17,-0.866025403784438,-0.5));
#3867=DIRECTION('',(5.30287619362453E-17,-0.5,0.866025403784438));
#3868=SURFACE_STYLE_FILL_AREA(#5528);
#3869=ORIENTED_EDGE('',*,*,#5529,.F.);
#3870=ORIENTED_EDGE('',*,*,#5530,.F.);
#3871=ORIENTED_EDGE('',*,*,#5502,.T.);
#3872=CARTESIAN_POINT('',(-0.625000000000001,0.803432667397366,4.55609727876471));
#3873=DIRECTION('',(-1.0,0.0,6.12323399573676E-17));
#3874=DIRECTION('',(6.12323399573676E-17,0.0,1.0));
#3875=SURFACE_STYLE_FILL_AREA(#5531);
#3876=ORIENTED_EDGE('',*,*,#5516,.T.);
#3877=ORIENTED_EDGE('',*,*,#5532,.T.);
#3878=ORIENTED_EDGE('',*,*,#5533,.F.);
#3879=ORIENTED_EDGE('',*,*,#5534,.T.);
#3880=CARTESIAN_POINT('',(3.125,0.77,1.825));
#3881=DIRECTION('',(0.0,-1.0,0.0));
#3882=DIRECTION('',(1.0,0.0,0.0));
#3883=SURFACE_STYLE_FILL_AREA(#5535);
#3884=ORIENTED_EDGE('',*,*,#5515,.T.);
#3885=ORIENTED_EDGE('',*,*,#5536,.T.);
#3886=ORIENTED_EDGE('',*,*,#5537,.F.);
#3887=ORIENTED_EDGE('',*,*,#5532,.F.);
#3888=CARTESIAN_POINT('',(3.535,0.77,3.215));
#3889=DIRECTION('',(1.0,0.0,0.0));
#3890=DIRECTION('',(0.0,0.0,-1.0));
#3891=SURFACE_STYLE_FILL_AREA(#5538);
#3892=ORIENTED_EDGE('',*,*,#5514,.T.);
#3893=ORIENTED_EDGE('',*,*,#5539,.T.);
#3894=ORIENTED_EDGE('',*,*,#5540,.F.);
#3895=ORIENTED_EDGE('',*,*,#5536,.F.);
#3896=CARTESIAN_POINT('',(3.75,0.87,3.215));
#3897=DIRECTION('',(0.0,-1.0,0.0));
#3898=DIRECTION('',(0.0,0.0,-1.0));
#3899=SURFACE_STYLE_FILL_AREA(#5541);
#3900=ORIENTED_EDGE('',*,*,#5513,.T.);
#3901=ORIENTED_EDGE('',*,*,#5542,.F.);
#3902=ORIENTED_EDGE('',*,*,#5543,.F.);
#3903=ORIENTED_EDGE('',*,*,#5539,.F.);
#3904=CARTESIAN_POINT('',(3.965,0.77,3.215));
#3905=DIRECTION('',(-1.0,0.0,0.0));
#3906=DIRECTION('',(0.0,0.0,1.0));
#3907=SURFACE_STYLE_FILL_AREA(#5544);
#3908=ORIENTED_EDGE('',*,*,#5512,.T.);
#3909=ORIENTED_EDGE('',*,*,#5545,.T.);
#3910=ORIENTED_EDGE('',*,*,#5546,.F.);
#3911=ORIENTED_EDGE('',*,*,#5542,.T.);
#3912=CARTESIAN_POINT('',(3.125,0.77,1.825));
#3913=DIRECTION('',(0.0,-1.0,0.0));
#3914=DIRECTION('',(1.0,0.0,0.0));
#3915=SURFACE_STYLE_FILL_AREA(#5547);
#3916=ORIENTED_EDGE('',*,*,#5511,.T.);
#3917=ORIENTED_EDGE('',*,*,#5548,.T.);
#3918=ORIENTED_EDGE('',*,*,#5549,.F.);
#3919=ORIENTED_EDGE('',*,*,#5545,.F.);
#3920=CARTESIAN_POINT('',(4.785,0.77,3.215));
#3921=DIRECTION('',(1.0,0.0,0.0));
#3922=DIRECTION('',(0.0,0.0,-1.0));
#3923=SURFACE_STYLE_FILL_AREA(#5550);
#3924=ORIENTED_EDGE('',*,*,#5510,.T.);
#3925=ORIENTED_EDGE('',*,*,#5551,.T.);
#3926=ORIENTED_EDGE('',*,*,#5552,.F.);
#3927=ORIENTED_EDGE('',*,*,#5548,.F.);
#3928=CARTESIAN_POINT('',(5.0,0.87,3.215));
#3929=DIRECTION('',(0.0,-1.0,0.0));
#3930=DIRECTION('',(0.0,0.0,-1.0));
#3931=SURFACE_STYLE_FILL_AREA(#5553);
#3932=ORIENTED_EDGE('',*,*,#5509,.T.);
#3933=ORIENTED_EDGE('',*,*,#5554,.F.);
#3934=ORIENTED_EDGE('',*,*,#5555,.F.);
#3935=ORIENTED_EDGE('',*,*,#5551,.F.);
#3936=CARTESIAN_POINT('',(5.215,0.77,3.215));
#3937=DIRECTION('',(-1.0,0.0,0.0));
#3938=DIRECTION('',(0.0,0.0,1.0));
#3939=SURFACE_STYLE_FILL_AREA(#5556);
#3940=ORIENTED_EDGE('',*,*,#5508,.T.);
#3941=ORIENTED_EDGE('',*,*,#5557,.T.);
#3942=ORIENTED_EDGE('',*,*,#5558,.F.);
#3943=ORIENTED_EDGE('',*,*,#5554,.T.);
#3944=CARTESIAN_POINT('',(3.125,0.77,1.825));
#3945=DIRECTION('',(0.0,-1.0,0.0));
#3946=DIRECTION('',(1.0,0.0,0.0));
#3947=SURFACE_STYLE_FILL_AREA(#5559);
#3948=ORIENTED_EDGE('',*,*,#5507,.T.);
#3949=ORIENTED_EDGE('',*,*,#5560,.T.);
#3950=ORIENTED_EDGE('',*,*,#5561,.F.);
#3951=ORIENTED_EDGE('',*,*,#5557,.F.);
#3952=CARTESIAN_POINT('',(6.035,0.77,3.215));
#3953=DIRECTION('',(1.0,0.0,0.0));
#3954=DIRECTION('',(0.0,0.0,-1.0));
#3955=SURFACE_STYLE_FILL_AREA(#5562);
#3956=ORIENTED_EDGE('',*,*,#5506,.T.);
#3957=ORIENTED_EDGE('',*,*,#5563,.T.);
#3958=ORIENTED_EDGE('',*,*,#5564,.F.);
#3959=ORIENTED_EDGE('',*,*,#5560,.F.);
#3960=CARTESIAN_POINT('',(6.25,0.87,3.215));
#3961=DIRECTION('',(0.0,-1.0,0.0));
#3962=DIRECTION('',(0.0,0.0,-1.0));
#3963=SURFACE_STYLE_FILL_AREA(#5565);
#3964=ORIENTED_EDGE('',*,*,#5505,.T.);
#3965=ORIENTED_EDGE('',*,*,#5566,.F.);
#3966=ORIENTED_EDGE('',*,*,#5567,.F.);
#3967=ORIENTED_EDGE('',*,*,#5563,.F.);
#3968=CARTESIAN_POINT('',(6.465,0.77,3.215));
#3969=DIRECTION('',(-1.0,0.0,0.0));
#3970=DIRECTION('',(0.0,0.0,1.0));
#3971=SURFACE_STYLE_FILL_AREA(#5568);
#3972=ORIENTED_EDGE('',*,*,#5504,.T.);
#3973=ORIENTED_EDGE('',*,*,#5497,.T.);
#3974=ORIENTED_EDGE('',*,*,#5569,.F.);
#3975=ORIENTED_EDGE('',*,*,#5570,.F.);
#3976=ORIENTED_EDGE('',*,*,#5571,.F.);
#3977=ORIENTED_EDGE('',*,*,#5566,.T.);
#3978=CARTESIAN_POINT('',(3.125,0.77,1.825));
#3979=DIRECTION('',(0.0,-1.0,0.0));
#3980=DIRECTION('',(1.0,0.0,0.0));
#3981=SURFACE_STYLE_FILL_AREA(#5572);
#3982=ORIENTED_EDGE('',*,*,#5220,.T.);
#3983=ORIENTED_EDGE('',*,*,#5208,.T.);
#3984=ORIENTED_EDGE('',*,*,#5228,.T.);
#3985=ORIENTED_EDGE('',*,*,#5251,.T.);
#3986=ORIENTED_EDGE('',*,*,#5265,.T.);
#3987=ORIENTED_EDGE('',*,*,#5253,.T.);
#3988=ORIENTED_EDGE('',*,*,#5273,.T.);
#3989=ORIENTED_EDGE('',*,*,#5296,.T.);
#3990=ORIENTED_EDGE('',*,*,#5310,.T.);
#3991=ORIENTED_EDGE('',*,*,#5298,.T.);
#3992=ORIENTED_EDGE('',*,*,#5318,.T.);
#3993=ORIENTED_EDGE('',*,*,#5341,.T.);
#3994=ORIENTED_EDGE('',*,*,#5355,.T.);
#3995=ORIENTED_EDGE('',*,*,#5343,.T.);
#3996=ORIENTED_EDGE('',*,*,#5363,.T.);
#3997=ORIENTED_EDGE('',*,*,#5386,.T.);
#3998=ORIENTED_EDGE('',*,*,#5400,.T.);
#3999=ORIENTED_EDGE('',*,*,#5388,.T.);
#4000=ORIENTED_EDGE('',*,*,#5408,.T.);
#4001=ORIENTED_EDGE('',*,*,#5431,.T.);
#4002=ORIENTED_EDGE('',*,*,#5445,.T.);
#4003=ORIENTED_EDGE('',*,*,#5433,.T.);
#4004=ORIENTED_EDGE('',*,*,#5453,.T.);
#4005=ORIENTED_EDGE('',*,*,#5476,.T.);
#4006=ORIENTED_EDGE('',*,*,#5567,.T.);
#4007=ORIENTED_EDGE('',*,*,#5571,.T.);
#4008=ORIENTED_EDGE('',*,*,#5573,.T.);
#4009=ORIENTED_EDGE('',*,*,#5574,.T.);
#4010=ORIENTED_EDGE('',*,*,#5575,.T.);
#4011=ORIENTED_EDGE('',*,*,#5576,.T.);
#4012=ORIENTED_EDGE('',*,*,#5577,.T.);
#4013=ORIENTED_EDGE('',*,*,#5578,.T.);
#4014=ORIENTED_EDGE('',*,*,#5579,.T.);
#4015=ORIENTED_EDGE('',*,*,#5580,.T.);
#4016=ORIENTED_EDGE('',*,*,#5581,.T.);
#4017=ORIENTED_EDGE('',*,*,#5582,.T.);
#4018=ORIENTED_EDGE('',*,*,#5583,.T.);
#4019=ORIENTED_EDGE('',*,*,#5584,.T.);
#4020=ORIENTED_EDGE('',*,*,#5585,.T.);
#4021=ORIENTED_EDGE('',*,*,#5586,.T.);
#4022=ORIENTED_EDGE('',*,*,#5587,.T.);
#4023=ORIENTED_EDGE('',*,*,#5588,.T.);
#4024=ORIENTED_EDGE('',*,*,#5589,.T.);
#4025=ORIENTED_EDGE('',*,*,#5590,.T.);
#4026=ORIENTED_EDGE('',*,*,#5591,.T.);
#4027=ORIENTED_EDGE('',*,*,#5592,.T.);
#4028=ORIENTED_EDGE('',*,*,#5593,.T.);
#4029=ORIENTED_EDGE('',*,*,#5594,.T.);
#4030=ORIENTED_EDGE('',*,*,#5595,.T.);
#4031=ORIENTED_EDGE('',*,*,#5596,.T.);
#4032=ORIENTED_EDGE('',*,*,#5597,.T.);
#4033=ORIENTED_EDGE('',*,*,#5598,.T.);
#4034=ORIENTED_EDGE('',*,*,#5599,.T.);
#4035=ORIENTED_EDGE('',*,*,#5533,.T.);
#4036=ORIENTED_EDGE('',*,*,#5537,.T.);
#4037=ORIENTED_EDGE('',*,*,#5540,.T.);
#4038=ORIENTED_EDGE('',*,*,#5543,.T.);
#4039=ORIENTED_EDGE('',*,*,#5546,.T.);
#4040=ORIENTED_EDGE('',*,*,#5549,.T.);
#4041=ORIENTED_EDGE('',*,*,#5552,.T.);
#4042=ORIENTED_EDGE('',*,*,#5555,.T.);
#4043=ORIENTED_EDGE('',*,*,#5558,.T.);
#4044=ORIENTED_EDGE('',*,*,#5561,.T.);
#4045=ORIENTED_EDGE('',*,*,#5564,.T.);
#4046=CARTESIAN_POINT('',(3.125,1.85150191225361,1.825));
#4047=DIRECTION('',(0.0,0.0,1.0));
#4048=DIRECTION('',(1.0,0.0,0.0));
#4049=SURFACE_STYLE_FILL_AREA(#5600);
#4050=ORIENTED_EDGE('',*,*,#5519,.T.);
#4051=ORIENTED_EDGE('',*,*,#5601,.T.);
#4052=ORIENTED_EDGE('',*,*,#5597,.F.);
#4053=ORIENTED_EDGE('',*,*,#5602,.F.);
#4054=CARTESIAN_POINT('',(2.285,0.77,3.215));
#4055=DIRECTION('',(1.0,0.0,0.0));
#4056=DIRECTION('',(0.0,0.0,-1.0));
#4057=SURFACE_STYLE_FILL_AREA(#5603);
#4058=ORIENTED_EDGE('',*,*,#5518,.T.);
#4059=ORIENTED_EDGE('',*,*,#5604,.T.);
#4060=ORIENTED_EDGE('',*,*,#5598,.F.);
#4061=ORIENTED_EDGE('',*,*,#5601,.F.);
#4062=CARTESIAN_POINT('',(2.5,0.87,3.215));
#4063=DIRECTION('',(0.0,-1.0,0.0));
#4064=DIRECTION('',(0.0,0.0,-1.0));
#4065=SURFACE_STYLE_FILL_AREA(#5605);
#4066=ORIENTED_EDGE('',*,*,#5517,.T.);
#4067=ORIENTED_EDGE('',*,*,#5534,.F.);
#4068=ORIENTED_EDGE('',*,*,#5599,.F.);
#4069=ORIENTED_EDGE('',*,*,#5604,.F.);
#4070=CARTESIAN_POINT('',(2.715,0.77,3.215));
#4071=DIRECTION('',(-1.0,0.0,0.0));
#4072=DIRECTION('',(0.0,0.0,1.0));
#4073=SURFACE_STYLE_FILL_AREA(#5606);
#4074=ORIENTED_EDGE('',*,*,#5521,.T.);
#4075=ORIENTED_EDGE('',*,*,#5607,.F.);
#4076=ORIENTED_EDGE('',*,*,#5595,.F.);
#4077=ORIENTED_EDGE('',*,*,#5608,.F.);
#4078=CARTESIAN_POINT('',(1.465,0.77,3.215));
#4079=DIRECTION('',(-1.0,0.0,0.0));
#4080=DIRECTION('',(0.0,0.0,1.0));
#4081=SURFACE_STYLE_FILL_AREA(#5609);
#4082=ORIENTED_EDGE('',*,*,#5522,.T.);
#4083=ORIENTED_EDGE('',*,*,#5608,.T.);
#4084=ORIENTED_EDGE('',*,*,#5594,.F.);
#4085=ORIENTED_EDGE('',*,*,#5610,.F.);
#4086=CARTESIAN_POINT('',(1.25,0.87,3.215));
#4087=DIRECTION('',(0.0,-1.0,0.0));
#4088=DIRECTION('',(0.0,0.0,-1.0));
#4089=SURFACE_STYLE_FILL_AREA(#5611);
#4090=ORIENTED_EDGE('',*,*,#5523,.T.);
#4091=ORIENTED_EDGE('',*,*,#5610,.T.);
#4092=ORIENTED_EDGE('',*,*,#5593,.F.);
#4093=ORIENTED_EDGE('',*,*,#5612,.F.);
#4094=CARTESIAN_POINT('',(1.035,0.77,3.215));
#4095=DIRECTION('',(1.0,0.0,0.0));
#4096=DIRECTION('',(0.0,0.0,-1.0));
#4097=SURFACE_STYLE_FILL_AREA(#5613);
#4098=ORIENTED_EDGE('',*,*,#5524,.T.);
#4099=ORIENTED_EDGE('',*,*,#5612,.T.);
#4100=ORIENTED_EDGE('',*,*,#5592,.F.);
#4101=ORIENTED_EDGE('',*,*,#5614,.T.);
#4102=CARTESIAN_POINT('',(3.125,0.77,1.825));
#4103=DIRECTION('',(0.0,-1.0,0.0));
#4104=DIRECTION('',(1.0,0.0,0.0));
#4105=SURFACE_STYLE_FILL_AREA(#5615);
#4106=ORIENTED_EDGE('',*,*,#5520,.T.);
#4107=ORIENTED_EDGE('',*,*,#5602,.T.);
#4108=ORIENTED_EDGE('',*,*,#5596,.F.);
#4109=ORIENTED_EDGE('',*,*,#5607,.T.);
#4110=CARTESIAN_POINT('',(3.125,0.77,1.825));
#4111=DIRECTION('',(0.0,-1.0,0.0));
#4112=DIRECTION('',(1.0,0.0,0.0));
#4113=SURFACE_STYLE_FILL_AREA(#5616);
#4114=ORIENTED_EDGE('',*,*,#5527,.T.);
#4115=ORIENTED_EDGE('',*,*,#5617,.T.);
#4116=ORIENTED_EDGE('',*,*,#5589,.F.);
#4117=ORIENTED_EDGE('',*,*,#5618,.F.);
#4118=CARTESIAN_POINT('',(-0.215,0.77,3.215));
#4119=DIRECTION('',(1.0,0.0,0.0));
#4120=DIRECTION('',(0.0,0.0,-1.0));
#4121=SURFACE_STYLE_FILL_AREA(#5619);
#4122=ORIENTED_EDGE('',*,*,#5526,.T.);
#4123=ORIENTED_EDGE('',*,*,#5620,.T.);
#4124=ORIENTED_EDGE('',*,*,#5590,.F.);
#4125=ORIENTED_EDGE('',*,*,#5617,.F.);
#4126=CARTESIAN_POINT('',(0.0,0.87,3.215));
#4127=DIRECTION('',(0.0,-1.0,0.0));
#4128=DIRECTION('',(0.0,0.0,-1.0));
#4129=SURFACE_STYLE_FILL_AREA(#5621);
#4130=ORIENTED_EDGE('',*,*,#5525,.T.);
#4131=ORIENTED_EDGE('',*,*,#5614,.F.);
#4132=ORIENTED_EDGE('',*,*,#5591,.F.);
#4133=ORIENTED_EDGE('',*,*,#5620,.F.);
#4134=CARTESIAN_POINT('',(0.215,0.77,3.215));
#4135=DIRECTION('',(-1.0,0.0,0.0));
#4136=DIRECTION('',(0.0,0.0,1.0));
#4137=SURFACE_STYLE_FILL_AREA(#5622);
#4138=ORIENTED_EDGE('',*,*,#5623,.F.);
#4139=ORIENTED_EDGE('',*,*,#5624,.F.);
#4140=ORIENTED_EDGE('',*,*,#5575,.F.);
#4141=ORIENTED_EDGE('',*,*,#5625,.T.);
#4142=CARTESIAN_POINT('',(7.475,2.615,1.825));
#4143=DIRECTION('',(1.0,0.0,0.0));
#4144=DIRECTION('',(0.0,1.0,0.0));
#4145=SURFACE_STYLE_FILL_AREA(#5626);
#4146=ORIENTED_EDGE('',*,*,#5627,.F.);
#4147=ORIENTED_EDGE('',*,*,#5625,.F.);
#4148=ORIENTED_EDGE('',*,*,#5574,.F.);
#4149=ORIENTED_EDGE('',*,*,#5628,.T.);
#4150=CARTESIAN_POINT('',(7.425,1.965,1.825));
#4151=DIRECTION('',(0.832050294337844,-0.554700196225228,0.0));
#4152=DIRECTION('',(0.554700196225228,0.832050294337844,0.0));
#4153=SURFACE_STYLE_FILL_AREA(#5629);
#4154=ORIENTED_EDGE('',*,*,#5630,.F.);
#4155=ORIENTED_EDGE('',*,*,#5628,.F.);
#4156=ORIENTED_EDGE('',*,*,#5573,.F.);
#4157=ORIENTED_EDGE('',*,*,#5570,.T.);
#4158=CARTESIAN_POINT('',(7.375,1.33,1.825));
#4159=DIRECTION('',(1.0,0.0,0.0));
#4160=DIRECTION('',(0.0,1.0,0.0));
#4161=SURFACE_STYLE_FILL_AREA(#5631);
#4162=ORIENTED_EDGE('',*,*,#5501,.T.);
#4163=ORIENTED_EDGE('',*,*,#5618,.T.);
#4164=ORIENTED_EDGE('',*,*,#5588,.F.);
#4165=ORIENTED_EDGE('',*,*,#5632,.T.);
#4166=ORIENTED_EDGE('',*,*,#5633,.F.);
#4167=ORIENTED_EDGE('',*,*,#5529,.T.);
#4168=CARTESIAN_POINT('',(3.125,0.77,1.825));
#4169=DIRECTION('',(0.0,-1.0,0.0));
#4170=DIRECTION('',(1.0,0.0,0.0));
#4171=SURFACE_STYLE_FILL_AREA(#5634);
#4172=ORIENTED_EDGE('',*,*,#5635,.F.);
#4173=ORIENTED_EDGE('',*,*,#5632,.F.);
#4174=ORIENTED_EDGE('',*,*,#5587,.F.);
#4175=ORIENTED_EDGE('',*,*,#5636,.T.);
#4176=CARTESIAN_POINT('',(-1.125,1.33,1.825));
#4177=DIRECTION('',(-1.0,1.98254111540207E-16,0.0));
#4178=DIRECTION('',(-1.98254111540207E-16,-1.0,0.0));
#4179=SURFACE_STYLE_FILL_AREA(#5637);
#4180=ORIENTED_EDGE('',*,*,#5638,.F.);
#4181=ORIENTED_EDGE('',*,*,#5636,.F.);
#4182=ORIENTED_EDGE('',*,*,#5586,.F.);
#4183=ORIENTED_EDGE('',*,*,#5639,.T.);
#4184=CARTESIAN_POINT('',(-1.175,1.965,1.825));
#4185=DIRECTION('',(-0.832050294337843,-0.55470019622523,0.0));
#4186=DIRECTION('',(0.55470019622523,-0.832050294337843,0.0));
#4187=SURFACE_STYLE_FILL_AREA(#5640);
#4188=ORIENTED_EDGE('',*,*,#5641,.F.);
#4189=ORIENTED_EDGE('',*,*,#5639,.F.);
#4190=ORIENTED_EDGE('',*,*,#5585,.F.);
#4191=ORIENTED_EDGE('',*,*,#5642,.T.);
#4192=CARTESIAN_POINT('',(-1.225,2.615,1.825));
#4193=DIRECTION('',(-1.0,1.93082265152201E-16,0.0));
#4194=DIRECTION('',(-1.93082265152201E-16,-1.0,0.0));
#4195=SURFACE_STYLE_FILL_AREA(#5643);
#4196=ORIENTED_EDGE('',*,*,#5644,.F.);
#4197=ORIENTED_EDGE('',*,*,#5642,.F.);
#4198=ORIENTED_EDGE('',*,*,#5584,.F.);
#4199=ORIENTED_EDGE('',*,*,#5645,.T.);
#4200=CARTESIAN_POINT('',(-1.075,3.19,1.825));
#4201=DIRECTION('',(0.0,0.0,1.0));
#4202=DIRECTION('',(1.0,0.0,0.0));
#4203=SURFACE_STYLE_FILL_AREA(#5646);
#4204=ORIENTED_EDGE('',*,*,#5647,.F.);
#4205=ORIENTED_EDGE('',*,*,#5645,.F.);
#4206=ORIENTED_EDGE('',*,*,#5583,.F.);
#4207=ORIENTED_EDGE('',*,*,#5648,.T.);
#4208=CARTESIAN_POINT('',(-0.975,3.34,1.825));
#4209=DIRECTION('',(0.0,1.0,0.0));
#4210=DIRECTION('',(-1.0,0.0,0.0));
#4211=SURFACE_STYLE_FILL_AREA(#5649);
#4212=ORIENTED_EDGE('',*,*,#5650,.F.);
#4213=ORIENTED_EDGE('',*,*,#5648,.F.);
#4214=ORIENTED_EDGE('',*,*,#5582,.F.);
#4215=ORIENTED_EDGE('',*,*,#5651,.T.);
#4216=CARTESIAN_POINT('',(-0.875,3.19,1.825));
#4217=DIRECTION('',(0.0,0.0,1.0));
#4218=DIRECTION('',(1.0,0.0,0.0));
#4219=SURFACE_STYLE_FILL_AREA(#5652);
#4220=ORIENTED_EDGE('',*,*,#5653,.F.);
#4221=ORIENTED_EDGE('',*,*,#5651,.F.);
#4222=ORIENTED_EDGE('',*,*,#5581,.F.);
#4223=ORIENTED_EDGE('',*,*,#5654,.T.);
#4224=CARTESIAN_POINT('',(-0.725,2.865,1.825));
#4225=DIRECTION('',(1.0,0.0,0.0));
#4226=DIRECTION('',(0.0,1.0,0.0));
#4227=SURFACE_STYLE_FILL_AREA(#5655);
#4228=ORIENTED_EDGE('',*,*,#5656,.F.);
#4229=ORIENTED_EDGE('',*,*,#5654,.F.);
#4230=ORIENTED_EDGE('',*,*,#5580,.F.);
#4231=ORIENTED_EDGE('',*,*,#5657,.T.);
#4232=CARTESIAN_POINT('',(3.125,2.54,1.825));
#4233=DIRECTION('',(0.0,1.0,0.0));
#4234=DIRECTION('',(-1.0,0.0,0.0));
#4235=SURFACE_STYLE_FILL_AREA(#5658);
#4236=ORIENTED_EDGE('',*,*,#5659,.F.);
#4237=ORIENTED_EDGE('',*,*,#5657,.F.);
#4238=ORIENTED_EDGE('',*,*,#5579,.F.);
#4239=ORIENTED_EDGE('',*,*,#5660,.T.);
#4240=CARTESIAN_POINT('',(6.975,2.865,1.825));
#4241=DIRECTION('',(-1.0,0.0,0.0));
#4242=DIRECTION('',(0.0,-1.0,0.0));
#4243=SURFACE_STYLE_FILL_AREA(#5661);
#4244=ORIENTED_EDGE('',*,*,#5662,.F.);
#4245=ORIENTED_EDGE('',*,*,#5660,.F.);
#4246=ORIENTED_EDGE('',*,*,#5578,.F.);
#4247=ORIENTED_EDGE('',*,*,#5663,.T.);
#4248=CARTESIAN_POINT('',(7.125,3.19,1.825));
#4249=DIRECTION('',(0.0,0.0,1.0));
#4250=DIRECTION('',(1.0,0.0,0.0));
#4251=SURFACE_STYLE_FILL_AREA(#5664);
#4252=ORIENTED_EDGE('',*,*,#5665,.F.);
#4253=ORIENTED_EDGE('',*,*,#5663,.F.);
#4254=ORIENTED_EDGE('',*,*,#5577,.F.);
#4255=ORIENTED_EDGE('',*,*,#5666,.T.);
#4256=CARTESIAN_POINT('',(7.225,3.34,1.825));
#4257=DIRECTION('',(0.0,1.0,0.0));
#4258=DIRECTION('',(-1.0,0.0,0.0));
#4259=SURFACE_STYLE_FILL_AREA(#5667);
#4260=ORIENTED_EDGE('',*,*,#5668,.F.);
#4261=ORIENTED_EDGE('',*,*,#5666,.F.);
#4262=ORIENTED_EDGE('',*,*,#5576,.F.);
#4263=ORIENTED_EDGE('',*,*,#5624,.T.);
#4264=CARTESIAN_POINT('',(7.32499999999999,3.19,1.825));
#4265=DIRECTION('',(0.0,0.0,1.0));
#4266=DIRECTION('',(1.0,0.0,0.0));
#4267=SURFACE_STYLE_FILL_AREA(#5669);
#4268=ORIENTED_EDGE('',*,*,#5670,.F.);
#4269=ORIENTED_EDGE('',*,*,#5671,.F.);
#4270=ORIENTED_EDGE('',*,*,#5672,.F.);
#4271=ORIENTED_EDGE('',*,*,#5673,.F.);
#4272=CARTESIAN_POINT('',(5.075,3.07445649693213,3.21272145435502));
#4273=DIRECTION('',(1.0,0.0,6.12323399573676E-17));
#4274=DIRECTION('',(6.12323399573676E-17,0.0,-1.0));
#4275=SURFACE_STYLE_FILL_AREA(#5674);
#4276=ORIENTED_EDGE('',*,*,#5675,.F.);
#4277=ORIENTED_EDGE('',*,*,#5676,.T.);
#4278=ORIENTED_EDGE('',*,*,#5677,.T.);
#4279=ORIENTED_EDGE('',*,*,#5671,.T.);
#4280=CARTESIAN_POINT('',(1.175,3.115,2.775));
#4281=DIRECTION('',(6.12323399573676E-17,0.0,-1.0));
#4282=DIRECTION('',(0.0,1.0,0.0));
#4283=SURFACE_STYLE_FILL_AREA(#5678);
#4284=ORIENTED_EDGE('',*,*,#5673,.T.);
#4285=ORIENTED_EDGE('',*,*,#5679,.F.);
#4286=ORIENTED_EDGE('',*,*,#5680,.F.);
#4287=ORIENTED_EDGE('',*,*,#5681,.T.);
#4288=CARTESIAN_POINT('',(1.175,3.165,3.486));
#4289=DIRECTION('',(-3.00279891788172E-17,0.871500689352263,0.490394278574425));
#4290=DIRECTION('',(-5.3364026483498E-17,-0.490394278574425,0.871500689352263));
#4291=SURFACE_STYLE_FILL_AREA(#5682);
#4292=ORIENTED_EDGE('',*,*,#5672,.T.);
#4293=ORIENTED_EDGE('',*,*,#5677,.F.);
#4294=ORIENTED_EDGE('',*,*,#5683,.F.);
#4295=ORIENTED_EDGE('',*,*,#5679,.T.);
#4296=CARTESIAN_POINT('',(1.175,3.34,2.975));
#4297=DIRECTION('',(0.0,1.0,0.0));
#4298=DIRECTION('',(-6.12323399573676E-17,0.0,1.0));
#4299=SURFACE_STYLE_FILL_AREA(#5684);
#4300=ORIENTED_EDGE('',*,*,#5685,.F.);
#4301=ORIENTED_EDGE('',*,*,#5680,.T.);
#4302=ORIENTED_EDGE('',*,*,#5683,.T.);
#4303=ORIENTED_EDGE('',*,*,#5676,.F.);
#4304=CARTESIAN_POINT('',(1.175,3.07445649693213,3.21272145435502));
#4305=DIRECTION('',(1.0,0.0,6.12323399573676E-17));
#4306=DIRECTION('',(6.12323399573676E-17,0.0,-1.0));
#4307=SURFACE_STYLE_FILL_AREA(#5686);
#4308=ORIENTED_EDGE('',*,*,#4905,.T.);
#4309=ORIENTED_EDGE('',*,*,#4956,.F.);
#4310=ORIENTED_EDGE('',*,*,#4906,.T.);
#4311=ORIENTED_EDGE('',*,*,#5687,.T.);
#4312=CARTESIAN_POINT('',(7.2,-0.0250000000000001,2.7));
#4313=DIRECTION('',(-0.0,1.0,0.0));
#4314=DIRECTION('',(1.0,0.0,0.0));
#4315=SURFACE_STYLE_FILL_AREA(#5688);
#4316=ORIENTED_EDGE('',*,*,#4900,.T.);
#4317=ORIENTED_EDGE('',*,*,#5687,.F.);
#4318=ORIENTED_EDGE('',*,*,#4902,.T.);
#4319=ORIENTED_EDGE('',*,*,#5689,.T.);
#4320=CARTESIAN_POINT('',(7.2,-0.575,2.7));
#4321=DIRECTION('',(-0.0,1.0,-0.0));
#4322=DIRECTION('',(1.0,0.0,0.0));
#4323=SURFACE_STYLE_FILL_AREA(#5690);
#4324=ORIENTED_EDGE('',*,*,#4901,.F.);
#4325=ORIENTED_EDGE('',*,*,#5689,.F.);
#4326=CARTESIAN_POINT('',(7.3,-0.65,2.7));
#4327=DIRECTION('',(-6.12303176911189E-17,-1.0,-0.0));
#4328=DIRECTION('',(-1.0,6.12303176911189E-17,0.0));
#4329=SURFACE_STYLE_FILL_AREA(#5691);
#4330=ORIENTED_EDGE('',*,*,#4896,.T.);
#4331=ORIENTED_EDGE('',*,*,#4957,.F.);
#4332=ORIENTED_EDGE('',*,*,#4897,.T.);
#4333=ORIENTED_EDGE('',*,*,#5692,.T.);
#4334=CARTESIAN_POINT('',(-0.95,-0.0250000000000001,2.7));
#4335=DIRECTION('',(-0.0,1.0,0.0));
#4336=DIRECTION('',(1.0,0.0,0.0));
#4337=SURFACE_STYLE_FILL_AREA(#5693);
#4338=ORIENTED_EDGE('',*,*,#4891,.T.);
#4339=ORIENTED_EDGE('',*,*,#5692,.F.);
#4340=ORIENTED_EDGE('',*,*,#4893,.T.);
#4341=ORIENTED_EDGE('',*,*,#5694,.T.);
#4342=CARTESIAN_POINT('',(-0.95,-0.575,2.7));
#4343=DIRECTION('',(-0.0,1.0,-0.0));
#4344=DIRECTION('',(1.0,0.0,0.0));
#4345=SURFACE_STYLE_FILL_AREA(#5695);
#4346=ORIENTED_EDGE('',*,*,#4892,.F.);
#4347=ORIENTED_EDGE('',*,*,#5694,.F.);
#4348=CARTESIAN_POINT('',(-0.85,-0.65,2.7));
#4349=DIRECTION('',(-6.12303176911189E-17,-1.0,-0.0));
#4350=DIRECTION('',(-1.0,6.12303176911189E-17,0.0));
#4351=SURFACE_STYLE_FILL_AREA(#5696);
#4352=ORIENTED_EDGE('',*,*,#5697,.F.);
#4353=ORIENTED_EDGE('',*,*,#5698,.F.);
#4354=ORIENTED_EDGE('',*,*,#5699,.F.);
#4355=ORIENTED_EDGE('',*,*,#5700,.F.);
#4356=CARTESIAN_POINT('',(-1.575,2.12,4.815));
#4357=DIRECTION('',(0.707106781186548,0.707106781186547,8.65956056235494E-17));
#4358=DIRECTION('',(0.707106781186547,-0.707106781186548,8.65956056235493E-17));
#4359=SURFACE_STYLE_FILL_AREA(#5701);
#4360=ORIENTED_EDGE('',*,*,#5702,.F.);
#4361=ORIENTED_EDGE('',*,*,#5699,.T.);
#4362=ORIENTED_EDGE('',*,*,#5703,.F.);
#4363=ORIENTED_EDGE('',*,*,#5704,.F.);
#4364=CARTESIAN_POINT('',(-1.495,1.57,4.815));
#4365=DIRECTION('',(1.0,0.0,1.22464679914735E-16));
#4366=DIRECTION('',(0.0,-1.0,0.0));
#4367=SURFACE_STYLE_FILL_AREA(#5705);
#4368=ORIENTED_EDGE('',*,*,#5706,.F.);
#4369=ORIENTED_EDGE('',*,*,#5707,.F.);
#4370=ORIENTED_EDGE('',*,*,#5704,.T.);
#4371=ORIENTED_EDGE('',*,*,#5708,.F.);
#4372=CARTESIAN_POINT('',(-1.575,1.02,4.815));
#4373=DIRECTION('',(0.707106781186548,-0.707106781186547,8.65956056235493E-17));
#4374=DIRECTION('',(-0.707106781186547,-0.707106781186548,-8.65956056235493E-17));
#4375=SURFACE_STYLE_FILL_AREA(#5709);
#4376=ORIENTED_EDGE('',*,*,#5710,.F.);
#4377=ORIENTED_EDGE('',*,*,#5708,.T.);
#4378=ORIENTED_EDGE('',*,*,#5703,.T.);
#4379=ORIENTED_EDGE('',*,*,#5698,.T.);
#4380=CARTESIAN_POINT('',(-1.58465109650005,1.57,1.355));
#4381=DIRECTION('',(1.22464679914735E-16,0.0,-1.0));
#4382=DIRECTION('',(-1.0,0.0,-1.22464679914735E-16));
#4383=SURFACE_STYLE_FILL_AREA(#5711);
#4384=ORIENTED_EDGE('',*,*,#5487,.T.);
#4385=ORIENTED_EDGE('',*,*,#5495,.F.);
#4386=ORIENTED_EDGE('',*,*,#5712,.F.);
#4387=ORIENTED_EDGE('',*,*,#5713,.F.);
#4388=ORIENTED_EDGE('',*,*,#5700,.T.);
#4389=ORIENTED_EDGE('',*,*,#5702,.T.);
#4390=ORIENTED_EDGE('',*,*,#5707,.T.);
#4391=ORIENTED_EDGE('',*,*,#5714,.F.);
#4392=ORIENTED_EDGE('',*,*,#5715,.F.);
#4393=ORIENTED_EDGE('',*,*,#5716,.F.);
#4394=ORIENTED_EDGE('',*,*,#5717,.T.);
#4395=ORIENTED_EDGE('',*,*,#5718,.T.);
#4396=ORIENTED_EDGE('',*,*,#5719,.T.);
#4397=ORIENTED_EDGE('',*,*,#5720,.F.);
#4398=ORIENTED_EDGE('',*,*,#5721,.F.);
#4399=ORIENTED_EDGE('',*,*,#5722,.F.);
#4400=ORIENTED_EDGE('',*,*,#5723,.T.);
#4401=ORIENTED_EDGE('',*,*,#5724,.T.);
#4402=ORIENTED_EDGE('',*,*,#5725,.T.);
#4403=ORIENTED_EDGE('',*,*,#5726,.F.);
#4404=ORIENTED_EDGE('',*,*,#5727,.F.);
#4405=ORIENTED_EDGE('',*,*,#5728,.F.);
#4406=ORIENTED_EDGE('',*,*,#5729,.F.);
#4407=ORIENTED_EDGE('',*,*,#5730,.T.);
#4408=ORIENTED_EDGE('',*,*,#5731,.T.);
#4409=ORIENTED_EDGE('',*,*,#5732,.F.);
#4410=ORIENTED_EDGE('',*,*,#5733,.F.);
#4411=ORIENTED_EDGE('',*,*,#5489,.F.);
#4412=ORIENTED_EDGE('',*,*,#5484,.T.);
#4413=ORIENTED_EDGE('',*,*,#5530,.T.);
#4414=ORIENTED_EDGE('',*,*,#5633,.T.);
#4415=ORIENTED_EDGE('',*,*,#5635,.T.);
#4416=ORIENTED_EDGE('',*,*,#5638,.T.);
#4417=ORIENTED_EDGE('',*,*,#5641,.T.);
#4418=ORIENTED_EDGE('',*,*,#5644,.T.);
#4419=ORIENTED_EDGE('',*,*,#5647,.T.);
#4420=ORIENTED_EDGE('',*,*,#5650,.T.);
#4421=ORIENTED_EDGE('',*,*,#5653,.T.);
#4422=ORIENTED_EDGE('',*,*,#5656,.T.);
#4423=ORIENTED_EDGE('',*,*,#5659,.T.);
#4424=ORIENTED_EDGE('',*,*,#5662,.T.);
#4425=ORIENTED_EDGE('',*,*,#5665,.T.);
#4426=ORIENTED_EDGE('',*,*,#5668,.T.);
#4427=ORIENTED_EDGE('',*,*,#5623,.T.);
#4428=ORIENTED_EDGE('',*,*,#5627,.T.);
#4429=ORIENTED_EDGE('',*,*,#5630,.T.);
#4430=ORIENTED_EDGE('',*,*,#5569,.T.);
#4431=ORIENTED_EDGE('',*,*,#5499,.T.);
#4432=ORIENTED_EDGE('',*,*,#5503,.T.);
#4433=CARTESIAN_POINT('',(3.125,1.79158690359259,4.715));
#4434=DIRECTION('',(0.0,0.0,1.0));
#4435=DIRECTION('',(1.0,0.0,0.0));
#4436=SURFACE_STYLE_FILL_AREA(#5734);
#4437=ORIENTED_EDGE('',*,*,#5735,.F.);
#4438=ORIENTED_EDGE('',*,*,#5736,.T.);
#4439=ORIENTED_EDGE('',*,*,#5737,.F.);
#4440=ORIENTED_EDGE('',*,*,#5738,.F.);
#4441=CARTESIAN_POINT('',(7.83465109650005,1.57,1.355));
#4442=DIRECTION('',(0.0,0.0,1.0));
#4443=DIRECTION('',(1.0,0.0,0.0));
#4444=SURFACE_STYLE_FILL_AREA(#5739);
#4445=ORIENTED_EDGE('',*,*,#5740,.F.);
#4446=ORIENTED_EDGE('',*,*,#5738,.T.);
#4447=ORIENTED_EDGE('',*,*,#5741,.T.);
#4448=ORIENTED_EDGE('',*,*,#5723,.F.);
#4449=CARTESIAN_POINT('',(7.825,1.02,1.355));
#4450=DIRECTION('',(-0.707106781186548,-0.707106781186547,0.0));
#4451=DIRECTION('',(0.707106781186547,-0.707106781186548,0.0));
#4452=SURFACE_STYLE_FILL_AREA(#5742);
#4453=ORIENTED_EDGE('',*,*,#5743,.F.);
#4454=ORIENTED_EDGE('',*,*,#5725,.F.);
#4455=ORIENTED_EDGE('',*,*,#5744,.F.);
#4456=ORIENTED_EDGE('',*,*,#5736,.F.);
#4457=CARTESIAN_POINT('',(7.825,2.12,1.355));
#4458=DIRECTION('',(-0.707106781186548,0.707106781186547,0.0));
#4459=DIRECTION('',(-0.707106781186547,-0.707106781186548,0.0));
#4460=SURFACE_STYLE_FILL_AREA(#5745);
#4461=ORIENTED_EDGE('',*,*,#5724,.F.);
#4462=ORIENTED_EDGE('',*,*,#5741,.F.);
#4463=ORIENTED_EDGE('',*,*,#5737,.T.);
#4464=ORIENTED_EDGE('',*,*,#5744,.T.);
#4465=CARTESIAN_POINT('',(7.745,1.57,1.355));
#4466=DIRECTION('',(-1.0,-0.0,0.0));
#4467=DIRECTION('',(0.0,-1.0,-0.0));
#4468=SURFACE_STYLE_FILL_AREA(#5746);
#4469=ORIENTED_EDGE('',*,*,#5743,.T.);
#4470=ORIENTED_EDGE('',*,*,#5735,.T.);
#4471=ORIENTED_EDGE('',*,*,#5740,.T.);
#4472=ORIENTED_EDGE('',*,*,#5722,.T.);
#4473=ORIENTED_EDGE('',*,*,#5747,.F.);
#4474=ORIENTED_EDGE('',*,*,#5748,.T.);
#4475=ORIENTED_EDGE('',*,*,#4961,.T.);
#4476=ORIENTED_EDGE('',*,*,#5749,.T.);
#4477=ORIENTED_EDGE('',*,*,#5750,.F.);
#4478=ORIENTED_EDGE('',*,*,#5751,.T.);
#4479=ORIENTED_EDGE('',*,*,#5752,.T.);
#4480=ORIENTED_EDGE('',*,*,#5753,.T.);
#4481=ORIENTED_EDGE('',*,*,#5754,.T.);
#4482=ORIENTED_EDGE('',*,*,#5755,.T.);
#4483=ORIENTED_EDGE('',*,*,#5756,.T.);
#4484=ORIENTED_EDGE('',*,*,#5726,.T.);
#4485=CARTESIAN_POINT('',(7.825,1.925,-0.175));
#4486=DIRECTION('',(1.0,0.0,0.0));
#4487=DIRECTION('',(0.0,1.0,0.0));
#4488=SURFACE_STYLE_FILL_AREA(#5757);
#4489=ORIENTED_EDGE('',*,*,#5758,.F.);
#4490=ORIENTED_EDGE('',*,*,#5759,.T.);
#4491=ORIENTED_EDGE('',*,*,#5760,.F.);
#4492=ORIENTED_EDGE('',*,*,#5761,.F.);
#4493=CARTESIAN_POINT('',(3.125,2.26,-0.275));
#4494=DIRECTION('',(0.0,-1.0,0.0));
#4495=DIRECTION('',(1.0,0.0,0.0));
#4496=SURFACE_STYLE_FILL_AREA(#5762);
#4497=ORIENTED_EDGE('',*,*,#5763,.F.);
#4498=ORIENTED_EDGE('',*,*,#5764,.T.);
#4499=ORIENTED_EDGE('',*,*,#5760,.T.);
#4500=ORIENTED_EDGE('',*,*,#5765,.T.);
#4501=CARTESIAN_POINT('',(3.125,2.98567081688535,1.275));
#4502=DIRECTION('',(0.0,0.0,1.0));
#4503=DIRECTION('',(1.0,0.0,0.0));
#4504=SURFACE_STYLE_FILL_AREA(#5766);
#4505=ORIENTED_EDGE('',*,*,#4910,.T.);
#4506=ORIENTED_EDGE('',*,*,#4986,.T.);
#4507=ORIENTED_EDGE('',*,*,#5028,.T.);
#4508=ORIENTED_EDGE('',*,*,#4994,.T.);
#4509=ORIENTED_EDGE('',*,*,#4988,.T.);
#4510=ORIENTED_EDGE('',*,*,#4982,.T.);
#4511=ORIENTED_EDGE('',*,*,#5072,.T.);
#4512=ORIENTED_EDGE('',*,*,#5038,.T.);
#4513=ORIENTED_EDGE('',*,*,#5032,.T.);
#4514=ORIENTED_EDGE('',*,*,#4978,.T.);
#4515=ORIENTED_EDGE('',*,*,#5116,.T.);
#4516=ORIENTED_EDGE('',*,*,#5082,.T.);
#4517=ORIENTED_EDGE('',*,*,#5076,.T.);
#4518=ORIENTED_EDGE('',*,*,#4974,.T.);
#4519=ORIENTED_EDGE('',*,*,#5160,.T.);
#4520=ORIENTED_EDGE('',*,*,#5126,.T.);
#4521=ORIENTED_EDGE('',*,*,#5120,.T.);
#4522=ORIENTED_EDGE('',*,*,#4970,.T.);
#4523=ORIENTED_EDGE('',*,*,#5204,.T.);
#4524=ORIENTED_EDGE('',*,*,#5170,.T.);
#4525=ORIENTED_EDGE('',*,*,#5164,.T.);
#4526=ORIENTED_EDGE('',*,*,#4966,.T.);
#4527=ORIENTED_EDGE('',*,*,#5767,.T.);
#4528=ORIENTED_EDGE('',*,*,#5768,.T.);
#4529=ORIENTED_EDGE('',*,*,#5769,.F.);
#4530=ORIENTED_EDGE('',*,*,#5770,.T.);
#4531=ORIENTED_EDGE('',*,*,#5771,.T.);
#4532=ORIENTED_EDGE('',*,*,#5491,.F.);
#4533=ORIENTED_EDGE('',*,*,#5772,.F.);
#4534=ORIENTED_EDGE('',*,*,#5773,.T.);
#4535=ORIENTED_EDGE('',*,*,#5758,.T.);
#4536=ORIENTED_EDGE('',*,*,#5774,.F.);
#4537=ORIENTED_EDGE('',*,*,#5775,.F.);
#4538=ORIENTED_EDGE('',*,*,#5776,.F.);
#4539=ORIENTED_EDGE('',*,*,#5777,.T.);
#4540=ORIENTED_EDGE('',*,*,#5778,.T.);
#4541=ORIENTED_EDGE('',*,*,#5753,.F.);
#4542=ORIENTED_EDGE('',*,*,#5779,.T.);
#4543=ORIENTED_EDGE('',*,*,#5780,.T.);
#4544=ORIENTED_EDGE('',*,*,#4958,.T.);
#4545=ORIENTED_EDGE('',*,*,#4952,.T.);
#4546=ORIENTED_EDGE('',*,*,#4916,.T.);
#4547=CARTESIAN_POINT('',(3.125,1.925,0.125));
#4548=DIRECTION('',(0.0,0.0,1.0));
#4549=DIRECTION('',(1.0,0.0,0.0));
#4550=SURFACE_STYLE_FILL_AREA(#5781);
#4551=ORIENTED_EDGE('',*,*,#5731,.F.);
#4552=ORIENTED_EDGE('',*,*,#5782,.F.);
#4553=ORIENTED_EDGE('',*,*,#5783,.F.);
#4554=ORIENTED_EDGE('',*,*,#5784,.T.);
#4555=CARTESIAN_POINT('',(3.125,2.89,3.797));
#4556=DIRECTION('',(0.0,-1.0,0.0));
#4557=DIRECTION('',(1.0,0.0,0.0));
#4558=SURFACE_STYLE_FILL_AREA(#5785);
#4559=ORIENTED_EDGE('',*,*,#5786,.F.);
#4560=ORIENTED_EDGE('',*,*,#5787,.T.);
#4561=ORIENTED_EDGE('',*,*,#5783,.T.);
#4562=ORIENTED_EDGE('',*,*,#5788,.T.);
#4563=ORIENTED_EDGE('',*,*,#5789,.F.);
#4564=ORIENTED_EDGE('',*,*,#5681,.F.);
#4565=CARTESIAN_POINT('',(3.125,3.31630549112172,3.797));
#4566=DIRECTION('',(0.0,0.0,1.0));
#4567=DIRECTION('',(1.0,0.0,0.0));
#4568=SURFACE_STYLE_FILL_AREA(#5790);
#4569=ORIENTED_EDGE('',*,*,#5719,.F.);
#4570=ORIENTED_EDGE('',*,*,#5791,.T.);
#4571=ORIENTED_EDGE('',*,*,#5792,.F.);
#4572=ORIENTED_EDGE('',*,*,#5793,.F.);
#4573=CARTESIAN_POINT('',(7.075,-0.05,4.515));
#4574=DIRECTION('',(-1.0,0.0,0.0));
#4575=DIRECTION('',(0.0,0.0,1.0));
#4576=SURFACE_STYLE_FILL_AREA(#5794);
#4577=ORIENTED_EDGE('',*,*,#5717,.F.);
#4578=ORIENTED_EDGE('',*,*,#5795,.F.);
#4579=ORIENTED_EDGE('',*,*,#5796,.F.);
#4580=ORIENTED_EDGE('',*,*,#5797,.F.);
#4581=CARTESIAN_POINT('',(-0.825,-0.05,4.515));
#4582=DIRECTION('',(1.0,0.0,0.0));
#4583=DIRECTION('',(0.0,0.0,-1.0));
#4584=SURFACE_STYLE_FILL_AREA(#5798);
#4585=ORIENTED_EDGE('',*,*,#5718,.F.);
#4586=ORIENTED_EDGE('',*,*,#5797,.T.);
#4587=ORIENTED_EDGE('',*,*,#5799,.F.);
#4588=ORIENTED_EDGE('',*,*,#5791,.F.);
#4589=CARTESIAN_POINT('',(3.125,0.2,4.515));
#4590=DIRECTION('',(0.0,-1.0,0.0));
#4591=DIRECTION('',(0.0,0.0,-1.0));
#4592=SURFACE_STYLE_FILL_AREA(#5800);
#4593=ORIENTED_EDGE('',*,*,#5792,.T.);
#4594=ORIENTED_EDGE('',*,*,#5799,.T.);
#4595=ORIENTED_EDGE('',*,*,#5796,.T.);
#4596=ORIENTED_EDGE('',*,*,#5801,.F.);
#4597=ORIENTED_EDGE('',*,*,#5802,.F.);
#4598=ORIENTED_EDGE('',*,*,#5803,.F.);
#4599=ORIENTED_EDGE('',*,*,#4962,.T.);
#4600=ORIENTED_EDGE('',*,*,#5748,.F.);
#4601=ORIENTED_EDGE('',*,*,#5804,.F.);
#4602=ORIENTED_EDGE('',*,*,#5805,.F.);
#4603=CARTESIAN_POINT('',(3.125,0.3,3.775));
#4604=DIRECTION('',(0.0,6.12323399573676E-17,1.0));
#4605=DIRECTION('',(-1.0,0.0,0.0));
#4606=SURFACE_STYLE_FILL_AREA(#5806);
#4607=ORIENTED_EDGE('',*,*,#5795,.T.);
#4608=ORIENTED_EDGE('',*,*,#5716,.T.);
#4609=ORIENTED_EDGE('',*,*,#5807,.F.);
#4610=ORIENTED_EDGE('',*,*,#5801,.T.);
#4611=CARTESIAN_POINT('',(3.125,0.0,-0.175));
#4612=DIRECTION('',(0.0,-1.0,0.0));
#4613=DIRECTION('',(1.0,0.0,0.0));
#4614=SURFACE_STYLE_FILL_AREA(#5808);
#4615=ORIENTED_EDGE('',*,*,#5793,.T.);
#4616=ORIENTED_EDGE('',*,*,#5805,.T.);
#4617=ORIENTED_EDGE('',*,*,#5809,.T.);
#4618=ORIENTED_EDGE('',*,*,#5720,.T.);
#4619=CARTESIAN_POINT('',(3.125,0.0,-0.175));
#4620=DIRECTION('',(0.0,-1.0,0.0));
#4621=DIRECTION('',(1.0,0.0,0.0));
#4622=SURFACE_STYLE_FILL_AREA(#5810);
#4623=ORIENTED_EDGE('',*,*,#5811,.F.);
#4624=ORIENTED_EDGE('',*,*,#5812,.F.);
#4625=ORIENTED_EDGE('',*,*,#4964,.T.);
#4626=ORIENTED_EDGE('',*,*,#5813,.F.);
#4627=ORIENTED_EDGE('',*,*,#5814,.F.);
#4628=CARTESIAN_POINT('',(-1.25,0.3,0.765));
#4629=DIRECTION('',(0.0,-6.12323399573676E-17,-1.0));
#4630=DIRECTION('',(1.0,0.0,0.0));
#4631=SURFACE_STYLE_FILL_AREA(#5815);
#4632=ORIENTED_EDGE('',*,*,#5816,.F.);
#4633=ORIENTED_EDGE('',*,*,#5817,.F.);
#4634=ORIENTED_EDGE('',*,*,#5749,.F.);
#4635=ORIENTED_EDGE('',*,*,#4960,.T.);
#4636=ORIENTED_EDGE('',*,*,#5818,.T.);
#4637=CARTESIAN_POINT('',(7.5,0.3,0.765));
#4638=DIRECTION('',(0.0,-6.12323399573676E-17,-1.0));
#4639=DIRECTION('',(1.0,0.0,0.0));
#4640=SURFACE_STYLE_FILL_AREA(#5819);
#4641=ORIENTED_EDGE('',*,*,#5820,.F.);
#4642=ORIENTED_EDGE('',*,*,#5821,.F.);
#4643=ORIENTED_EDGE('',*,*,#5818,.F.);
#4644=ORIENTED_EDGE('',*,*,#4959,.T.);
#4645=ORIENTED_EDGE('',*,*,#5780,.F.);
#4646=ORIENTED_EDGE('',*,*,#5822,.F.);
#4647=CARTESIAN_POINT('',(7.075,0.2,-0.275));
#4648=DIRECTION('',(1.0,0.0,0.0));
#4649=DIRECTION('',(0.0,1.0,0.0));
#4650=SURFACE_STYLE_FILL_AREA(#5823);
#4651=ORIENTED_EDGE('',*,*,#5697,.T.);
#4652=ORIENTED_EDGE('',*,*,#5713,.T.);
#4653=ORIENTED_EDGE('',*,*,#5824,.F.);
#4654=ORIENTED_EDGE('',*,*,#5825,.T.);
#4655=ORIENTED_EDGE('',*,*,#5826,.T.);
#4656=ORIENTED_EDGE('',*,*,#5769,.T.);
#4657=ORIENTED_EDGE('',*,*,#5827,.T.);
#4658=ORIENTED_EDGE('',*,*,#5828,.T.);
#4659=ORIENTED_EDGE('',*,*,#5829,.T.);
#4660=ORIENTED_EDGE('',*,*,#5813,.T.);
#4661=ORIENTED_EDGE('',*,*,#4963,.T.);
#4662=ORIENTED_EDGE('',*,*,#5803,.T.);
#4663=ORIENTED_EDGE('',*,*,#5830,.T.);
#4664=ORIENTED_EDGE('',*,*,#5714,.T.);
#4665=ORIENTED_EDGE('',*,*,#5706,.T.);
#4666=ORIENTED_EDGE('',*,*,#5710,.T.);
#4667=CARTESIAN_POINT('',(-1.575,1.925,-0.175));
#4668=DIRECTION('',(-1.0,-6.12303176911189E-17,0.0));
#4669=DIRECTION('',(6.12303176911189E-17,-1.0,0.0));
#4670=SURFACE_STYLE_FILL_AREA(#5831);
#4671=ORIENTED_EDGE('',*,*,#5802,.T.);
#4672=ORIENTED_EDGE('',*,*,#5807,.T.);
#4673=ORIENTED_EDGE('',*,*,#5715,.T.);
#4674=ORIENTED_EDGE('',*,*,#5830,.F.);
#4675=CARTESIAN_POINT('',(-1.525,0.05,-0.175));
#4676=DIRECTION('',(-0.707106781186548,-0.707106781186547,0.0));
#4677=DIRECTION('',(0.707106781186547,-0.707106781186548,0.0));
#4678=SURFACE_STYLE_FILL_AREA(#5832);
#4679=ORIENTED_EDGE('',*,*,#5814,.T.);
#4680=ORIENTED_EDGE('',*,*,#5829,.F.);
#4681=ORIENTED_EDGE('',*,*,#5833,.T.);
#4682=ORIENTED_EDGE('',*,*,#5834,.T.);
#4683=CARTESIAN_POINT('',(-1.525,0.05,-0.175));
#4684=DIRECTION('',(-0.707106781186548,-0.707106781186547,0.0));
#4685=DIRECTION('',(0.707106781186547,-0.707106781186548,0.0));
#4686=SURFACE_STYLE_FILL_AREA(#5835);
#4687=ORIENTED_EDGE('',*,*,#5821,.T.);
#4688=ORIENTED_EDGE('',*,*,#5836,.T.);
#4689=ORIENTED_EDGE('',*,*,#5837,.T.);
#4690=ORIENTED_EDGE('',*,*,#5816,.T.);
#4691=CARTESIAN_POINT('',(3.125,0.0,-0.175));
#4692=DIRECTION('',(0.0,-1.0,0.0));
#4693=DIRECTION('',(1.0,0.0,0.0));
#4694=SURFACE_STYLE_FILL_AREA(#5838);
#4695=ORIENTED_EDGE('',*,*,#5839,.T.);
#4696=ORIENTED_EDGE('',*,*,#5811,.T.);
#4697=ORIENTED_EDGE('',*,*,#5834,.F.);
#4698=ORIENTED_EDGE('',*,*,#5840,.T.);
#4699=CARTESIAN_POINT('',(3.125,0.0,-0.175));
#4700=DIRECTION('',(0.0,-1.0,0.0));
#4701=DIRECTION('',(1.0,0.0,0.0));
#4702=SURFACE_STYLE_FILL_AREA(#5841);
#4703=ORIENTED_EDGE('',*,*,#5804,.T.);
#4704=ORIENTED_EDGE('',*,*,#5747,.T.);
#4705=ORIENTED_EDGE('',*,*,#5721,.T.);
#4706=ORIENTED_EDGE('',*,*,#5809,.F.);
#4707=CARTESIAN_POINT('',(7.775,0.05,-0.175));
#4708=DIRECTION('',(0.707106781186549,-0.707106781186546,0.0));
#4709=DIRECTION('',(0.707106781186546,0.707106781186549,0.0));
#4710=SURFACE_STYLE_FILL_AREA(#5842);
#4711=ORIENTED_EDGE('',*,*,#5843,.F.);
#4712=ORIENTED_EDGE('',*,*,#5822,.T.);
#4713=ORIENTED_EDGE('',*,*,#5779,.F.);
#4714=ORIENTED_EDGE('',*,*,#5752,.F.);
#4715=CARTESIAN_POINT('',(7.5,0.5,-0.275));
#4716=DIRECTION('',(0.0,-1.0,0.0));
#4717=DIRECTION('',(1.0,0.0,0.0));
#4718=SURFACE_STYLE_FILL_AREA(#5844);
#4719=ORIENTED_EDGE('',*,*,#5754,.F.);
#4720=ORIENTED_EDGE('',*,*,#5778,.F.);
#4721=ORIENTED_EDGE('',*,*,#5845,.F.);
#4722=ORIENTED_EDGE('',*,*,#5846,.F.);
#4723=CARTESIAN_POINT('',(7.5,3.35,-0.275));
#4724=DIRECTION('',(0.0,1.0,0.0));
#4725=DIRECTION('',(-1.0,0.0,0.0));
#4726=SURFACE_STYLE_FILL_AREA(#5847);
#4727=ORIENTED_EDGE('',*,*,#5848,.F.);
#4728=ORIENTED_EDGE('',*,*,#5845,.T.);
#4729=ORIENTED_EDGE('',*,*,#5777,.F.);
#4730=ORIENTED_EDGE('',*,*,#5849,.F.);
#4731=CARTESIAN_POINT('',(7.075,3.65,-0.275));
#4732=DIRECTION('',(1.0,0.0,0.0));
#4733=DIRECTION('',(0.0,1.0,0.0));
#4734=SURFACE_STYLE_FILL_AREA(#5850);
#4735=ORIENTED_EDGE('',*,*,#5826,.F.);
#4736=ORIENTED_EDGE('',*,*,#5851,.F.);
#4737=ORIENTED_EDGE('',*,*,#5852,.T.);
#4738=ORIENTED_EDGE('',*,*,#5770,.F.);
#4739=CARTESIAN_POINT('',(-1.25,3.35,-0.275));
#4740=DIRECTION('',(0.0,1.0,0.0));
#4741=DIRECTION('',(-1.0,0.0,0.0));
#4742=SURFACE_STYLE_FILL_AREA(#5853);
#4743=ORIENTED_EDGE('',*,*,#5854,.F.);
#4744=ORIENTED_EDGE('',*,*,#5492,.F.);
#4745=ORIENTED_EDGE('',*,*,#5771,.F.);
#4746=ORIENTED_EDGE('',*,*,#5852,.F.);
#4747=CARTESIAN_POINT('',(-0.825,3.65,-0.275));
#4748=DIRECTION('',(-1.0,1.85037170770859E-16,0.0));
#4749=DIRECTION('',(-1.85037170770859E-16,-1.0,0.0));
#4750=SURFACE_STYLE_FILL_AREA(#5855);
#4751=ORIENTED_EDGE('',*,*,#5767,.F.);
#4752=ORIENTED_EDGE('',*,*,#4965,.T.);
#4753=ORIENTED_EDGE('',*,*,#5812,.T.);
#4754=ORIENTED_EDGE('',*,*,#5839,.F.);
#4755=ORIENTED_EDGE('',*,*,#5856,.F.);
#4756=ORIENTED_EDGE('',*,*,#5857,.T.);
#4757=CARTESIAN_POINT('',(-0.825,0.2,-0.275));
#4758=DIRECTION('',(-1.0,0.0,0.0));
#4759=DIRECTION('',(0.0,-1.0,0.0));
#4760=SURFACE_STYLE_FILL_AREA(#5858);
#4761=ORIENTED_EDGE('',*,*,#5859,.F.);
#4762=ORIENTED_EDGE('',*,*,#5827,.F.);
#4763=ORIENTED_EDGE('',*,*,#5768,.F.);
#4764=ORIENTED_EDGE('',*,*,#5857,.F.);
#4765=CARTESIAN_POINT('',(-1.25,0.5,-0.275));
#4766=DIRECTION('',(0.0,-1.0,0.0));
#4767=DIRECTION('',(1.0,0.0,0.0));
#4768=SURFACE_STYLE_FILL_AREA(#5860);
#4769=ORIENTED_EDGE('',*,*,#5849,.T.);
#4770=ORIENTED_EDGE('',*,*,#5776,.T.);
#4771=ORIENTED_EDGE('',*,*,#5861,.T.);
#4772=ORIENTED_EDGE('',*,*,#5728,.T.);
#4773=ORIENTED_EDGE('',*,*,#5862,.F.);
#4774=ORIENTED_EDGE('',*,*,#5863,.T.);
#4775=CARTESIAN_POINT('',(7.225,3.85,-0.175));
#4776=DIRECTION('',(2.22044604925031E-16,1.0,0.0));
#4777=DIRECTION('',(-1.0,2.22044604925031E-16,0.0));
#4778=SURFACE_STYLE_FILL_AREA(#5864);
#4779=ORIENTED_EDGE('',*,*,#5846,.T.);
#4780=ORIENTED_EDGE('',*,*,#5848,.T.);
#4781=ORIENTED_EDGE('',*,*,#5863,.F.);
#4782=ORIENTED_EDGE('',*,*,#5865,.F.);
#4783=ORIENTED_EDGE('',*,*,#5755,.F.);
#4784=CARTESIAN_POINT('',(3.125,1.79158690359259,-0.175));
#4785=DIRECTION('',(0.0,0.0,1.0));
#4786=DIRECTION('',(1.0,0.0,0.0));
#4787=SURFACE_STYLE_FILL_AREA(#5866);
#4788=ORIENTED_EDGE('',*,*,#5851,.T.);
#4789=ORIENTED_EDGE('',*,*,#5825,.F.);
#4790=ORIENTED_EDGE('',*,*,#5867,.F.);
#4791=ORIENTED_EDGE('',*,*,#5493,.F.);
#4792=ORIENTED_EDGE('',*,*,#5854,.T.);
#4793=CARTESIAN_POINT('',(3.125,1.79158690359259,-0.175));
#4794=DIRECTION('',(0.0,0.0,1.0));
#4795=DIRECTION('',(1.0,0.0,0.0));
#4796=SURFACE_STYLE_FILL_AREA(#5868);
#4797=ORIENTED_EDGE('',*,*,#5856,.T.);
#4798=ORIENTED_EDGE('',*,*,#5840,.F.);
#4799=ORIENTED_EDGE('',*,*,#5833,.F.);
#4800=ORIENTED_EDGE('',*,*,#5828,.F.);
#4801=ORIENTED_EDGE('',*,*,#5859,.T.);
#4802=CARTESIAN_POINT('',(3.125,1.79158690359259,-0.175));
#4803=DIRECTION('',(0.0,0.0,1.0));
#4804=DIRECTION('',(1.0,0.0,0.0));
#4805=SURFACE_STYLE_FILL_AREA(#5869);
#4806=ORIENTED_EDGE('',*,*,#5820,.T.);
#4807=ORIENTED_EDGE('',*,*,#5843,.T.);
#4808=ORIENTED_EDGE('',*,*,#5751,.F.);
#4809=ORIENTED_EDGE('',*,*,#5870,.F.);
#4810=ORIENTED_EDGE('',*,*,#5836,.F.);
#4811=CARTESIAN_POINT('',(3.125,1.79158690359259,-0.175));
#4812=DIRECTION('',(0.0,0.0,1.0));
#4813=DIRECTION('',(1.0,0.0,0.0));
#4814=SURFACE_STYLE_FILL_AREA(#5871);
#4815=ORIENTED_EDGE('',*,*,#5775,.T.);
#4816=ORIENTED_EDGE('',*,*,#5872,.T.);
#4817=ORIENTED_EDGE('',*,*,#5729,.T.);
#4818=ORIENTED_EDGE('',*,*,#5861,.F.);
#4819=CARTESIAN_POINT('',(6.65,3.775,-0.175));
#4820=DIRECTION('',(-0.707106781186546,0.707106781186549,0.0));
#4821=DIRECTION('',(-0.707106781186549,-0.707106781186546,0.0));
#4822=SURFACE_STYLE_FILL_AREA(#5873);
#4823=ORIENTED_EDGE('',*,*,#5774,.T.);
#4824=ORIENTED_EDGE('',*,*,#5761,.T.);
#4825=ORIENTED_EDGE('',*,*,#5764,.F.);
#4826=ORIENTED_EDGE('',*,*,#5874,.T.);
#4827=ORIENTED_EDGE('',*,*,#5788,.F.);
#4828=ORIENTED_EDGE('',*,*,#5782,.T.);
#4829=ORIENTED_EDGE('',*,*,#5730,.F.);
#4830=ORIENTED_EDGE('',*,*,#5872,.F.);
#4831=CARTESIAN_POINT('',(6.575,3.345,-0.175));
#4832=DIRECTION('',(-1.0,0.0,0.0));
#4833=DIRECTION('',(0.0,-1.0,0.0));
#4834=SURFACE_STYLE_FILL_AREA(#5875);
#4835=ORIENTED_EDGE('',*,*,#5670,.T.);
#4836=ORIENTED_EDGE('',*,*,#5789,.T.);
#4837=ORIENTED_EDGE('',*,*,#5874,.F.);
#4838=ORIENTED_EDGE('',*,*,#5763,.T.);
#4839=ORIENTED_EDGE('',*,*,#5876,.T.);
#4840=ORIENTED_EDGE('',*,*,#5786,.T.);
#4841=ORIENTED_EDGE('',*,*,#5685,.T.);
#4842=ORIENTED_EDGE('',*,*,#5675,.T.);
#4843=CARTESIAN_POINT('',(3.125,2.99,-0.175));
#4844=DIRECTION('',(0.0,1.0,0.0));
#4845=DIRECTION('',(-1.0,0.0,0.0));
#4846=SURFACE_STYLE_FILL_AREA(#5877);
#4847=ORIENTED_EDGE('',*,*,#5773,.F.);
#4848=ORIENTED_EDGE('',*,*,#5878,.T.);
#4849=ORIENTED_EDGE('',*,*,#5732,.T.);
#4850=ORIENTED_EDGE('',*,*,#5784,.F.);
#4851=ORIENTED_EDGE('',*,*,#5787,.F.);
#4852=ORIENTED_EDGE('',*,*,#5876,.F.);
#4853=ORIENTED_EDGE('',*,*,#5765,.F.);
#4854=ORIENTED_EDGE('',*,*,#5759,.F.);
#4855=CARTESIAN_POINT('',(-0.325,3.345,-0.175));
#4856=DIRECTION('',(1.0,0.0,0.0));
#4857=DIRECTION('',(0.0,1.0,0.0));
#4858=SURFACE_STYLE_FILL_AREA(#5879);
#4859=ORIENTED_EDGE('',*,*,#5772,.T.);
#4860=ORIENTED_EDGE('',*,*,#5490,.T.);
#4861=ORIENTED_EDGE('',*,*,#5733,.T.);
#4862=ORIENTED_EDGE('',*,*,#5878,.F.);
#4863=CARTESIAN_POINT('',(-0.4,3.775,-0.175));
#4864=DIRECTION('',(0.707106781186547,0.707106781186547,0.0));
#4865=DIRECTION('',(-0.707106781186548,0.707106781186548,0.0));
#4866=SURFACE_STYLE_FILL_AREA(#5880);
#4867=ORIENTED_EDGE('',*,*,#5727,.T.);
#4868=ORIENTED_EDGE('',*,*,#5756,.F.);
#4869=ORIENTED_EDGE('',*,*,#5865,.T.);
#4870=ORIENTED_EDGE('',*,*,#5862,.T.);
#4871=CARTESIAN_POINT('',(7.775,3.8,-0.175));
#4872=DIRECTION('',(0.707106781186549,0.707106781186546,0.0));
#4873=DIRECTION('',(-0.707106781186546,0.707106781186549,0.0));
#4874=SURFACE_STYLE_FILL_AREA(#5881);
#4875=ORIENTED_EDGE('',*,*,#5817,.T.);
#4876=ORIENTED_EDGE('',*,*,#5837,.F.);
#4877=ORIENTED_EDGE('',*,*,#5870,.T.);
#4878=ORIENTED_EDGE('',*,*,#5750,.T.);
#4879=CARTESIAN_POINT('',(7.775,0.05,-0.175));
#4880=DIRECTION('',(0.707106781186549,-0.707106781186546,0.0));
#4881=DIRECTION('',(0.707106781186546,0.707106781186549,0.0));
#4882=SURFACE_STYLE_FILL_AREA(#5882);
#4883=ORIENTED_EDGE('',*,*,#5712,.T.);
#4884=ORIENTED_EDGE('',*,*,#5494,.F.);
#4885=ORIENTED_EDGE('',*,*,#5867,.T.);
#4886=ORIENTED_EDGE('',*,*,#5824,.T.);
#4887=CARTESIAN_POINT('',(-1.525,3.8,-0.175));
#4888=DIRECTION('',(-0.707106781186548,0.707106781186547,0.0));
#4889=DIRECTION('',(-0.707106781186547,-0.707106781186548,0.0));
#4890=FILL_AREA_STYLE('',(#5883));
#4891=EDGE_CURVE('',#5884,#5885,#5886,.T.);
#4892=EDGE_CURVE('',#5884,#5887,#5888,.T.);
#4893=EDGE_CURVE('',#5889,#5887,#5890,.T.);
#4894=EDGE_CURVE('',#5885,#5889,#5891,.T.);
#4895=FILL_AREA_STYLE('',(#5892));
#4896=EDGE_CURVE('',#5885,#5893,#5894,.T.);
#4897=EDGE_CURVE('',#5895,#5889,#5896,.T.);
#4898=EDGE_CURVE('',#5893,#5895,#5897,.T.);
#4899=FILL_AREA_STYLE('',(#5898));
#4900=EDGE_CURVE('',#5899,#5900,#5901,.T.);
#4901=EDGE_CURVE('',#5899,#5902,#5903,.T.);
#4902=EDGE_CURVE('',#5904,#5902,#5905,.T.);
#4903=EDGE_CURVE('',#5900,#5904,#5906,.T.);
#4904=FILL_AREA_STYLE('',(#5907));
#4905=EDGE_CURVE('',#5900,#5908,#5909,.T.);
#4906=EDGE_CURVE('',#5910,#5904,#5911,.T.);
#4907=EDGE_CURVE('',#5908,#5910,#5912,.T.);
#4908=FILL_AREA_STYLE('',(#5913));
#4909=EDGE_CURVE('',#5914,#5915,#5916,.T.);
#4910=EDGE_CURVE('',#5917,#5914,#5918,.T.);
#4911=EDGE_CURVE('',#5919,#5917,#5920,.T.);
#4912=EDGE_CURVE('',#5921,#5919,#5922,.T.);
#4913=EDGE_CURVE('',#5921,#5923,#5924,.T.);
#4914=EDGE_CURVE('',#5915,#5923,#5925,.T.);
#4915=FILL_AREA_STYLE('',(#5926));
#4916=EDGE_CURVE('',#5927,#5917,#5928,.T.);
#4917=EDGE_CURVE('',#5927,#5929,#5930,.T.);
#4918=EDGE_CURVE('',#5919,#5929,#5931,.T.);
#4919=FILL_AREA_STYLE('',(#5932));
#4920=EDGE_CURVE('',#5933,#5934,#5935,.T.);
#4921=EDGE_CURVE('',#5936,#5934,#5937,.T.);
#4922=EDGE_CURVE('',#5936,#5938,#5939,.T.);
#4923=EDGE_CURVE('',#5938,#5933,#5940,.T.);
#4924=FILL_AREA_STYLE('',(#5941));
#4925=EDGE_CURVE('',#5915,#5942,#5943,.T.);
#4926=EDGE_CURVE('',#5923,#5936,#5944,.T.);
#4927=EDGE_CURVE('',#5934,#5945,#5946,.T.);
#4928=EDGE_CURVE('',#5945,#5942,#5947,.T.);
#4929=FILL_AREA_STYLE('',(#5948));
#4930=EDGE_CURVE('',#5949,#5933,#5950,.T.);
#4931=EDGE_CURVE('',#5938,#5951,#5952,.T.);
#4932=EDGE_CURVE('',#5951,#5949,#5953,.T.);
#4933=FILL_AREA_STYLE('',(#5954));
#4934=EDGE_CURVE('',#5955,#5949,#5956,.T.);
#4935=EDGE_CURVE('',#5951,#5957,#5958,.T.);
#4936=EDGE_CURVE('',#5957,#5955,#5959,.T.);
#4937=FILL_AREA_STYLE('',(#5960));
#4938=EDGE_CURVE('',#5961,#5955,#5962,.T.);
#4939=EDGE_CURVE('',#5957,#5963,#5964,.T.);
#4940=EDGE_CURVE('',#5963,#5961,#5965,.T.);
#4941=FILL_AREA_STYLE('',(#5966));
#4942=EDGE_CURVE('',#5967,#5968,#5969,.T.);
#4943=EDGE_CURVE('',#5970,#5968,#5971,.T.);
#4944=EDGE_CURVE('',#5970,#5921,#5972,.T.);
#4945=EDGE_CURVE('',#5929,#5967,#5973,.T.);
#4946=FILL_AREA_STYLE('',(#5974));
#4947=EDGE_CURVE('',#5968,#5961,#5975,.T.);
#4948=EDGE_CURVE('',#5963,#5970,#5976,.T.);
#4949=FILL_AREA_STYLE('',(#5977));
#4950=EDGE_CURVE('',#5942,#5978,#5979,.T.);
#4951=EDGE_CURVE('',#5967,#5945,#5980,.T.);
#4952=EDGE_CURVE('',#5978,#5927,#5981,.T.);
#4953=FILL_AREA_STYLE('',(#5982));
#4954=FILL_AREA_STYLE('',(#5983));
#4955=FILL_AREA_STYLE('',(#5984));
#4956=EDGE_CURVE('',#5910,#5908,#5985,.T.);
#4957=EDGE_CURVE('',#5895,#5893,#5986,.T.);
#4958=EDGE_CURVE('',#5987,#5978,#5988,.T.);
#4959=EDGE_CURVE('',#5989,#5987,#5990,.T.);
#4960=EDGE_CURVE('',#5991,#5989,#5992,.T.);
#4961=EDGE_CURVE('',#5993,#5991,#5994,.T.);
#4962=EDGE_CURVE('',#5995,#5993,#5996,.T.);
#4963=EDGE_CURVE('',#5997,#5995,#5998,.T.);
#4964=EDGE_CURVE('',#5999,#5997,#6000,.T.);
#4965=EDGE_CURVE('',#6001,#5999,#6002,.T.);
#4966=EDGE_CURVE('',#6003,#6001,#6004,.T.);
#4967=EDGE_CURVE('',#6003,#6005,#6006,.T.);
#4968=EDGE_CURVE('',#6005,#6007,#6008,.T.);
#4969=EDGE_CURVE('',#6007,#6009,#6010,.T.);
#4970=EDGE_CURVE('',#6011,#6009,#6012,.T.);
#4971=EDGE_CURVE('',#6011,#6013,#6014,.T.);
#4972=EDGE_CURVE('',#6013,#6015,#6016,.T.);
#4973=EDGE_CURVE('',#6015,#6017,#6018,.T.);
#4974=EDGE_CURVE('',#6019,#6017,#6020,.T.);
#4975=EDGE_CURVE('',#6019,#6021,#6022,.T.);
#4976=EDGE_CURVE('',#6021,#6023,#6024,.T.);
#4977=EDGE_CURVE('',#6023,#6025,#6026,.T.);
#4978=EDGE_CURVE('',#6027,#6025,#6028,.T.);
#4979=EDGE_CURVE('',#6027,#6029,#6030,.T.);
#4980=EDGE_CURVE('',#6029,#6031,#6032,.T.);
#4981=EDGE_CURVE('',#6031,#6033,#6034,.T.);
#4982=EDGE_CURVE('',#6035,#6033,#6036,.T.);
#4983=EDGE_CURVE('',#6035,#6037,#6038,.T.);
#4984=EDGE_CURVE('',#6037,#6039,#6040,.T.);
#4985=EDGE_CURVE('',#6039,#6041,#6042,.T.);
#4986=EDGE_CURVE('',#5914,#6041,#6043,.T.);
#4987=FILL_AREA_STYLE('',(#6044));
#4988=EDGE_CURVE('',#6045,#6035,#6046,.T.);
#4989=EDGE_CURVE('',#6047,#6045,#6048,.T.);
#4990=EDGE_CURVE('',#6049,#6047,#6050,.T.);
#4991=EDGE_CURVE('',#6049,#6051,#6052,.T.);
#4992=EDGE_CURVE('',#6037,#6051,#6053,.T.);
#4993=FILL_AREA_STYLE('',(#6054));
#4994=EDGE_CURVE('',#6055,#6045,#6056,.T.);
#4995=EDGE_CURVE('',#6055,#6057,#6058,.T.);
#4996=EDGE_CURVE('',#6047,#6057,#6059,.T.);
#4997=FILL_AREA_STYLE('',(#6060));
#4998=EDGE_CURVE('',#6061,#6062,#6063,.T.);
#4999=EDGE_CURVE('',#6064,#6062,#6065,.T.);
#5000=EDGE_CURVE('',#6064,#6066,#6067,.T.);
#5001=EDGE_CURVE('',#6066,#6061,#6068,.T.);
#5002=FILL_AREA_STYLE('',(#6069));
#5003=EDGE_CURVE('',#6051,#6064,#6070,.T.);
#5004=EDGE_CURVE('',#6062,#6071,#6072,.T.);
#5005=EDGE_CURVE('',#6071,#6039,#6073,.T.);
#5006=FILL_AREA_STYLE('',(#6074));
#5007=EDGE_CURVE('',#6075,#6061,#6076,.T.);
#5008=EDGE_CURVE('',#6066,#6077,#6078,.T.);
#5009=EDGE_CURVE('',#6077,#6075,#6079,.T.);
#5010=FILL_AREA_STYLE('',(#6080));
#5011=EDGE_CURVE('',#6081,#6075,#6082,.T.);
#5012=EDGE_CURVE('',#6077,#6083,#6084,.T.);
#5013=EDGE_CURVE('',#6083,#6081,#6085,.T.);
#5014=FILL_AREA_STYLE('',(#6086));
#5015=EDGE_CURVE('',#6087,#6081,#6088,.T.);
#5016=EDGE_CURVE('',#6083,#6089,#6090,.T.);
#5017=EDGE_CURVE('',#6089,#6087,#6091,.T.);
#5018=FILL_AREA_STYLE('',(#6092));
#5019=EDGE_CURVE('',#6093,#6094,#6095,.T.);
#5020=EDGE_CURVE('',#6096,#6094,#6097,.T.);
#5021=EDGE_CURVE('',#6096,#6049,#6098,.T.);
#5022=EDGE_CURVE('',#6057,#6093,#6099,.T.);
#5023=FILL_AREA_STYLE('',(#6100));
#5024=EDGE_CURVE('',#6094,#6087,#6101,.T.);
#5025=EDGE_CURVE('',#6089,#6096,#6102,.T.);
#5026=FILL_AREA_STYLE('',(#6103));
#5027=EDGE_CURVE('',#6093,#6071,#6104,.T.);
#5028=EDGE_CURVE('',#6041,#6055,#6105,.T.);
#5029=FILL_AREA_STYLE('',(#6106));
#5030=FILL_AREA_STYLE('',(#6107));
#5031=FILL_AREA_STYLE('',(#6108));
#5032=EDGE_CURVE('',#6109,#6027,#6110,.T.);
#5033=EDGE_CURVE('',#6111,#6109,#6112,.T.);
#5034=EDGE_CURVE('',#6113,#6111,#6114,.T.);
#5035=EDGE_CURVE('',#6113,#6115,#6116,.T.);
#5036=EDGE_CURVE('',#6029,#6115,#6117,.T.);
#5037=FILL_AREA_STYLE('',(#6118));
#5038=EDGE_CURVE('',#6119,#6109,#6120,.T.);
#5039=EDGE_CURVE('',#6119,#6121,#6122,.T.);
#5040=EDGE_CURVE('',#6111,#6121,#6123,.T.);
#5041=FILL_AREA_STYLE('',(#6124));
#5042=EDGE_CURVE('',#6125,#6126,#6127,.T.);
#5043=EDGE_CURVE('',#6128,#6126,#6129,.T.);
#5044=EDGE_CURVE('',#6128,#6130,#6131,.T.);
#5045=EDGE_CURVE('',#6130,#6125,#6132,.T.);
#5046=FILL_AREA_STYLE('',(#6133));
#5047=EDGE_CURVE('',#6115,#6128,#6134,.T.);
#5048=EDGE_CURVE('',#6126,#6135,#6136,.T.);
#5049=EDGE_CURVE('',#6135,#6031,#6137,.T.);
#5050=FILL_AREA_STYLE('',(#6138));
#5051=EDGE_CURVE('',#6139,#6125,#6140,.T.);
#5052=EDGE_CURVE('',#6130,#6141,#6142,.T.);
#5053=EDGE_CURVE('',#6141,#6139,#6143,.T.);
#5054=FILL_AREA_STYLE('',(#6144));
#5055=EDGE_CURVE('',#6145,#6139,#6146,.T.);
#5056=EDGE_CURVE('',#6141,#6147,#6148,.T.);
#5057=EDGE_CURVE('',#6147,#6145,#6149,.T.);
#5058=FILL_AREA_STYLE('',(#6150));
#5059=EDGE_CURVE('',#6151,#6145,#6152,.T.);
#5060=EDGE_CURVE('',#6147,#6153,#6154,.T.);
#5061=EDGE_CURVE('',#6153,#6151,#6155,.T.);
#5062=FILL_AREA_STYLE('',(#6156));
#5063=EDGE_CURVE('',#6157,#6158,#6159,.T.);
#5064=EDGE_CURVE('',#6160,#6158,#6161,.T.);
#5065=EDGE_CURVE('',#6160,#6113,#6162,.T.);
#5066=EDGE_CURVE('',#6121,#6157,#6163,.T.);
#5067=FILL_AREA_STYLE('',(#6164));
#5068=EDGE_CURVE('',#6158,#6151,#6165,.T.);
#5069=EDGE_CURVE('',#6153,#6160,#6166,.T.);
#5070=FILL_AREA_STYLE('',(#6167));
#5071=EDGE_CURVE('',#6157,#6135,#6168,.T.);
#5072=EDGE_CURVE('',#6033,#6119,#6169,.T.);
#5073=FILL_AREA_STYLE('',(#6170));
#5074=FILL_AREA_STYLE('',(#6171));
#5075=FILL_AREA_STYLE('',(#6172));
#5076=EDGE_CURVE('',#6173,#6019,#6174,.T.);
#5077=EDGE_CURVE('',#6175,#6173,#6176,.T.);
#5078=EDGE_CURVE('',#6177,#6175,#6178,.T.);
#5079=EDGE_CURVE('',#6177,#6179,#6180,.T.);
#5080=EDGE_CURVE('',#6021,#6179,#6181,.T.);
#5081=FILL_AREA_STYLE('',(#6182));
#5082=EDGE_CURVE('',#6183,#6173,#6184,.T.);
#5083=EDGE_CURVE('',#6183,#6185,#6186,.T.);
#5084=EDGE_CURVE('',#6175,#6185,#6187,.T.);
#5085=FILL_AREA_STYLE('',(#6188));
#5086=EDGE_CURVE('',#6189,#6190,#6191,.T.);
#5087=EDGE_CURVE('',#6192,#6190,#6193,.T.);
#5088=EDGE_CURVE('',#6192,#6194,#6195,.T.);
#5089=EDGE_CURVE('',#6194,#6189,#6196,.T.);
#5090=FILL_AREA_STYLE('',(#6197));
#5091=EDGE_CURVE('',#6179,#6192,#6198,.T.);
#5092=EDGE_CURVE('',#6190,#6199,#6200,.T.);
#5093=EDGE_CURVE('',#6199,#6023,#6201,.T.);
#5094=FILL_AREA_STYLE('',(#6202));
#5095=EDGE_CURVE('',#6203,#6189,#6204,.T.);
#5096=EDGE_CURVE('',#6194,#6205,#6206,.T.);
#5097=EDGE_CURVE('',#6205,#6203,#6207,.T.);
#5098=FILL_AREA_STYLE('',(#6208));
#5099=EDGE_CURVE('',#6209,#6203,#6210,.T.);
#5100=EDGE_CURVE('',#6205,#6211,#6212,.T.);
#5101=EDGE_CURVE('',#6211,#6209,#6213,.T.);
#5102=FILL_AREA_STYLE('',(#6214));
#5103=EDGE_CURVE('',#6215,#6209,#6216,.T.);
#5104=EDGE_CURVE('',#6211,#6217,#6218,.T.);
#5105=EDGE_CURVE('',#6217,#6215,#6219,.T.);
#5106=FILL_AREA_STYLE('',(#6220));
#5107=EDGE_CURVE('',#6221,#6222,#6223,.T.);
#5108=EDGE_CURVE('',#6224,#6222,#6225,.T.);
#5109=EDGE_CURVE('',#6224,#6177,#6226,.T.);
#5110=EDGE_CURVE('',#6185,#6221,#6227,.T.);
#5111=FILL_AREA_STYLE('',(#6228));
#5112=EDGE_CURVE('',#6222,#6215,#6229,.T.);
#5113=EDGE_CURVE('',#6217,#6224,#6230,.T.);
#5114=FILL_AREA_STYLE('',(#6231));
#5115=EDGE_CURVE('',#6221,#6199,#6232,.T.);
#5116=EDGE_CURVE('',#6025,#6183,#6233,.T.);
#5117=FILL_AREA_STYLE('',(#6234));
#5118=FILL_AREA_STYLE('',(#6235));
#5119=FILL_AREA_STYLE('',(#6236));
#5120=EDGE_CURVE('',#6237,#6011,#6238,.T.);
#5121=EDGE_CURVE('',#6239,#6237,#6240,.T.);
#5122=EDGE_CURVE('',#6241,#6239,#6242,.T.);
#5123=EDGE_CURVE('',#6241,#6243,#6244,.T.);
#5124=EDGE_CURVE('',#6013,#6243,#6245,.T.);
#5125=FILL_AREA_STYLE('',(#6246));
#5126=EDGE_CURVE('',#6247,#6237,#6248,.T.);
#5127=EDGE_CURVE('',#6247,#6249,#6250,.T.);
#5128=EDGE_CURVE('',#6239,#6249,#6251,.T.);
#5129=FILL_AREA_STYLE('',(#6252));
#5130=EDGE_CURVE('',#6253,#6254,#6255,.T.);
#5131=EDGE_CURVE('',#6256,#6254,#6257,.T.);
#5132=EDGE_CURVE('',#6256,#6258,#6259,.T.);
#5133=EDGE_CURVE('',#6258,#6253,#6260,.T.);
#5134=FILL_AREA_STYLE('',(#6261));
#5135=EDGE_CURVE('',#6243,#6256,#6262,.T.);
#5136=EDGE_CURVE('',#6254,#6263,#6264,.T.);
#5137=EDGE_CURVE('',#6263,#6015,#6265,.T.);
#5138=FILL_AREA_STYLE('',(#6266));
#5139=EDGE_CURVE('',#6267,#6253,#6268,.T.);
#5140=EDGE_CURVE('',#6258,#6269,#6270,.T.);
#5141=EDGE_CURVE('',#6269,#6267,#6271,.T.);
#5142=FILL_AREA_STYLE('',(#6272));
#5143=EDGE_CURVE('',#6273,#6267,#6274,.T.);
#5144=EDGE_CURVE('',#6269,#6275,#6276,.T.);
#5145=EDGE_CURVE('',#6275,#6273,#6277,.T.);
#5146=FILL_AREA_STYLE('',(#6278));
#5147=EDGE_CURVE('',#6279,#6273,#6280,.T.);
#5148=EDGE_CURVE('',#6275,#6281,#6282,.T.);
#5149=EDGE_CURVE('',#6281,#6279,#6283,.T.);
#5150=FILL_AREA_STYLE('',(#6284));
#5151=EDGE_CURVE('',#6285,#6286,#6287,.T.);
#5152=EDGE_CURVE('',#6288,#6286,#6289,.T.);
#5153=EDGE_CURVE('',#6288,#6241,#6290,.T.);
#5154=EDGE_CURVE('',#6249,#6285,#6291,.T.);
#5155=FILL_AREA_STYLE('',(#6292));
#5156=EDGE_CURVE('',#6286,#6279,#6293,.T.);
#5157=EDGE_CURVE('',#6281,#6288,#6294,.T.);
#5158=FILL_AREA_STYLE('',(#6295));
#5159=EDGE_CURVE('',#6285,#6263,#6296,.T.);
#5160=EDGE_CURVE('',#6017,#6247,#6297,.T.);
#5161=FILL_AREA_STYLE('',(#6298));
#5162=FILL_AREA_STYLE('',(#6299));
#5163=FILL_AREA_STYLE('',(#6300));
#5164=EDGE_CURVE('',#6301,#6003,#6302,.T.);
#5165=EDGE_CURVE('',#6303,#6301,#6304,.T.);
#5166=EDGE_CURVE('',#6305,#6303,#6306,.T.);
#5167=EDGE_CURVE('',#6305,#6307,#6308,.T.);
#5168=EDGE_CURVE('',#6005,#6307,#6309,.T.);
#5169=FILL_AREA_STYLE('',(#6310));
#5170=EDGE_CURVE('',#6311,#6301,#6312,.T.);
#5171=EDGE_CURVE('',#6311,#6313,#6314,.T.);
#5172=EDGE_CURVE('',#6303,#6313,#6315,.T.);
#5173=FILL_AREA_STYLE('',(#6316));
#5174=EDGE_CURVE('',#6317,#6318,#6319,.T.);
#5175=EDGE_CURVE('',#6320,#6318,#6321,.T.);
#5176=EDGE_CURVE('',#6320,#6322,#6323,.T.);
#5177=EDGE_CURVE('',#6322,#6317,#6324,.T.);
#5178=FILL_AREA_STYLE('',(#6325));
#5179=EDGE_CURVE('',#6307,#6320,#6326,.T.);
#5180=EDGE_CURVE('',#6318,#6327,#6328,.T.);
#5181=EDGE_CURVE('',#6327,#6007,#6329,.T.);
#5182=FILL_AREA_STYLE('',(#6330));
#5183=EDGE_CURVE('',#6331,#6317,#6332,.T.);
#5184=EDGE_CURVE('',#6322,#6333,#6334,.T.);
#5185=EDGE_CURVE('',#6333,#6331,#6335,.T.);
#5186=FILL_AREA_STYLE('',(#6336));
#5187=EDGE_CURVE('',#6337,#6331,#6338,.T.);
#5188=EDGE_CURVE('',#6333,#6339,#6340,.T.);
#5189=EDGE_CURVE('',#6339,#6337,#6341,.T.);
#5190=FILL_AREA_STYLE('',(#6342));
#5191=EDGE_CURVE('',#6343,#6337,#6344,.T.);
#5192=EDGE_CURVE('',#6339,#6345,#6346,.T.);
#5193=EDGE_CURVE('',#6345,#6343,#6347,.T.);
#5194=FILL_AREA_STYLE('',(#6348));
#5195=EDGE_CURVE('',#6349,#6350,#6351,.T.);
#5196=EDGE_CURVE('',#6352,#6350,#6353,.T.);
#5197=EDGE_CURVE('',#6352,#6305,#6354,.T.);
#5198=EDGE_CURVE('',#6313,#6349,#6355,.T.);
#5199=FILL_AREA_STYLE('',(#6356));
#5200=EDGE_CURVE('',#6350,#6343,#6357,.T.);
#5201=EDGE_CURVE('',#6345,#6352,#6358,.T.);
#5202=FILL_AREA_STYLE('',(#6359));
#5203=EDGE_CURVE('',#6349,#6327,#6360,.T.);
#5204=EDGE_CURVE('',#6009,#6311,#6361,.T.);
#5205=FILL_AREA_STYLE('',(#6362));
#5206=FILL_AREA_STYLE('',(#6363));
#5207=FILL_AREA_STYLE('',(#6364));
#5208=EDGE_CURVE('',#6365,#6366,#6367,.T.);
#5209=EDGE_CURVE('',#6368,#6365,#6369,.T.);
#5210=EDGE_CURVE('',#6368,#6370,#6371,.T.);
#5211=EDGE_CURVE('',#6372,#6370,#6373,.T.);
#5212=EDGE_CURVE('',#6374,#6372,#6375,.T.);
#5213=EDGE_CURVE('',#6376,#6374,#6377,.T.);
#5214=EDGE_CURVE('',#6376,#6378,#6379,.T.);
#5215=EDGE_CURVE('',#6380,#6378,#6381,.T.);
#5216=EDGE_CURVE('',#6382,#6380,#6383,.T.);
#5217=EDGE_CURVE('',#6384,#6382,#6385,.T.);
#5218=EDGE_CURVE('',#6366,#6384,#6386,.T.);
#5219=FILL_AREA_STYLE('',(#6387));
#5220=EDGE_CURVE('',#6388,#6365,#6389,.T.);
#5221=EDGE_CURVE('',#6388,#6390,#6391,.T.);
#5222=EDGE_CURVE('',#6368,#6390,#6392,.T.);
#5223=FILL_AREA_STYLE('',(#6393));
#5224=EDGE_CURVE('',#6394,#6395,#6396,.T.);
#5225=EDGE_CURVE('',#6384,#6395,#6397,.T.);
#5226=EDGE_CURVE('',#6382,#6394,#6398,.T.);
#5227=FILL_AREA_STYLE('',(#6399));
#5228=EDGE_CURVE('',#6366,#6400,#6401,.T.);
#5229=EDGE_CURVE('',#6395,#6400,#6402,.T.);
#5230=FILL_AREA_STYLE('',(#6403));
#5231=EDGE_CURVE('',#6390,#6404,#6405,.T.);
#5232=EDGE_CURVE('',#6370,#6404,#6406,.T.);
#5233=FILL_AREA_STYLE('',(#6407));
#5234=EDGE_CURVE('',#6404,#6408,#6409,.T.);
#5235=EDGE_CURVE('',#6372,#6408,#6410,.T.);
#5236=FILL_AREA_STYLE('',(#6411));
#5237=EDGE_CURVE('',#6408,#6412,#6413,.T.);
#5238=EDGE_CURVE('',#6374,#6412,#6414,.T.);
#5239=FILL_AREA_STYLE('',(#6415));
#5240=EDGE_CURVE('',#6412,#6416,#6417,.T.);
#5241=EDGE_CURVE('',#6376,#6416,#6418,.T.);
#5242=FILL_AREA_STYLE('',(#6419));
#5243=EDGE_CURVE('',#6416,#6420,#6421,.T.);
#5244=EDGE_CURVE('',#6378,#6420,#6422,.T.);
#5245=FILL_AREA_STYLE('',(#6423));
#5246=EDGE_CURVE('',#6420,#6424,#6425,.T.);
#5247=EDGE_CURVE('',#6380,#6424,#6426,.T.);
#5248=FILL_AREA_STYLE('',(#6427));
#5249=EDGE_CURVE('',#6424,#6394,#6428,.T.);
#5250=FILL_AREA_STYLE('',(#6429));
#5251=EDGE_CURVE('',#6400,#6388,#6430,.T.);
#5252=FILL_AREA_STYLE('',(#6431));
#5253=EDGE_CURVE('',#6432,#6433,#6434,.T.);
#5254=EDGE_CURVE('',#6435,#6432,#6436,.T.);
#5255=EDGE_CURVE('',#6435,#6437,#6438,.T.);
#5256=EDGE_CURVE('',#6439,#6437,#6440,.T.);
#5257=EDGE_CURVE('',#6441,#6439,#6442,.T.);
#5258=EDGE_CURVE('',#6443,#6441,#6444,.T.);
#5259=EDGE_CURVE('',#6443,#6445,#6446,.T.);
#5260=EDGE_CURVE('',#6447,#6445,#6448,.T.);
#5261=EDGE_CURVE('',#6449,#6447,#6450,.T.);
#5262=EDGE_CURVE('',#6451,#6449,#6452,.T.);
#5263=EDGE_CURVE('',#6433,#6451,#6453,.T.);
#5264=FILL_AREA_STYLE('',(#6454));
#5265=EDGE_CURVE('',#6455,#6432,#6456,.T.);
#5266=EDGE_CURVE('',#6455,#6457,#6458,.T.);
#5267=EDGE_CURVE('',#6435,#6457,#6459,.T.);
#5268=FILL_AREA_STYLE('',(#6460));
#5269=EDGE_CURVE('',#6461,#6462,#6463,.T.);
#5270=EDGE_CURVE('',#6451,#6462,#6464,.T.);
#5271=EDGE_CURVE('',#6449,#6461,#6465,.T.);
#5272=FILL_AREA_STYLE('',(#6466));
#5273=EDGE_CURVE('',#6433,#6467,#6468,.T.);
#5274=EDGE_CURVE('',#6462,#6467,#6469,.T.);
#5275=FILL_AREA_STYLE('',(#6470));
#5276=EDGE_CURVE('',#6457,#6471,#6472,.T.);
#5277=EDGE_CURVE('',#6437,#6471,#6473,.T.);
#5278=FILL_AREA_STYLE('',(#6474));
#5279=EDGE_CURVE('',#6471,#6475,#6476,.T.);
#5280=EDGE_CURVE('',#6439,#6475,#6477,.T.);
#5281=FILL_AREA_STYLE('',(#6478));
#5282=EDGE_CURVE('',#6475,#6479,#6480,.T.);
#5283=EDGE_CURVE('',#6441,#6479,#6481,.T.);
#5284=FILL_AREA_STYLE('',(#6482));
#5285=EDGE_CURVE('',#6479,#6483,#6484,.T.);
#5286=EDGE_CURVE('',#6443,#6483,#6485,.T.);
#5287=FILL_AREA_STYLE('',(#6486));
#5288=EDGE_CURVE('',#6483,#6487,#6488,.T.);
#5289=EDGE_CURVE('',#6445,#6487,#6489,.T.);
#5290=FILL_AREA_STYLE('',(#6490));
#5291=EDGE_CURVE('',#6487,#6491,#6492,.T.);
#5292=EDGE_CURVE('',#6447,#6491,#6493,.T.);
#5293=FILL_AREA_STYLE('',(#6494));
#5294=EDGE_CURVE('',#6491,#6461,#6495,.T.);
#5295=FILL_AREA_STYLE('',(#6496));
#5296=EDGE_CURVE('',#6467,#6455,#6497,.T.);
#5297=FILL_AREA_STYLE('',(#6498));
#5298=EDGE_CURVE('',#6499,#6500,#6501,.T.);
#5299=EDGE_CURVE('',#6502,#6499,#6503,.T.);
#5300=EDGE_CURVE('',#6502,#6504,#6505,.T.);
#5301=EDGE_CURVE('',#6506,#6504,#6507,.T.);
#5302=EDGE_CURVE('',#6508,#6506,#6509,.T.);
#5303=EDGE_CURVE('',#6510,#6508,#6511,.T.);
#5304=EDGE_CURVE('',#6510,#6512,#6513,.T.);
#5305=EDGE_CURVE('',#6514,#6512,#6515,.T.);
#5306=EDGE_CURVE('',#6516,#6514,#6517,.T.);
#5307=EDGE_CURVE('',#6518,#6516,#6519,.T.);
#5308=EDGE_CURVE('',#6500,#6518,#6520,.T.);
#5309=FILL_AREA_STYLE('',(#6521));
#5310=EDGE_CURVE('',#6522,#6499,#6523,.T.);
#5311=EDGE_CURVE('',#6522,#6524,#6525,.T.);
#5312=EDGE_CURVE('',#6502,#6524,#6526,.T.);
#5313=FILL_AREA_STYLE('',(#6527));
#5314=EDGE_CURVE('',#6528,#6529,#6530,.T.);
#5315=EDGE_CURVE('',#6518,#6529,#6531,.T.);
#5316=EDGE_CURVE('',#6516,#6528,#6532,.T.);
#5317=FILL_AREA_STYLE('',(#6533));
#5318=EDGE_CURVE('',#6500,#6534,#6535,.T.);
#5319=EDGE_CURVE('',#6529,#6534,#6536,.T.);
#5320=FILL_AREA_STYLE('',(#6537));
#5321=EDGE_CURVE('',#6524,#6538,#6539,.T.);
#5322=EDGE_CURVE('',#6504,#6538,#6540,.T.);
#5323=FILL_AREA_STYLE('',(#6541));
#5324=EDGE_CURVE('',#6538,#6542,#6543,.T.);
#5325=EDGE_CURVE('',#6506,#6542,#6544,.T.);
#5326=FILL_AREA_STYLE('',(#6545));
#5327=EDGE_CURVE('',#6542,#6546,#6547,.T.);
#5328=EDGE_CURVE('',#6508,#6546,#6548,.T.);
#5329=FILL_AREA_STYLE('',(#6549));
#5330=EDGE_CURVE('',#6546,#6550,#6551,.T.);
#5331=EDGE_CURVE('',#6510,#6550,#6552,.T.);
#5332=FILL_AREA_STYLE('',(#6553));
#5333=EDGE_CURVE('',#6550,#6554,#6555,.T.);
#5334=EDGE_CURVE('',#6512,#6554,#6556,.T.);
#5335=FILL_AREA_STYLE('',(#6557));
#5336=EDGE_CURVE('',#6554,#6558,#6559,.T.);
#5337=EDGE_CURVE('',#6514,#6558,#6560,.T.);
#5338=FILL_AREA_STYLE('',(#6561));
#5339=EDGE_CURVE('',#6558,#6528,#6562,.T.);
#5340=FILL_AREA_STYLE('',(#6563));
#5341=EDGE_CURVE('',#6534,#6522,#6564,.T.);
#5342=FILL_AREA_STYLE('',(#6565));
#5343=EDGE_CURVE('',#6566,#6567,#6568,.T.);
#5344=EDGE_CURVE('',#6569,#6566,#6570,.T.);
#5345=EDGE_CURVE('',#6569,#6571,#6572,.T.);
#5346=EDGE_CURVE('',#6573,#6571,#6574,.T.);
#5347=EDGE_CURVE('',#6575,#6573,#6576,.T.);
#5348=EDGE_CURVE('',#6577,#6575,#6578,.T.);
#5349=EDGE_CURVE('',#6577,#6579,#6580,.T.);
#5350=EDGE_CURVE('',#6581,#6579,#6582,.T.);
#5351=EDGE_CURVE('',#6583,#6581,#6584,.T.);
#5352=EDGE_CURVE('',#6585,#6583,#6586,.T.);
#5353=EDGE_CURVE('',#6567,#6585,#6587,.T.);
#5354=FILL_AREA_STYLE('',(#6588));
#5355=EDGE_CURVE('',#6589,#6566,#6590,.T.);
#5356=EDGE_CURVE('',#6589,#6591,#6592,.T.);
#5357=EDGE_CURVE('',#6569,#6591,#6593,.T.);
#5358=FILL_AREA_STYLE('',(#6594));
#5359=EDGE_CURVE('',#6595,#6596,#6597,.T.);
#5360=EDGE_CURVE('',#6585,#6596,#6598,.T.);
#5361=EDGE_CURVE('',#6583,#6595,#6599,.T.);
#5362=FILL_AREA_STYLE('',(#6600));
#5363=EDGE_CURVE('',#6567,#6601,#6602,.T.);
#5364=EDGE_CURVE('',#6596,#6601,#6603,.T.);
#5365=FILL_AREA_STYLE('',(#6604));
#5366=EDGE_CURVE('',#6591,#6605,#6606,.T.);
#5367=EDGE_CURVE('',#6571,#6605,#6607,.T.);
#5368=FILL_AREA_STYLE('',(#6608));
#5369=EDGE_CURVE('',#6605,#6609,#6610,.T.);
#5370=EDGE_CURVE('',#6573,#6609,#6611,.T.);
#5371=FILL_AREA_STYLE('',(#6612));
#5372=EDGE_CURVE('',#6609,#6613,#6614,.T.);
#5373=EDGE_CURVE('',#6575,#6613,#6615,.T.);
#5374=FILL_AREA_STYLE('',(#6616));
#5375=EDGE_CURVE('',#6613,#6617,#6618,.T.);
#5376=EDGE_CURVE('',#6577,#6617,#6619,.T.);
#5377=FILL_AREA_STYLE('',(#6620));
#5378=EDGE_CURVE('',#6617,#6621,#6622,.T.);
#5379=EDGE_CURVE('',#6579,#6621,#6623,.T.);
#5380=FILL_AREA_STYLE('',(#6624));
#5381=EDGE_CURVE('',#6621,#6625,#6626,.T.);
#5382=EDGE_CURVE('',#6581,#6625,#6627,.T.);
#5383=FILL_AREA_STYLE('',(#6628));
#5384=EDGE_CURVE('',#6625,#6595,#6629,.T.);
#5385=FILL_AREA_STYLE('',(#6630));
#5386=EDGE_CURVE('',#6601,#6589,#6631,.T.);
#5387=FILL_AREA_STYLE('',(#6632));
#5388=EDGE_CURVE('',#6633,#6634,#6635,.T.);
#5389=EDGE_CURVE('',#6636,#6633,#6637,.T.);
#5390=EDGE_CURVE('',#6636,#6638,#6639,.T.);
#5391=EDGE_CURVE('',#6640,#6638,#6641,.T.);
#5392=EDGE_CURVE('',#6642,#6640,#6643,.T.);
#5393=EDGE_CURVE('',#6644,#6642,#6645,.T.);
#5394=EDGE_CURVE('',#6644,#6646,#6647,.T.);
#5395=EDGE_CURVE('',#6648,#6646,#6649,.T.);
#5396=EDGE_CURVE('',#6650,#6648,#6651,.T.);
#5397=EDGE_CURVE('',#6652,#6650,#6653,.T.);
#5398=EDGE_CURVE('',#6634,#6652,#6654,.T.);
#5399=FILL_AREA_STYLE('',(#6655));
#5400=EDGE_CURVE('',#6656,#6633,#6657,.T.);
#5401=EDGE_CURVE('',#6656,#6658,#6659,.T.);
#5402=EDGE_CURVE('',#6636,#6658,#6660,.T.);
#5403=FILL_AREA_STYLE('',(#6661));
#5404=EDGE_CURVE('',#6662,#6663,#6664,.T.);
#5405=EDGE_CURVE('',#6652,#6663,#6665,.T.);
#5406=EDGE_CURVE('',#6650,#6662,#6666,.T.);
#5407=FILL_AREA_STYLE('',(#6667));
#5408=EDGE_CURVE('',#6634,#6668,#6669,.T.);
#5409=EDGE_CURVE('',#6663,#6668,#6670,.T.);
#5410=FILL_AREA_STYLE('',(#6671));
#5411=EDGE_CURVE('',#6658,#6672,#6673,.T.);
#5412=EDGE_CURVE('',#6638,#6672,#6674,.T.);
#5413=FILL_AREA_STYLE('',(#6675));
#5414=EDGE_CURVE('',#6672,#6676,#6677,.T.);
#5415=EDGE_CURVE('',#6640,#6676,#6678,.T.);
#5416=FILL_AREA_STYLE('',(#6679));
#5417=EDGE_CURVE('',#6676,#6680,#6681,.T.);
#5418=EDGE_CURVE('',#6642,#6680,#6682,.T.);
#5419=FILL_AREA_STYLE('',(#6683));
#5420=EDGE_CURVE('',#6680,#6684,#6685,.T.);
#5421=EDGE_CURVE('',#6644,#6684,#6686,.T.);
#5422=FILL_AREA_STYLE('',(#6687));
#5423=EDGE_CURVE('',#6684,#6688,#6689,.T.);
#5424=EDGE_CURVE('',#6646,#6688,#6690,.T.);
#5425=FILL_AREA_STYLE('',(#6691));
#5426=EDGE_CURVE('',#6688,#6692,#6693,.T.);
#5427=EDGE_CURVE('',#6648,#6692,#6694,.T.);
#5428=FILL_AREA_STYLE('',(#6695));
#5429=EDGE_CURVE('',#6692,#6662,#6696,.T.);
#5430=FILL_AREA_STYLE('',(#6697));
#5431=EDGE_CURVE('',#6668,#6656,#6698,.T.);
#5432=FILL_AREA_STYLE('',(#6699));
#5433=EDGE_CURVE('',#6700,#6701,#6702,.T.);
#5434=EDGE_CURVE('',#6703,#6700,#6704,.T.);
#5435=EDGE_CURVE('',#6703,#6705,#6706,.T.);
#5436=EDGE_CURVE('',#6707,#6705,#6708,.T.);
#5437=EDGE_CURVE('',#6709,#6707,#6710,.T.);
#5438=EDGE_CURVE('',#6711,#6709,#6712,.T.);
#5439=EDGE_CURVE('',#6711,#6713,#6714,.T.);
#5440=EDGE_CURVE('',#6715,#6713,#6716,.T.);
#5441=EDGE_CURVE('',#6717,#6715,#6718,.T.);
#5442=EDGE_CURVE('',#6719,#6717,#6720,.T.);
#5443=EDGE_CURVE('',#6701,#6719,#6721,.T.);
#5444=FILL_AREA_STYLE('',(#6722));
#5445=EDGE_CURVE('',#6723,#6700,#6724,.T.);
#5446=EDGE_CURVE('',#6723,#6725,#6726,.T.);
#5447=EDGE_CURVE('',#6703,#6725,#6727,.T.);
#5448=FILL_AREA_STYLE('',(#6728));
#5449=EDGE_CURVE('',#6729,#6730,#6731,.T.);
#5450=EDGE_CURVE('',#6719,#6730,#6732,.T.);
#5451=EDGE_CURVE('',#6717,#6729,#6733,.T.);
#5452=FILL_AREA_STYLE('',(#6734));
#5453=EDGE_CURVE('',#6701,#6735,#6736,.T.);
#5454=EDGE_CURVE('',#6730,#6735,#6737,.T.);
#5455=FILL_AREA_STYLE('',(#6738));
#5456=EDGE_CURVE('',#6725,#6739,#6740,.T.);
#5457=EDGE_CURVE('',#6705,#6739,#6741,.T.);
#5458=FILL_AREA_STYLE('',(#6742));
#5459=EDGE_CURVE('',#6739,#6743,#6744,.T.);
#5460=EDGE_CURVE('',#6707,#6743,#6745,.T.);
#5461=FILL_AREA_STYLE('',(#6746));
#5462=EDGE_CURVE('',#6743,#6747,#6748,.T.);
#5463=EDGE_CURVE('',#6709,#6747,#6749,.T.);
#5464=FILL_AREA_STYLE('',(#6750));
#5465=EDGE_CURVE('',#6747,#6751,#6752,.T.);
#5466=EDGE_CURVE('',#6711,#6751,#6753,.T.);
#5467=FILL_AREA_STYLE('',(#6754));
#5468=EDGE_CURVE('',#6751,#6755,#6756,.T.);
#5469=EDGE_CURVE('',#6713,#6755,#6757,.T.);
#5470=FILL_AREA_STYLE('',(#6758));
#5471=EDGE_CURVE('',#6755,#6759,#6760,.T.);
#5472=EDGE_CURVE('',#6715,#6759,#6761,.T.);
#5473=FILL_AREA_STYLE('',(#6762));
#5474=EDGE_CURVE('',#6759,#6729,#6763,.T.);
#5475=FILL_AREA_STYLE('',(#6764));
#5476=EDGE_CURVE('',#6735,#6723,#6765,.T.);
#5477=FILL_AREA_STYLE('',(#6766));
#5478=EDGE_CURVE('',#6767,#6768,#6769,.T.);
#5479=EDGE_CURVE('',#6767,#6770,#6771,.T.);
#5480=EDGE_CURVE('',#6770,#6768,#6772,.T.);
#5481=FILL_AREA_STYLE('',(#6773));
#5482=EDGE_CURVE('',#6768,#6774,#6775,.T.);
#5483=EDGE_CURVE('',#6770,#6776,#6777,.T.);
#5484=EDGE_CURVE('',#6774,#6776,#6778,.T.);
#5485=FILL_AREA_STYLE('',(#6779));
#5486=EDGE_CURVE('',#6780,#6767,#6781,.T.);
#5487=EDGE_CURVE('',#6776,#6780,#6782,.T.);
#5488=FILL_AREA_STYLE('',(#6783));
#5489=EDGE_CURVE('',#6774,#6784,#6785,.T.);
#5490=EDGE_CURVE('',#6786,#6784,#6787,.T.);
#5491=EDGE_CURVE('',#6786,#6788,#6789,.T.);
#5492=EDGE_CURVE('',#6788,#6790,#6791,.T.);
#5493=EDGE_CURVE('',#6790,#6792,#6793,.T.);
#5494=EDGE_CURVE('',#6792,#6794,#6795,.T.);
#5495=EDGE_CURVE('',#6794,#6780,#6796,.T.);
#5496=FILL_AREA_STYLE('',(#6797));
#5497=EDGE_CURVE('',#6798,#6799,#6800,.T.);
#5498=EDGE_CURVE('',#6801,#6798,#6802,.T.);
#5499=EDGE_CURVE('',#6799,#6801,#6803,.T.);
#5500=FILL_AREA_STYLE('',(#6804));
#5501=EDGE_CURVE('',#6805,#6806,#6807,.T.);
#5502=EDGE_CURVE('',#6808,#6805,#6809,.T.);
#5503=EDGE_CURVE('',#6801,#6808,#6810,.T.);
#5504=EDGE_CURVE('',#6811,#6798,#6812,.T.);
#5505=EDGE_CURVE('',#6813,#6811,#6814,.T.);
#5506=EDGE_CURVE('',#6815,#6813,#6816,.T.);
#5507=EDGE_CURVE('',#6817,#6815,#6818,.T.);
#5508=EDGE_CURVE('',#6819,#6817,#6820,.T.);
#5509=EDGE_CURVE('',#6821,#6819,#6822,.T.);
#5510=EDGE_CURVE('',#6823,#6821,#6824,.T.);
#5511=EDGE_CURVE('',#6825,#6823,#6826,.T.);
#5512=EDGE_CURVE('',#6827,#6825,#6828,.T.);
#5513=EDGE_CURVE('',#6829,#6827,#6830,.T.);
#5514=EDGE_CURVE('',#6831,#6829,#6832,.T.);
#5515=EDGE_CURVE('',#6833,#6831,#6834,.T.);
#5516=EDGE_CURVE('',#6835,#6833,#6836,.T.);
#5517=EDGE_CURVE('',#6837,#6835,#6838,.T.);
#5518=EDGE_CURVE('',#6839,#6837,#6840,.T.);
#5519=EDGE_CURVE('',#6841,#6839,#6842,.T.);
#5520=EDGE_CURVE('',#6843,#6841,#6844,.T.);
#5521=EDGE_CURVE('',#6845,#6843,#6846,.T.);
#5522=EDGE_CURVE('',#6847,#6845,#6848,.T.);
#5523=EDGE_CURVE('',#6849,#6847,#6850,.T.);
#5524=EDGE_CURVE('',#6851,#6849,#6852,.T.);
#5525=EDGE_CURVE('',#6853,#6851,#6854,.T.);
#5526=EDGE_CURVE('',#6855,#6853,#6856,.T.);
#5527=EDGE_CURVE('',#6806,#6855,#6857,.T.);
#5528=FILL_AREA_STYLE('',(#6858));
#5529=EDGE_CURVE('',#6859,#6805,#6860,.T.);
#5530=EDGE_CURVE('',#6808,#6859,#6861,.T.);
#5531=FILL_AREA_STYLE('',(#6862));
#5532=EDGE_CURVE('',#6833,#6863,#6864,.T.);
#5533=EDGE_CURVE('',#6865,#6863,#6866,.T.);
#5534=EDGE_CURVE('',#6865,#6835,#6867,.T.);
#5535=FILL_AREA_STYLE('',(#6868));
#5536=EDGE_CURVE('',#6831,#6869,#6870,.T.);
#5537=EDGE_CURVE('',#6863,#6869,#6871,.T.);
#5538=FILL_AREA_STYLE('',(#6872));
#5539=EDGE_CURVE('',#6829,#6873,#6874,.T.);
#5540=EDGE_CURVE('',#6869,#6873,#6875,.T.);
#5541=FILL_AREA_STYLE('',(#6876));
#5542=EDGE_CURVE('',#6877,#6827,#6878,.T.);
#5543=EDGE_CURVE('',#6873,#6877,#6879,.T.);
#5544=FILL_AREA_STYLE('',(#6880));
#5545=EDGE_CURVE('',#6825,#6881,#6882,.T.);
#5546=EDGE_CURVE('',#6877,#6881,#6883,.T.);
#5547=FILL_AREA_STYLE('',(#6884));
#5548=EDGE_CURVE('',#6823,#6885,#6886,.T.);
#5549=EDGE_CURVE('',#6881,#6885,#6887,.T.);
#5550=FILL_AREA_STYLE('',(#6888));
#5551=EDGE_CURVE('',#6821,#6889,#6890,.T.);
#5552=EDGE_CURVE('',#6885,#6889,#6891,.T.);
#5553=FILL_AREA_STYLE('',(#6892));
#5554=EDGE_CURVE('',#6893,#6819,#6894,.T.);
#5555=EDGE_CURVE('',#6889,#6893,#6895,.T.);
#5556=FILL_AREA_STYLE('',(#6896));
#5557=EDGE_CURVE('',#6817,#6897,#6898,.T.);
#5558=EDGE_CURVE('',#6893,#6897,#6899,.T.);
#5559=FILL_AREA_STYLE('',(#6900));
#5560=EDGE_CURVE('',#6815,#6901,#6902,.T.);
#5561=EDGE_CURVE('',#6897,#6901,#6903,.T.);
#5562=FILL_AREA_STYLE('',(#6904));
#5563=EDGE_CURVE('',#6813,#6905,#6906,.T.);
#5564=EDGE_CURVE('',#6901,#6905,#6907,.T.);
#5565=FILL_AREA_STYLE('',(#6908));
#5566=EDGE_CURVE('',#6909,#6811,#6910,.T.);
#5567=EDGE_CURVE('',#6905,#6909,#6911,.T.);
#5568=FILL_AREA_STYLE('',(#6912));
#5569=EDGE_CURVE('',#6913,#6799,#6914,.T.);
#5570=EDGE_CURVE('',#6915,#6913,#6916,.T.);
#5571=EDGE_CURVE('',#6909,#6915,#6917,.T.);
#5572=FILL_AREA_STYLE('',(#6918));
#5573=EDGE_CURVE('',#6915,#6919,#6920,.T.);
#5574=EDGE_CURVE('',#6919,#6921,#6922,.T.);
#5575=EDGE_CURVE('',#6921,#6923,#6924,.T.);
#5576=EDGE_CURVE('',#6923,#6925,#6926,.T.);
#5577=EDGE_CURVE('',#6925,#6927,#6928,.T.);
#5578=EDGE_CURVE('',#6927,#6929,#6930,.T.);
#5579=EDGE_CURVE('',#6929,#6931,#6932,.T.);
#5580=EDGE_CURVE('',#6931,#6933,#6934,.T.);
#5581=EDGE_CURVE('',#6933,#6935,#6936,.T.);
#5582=EDGE_CURVE('',#6935,#6937,#6938,.T.);
#5583=EDGE_CURVE('',#6937,#6939,#6940,.T.);
#5584=EDGE_CURVE('',#6939,#6941,#6942,.T.);
#5585=EDGE_CURVE('',#6941,#6943,#6944,.T.);
#5586=EDGE_CURVE('',#6943,#6945,#6946,.T.);
#5587=EDGE_CURVE('',#6945,#6947,#6948,.T.);
#5588=EDGE_CURVE('',#6947,#6949,#6950,.T.);
#5589=EDGE_CURVE('',#6949,#6951,#6952,.T.);
#5590=EDGE_CURVE('',#6951,#6953,#6954,.T.);
#5591=EDGE_CURVE('',#6953,#6955,#6956,.T.);
#5592=EDGE_CURVE('',#6955,#6957,#6958,.T.);
#5593=EDGE_CURVE('',#6957,#6959,#6960,.T.);
#5594=EDGE_CURVE('',#6959,#6961,#6962,.T.);
#5595=EDGE_CURVE('',#6961,#6963,#6964,.T.);
#5596=EDGE_CURVE('',#6963,#6965,#6966,.T.);
#5597=EDGE_CURVE('',#6965,#6967,#6968,.T.);
#5598=EDGE_CURVE('',#6967,#6969,#6970,.T.);
#5599=EDGE_CURVE('',#6969,#6865,#6971,.T.);
#5600=FILL_AREA_STYLE('',(#6972));
#5601=EDGE_CURVE('',#6839,#6967,#6973,.T.);
#5602=EDGE_CURVE('',#6841,#6965,#6974,.T.);
#5603=FILL_AREA_STYLE('',(#6975));
#5604=EDGE_CURVE('',#6837,#6969,#6976,.T.);
#5605=FILL_AREA_STYLE('',(#6977));
#5606=FILL_AREA_STYLE('',(#6978));
#5607=EDGE_CURVE('',#6963,#6843,#6979,.T.);
#5608=EDGE_CURVE('',#6845,#6961,#6980,.T.);
#5609=FILL_AREA_STYLE('',(#6981));
#5610=EDGE_CURVE('',#6847,#6959,#6982,.T.);
#5611=FILL_AREA_STYLE('',(#6983));
#5612=EDGE_CURVE('',#6849,#6957,#6984,.T.);
#5613=FILL_AREA_STYLE('',(#6985));
#5614=EDGE_CURVE('',#6955,#6851,#6986,.T.);
#5615=FILL_AREA_STYLE('',(#6987));
#5616=FILL_AREA_STYLE('',(#6988));
#5617=EDGE_CURVE('',#6855,#6951,#6989,.T.);
#5618=EDGE_CURVE('',#6806,#6949,#6990,.T.);
#5619=FILL_AREA_STYLE('',(#6991));
#5620=EDGE_CURVE('',#6853,#6953,#6992,.T.);
#5621=FILL_AREA_STYLE('',(#6993));
#5622=FILL_AREA_STYLE('',(#6994));
#5623=EDGE_CURVE('',#6995,#6996,#6997,.T.);
#5624=EDGE_CURVE('',#6923,#6995,#6998,.T.);
#5625=EDGE_CURVE('',#6921,#6996,#6999,.T.);
#5626=FILL_AREA_STYLE('',(#7000));
#5627=EDGE_CURVE('',#6996,#7001,#7002,.T.);
#5628=EDGE_CURVE('',#6919,#7001,#7003,.T.);
#5629=FILL_AREA_STYLE('',(#7004));
#5630=EDGE_CURVE('',#7001,#6913,#7005,.T.);
#5631=FILL_AREA_STYLE('',(#7006));
#5632=EDGE_CURVE('',#6947,#7007,#7008,.T.);
#5633=EDGE_CURVE('',#6859,#7007,#7009,.T.);
#5634=FILL_AREA_STYLE('',(#7010));
#5635=EDGE_CURVE('',#7007,#7011,#7012,.T.);
#5636=EDGE_CURVE('',#6945,#7011,#7013,.T.);
#5637=FILL_AREA_STYLE('',(#7014));
#5638=EDGE_CURVE('',#7011,#7015,#7016,.T.);
#5639=EDGE_CURVE('',#6943,#7015,#7017,.T.);
#5640=FILL_AREA_STYLE('',(#7018));
#5641=EDGE_CURVE('',#7015,#7019,#7020,.T.);
#5642=EDGE_CURVE('',#6941,#7019,#7021,.T.);
#5643=FILL_AREA_STYLE('',(#7022));
#5644=EDGE_CURVE('',#7019,#7023,#7024,.T.);
#5645=EDGE_CURVE('',#6939,#7023,#7025,.T.);
#5646=FILL_AREA_STYLE('',(#7026));
#5647=EDGE_CURVE('',#7023,#7027,#7028,.T.);
#5648=EDGE_CURVE('',#6937,#7027,#7029,.T.);
#5649=FILL_AREA_STYLE('',(#7030));
#5650=EDGE_CURVE('',#7027,#7031,#7032,.T.);
#5651=EDGE_CURVE('',#6935,#7031,#7033,.T.);
#5652=FILL_AREA_STYLE('',(#7034));
#5653=EDGE_CURVE('',#7031,#7035,#7036,.T.);
#5654=EDGE_CURVE('',#6933,#7035,#7037,.T.);
#5655=FILL_AREA_STYLE('',(#7038));
#5656=EDGE_CURVE('',#7035,#7039,#7040,.T.);
#5657=EDGE_CURVE('',#6931,#7039,#7041,.T.);
#5658=FILL_AREA_STYLE('',(#7042));
#5659=EDGE_CURVE('',#7039,#7043,#7044,.T.);
#5660=EDGE_CURVE('',#6929,#7043,#7045,.T.);
#5661=FILL_AREA_STYLE('',(#7046));
#5662=EDGE_CURVE('',#7043,#7047,#7048,.T.);
#5663=EDGE_CURVE('',#6927,#7047,#7049,.T.);
#5664=FILL_AREA_STYLE('',(#7050));
#5665=EDGE_CURVE('',#7047,#7051,#7052,.T.);
#5666=EDGE_CURVE('',#6925,#7051,#7053,.T.);
#5667=FILL_AREA_STYLE('',(#7054));
#5668=EDGE_CURVE('',#7051,#6995,#7055,.T.);
#5669=FILL_AREA_STYLE('',(#7056));
#5670=EDGE_CURVE('',#7057,#7058,#7059,.T.);
#5671=EDGE_CURVE('',#7060,#7057,#7061,.T.);
#5672=EDGE_CURVE('',#7062,#7060,#7063,.T.);
#5673=EDGE_CURVE('',#7058,#7062,#7064,.T.);
#5674=FILL_AREA_STYLE('',(#7065));
#5675=EDGE_CURVE('',#7066,#7057,#7067,.T.);
#5676=EDGE_CURVE('',#7066,#7068,#7069,.T.);
#5677=EDGE_CURVE('',#7068,#7060,#7070,.T.);
#5678=FILL_AREA_STYLE('',(#7071));
#5679=EDGE_CURVE('',#7072,#7062,#7073,.T.);
#5680=EDGE_CURVE('',#7074,#7072,#7075,.T.);
#5681=EDGE_CURVE('',#7074,#7058,#7076,.T.);
#5682=FILL_AREA_STYLE('',(#7077));
#5683=EDGE_CURVE('',#7072,#7068,#7078,.T.);
#5684=FILL_AREA_STYLE('',(#7079));
#5685=EDGE_CURVE('',#7074,#7066,#7080,.T.);
#5686=FILL_AREA_STYLE('',(#7081));
#5687=EDGE_CURVE('',#5904,#5900,#7082,.T.);
#5688=FILL_AREA_STYLE('',(#7083));
#5689=EDGE_CURVE('',#5902,#5899,#7084,.T.);
#5690=FILL_AREA_STYLE('',(#7085));
#5691=FILL_AREA_STYLE('',(#7086));
#5692=EDGE_CURVE('',#5889,#5885,#7087,.T.);
#5693=FILL_AREA_STYLE('',(#7088));
#5694=EDGE_CURVE('',#5887,#5884,#7089,.T.);
#5695=FILL_AREA_STYLE('',(#7090));
#5696=FILL_AREA_STYLE('',(#7091));
#5697=EDGE_CURVE('',#7092,#7093,#7094,.T.);
#5698=EDGE_CURVE('',#7095,#7092,#7096,.T.);
#5699=EDGE_CURVE('',#7097,#7095,#7098,.T.);
#5700=EDGE_CURVE('',#7093,#7097,#7099,.T.);
#5701=FILL_AREA_STYLE('',(#7100));
#5702=EDGE_CURVE('',#7097,#7101,#7102,.T.);
#5703=EDGE_CURVE('',#7103,#7095,#7104,.T.);
#5704=EDGE_CURVE('',#7101,#7103,#7105,.T.);
#5705=FILL_AREA_STYLE('',(#7106));
#5706=EDGE_CURVE('',#7107,#7108,#7109,.T.);
#5707=EDGE_CURVE('',#7101,#7107,#7110,.T.);
#5708=EDGE_CURVE('',#7108,#7103,#7111,.T.);
#5709=FILL_AREA_STYLE('',(#7112));
#5710=EDGE_CURVE('',#7108,#7092,#7113,.T.);
#5711=FILL_AREA_STYLE('',(#7114));
#5712=EDGE_CURVE('',#7115,#6794,#7116,.T.);
#5713=EDGE_CURVE('',#7093,#7115,#7117,.T.);
#5714=EDGE_CURVE('',#7118,#7107,#7119,.T.);
#5715=EDGE_CURVE('',#7120,#7118,#7121,.T.);
#5716=EDGE_CURVE('',#7122,#7120,#7123,.T.);
#5717=EDGE_CURVE('',#7122,#7124,#7125,.T.);
#5718=EDGE_CURVE('',#7124,#7126,#7127,.T.);
#5719=EDGE_CURVE('',#7126,#7128,#7129,.T.);
#5720=EDGE_CURVE('',#7130,#7128,#7131,.T.);
#5721=EDGE_CURVE('',#7132,#7130,#7133,.T.);
#5722=EDGE_CURVE('',#7134,#7132,#7135,.T.);
#5723=EDGE_CURVE('',#7134,#7136,#7137,.T.);
#5724=EDGE_CURVE('',#7136,#7138,#7139,.T.);
#5725=EDGE_CURVE('',#7138,#7140,#7141,.T.);
#5726=EDGE_CURVE('',#7142,#7140,#7143,.T.);
#5727=EDGE_CURVE('',#7144,#7142,#7145,.T.);
#5728=EDGE_CURVE('',#7146,#7144,#7147,.T.);
#5729=EDGE_CURVE('',#7148,#7146,#7149,.T.);
#5730=EDGE_CURVE('',#7148,#7150,#7151,.T.);
#5731=EDGE_CURVE('',#7150,#7152,#7153,.T.);
#5732=EDGE_CURVE('',#7154,#7152,#7155,.T.);
#5733=EDGE_CURVE('',#6784,#7154,#7156,.T.);
#5734=FILL_AREA_STYLE('',(#7157));
#5735=EDGE_CURVE('',#7158,#7159,#7160,.T.);
#5736=EDGE_CURVE('',#7158,#7161,#7162,.T.);
#5737=EDGE_CURVE('',#7163,#7161,#7164,.T.);
#5738=EDGE_CURVE('',#7159,#7163,#7165,.T.);
#5739=FILL_AREA_STYLE('',(#7166));
#5740=EDGE_CURVE('',#7159,#7134,#7167,.T.);
#5741=EDGE_CURVE('',#7163,#7136,#7168,.T.);
#5742=FILL_AREA_STYLE('',(#7169));
#5743=EDGE_CURVE('',#7140,#7158,#7170,.T.);
#5744=EDGE_CURVE('',#7161,#7138,#7171,.T.);
#5745=FILL_AREA_STYLE('',(#7172));
#5746=FILL_AREA_STYLE('',(#7173));
#5747=EDGE_CURVE('',#7174,#7132,#7175,.T.);
#5748=EDGE_CURVE('',#7174,#5993,#7176,.T.);
#5749=EDGE_CURVE('',#5991,#7177,#7178,.T.);
#5750=EDGE_CURVE('',#7179,#7177,#7180,.T.);
#5751=EDGE_CURVE('',#7179,#7181,#7182,.T.);
#5752=EDGE_CURVE('',#7181,#7183,#7184,.T.);
#5753=EDGE_CURVE('',#7183,#7185,#7186,.T.);
#5754=EDGE_CURVE('',#7185,#7187,#7188,.T.);
#5755=EDGE_CURVE('',#7187,#7189,#7190,.T.);
#5756=EDGE_CURVE('',#7189,#7142,#7191,.T.);
#5757=FILL_AREA_STYLE('',(#7192));
#5758=EDGE_CURVE('',#7193,#7194,#7195,.T.);
#5759=EDGE_CURVE('',#7193,#7196,#7197,.T.);
#5760=EDGE_CURVE('',#7198,#7196,#7199,.T.);
#5761=EDGE_CURVE('',#7194,#7198,#7200,.T.);
#5762=FILL_AREA_STYLE('',(#7201));
#5763=EDGE_CURVE('',#7202,#7203,#7204,.T.);
#5764=EDGE_CURVE('',#7202,#7198,#7205,.T.);
#5765=EDGE_CURVE('',#7196,#7203,#7206,.T.);
#5766=FILL_AREA_STYLE('',(#7207));
#5767=EDGE_CURVE('',#6001,#7208,#7209,.T.);
#5768=EDGE_CURVE('',#7208,#7210,#7211,.T.);
#5769=EDGE_CURVE('',#7212,#7210,#7213,.T.);
#5770=EDGE_CURVE('',#7212,#7214,#7215,.T.);
#5771=EDGE_CURVE('',#7214,#6788,#7216,.T.);
#5772=EDGE_CURVE('',#7217,#6786,#7218,.T.);
#5773=EDGE_CURVE('',#7217,#7193,#7219,.T.);
#5774=EDGE_CURVE('',#7220,#7194,#7221,.T.);
#5775=EDGE_CURVE('',#7222,#7220,#7223,.T.);
#5776=EDGE_CURVE('',#7224,#7222,#7225,.T.);
#5777=EDGE_CURVE('',#7224,#7226,#7227,.T.);
#5778=EDGE_CURVE('',#7226,#7185,#7228,.T.);
#5779=EDGE_CURVE('',#7183,#7229,#7230,.T.);
#5780=EDGE_CURVE('',#7229,#5987,#7231,.T.);
#5781=FILL_AREA_STYLE('',(#7232));
#5782=EDGE_CURVE('',#7233,#7150,#7234,.T.);
#5783=EDGE_CURVE('',#7235,#7233,#7236,.T.);
#5784=EDGE_CURVE('',#7235,#7152,#7237,.T.);
#5785=FILL_AREA_STYLE('',(#7238));
#5786=EDGE_CURVE('',#7239,#7074,#7240,.T.);
#5787=EDGE_CURVE('',#7239,#7235,#7241,.T.);
#5788=EDGE_CURVE('',#7233,#7242,#7243,.T.);
#5789=EDGE_CURVE('',#7058,#7242,#7244,.T.);
#5790=FILL_AREA_STYLE('',(#7245));
#5791=EDGE_CURVE('',#7126,#7246,#7247,.T.);
#5792=EDGE_CURVE('',#7248,#7246,#7249,.T.);
#5793=EDGE_CURVE('',#7128,#7248,#7250,.T.);
#5794=FILL_AREA_STYLE('',(#7251));
#5795=EDGE_CURVE('',#7252,#7122,#7253,.T.);
#5796=EDGE_CURVE('',#7254,#7252,#7255,.T.);
#5797=EDGE_CURVE('',#7124,#7254,#7256,.T.);
#5798=FILL_AREA_STYLE('',(#7257));
#5799=EDGE_CURVE('',#7246,#7254,#7258,.T.);
#5800=FILL_AREA_STYLE('',(#7259));
#5801=EDGE_CURVE('',#7260,#7252,#7261,.T.);
#5802=EDGE_CURVE('',#7262,#7260,#7263,.T.);
#5803=EDGE_CURVE('',#5995,#7262,#7264,.T.);
#5804=EDGE_CURVE('',#7265,#7174,#7266,.T.);
#5805=EDGE_CURVE('',#7248,#7265,#7267,.T.);
#5806=FILL_AREA_STYLE('',(#7268));
#5807=EDGE_CURVE('',#7260,#7120,#7269,.T.);
#5808=FILL_AREA_STYLE('',(#7270));
#5809=EDGE_CURVE('',#7265,#7130,#7271,.T.);
#5810=FILL_AREA_STYLE('',(#7272));
#5811=EDGE_CURVE('',#7273,#7274,#7275,.T.);
#5812=EDGE_CURVE('',#5999,#7273,#7276,.T.);
#5813=EDGE_CURVE('',#7277,#5997,#7278,.T.);
#5814=EDGE_CURVE('',#7274,#7277,#7279,.T.);
#5815=FILL_AREA_STYLE('',(#7280));
#5816=EDGE_CURVE('',#7281,#7282,#7283,.T.);
#5817=EDGE_CURVE('',#7177,#7281,#7284,.T.);
#5818=EDGE_CURVE('',#5989,#7282,#7285,.T.);
#5819=FILL_AREA_STYLE('',(#7286));
#5820=EDGE_CURVE('',#7287,#7288,#7289,.T.);
#5821=EDGE_CURVE('',#7282,#7287,#7290,.T.);
#5822=EDGE_CURVE('',#7288,#7229,#7291,.T.);
#5823=FILL_AREA_STYLE('',(#7292));
#5824=EDGE_CURVE('',#7293,#7115,#7294,.T.);
#5825=EDGE_CURVE('',#7293,#7295,#7296,.T.);
#5826=EDGE_CURVE('',#7295,#7212,#7297,.T.);
#5827=EDGE_CURVE('',#7210,#7298,#7299,.T.);
#5828=EDGE_CURVE('',#7298,#7300,#7301,.T.);
#5829=EDGE_CURVE('',#7300,#7277,#7302,.T.);
#5830=EDGE_CURVE('',#7262,#7118,#7303,.T.);
#5831=FILL_AREA_STYLE('',(#7304));
#5832=FILL_AREA_STYLE('',(#7305));
#5833=EDGE_CURVE('',#7300,#7306,#7307,.T.);
#5834=EDGE_CURVE('',#7306,#7274,#7308,.T.);
#5835=FILL_AREA_STYLE('',(#7309));
#5836=EDGE_CURVE('',#7287,#7310,#7311,.T.);
#5837=EDGE_CURVE('',#7310,#7281,#7312,.T.);
#5838=FILL_AREA_STYLE('',(#7313));
#5839=EDGE_CURVE('',#7314,#7273,#7315,.T.);
#5840=EDGE_CURVE('',#7306,#7314,#7316,.T.);
#5841=FILL_AREA_STYLE('',(#7317));
#5842=FILL_AREA_STYLE('',(#7318));
#5843=EDGE_CURVE('',#7288,#7181,#7319,.T.);
#5844=FILL_AREA_STYLE('',(#7320));
#5845=EDGE_CURVE('',#7321,#7226,#7322,.T.);
#5846=EDGE_CURVE('',#7187,#7321,#7323,.T.);
#5847=FILL_AREA_STYLE('',(#7324));
#5848=EDGE_CURVE('',#7321,#7325,#7326,.T.);
#5849=EDGE_CURVE('',#7325,#7224,#7327,.T.);
#5850=FILL_AREA_STYLE('',(#7328));
#5851=EDGE_CURVE('',#7329,#7295,#7330,.T.);
#5852=EDGE_CURVE('',#7329,#7214,#7331,.T.);
#5853=FILL_AREA_STYLE('',(#7332));
#5854=EDGE_CURVE('',#6790,#7329,#7333,.T.);
#5855=FILL_AREA_STYLE('',(#7334));
#5856=EDGE_CURVE('',#7335,#7314,#7336,.T.);
#5857=EDGE_CURVE('',#7335,#7208,#7337,.T.);
#5858=FILL_AREA_STYLE('',(#7338));
#5859=EDGE_CURVE('',#7298,#7335,#7339,.T.);
#5860=FILL_AREA_STYLE('',(#7340));
#5861=EDGE_CURVE('',#7222,#7146,#7341,.T.);
#5862=EDGE_CURVE('',#7342,#7144,#7343,.T.);
#5863=EDGE_CURVE('',#7342,#7325,#7344,.T.);
#5864=FILL_AREA_STYLE('',(#7345));
#5865=EDGE_CURVE('',#7189,#7342,#7346,.T.);
#5866=FILL_AREA_STYLE('',(#7347));
#5867=EDGE_CURVE('',#6792,#7293,#7348,.T.);
#5868=FILL_AREA_STYLE('',(#7349));
#5869=FILL_AREA_STYLE('',(#7350));
#5870=EDGE_CURVE('',#7310,#7179,#7351,.T.);
#5871=FILL_AREA_STYLE('',(#7352));
#5872=EDGE_CURVE('',#7220,#7148,#7353,.T.);
#5873=FILL_AREA_STYLE('',(#7354));
#5874=EDGE_CURVE('',#7202,#7242,#7355,.T.);
#5875=FILL_AREA_STYLE('',(#7356));
#5876=EDGE_CURVE('',#7203,#7239,#7357,.T.);
#5877=FILL_AREA_STYLE('',(#7358));
#5878=EDGE_CURVE('',#7217,#7154,#7359,.T.);
#5879=FILL_AREA_STYLE('',(#7360));
#5880=FILL_AREA_STYLE('',(#7361));
#5881=FILL_AREA_STYLE('',(#7362));
#5882=FILL_AREA_STYLE('',(#7363));
#5883=FILL_AREA_STYLE_COLOUR('',#7364);
#5884=VERTEX_POINT('',#7365);
#5885=VERTEX_POINT('',#7366);
#5886=LINE('',#7367,#7368);
#5887=VERTEX_POINT('',#7369);
#5888=CIRCLE('',#7370,0.2);
#5889=VERTEX_POINT('',#7371);
#5890=LINE('',#7372,#7373);
#5891=CIRCLE('',#7374,0.35);
#5892=FILL_AREA_STYLE_COLOUR('',#7375);
#5893=VERTEX_POINT('',#7376);
#5894=LINE('',#7377,#7378);
#5895=VERTEX_POINT('',#7379);
#5896=LINE('',#7380,#7381);
#5897=CIRCLE('',#7382,0.35);
#5898=FILL_AREA_STYLE_COLOUR('',#7383);
#5899=VERTEX_POINT('',#7384);
#5900=VERTEX_POINT('',#7385);
#5901=LINE('',#7386,#7387);
#5902=VERTEX_POINT('',#7388);
#5903=CIRCLE('',#7389,0.2);
#5904=VERTEX_POINT('',#7390);
#5905=LINE('',#7391,#7392);
#5906=CIRCLE('',#7393,0.35);
#5907=FILL_AREA_STYLE_COLOUR('',#7394);
#5908=VERTEX_POINT('',#7395);
#5909=LINE('',#7396,#7397);
#5910=VERTEX_POINT('',#7398);
#5911=LINE('',#7399,#7400);
#5912=CIRCLE('',#7401,0.35);
#5913=FILL_AREA_STYLE_COLOUR('',#7402);
#5914=VERTEX_POINT('',#7403);
#5915=VERTEX_POINT('',#7404);
#5916=LINE('',#7405,#7406);
#5917=VERTEX_POINT('',#7407);
#5918=LINE('',#7408,#7409);
#5919=VERTEX_POINT('',#7410);
#5920=CIRCLE('',#7411,0.55);
#5921=VERTEX_POINT('',#7412);
#5922=LINE('',#7413,#7414);
#5923=VERTEX_POINT('',#7415);
#5924=LINE('',#7416,#7417);
#5925=LINE('',#7418,#7419);
#5926=FILL_AREA_STYLE_COLOUR('',#7420);
#5927=VERTEX_POINT('',#7421);
#5928=LINE('',#7422,#7423);
#5929=VERTEX_POINT('',#7424);
#5930=CIRCLE('',#7425,0.55);
#5931=LINE('',#7426,#7427);
#5932=FILL_AREA_STYLE_COLOUR('',#7428);
#5933=VERTEX_POINT('',#7429);
#5934=VERTEX_POINT('',#7430);
#5935=LINE('',#7431,#7432);
#5936=VERTEX_POINT('',#7433);
#5937=LINE('',#7434,#7435);
#5938=VERTEX_POINT('',#7436);
#5939=LINE('',#7437,#7438);
#5940=LINE('',#7439,#7440);
#5941=FILL_AREA_STYLE_COLOUR('',#7441);
#5942=VERTEX_POINT('',#7442);
#5943=LINE('',#7443,#7444);
#5944=LINE('',#7445,#7446);
#5945=VERTEX_POINT('',#7447);
#5946=LINE('',#7448,#7449);
#5947=LINE('',#7450,#7451);
#5948=FILL_AREA_STYLE_COLOUR('',#7452);
#5949=VERTEX_POINT('',#7453);
#5950=ELLIPSE('',#7454,0.0506868324358279,0.0499961747729044);
#5951=VERTEX_POINT('',#7455);
#5952=ELLIPSE('',#7456,0.0506852987021594,0.0499961747729044);
#5953=LINE('',#7457,#7458);
#5954=FILL_AREA_STYLE_COLOUR('',#7459);
#5955=VERTEX_POINT('',#7460);
#5956=LINE('',#7461,#7462);
#5957=VERTEX_POINT('',#7463);
#5958=LINE('',#7464,#7465);
#5959=LINE('',#7466,#7467);
#5960=FILL_AREA_STYLE_COLOUR('',#7468);
#5961=VERTEX_POINT('',#7469);
#5962=ELLIPSE('',#7470,0.0506868324357802,0.0499961747728573);
#5963=VERTEX_POINT('',#7471);
#5964=ELLIPSE('',#7472,0.0506852987021117,0.0499961747728573);
#5965=LINE('',#7473,#7474);
#5966=FILL_AREA_STYLE_COLOUR('',#7475);
#5967=VERTEX_POINT('',#7476);
#5968=VERTEX_POINT('',#7477);
#5969=LINE('',#7478,#7479);
#5970=VERTEX_POINT('',#7480);
#5971=LINE('',#7481,#7482);
#5972=LINE('',#7483,#7484);
#5973=LINE('',#7485,#7486);
#5974=FILL_AREA_STYLE_COLOUR('',#7487);
#5975=LINE('',#7488,#7489);
#5976=LINE('',#7490,#7491);
#5977=FILL_AREA_STYLE_COLOUR('',#7492);
#5978=VERTEX_POINT('',#7493);
#5979=LINE('',#7494,#7495);
#5980=LINE('',#7496,#7497);
#5981=LINE('',#7498,#7499);
#5982=FILL_AREA_STYLE_COLOUR('',#7500);
#5983=FILL_AREA_STYLE_COLOUR('',#7501);
#5984=FILL_AREA_STYLE_COLOUR('',#7502);
#5985=CIRCLE('',#7503,0.35);
#5986=CIRCLE('',#7504,0.35);
#5987=VERTEX_POINT('',#7505);
#5988=LINE('',#7506,#7507);
#5989=VERTEX_POINT('',#7508);
#5990=LINE('',#7509,#7510);
#5991=VERTEX_POINT('',#7511);
#5992=LINE('',#7512,#7513);
#5993=VERTEX_POINT('',#7514);
#5994=LINE('',#7515,#7516);
#5995=VERTEX_POINT('',#7517);
#5996=LINE('',#7518,#7519);
#5997=VERTEX_POINT('',#7520);
#5998=LINE('',#7521,#7522);
#5999=VERTEX_POINT('',#7523);
#6000=LINE('',#7524,#7525);
#6001=VERTEX_POINT('',#7526);
#6002=LINE('',#7527,#7528);
#6003=VERTEX_POINT('',#7529);
#6004=LINE('',#7530,#7531);
#6005=VERTEX_POINT('',#7532);
#6006=LINE('',#7533,#7534);
#6007=VERTEX_POINT('',#7535);
#6008=LINE('',#7536,#7537);
#6009=VERTEX_POINT('',#7538);
#6010=LINE('',#7539,#7540);
#6011=VERTEX_POINT('',#7541);
#6012=LINE('',#7542,#7543);
#6013=VERTEX_POINT('',#7544);
#6014=LINE('',#7545,#7546);
#6015=VERTEX_POINT('',#7547);
#6016=LINE('',#7548,#7549);
#6017=VERTEX_POINT('',#7550);
#6018=LINE('',#7551,#7552);
#6019=VERTEX_POINT('',#7553);
#6020=LINE('',#7554,#7555);
#6021=VERTEX_POINT('',#7556);
#6022=LINE('',#7557,#7558);
#6023=VERTEX_POINT('',#7559);
#6024=LINE('',#7560,#7561);
#6025=VERTEX_POINT('',#7562);
#6026=LINE('',#7563,#7564);
#6027=VERTEX_POINT('',#7565);
#6028=LINE('',#7566,#7567);
#6029=VERTEX_POINT('',#7568);
#6030=LINE('',#7569,#7570);
#6031=VERTEX_POINT('',#7571);
#6032=LINE('',#7572,#7573);
#6033=VERTEX_POINT('',#7574);
#6034=LINE('',#7575,#7576);
#6035=VERTEX_POINT('',#7577);
#6036=LINE('',#7578,#7579);
#6037=VERTEX_POINT('',#7580);
#6038=LINE('',#7581,#7582);
#6039=VERTEX_POINT('',#7583);
#6040=LINE('',#7584,#7585);
#6041=VERTEX_POINT('',#7586);
#6042=LINE('',#7587,#7588);
#6043=LINE('',#7589,#7590);
#6044=FILL_AREA_STYLE_COLOUR('',#7591);
#6045=VERTEX_POINT('',#7592);
#6046=LINE('',#7593,#7594);
#6047=VERTEX_POINT('',#7595);
#6048=CIRCLE('',#7596,0.55);
#6049=VERTEX_POINT('',#7597);
#6050=LINE('',#7598,#7599);
#6051=VERTEX_POINT('',#7600);
#6052=LINE('',#7601,#7602);
#6053=LINE('',#7603,#7604);
#6054=FILL_AREA_STYLE_COLOUR('',#7605);
#6055=VERTEX_POINT('',#7606);
#6056=LINE('',#7607,#7608);
#6057=VERTEX_POINT('',#7609);
#6058=CIRCLE('',#7610,0.55);
#6059=LINE('',#7611,#7612);
#6060=FILL_AREA_STYLE_COLOUR('',#7613);
#6061=VERTEX_POINT('',#7614);
#6062=VERTEX_POINT('',#7615);
#6063=LINE('',#7616,#7617);
#6064=VERTEX_POINT('',#7618);
#6065=LINE('',#7619,#7620);
#6066=VERTEX_POINT('',#7621);
#6067=LINE('',#7622,#7623);
#6068=LINE('',#7624,#7625);
#6069=FILL_AREA_STYLE_COLOUR('',#7626);
#6070=LINE('',#7627,#7628);
#6071=VERTEX_POINT('',#7629);
#6072=LINE('',#7630,#7631);
#6073=LINE('',#7632,#7633);
#6074=FILL_AREA_STYLE_COLOUR('',#7634);
#6075=VERTEX_POINT('',#7635);
#6076=ELLIPSE('',#7636,0.0506868324358279,0.0499961747729044);
#6077=VERTEX_POINT('',#7637);
#6078=ELLIPSE('',#7638,0.0506852987021594,0.0499961747729044);
#6079=LINE('',#7639,#7640);
#6080=FILL_AREA_STYLE_COLOUR('',#7641);
#6081=VERTEX_POINT('',#7642);
#6082=LINE('',#7643,#7644);
#6083=VERTEX_POINT('',#7645);
#6084=LINE('',#7646,#7647);
#6085=LINE('',#7648,#7649);
#6086=FILL_AREA_STYLE_COLOUR('',#7650);
#6087=VERTEX_POINT('',#7651);
#6088=ELLIPSE('',#7652,0.0506868324357802,0.0499961747728573);
#6089=VERTEX_POINT('',#7653);
#6090=ELLIPSE('',#7654,0.0506852987021117,0.0499961747728573);
#6091=LINE('',#7655,#7656);
#6092=FILL_AREA_STYLE_COLOUR('',#7657);
#6093=VERTEX_POINT('',#7658);
#6094=VERTEX_POINT('',#7659);
#6095=LINE('',#7660,#7661);
#6096=VERTEX_POINT('',#7662);
#6097=LINE('',#7663,#7664);
#6098=LINE('',#7665,#7666);
#6099=LINE('',#7667,#7668);
#6100=FILL_AREA_STYLE_COLOUR('',#7669);
#6101=LINE('',#7670,#7671);
#6102=LINE('',#7672,#7673);
#6103=FILL_AREA_STYLE_COLOUR('',#7674);
#6104=LINE('',#7675,#7676);
#6105=LINE('',#7677,#7678);
#6106=FILL_AREA_STYLE_COLOUR('',#7679);
#6107=FILL_AREA_STYLE_COLOUR('',#7680);
#6108=FILL_AREA_STYLE_COLOUR('',#7681);
#6109=VERTEX_POINT('',#7682);
#6110=LINE('',#7683,#7684);
#6111=VERTEX_POINT('',#7685);
#6112=CIRCLE('',#7686,0.55);
#6113=VERTEX_POINT('',#7687);
#6114=LINE('',#7688,#7689);
#6115=VERTEX_POINT('',#7690);
#6116=LINE('',#7691,#7692);
#6117=LINE('',#7693,#7694);
#6118=FILL_AREA_STYLE_COLOUR('',#7695);
#6119=VERTEX_POINT('',#7696);
#6120=LINE('',#7697,#7698);
#6121=VERTEX_POINT('',#7699);
#6122=CIRCLE('',#7700,0.55);
#6123=LINE('',#7701,#7702);
#6124=FILL_AREA_STYLE_COLOUR('',#7703);
#6125=VERTEX_POINT('',#7704);
#6126=VERTEX_POINT('',#7705);
#6127=LINE('',#7706,#7707);
#6128=VERTEX_POINT('',#7708);
#6129=LINE('',#7709,#7710);
#6130=VERTEX_POINT('',#7711);
#6131=LINE('',#7712,#7713);
#6132=LINE('',#7714,#7715);
#6133=FILL_AREA_STYLE_COLOUR('',#7716);
#6134=LINE('',#7717,#7718);
#6135=VERTEX_POINT('',#7719);
#6136=LINE('',#7720,#7721);
#6137=LINE('',#7722,#7723);
#6138=FILL_AREA_STYLE_COLOUR('',#7724);
#6139=VERTEX_POINT('',#7725);
#6140=ELLIPSE('',#7726,0.0506868324358279,0.0499961747729044);
#6141=VERTEX_POINT('',#7727);
#6142=ELLIPSE('',#7728,0.0506852987021594,0.0499961747729044);
#6143=LINE('',#7729,#7730);
#6144=FILL_AREA_STYLE_COLOUR('',#7731);
#6145=VERTEX_POINT('',#7732);
#6146=LINE('',#7733,#7734);
#6147=VERTEX_POINT('',#7735);
#6148=LINE('',#7736,#7737);
#6149=LINE('',#7738,#7739);
#6150=FILL_AREA_STYLE_COLOUR('',#7740);
#6151=VERTEX_POINT('',#7741);
#6152=ELLIPSE('',#7742,0.0506868324357802,0.0499961747728573);
#6153=VERTEX_POINT('',#7743);
#6154=ELLIPSE('',#7744,0.0506852987021117,0.0499961747728573);
#6155=LINE('',#7745,#7746);
#6156=FILL_AREA_STYLE_COLOUR('',#7747);
#6157=VERTEX_POINT('',#7748);
#6158=VERTEX_POINT('',#7749);
#6159=LINE('',#7750,#7751);
#6160=VERTEX_POINT('',#7752);
#6161=LINE('',#7753,#7754);
#6162=LINE('',#7755,#7756);
#6163=LINE('',#7757,#7758);
#6164=FILL_AREA_STYLE_COLOUR('',#7759);
#6165=LINE('',#7760,#7761);
#6166=LINE('',#7762,#7763);
#6167=FILL_AREA_STYLE_COLOUR('',#7764);
#6168=LINE('',#7765,#7766);
#6169=LINE('',#7767,#7768);
#6170=FILL_AREA_STYLE_COLOUR('',#7769);
#6171=FILL_AREA_STYLE_COLOUR('',#7770);
#6172=FILL_AREA_STYLE_COLOUR('',#7771);
#6173=VERTEX_POINT('',#7772);
#6174=LINE('',#7773,#7774);
#6175=VERTEX_POINT('',#7775);
#6176=CIRCLE('',#7776,0.55);
#6177=VERTEX_POINT('',#7777);
#6178=LINE('',#7778,#7779);
#6179=VERTEX_POINT('',#7780);
#6180=LINE('',#7781,#7782);
#6181=LINE('',#7783,#7784);
#6182=FILL_AREA_STYLE_COLOUR('',#7785);
#6183=VERTEX_POINT('',#7786);
#6184=LINE('',#7787,#7788);
#6185=VERTEX_POINT('',#7789);
#6186=CIRCLE('',#7790,0.55);
#6187=LINE('',#7791,#7792);
#6188=FILL_AREA_STYLE_COLOUR('',#7793);
#6189=VERTEX_POINT('',#7794);
#6190=VERTEX_POINT('',#7795);
#6191=LINE('',#7796,#7797);
#6192=VERTEX_POINT('',#7798);
#6193=LINE('',#7799,#7800);
#6194=VERTEX_POINT('',#7801);
#6195=LINE('',#7802,#7803);
#6196=LINE('',#7804,#7805);
#6197=FILL_AREA_STYLE_COLOUR('',#7806);
#6198=LINE('',#7807,#7808);
#6199=VERTEX_POINT('',#7809);
#6200=LINE('',#7810,#7811);
#6201=LINE('',#7812,#7813);
#6202=FILL_AREA_STYLE_COLOUR('',#7814);
#6203=VERTEX_POINT('',#7815);
#6204=ELLIPSE('',#7816,0.0506868324358279,0.0499961747729044);
#6205=VERTEX_POINT('',#7817);
#6206=ELLIPSE('',#7818,0.0506852987021594,0.0499961747729044);
#6207=LINE('',#7819,#7820);
#6208=FILL_AREA_STYLE_COLOUR('',#7821);
#6209=VERTEX_POINT('',#7822);
#6210=LINE('',#7823,#7824);
#6211=VERTEX_POINT('',#7825);
#6212=LINE('',#7826,#7827);
#6213=LINE('',#7828,#7829);
#6214=FILL_AREA_STYLE_COLOUR('',#7830);
#6215=VERTEX_POINT('',#7831);
#6216=ELLIPSE('',#7832,0.0506868324357802,0.0499961747728573);
#6217=VERTEX_POINT('',#7833);
#6218=ELLIPSE('',#7834,0.0506852987021117,0.0499961747728573);
#6219=LINE('',#7835,#7836);
#6220=FILL_AREA_STYLE_COLOUR('',#7837);
#6221=VERTEX_POINT('',#7838);
#6222=VERTEX_POINT('',#7839);
#6223=LINE('',#7840,#7841);
#6224=VERTEX_POINT('',#7842);
#6225=LINE('',#7843,#7844);
#6226=LINE('',#7845,#7846);
#6227=LINE('',#7847,#7848);
#6228=FILL_AREA_STYLE_COLOUR('',#7849);
#6229=LINE('',#7850,#7851);
#6230=LINE('',#7852,#7853);
#6231=FILL_AREA_STYLE_COLOUR('',#7854);
#6232=LINE('',#7855,#7856);
#6233=LINE('',#7857,#7858);
#6234=FILL_AREA_STYLE_COLOUR('',#7859);
#6235=FILL_AREA_STYLE_COLOUR('',#7860);
#6236=FILL_AREA_STYLE_COLOUR('',#7861);
#6237=VERTEX_POINT('',#7862);
#6238=LINE('',#7863,#7864);
#6239=VERTEX_POINT('',#7865);
#6240=CIRCLE('',#7866,0.55);
#6241=VERTEX_POINT('',#7867);
#6242=LINE('',#7868,#7869);
#6243=VERTEX_POINT('',#7870);
#6244=LINE('',#7871,#7872);
#6245=LINE('',#7873,#7874);
#6246=FILL_AREA_STYLE_COLOUR('',#7875);
#6247=VERTEX_POINT('',#7876);
#6248=LINE('',#7877,#7878);
#6249=VERTEX_POINT('',#7879);
#6250=CIRCLE('',#7880,0.55);
#6251=LINE('',#7881,#7882);
#6252=FILL_AREA_STYLE_COLOUR('',#7883);
#6253=VERTEX_POINT('',#7884);
#6254=VERTEX_POINT('',#7885);
#6255=LINE('',#7886,#7887);
#6256=VERTEX_POINT('',#7888);
#6257=LINE('',#7889,#7890);
#6258=VERTEX_POINT('',#7891);
#6259=LINE('',#7892,#7893);
#6260=LINE('',#7894,#7895);
#6261=FILL_AREA_STYLE_COLOUR('',#7896);
#6262=LINE('',#7897,#7898);
#6263=VERTEX_POINT('',#7899);
#6264=LINE('',#7900,#7901);
#6265=LINE('',#7902,#7903);
#6266=FILL_AREA_STYLE_COLOUR('',#7904);
#6267=VERTEX_POINT('',#7905);
#6268=ELLIPSE('',#7906,0.0506868324358279,0.0499961747729044);
#6269=VERTEX_POINT('',#7907);
#6270=ELLIPSE('',#7908,0.0506852987021594,0.0499961747729044);
#6271=LINE('',#7909,#7910);
#6272=FILL_AREA_STYLE_COLOUR('',#7911);
#6273=VERTEX_POINT('',#7912);
#6274=LINE('',#7913,#7914);
#6275=VERTEX_POINT('',#7915);
#6276=LINE('',#7916,#7917);
#6277=LINE('',#7918,#7919);
#6278=FILL_AREA_STYLE_COLOUR('',#7920);
#6279=VERTEX_POINT('',#7921);
#6280=ELLIPSE('',#7922,0.0506868324357802,0.0499961747728573);
#6281=VERTEX_POINT('',#7923);
#6282=ELLIPSE('',#7924,0.0506852987021117,0.0499961747728573);
#6283=LINE('',#7925,#7926);
#6284=FILL_AREA_STYLE_COLOUR('',#7927);
#6285=VERTEX_POINT('',#7928);
#6286=VERTEX_POINT('',#7929);
#6287=LINE('',#7930,#7931);
#6288=VERTEX_POINT('',#7932);
#6289=LINE('',#7933,#7934);
#6290=LINE('',#7935,#7936);
#6291=LINE('',#7937,#7938);
#6292=FILL_AREA_STYLE_COLOUR('',#7939);
#6293=LINE('',#7940,#7941);
#6294=LINE('',#7942,#7943);
#6295=FILL_AREA_STYLE_COLOUR('',#7944);
#6296=LINE('',#7945,#7946);
#6297=LINE('',#7947,#7948);
#6298=FILL_AREA_STYLE_COLOUR('',#7949);
#6299=FILL_AREA_STYLE_COLOUR('',#7950);
#6300=FILL_AREA_STYLE_COLOUR('',#7951);
#6301=VERTEX_POINT('',#7952);
#6302=LINE('',#7953,#7954);
#6303=VERTEX_POINT('',#7955);
#6304=CIRCLE('',#7956,0.55);
#6305=VERTEX_POINT('',#7957);
#6306=LINE('',#7958,#7959);
#6307=VERTEX_POINT('',#7960);
#6308=LINE('',#7961,#7962);
#6309=LINE('',#7963,#7964);
#6310=FILL_AREA_STYLE_COLOUR('',#7965);
#6311=VERTEX_POINT('',#7966);
#6312=LINE('',#7967,#7968);
#6313=VERTEX_POINT('',#7969);
#6314=CIRCLE('',#7970,0.55);
#6315=LINE('',#7971,#7972);
#6316=FILL_AREA_STYLE_COLOUR('',#7973);
#6317=VERTEX_POINT('',#7974);
#6318=VERTEX_POINT('',#7975);
#6319=LINE('',#7976,#7977);
#6320=VERTEX_POINT('',#7978);
#6321=LINE('',#7979,#7980);
#6322=VERTEX_POINT('',#7981);
#6323=LINE('',#7982,#7983);
#6324=LINE('',#7984,#7985);
#6325=FILL_AREA_STYLE_COLOUR('',#7986);
#6326=LINE('',#7987,#7988);
#6327=VERTEX_POINT('',#7989);
#6328=LINE('',#7990,#7991);
#6329=LINE('',#7992,#7993);
#6330=FILL_AREA_STYLE_COLOUR('',#7994);
#6331=VERTEX_POINT('',#7995);
#6332=ELLIPSE('',#7996,0.0506868324358279,0.0499961747729044);
#6333=VERTEX_POINT('',#7997);
#6334=ELLIPSE('',#7998,0.0506852987021594,0.0499961747729044);
#6335=LINE('',#7999,#8000);
#6336=FILL_AREA_STYLE_COLOUR('',#8001);
#6337=VERTEX_POINT('',#8002);
#6338=LINE('',#8003,#8004);
#6339=VERTEX_POINT('',#8005);
#6340=LINE('',#8006,#8007);
#6341=LINE('',#8008,#8009);
#6342=FILL_AREA_STYLE_COLOUR('',#8010);
#6343=VERTEX_POINT('',#8011);
#6344=ELLIPSE('',#8012,0.0506868324357802,0.0499961747728573);
#6345=VERTEX_POINT('',#8013);
#6346=ELLIPSE('',#8014,0.0506852987021117,0.0499961747728573);
#6347=LINE('',#8015,#8016);
#6348=FILL_AREA_STYLE_COLOUR('',#8017);
#6349=VERTEX_POINT('',#8018);
#6350=VERTEX_POINT('',#8019);
#6351=LINE('',#8020,#8021);
#6352=VERTEX_POINT('',#8022);
#6353=LINE('',#8023,#8024);
#6354=LINE('',#8025,#8026);
#6355=LINE('',#8027,#8028);
#6356=FILL_AREA_STYLE_COLOUR('',#8029);
#6357=LINE('',#8030,#8031);
#6358=LINE('',#8032,#8033);
#6359=FILL_AREA_STYLE_COLOUR('',#8034);
#6360=LINE('',#8035,#8036);
#6361=LINE('',#8037,#8038);
#6362=FILL_AREA_STYLE_COLOUR('',#8039);
#6363=FILL_AREA_STYLE_COLOUR('',#8040);
#6364=FILL_AREA_STYLE_COLOUR('',#8041);
#6365=VERTEX_POINT('',#8042);
#6366=VERTEX_POINT('',#8043);
#6367=LINE('',#8044,#8045);
#6368=VERTEX_POINT('',#8046);
#6369=LINE('',#8047,#8048);
#6370=VERTEX_POINT('',#8049);
#6371=CIRCLE('',#8050,0.0999999999999957);
#6372=VERTEX_POINT('',#8051);
#6373=LINE('',#8052,#8053);
#6374=VERTEX_POINT('',#8054);
#6375=LINE('',#8055,#8056);
#6376=VERTEX_POINT('',#8057);
#6377=LINE('',#8058,#8059);
#6378=VERTEX_POINT('',#8060);
#6379=CIRCLE('',#8061,0.100000000000001);
#6380=VERTEX_POINT('',#8062);
#6381=LINE('',#8063,#8064);
#6382=VERTEX_POINT('',#8065);
#6383=LINE('',#8066,#8067);
#6384=VERTEX_POINT('',#8068);
#6385=CIRCLE('',#8069,0.2);
#6386=LINE('',#8070,#8071);
#6387=FILL_AREA_STYLE_COLOUR('',#8072);
#6388=VERTEX_POINT('',#8073);
#6389=LINE('',#8074,#8075);
#6390=VERTEX_POINT('',#8076);
#6391=LINE('',#8077,#8078);
#6392=LINE('',#8079,#8080);
#6393=FILL_AREA_STYLE_COLOUR('',#8081);
#6394=VERTEX_POINT('',#8082);
#6395=VERTEX_POINT('',#8083);
#6396=CIRCLE('',#8084,0.2);
#6397=LINE('',#8085,#8086);
#6398=LINE('',#8087,#8088);
#6399=FILL_AREA_STYLE_COLOUR('',#8089);
#6400=VERTEX_POINT('',#8090);
#6401=LINE('',#8091,#8092);
#6402=LINE('',#8093,#8094);
#6403=FILL_AREA_STYLE_COLOUR('',#8095);
#6404=VERTEX_POINT('',#8096);
#6405=CIRCLE('',#8097,0.0999999999999957);
#6406=LINE('',#8098,#8099);
#6407=FILL_AREA_STYLE_COLOUR('',#8100);
#6408=VERTEX_POINT('',#8101);
#6409=LINE('',#8102,#8103);
#6410=LINE('',#8104,#8105);
#6411=FILL_AREA_STYLE_COLOUR('',#8106);
#6412=VERTEX_POINT('',#8107);
#6413=LINE('',#8108,#8109);
#6414=LINE('',#8110,#8111);
#6415=FILL_AREA_STYLE_COLOUR('',#8112);
#6416=VERTEX_POINT('',#8113);
#6417=LINE('',#8114,#8115);
#6418=LINE('',#8116,#8117);
#6419=FILL_AREA_STYLE_COLOUR('',#8118);
#6420=VERTEX_POINT('',#8119);
#6421=CIRCLE('',#8120,0.100000000000001);
#6422=LINE('',#8121,#8122);
#6423=FILL_AREA_STYLE_COLOUR('',#8123);
#6424=VERTEX_POINT('',#8124);
#6425=LINE('',#8125,#8126);
#6426=LINE('',#8127,#8128);
#6427=FILL_AREA_STYLE_COLOUR('',#8129);
#6428=LINE('',#8130,#8131);
#6429=FILL_AREA_STYLE_COLOUR('',#8132);
#6430=LINE('',#8133,#8134);
#6431=FILL_AREA_STYLE_COLOUR('',#8135);
#6432=VERTEX_POINT('',#8136);
#6433=VERTEX_POINT('',#8137);
#6434=LINE('',#8138,#8139);
#6435=VERTEX_POINT('',#8140);
#6436=LINE('',#8141,#8142);
#6437=VERTEX_POINT('',#8143);
#6438=CIRCLE('',#8144,0.0999999999999957);
#6439=VERTEX_POINT('',#8145);
#6440=LINE('',#8146,#8147);
#6441=VERTEX_POINT('',#8148);
#6442=LINE('',#8149,#8150);
#6443=VERTEX_POINT('',#8151);
#6444=LINE('',#8152,#8153);
#6445=VERTEX_POINT('',#8154);
#6446=CIRCLE('',#8155,0.100000000000001);
#6447=VERTEX_POINT('',#8156);
#6448=LINE('',#8157,#8158);
#6449=VERTEX_POINT('',#8159);
#6450=LINE('',#8160,#8161);
#6451=VERTEX_POINT('',#8162);
#6452=CIRCLE('',#8163,0.2);
#6453=LINE('',#8164,#8165);
#6454=FILL_AREA_STYLE_COLOUR('',#8166);
#6455=VERTEX_POINT('',#8167);
#6456=LINE('',#8168,#8169);
#6457=VERTEX_POINT('',#8170);
#6458=LINE('',#8171,#8172);
#6459=LINE('',#8173,#8174);
#6460=FILL_AREA_STYLE_COLOUR('',#8175);
#6461=VERTEX_POINT('',#8176);
#6462=VERTEX_POINT('',#8177);
#6463=CIRCLE('',#8178,0.2);
#6464=LINE('',#8179,#8180);
#6465=LINE('',#8181,#8182);
#6466=FILL_AREA_STYLE_COLOUR('',#8183);
#6467=VERTEX_POINT('',#8184);
#6468=LINE('',#8185,#8186);
#6469=LINE('',#8187,#8188);
#6470=FILL_AREA_STYLE_COLOUR('',#8189);
#6471=VERTEX_POINT('',#8190);
#6472=CIRCLE('',#8191,0.0999999999999957);
#6473=LINE('',#8192,#8193);
#6474=FILL_AREA_STYLE_COLOUR('',#8194);
#6475=VERTEX_POINT('',#8195);
#6476=LINE('',#8196,#8197);
#6477=LINE('',#8198,#8199);
#6478=FILL_AREA_STYLE_COLOUR('',#8200);
#6479=VERTEX_POINT('',#8201);
#6480=LINE('',#8202,#8203);
#6481=LINE('',#8204,#8205);
#6482=FILL_AREA_STYLE_COLOUR('',#8206);
#6483=VERTEX_POINT('',#8207);
#6484=LINE('',#8208,#8209);
#6485=LINE('',#8210,#8211);
#6486=FILL_AREA_STYLE_COLOUR('',#8212);
#6487=VERTEX_POINT('',#8213);
#6488=CIRCLE('',#8214,0.100000000000001);
#6489=LINE('',#8215,#8216);
#6490=FILL_AREA_STYLE_COLOUR('',#8217);
#6491=VERTEX_POINT('',#8218);
#6492=LINE('',#8219,#8220);
#6493=LINE('',#8221,#8222);
#6494=FILL_AREA_STYLE_COLOUR('',#8223);
#6495=LINE('',#8224,#8225);
#6496=FILL_AREA_STYLE_COLOUR('',#8226);
#6497=LINE('',#8227,#8228);
#6498=FILL_AREA_STYLE_COLOUR('',#8229);
#6499=VERTEX_POINT('',#8230);
#6500=VERTEX_POINT('',#8231);
#6501=LINE('',#8232,#8233);
#6502=VERTEX_POINT('',#8234);
#6503=LINE('',#8235,#8236);
#6504=VERTEX_POINT('',#8237);
#6505=CIRCLE('',#8238,0.0999999999999957);
#6506=VERTEX_POINT('',#8239);
#6507=LINE('',#8240,#8241);
#6508=VERTEX_POINT('',#8242);
#6509=LINE('',#8243,#8244);
#6510=VERTEX_POINT('',#8245);
#6511=LINE('',#8246,#8247);
#6512=VERTEX_POINT('',#8248);
#6513=CIRCLE('',#8249,0.100000000000001);
#6514=VERTEX_POINT('',#8250);
#6515=LINE('',#8251,#8252);
#6516=VERTEX_POINT('',#8253);
#6517=LINE('',#8254,#8255);
#6518=VERTEX_POINT('',#8256);
#6519=CIRCLE('',#8257,0.2);
#6520=LINE('',#8258,#8259);
#6521=FILL_AREA_STYLE_COLOUR('',#8260);
#6522=VERTEX_POINT('',#8261);
#6523=LINE('',#8262,#8263);
#6524=VERTEX_POINT('',#8264);
#6525=LINE('',#8265,#8266);
#6526=LINE('',#8267,#8268);
#6527=FILL_AREA_STYLE_COLOUR('',#8269);
#6528=VERTEX_POINT('',#8270);
#6529=VERTEX_POINT('',#8271);
#6530=CIRCLE('',#8272,0.2);
#6531=LINE('',#8273,#8274);
#6532=LINE('',#8275,#8276);
#6533=FILL_AREA_STYLE_COLOUR('',#8277);
#6534=VERTEX_POINT('',#8278);
#6535=LINE('',#8279,#8280);
#6536=LINE('',#8281,#8282);
#6537=FILL_AREA_STYLE_COLOUR('',#8283);
#6538=VERTEX_POINT('',#8284);
#6539=CIRCLE('',#8285,0.0999999999999957);
#6540=LINE('',#8286,#8287);
#6541=FILL_AREA_STYLE_COLOUR('',#8288);
#6542=VERTEX_POINT('',#8289);
#6543=LINE('',#8290,#8291);
#6544=LINE('',#8292,#8293);
#6545=FILL_AREA_STYLE_COLOUR('',#8294);
#6546=VERTEX_POINT('',#8295);
#6547=LINE('',#8296,#8297);
#6548=LINE('',#8298,#8299);
#6549=FILL_AREA_STYLE_COLOUR('',#8300);
#6550=VERTEX_POINT('',#8301);
#6551=LINE('',#8302,#8303);
#6552=LINE('',#8304,#8305);
#6553=FILL_AREA_STYLE_COLOUR('',#8306);
#6554=VERTEX_POINT('',#8307);
#6555=CIRCLE('',#8308,0.100000000000001);
#6556=LINE('',#8309,#8310);
#6557=FILL_AREA_STYLE_COLOUR('',#8311);
#6558=VERTEX_POINT('',#8312);
#6559=LINE('',#8313,#8314);
#6560=LINE('',#8315,#8316);
#6561=FILL_AREA_STYLE_COLOUR('',#8317);
#6562=LINE('',#8318,#8319);
#6563=FILL_AREA_STYLE_COLOUR('',#8320);
#6564=LINE('',#8321,#8322);
#6565=FILL_AREA_STYLE_COLOUR('',#8323);
#6566=VERTEX_POINT('',#8324);
#6567=VERTEX_POINT('',#8325);
#6568=LINE('',#8326,#8327);
#6569=VERTEX_POINT('',#8328);
#6570=LINE('',#8329,#8330);
#6571=VERTEX_POINT('',#8331);
#6572=CIRCLE('',#8332,0.0999999999999957);
#6573=VERTEX_POINT('',#8333);
#6574=LINE('',#8334,#8335);
#6575=VERTEX_POINT('',#8336);
#6576=LINE('',#8337,#8338);
#6577=VERTEX_POINT('',#8339);
#6578=LINE('',#8340,#8341);
#6579=VERTEX_POINT('',#8342);
#6580=CIRCLE('',#8343,0.100000000000001);
#6581=VERTEX_POINT('',#8344);
#6582=LINE('',#8345,#8346);
#6583=VERTEX_POINT('',#8347);
#6584=LINE('',#8348,#8349);
#6585=VERTEX_POINT('',#8350);
#6586=CIRCLE('',#8351,0.2);
#6587=LINE('',#8352,#8353);
#6588=FILL_AREA_STYLE_COLOUR('',#8354);
#6589=VERTEX_POINT('',#8355);
#6590=LINE('',#8356,#8357);
#6591=VERTEX_POINT('',#8358);
#6592=LINE('',#8359,#8360);
#6593=LINE('',#8361,#8362);
#6594=FILL_AREA_STYLE_COLOUR('',#8363);
#6595=VERTEX_POINT('',#8364);
#6596=VERTEX_POINT('',#8365);
#6597=CIRCLE('',#8366,0.2);
#6598=LINE('',#8367,#8368);
#6599=LINE('',#8369,#8370);
#6600=FILL_AREA_STYLE_COLOUR('',#8371);
#6601=VERTEX_POINT('',#8372);
#6602=LINE('',#8373,#8374);
#6603=LINE('',#8375,#8376);
#6604=FILL_AREA_STYLE_COLOUR('',#8377);
#6605=VERTEX_POINT('',#8378);
#6606=CIRCLE('',#8379,0.0999999999999957);
#6607=LINE('',#8380,#8381);
#6608=FILL_AREA_STYLE_COLOUR('',#8382);
#6609=VERTEX_POINT('',#8383);
#6610=LINE('',#8384,#8385);
#6611=LINE('',#8386,#8387);
#6612=FILL_AREA_STYLE_COLOUR('',#8388);
#6613=VERTEX_POINT('',#8389);
#6614=LINE('',#8390,#8391);
#6615=LINE('',#8392,#8393);
#6616=FILL_AREA_STYLE_COLOUR('',#8394);
#6617=VERTEX_POINT('',#8395);
#6618=LINE('',#8396,#8397);
#6619=LINE('',#8398,#8399);
#6620=FILL_AREA_STYLE_COLOUR('',#8400);
#6621=VERTEX_POINT('',#8401);
#6622=CIRCLE('',#8402,0.100000000000001);
#6623=LINE('',#8403,#8404);
#6624=FILL_AREA_STYLE_COLOUR('',#8405);
#6625=VERTEX_POINT('',#8406);
#6626=LINE('',#8407,#8408);
#6627=LINE('',#8409,#8410);
#6628=FILL_AREA_STYLE_COLOUR('',#8411);
#6629=LINE('',#8412,#8413);
#6630=FILL_AREA_STYLE_COLOUR('',#8414);
#6631=LINE('',#8415,#8416);
#6632=FILL_AREA_STYLE_COLOUR('',#8417);
#6633=VERTEX_POINT('',#8418);
#6634=VERTEX_POINT('',#8419);
#6635=LINE('',#8420,#8421);
#6636=VERTEX_POINT('',#8422);
#6637=LINE('',#8423,#8424);
#6638=VERTEX_POINT('',#8425);
#6639=CIRCLE('',#8426,0.0999999999999957);
#6640=VERTEX_POINT('',#8427);
#6641=LINE('',#8428,#8429);
#6642=VERTEX_POINT('',#8430);
#6643=LINE('',#8431,#8432);
#6644=VERTEX_POINT('',#8433);
#6645=LINE('',#8434,#8435);
#6646=VERTEX_POINT('',#8436);
#6647=CIRCLE('',#8437,0.100000000000001);
#6648=VERTEX_POINT('',#8438);
#6649=LINE('',#8439,#8440);
#6650=VERTEX_POINT('',#8441);
#6651=LINE('',#8442,#8443);
#6652=VERTEX_POINT('',#8444);
#6653=CIRCLE('',#8445,0.2);
#6654=LINE('',#8446,#8447);
#6655=FILL_AREA_STYLE_COLOUR('',#8448);
#6656=VERTEX_POINT('',#8449);
#6657=LINE('',#8450,#8451);
#6658=VERTEX_POINT('',#8452);
#6659=LINE('',#8453,#8454);
#6660=LINE('',#8455,#8456);
#6661=FILL_AREA_STYLE_COLOUR('',#8457);
#6662=VERTEX_POINT('',#8458);
#6663=VERTEX_POINT('',#8459);
#6664=CIRCLE('',#8460,0.2);
#6665=LINE('',#8461,#8462);
#6666=LINE('',#8463,#8464);
#6667=FILL_AREA_STYLE_COLOUR('',#8465);
#6668=VERTEX_POINT('',#8466);
#6669=LINE('',#8467,#8468);
#6670=LINE('',#8469,#8470);
#6671=FILL_AREA_STYLE_COLOUR('',#8471);
#6672=VERTEX_POINT('',#8472);
#6673=CIRCLE('',#8473,0.0999999999999957);
#6674=LINE('',#8474,#8475);
#6675=FILL_AREA_STYLE_COLOUR('',#8476);
#6676=VERTEX_POINT('',#8477);
#6677=LINE('',#8478,#8479);
#6678=LINE('',#8480,#8481);
#6679=FILL_AREA_STYLE_COLOUR('',#8482);
#6680=VERTEX_POINT('',#8483);
#6681=LINE('',#8484,#8485);
#6682=LINE('',#8486,#8487);
#6683=FILL_AREA_STYLE_COLOUR('',#8488);
#6684=VERTEX_POINT('',#8489);
#6685=LINE('',#8490,#8491);
#6686=LINE('',#8492,#8493);
#6687=FILL_AREA_STYLE_COLOUR('',#8494);
#6688=VERTEX_POINT('',#8495);
#6689=CIRCLE('',#8496,0.100000000000001);
#6690=LINE('',#8497,#8498);
#6691=FILL_AREA_STYLE_COLOUR('',#8499);
#6692=VERTEX_POINT('',#8500);
#6693=LINE('',#8501,#8502);
#6694=LINE('',#8503,#8504);
#6695=FILL_AREA_STYLE_COLOUR('',#8505);
#6696=LINE('',#8506,#8507);
#6697=FILL_AREA_STYLE_COLOUR('',#8508);
#6698=LINE('',#8509,#8510);
#6699=FILL_AREA_STYLE_COLOUR('',#8511);
#6700=VERTEX_POINT('',#8512);
#6701=VERTEX_POINT('',#8513);
#6702=LINE('',#8514,#8515);
#6703=VERTEX_POINT('',#8516);
#6704=LINE('',#8517,#8518);
#6705=VERTEX_POINT('',#8519);
#6706=CIRCLE('',#8520,0.0999999999999957);
#6707=VERTEX_POINT('',#8521);
#6708=LINE('',#8522,#8523);
#6709=VERTEX_POINT('',#8524);
#6710=LINE('',#8525,#8526);
#6711=VERTEX_POINT('',#8527);
#6712=LINE('',#8528,#8529);
#6713=VERTEX_POINT('',#8530);
#6714=CIRCLE('',#8531,0.100000000000001);
#6715=VERTEX_POINT('',#8532);
#6716=LINE('',#8533,#8534);
#6717=VERTEX_POINT('',#8535);
#6718=LINE('',#8536,#8537);
#6719=VERTEX_POINT('',#8538);
#6720=CIRCLE('',#8539,0.2);
#6721=LINE('',#8540,#8541);
#6722=FILL_AREA_STYLE_COLOUR('',#8542);
#6723=VERTEX_POINT('',#8543);
#6724=LINE('',#8544,#8545);
#6725=VERTEX_POINT('',#8546);
#6726=LINE('',#8547,#8548);
#6727=LINE('',#8549,#8550);
#6728=FILL_AREA_STYLE_COLOUR('',#8551);
#6729=VERTEX_POINT('',#8552);
#6730=VERTEX_POINT('',#8553);
#6731=CIRCLE('',#8554,0.2);
#6732=LINE('',#8555,#8556);
#6733=LINE('',#8557,#8558);
#6734=FILL_AREA_STYLE_COLOUR('',#8559);
#6735=VERTEX_POINT('',#8560);
#6736=LINE('',#8561,#8562);
#6737=LINE('',#8563,#8564);
#6738=FILL_AREA_STYLE_COLOUR('',#8565);
#6739=VERTEX_POINT('',#8566);
#6740=CIRCLE('',#8567,0.0999999999999957);
#6741=LINE('',#8568,#8569);
#6742=FILL_AREA_STYLE_COLOUR('',#8570);
#6743=VERTEX_POINT('',#8571);
#6744=LINE('',#8572,#8573);
#6745=LINE('',#8574,#8575);
#6746=FILL_AREA_STYLE_COLOUR('',#8576);
#6747=VERTEX_POINT('',#8577);
#6748=LINE('',#8578,#8579);
#6749=LINE('',#8580,#8581);
#6750=FILL_AREA_STYLE_COLOUR('',#8582);
#6751=VERTEX_POINT('',#8583);
#6752=LINE('',#8584,#8585);
#6753=LINE('',#8586,#8587);
#6754=FILL_AREA_STYLE_COLOUR('',#8588);
#6755=VERTEX_POINT('',#8589);
#6756=CIRCLE('',#8590,0.100000000000001);
#6757=LINE('',#8591,#8592);
#6758=FILL_AREA_STYLE_COLOUR('',#8593);
#6759=VERTEX_POINT('',#8594);
#6760=LINE('',#8595,#8596);
#6761=LINE('',#8597,#8598);
#6762=FILL_AREA_STYLE_COLOUR('',#8599);
#6763=LINE('',#8600,#8601);
#6764=FILL_AREA_STYLE_COLOUR('',#8602);
#6765=LINE('',#8603,#8604);
#6766=FILL_AREA_STYLE_COLOUR('',#8605);
#6767=VERTEX_POINT('',#8606);
#6768=VERTEX_POINT('',#8607);
#6769=LINE('',#8608,#8609);
#6770=VERTEX_POINT('',#8610);
#6771=LINE('',#8611,#8612);
#6772=LINE('',#8613,#8614);
#6773=FILL_AREA_STYLE_COLOUR('',#8615);
#6774=VERTEX_POINT('',#8616);
#6775=LINE('',#8617,#8618);
#6776=VERTEX_POINT('',#8619);
#6777=LINE('',#8620,#8621);
#6778=LINE('',#8622,#8623);
#6779=FILL_AREA_STYLE_COLOUR('',#8624);
#6780=VERTEX_POINT('',#8625);
#6781=LINE('',#8626,#8627);
#6782=LINE('',#8628,#8629);
#6783=FILL_AREA_STYLE_COLOUR('',#8630);
#6784=VERTEX_POINT('',#8631);
#6785=LINE('',#8632,#8633);
#6786=VERTEX_POINT('',#8634);
#6787=LINE('',#8635,#8636);
#6788=VERTEX_POINT('',#8637);
#6789=LINE('',#8638,#8639);
#6790=VERTEX_POINT('',#8640);
#6791=LINE('',#8641,#8642);
#6792=VERTEX_POINT('',#8643);
#6793=LINE('',#8644,#8645);
#6794=VERTEX_POINT('',#8646);
#6795=LINE('',#8647,#8648);
#6796=LINE('',#8649,#8650);
#6797=FILL_AREA_STYLE_COLOUR('',#8651);
#6798=VERTEX_POINT('',#8652);
#6799=VERTEX_POINT('',#8653);
#6800=LINE('',#8654,#8655);
#6801=VERTEX_POINT('',#8656);
#6802=LINE('',#8657,#8658);
#6803=LINE('',#8659,#8660);
#6804=FILL_AREA_STYLE_COLOUR('',#8661);
#6805=VERTEX_POINT('',#8662);
#6806=VERTEX_POINT('',#8663);
#6807=LINE('',#8664,#8665);
#6808=VERTEX_POINT('',#8666);
#6809=LINE('',#8667,#8668);
#6810=LINE('',#8669,#8670);
#6811=VERTEX_POINT('',#8671);
#6812=LINE('',#8672,#8673);
#6813=VERTEX_POINT('',#8674);
#6814=LINE('',#8675,#8676);
#6815=VERTEX_POINT('',#8677);
#6816=LINE('',#8678,#8679);
#6817=VERTEX_POINT('',#8680);
#6818=LINE('',#8681,#8682);
#6819=VERTEX_POINT('',#8683);
#6820=LINE('',#8684,#8685);
#6821=VERTEX_POINT('',#8686);
#6822=LINE('',#8687,#8688);
#6823=VERTEX_POINT('',#8689);
#6824=LINE('',#8690,#8691);
#6825=VERTEX_POINT('',#8692);
#6826=LINE('',#8693,#8694);
#6827=VERTEX_POINT('',#8695);
#6828=LINE('',#8696,#8697);
#6829=VERTEX_POINT('',#8698);
#6830=LINE('',#8699,#8700);
#6831=VERTEX_POINT('',#8701);
#6832=LINE('',#8702,#8703);
#6833=VERTEX_POINT('',#8704);
#6834=LINE('',#8705,#8706);
#6835=VERTEX_POINT('',#8707);
#6836=LINE('',#8708,#8709);
#6837=VERTEX_POINT('',#8710);
#6838=LINE('',#8711,#8712);
#6839=VERTEX_POINT('',#8713);
#6840=LINE('',#8714,#8715);
#6841=VERTEX_POINT('',#8716);
#6842=LINE('',#8717,#8718);
#6843=VERTEX_POINT('',#8719);
#6844=LINE('',#8720,#8721);
#6845=VERTEX_POINT('',#8722);
#6846=LINE('',#8723,#8724);
#6847=VERTEX_POINT('',#8725);
#6848=LINE('',#8726,#8727);
#6849=VERTEX_POINT('',#8728);
#6850=LINE('',#8729,#8730);
#6851=VERTEX_POINT('',#8731);
#6852=LINE('',#8732,#8733);
#6853=VERTEX_POINT('',#8734);
#6854=LINE('',#8735,#8736);
#6855=VERTEX_POINT('',#8737);
#6856=LINE('',#8738,#8739);
#6857=LINE('',#8740,#8741);
#6858=FILL_AREA_STYLE_COLOUR('',#8742);
#6859=VERTEX_POINT('',#8743);
#6860=LINE('',#8744,#8745);
#6861=LINE('',#8746,#8747);
#6862=FILL_AREA_STYLE_COLOUR('',#8748);
#6863=VERTEX_POINT('',#8749);
#6864=LINE('',#8750,#8751);
#6865=VERTEX_POINT('',#8752);
#6866=LINE('',#8753,#8754);
#6867=LINE('',#8755,#8756);
#6868=FILL_AREA_STYLE_COLOUR('',#8757);
#6869=VERTEX_POINT('',#8758);
#6870=LINE('',#8759,#8760);
#6871=LINE('',#8761,#8762);
#6872=FILL_AREA_STYLE_COLOUR('',#8763);
#6873=VERTEX_POINT('',#8764);
#6874=LINE('',#8765,#8766);
#6875=LINE('',#8767,#8768);
#6876=FILL_AREA_STYLE_COLOUR('',#8769);
#6877=VERTEX_POINT('',#8770);
#6878=LINE('',#8771,#8772);
#6879=LINE('',#8773,#8774);
#6880=FILL_AREA_STYLE_COLOUR('',#8775);
#6881=VERTEX_POINT('',#8776);
#6882=LINE('',#8777,#8778);
#6883=LINE('',#8779,#8780);
#6884=FILL_AREA_STYLE_COLOUR('',#8781);
#6885=VERTEX_POINT('',#8782);
#6886=LINE('',#8783,#8784);
#6887=LINE('',#8785,#8786);
#6888=FILL_AREA_STYLE_COLOUR('',#8787);
#6889=VERTEX_POINT('',#8788);
#6890=LINE('',#8789,#8790);
#6891=LINE('',#8791,#8792);
#6892=FILL_AREA_STYLE_COLOUR('',#8793);
#6893=VERTEX_POINT('',#8794);
#6894=LINE('',#8795,#8796);
#6895=LINE('',#8797,#8798);
#6896=FILL_AREA_STYLE_COLOUR('',#8799);
#6897=VERTEX_POINT('',#8800);
#6898=LINE('',#8801,#8802);
#6899=LINE('',#8803,#8804);
#6900=FILL_AREA_STYLE_COLOUR('',#8805);
#6901=VERTEX_POINT('',#8806);
#6902=LINE('',#8807,#8808);
#6903=LINE('',#8809,#8810);
#6904=FILL_AREA_STYLE_COLOUR('',#8811);
#6905=VERTEX_POINT('',#8812);
#6906=LINE('',#8813,#8814);
#6907=LINE('',#8815,#8816);
#6908=FILL_AREA_STYLE_COLOUR('',#8817);
#6909=VERTEX_POINT('',#8818);
#6910=LINE('',#8819,#8820);
#6911=LINE('',#8821,#8822);
#6912=FILL_AREA_STYLE_COLOUR('',#8823);
#6913=VERTEX_POINT('',#8824);
#6914=LINE('',#8825,#8826);
#6915=VERTEX_POINT('',#8827);
#6916=LINE('',#8828,#8829);
#6917=LINE('',#8830,#8831);
#6918=FILL_AREA_STYLE_COLOUR('',#8832);
#6919=VERTEX_POINT('',#8833);
#6920=LINE('',#8834,#8835);
#6921=VERTEX_POINT('',#8836);
#6922=LINE('',#8837,#8838);
#6923=VERTEX_POINT('',#8839);
#6924=LINE('',#8840,#8841);
#6925=VERTEX_POINT('',#8842);
#6926=CIRCLE('',#8843,0.15);
#6927=VERTEX_POINT('',#8844);
#6928=LINE('',#8845,#8846);
#6929=VERTEX_POINT('',#8847);
#6930=CIRCLE('',#8848,0.15);
#6931=VERTEX_POINT('',#8849);
#6932=LINE('',#8850,#8851);
#6933=VERTEX_POINT('',#8852);
#6934=LINE('',#8853,#8854);
#6935=VERTEX_POINT('',#8855);
#6936=LINE('',#8856,#8857);
#6937=VERTEX_POINT('',#8858);
#6938=CIRCLE('',#8859,0.15);
#6939=VERTEX_POINT('',#8860);
#6940=LINE('',#8861,#8862);
#6941=VERTEX_POINT('',#8863);
#6942=CIRCLE('',#8864,0.15);
#6943=VERTEX_POINT('',#8865);
#6944=LINE('',#8866,#8867);
#6945=VERTEX_POINT('',#8868);
#6946=LINE('',#8869,#8870);
#6947=VERTEX_POINT('',#8871);
#6948=LINE('',#8872,#8873);
#6949=VERTEX_POINT('',#8874);
#6950=LINE('',#8875,#8876);
#6951=VERTEX_POINT('',#8877);
#6952=LINE('',#8878,#8879);
#6953=VERTEX_POINT('',#8880);
#6954=LINE('',#8881,#8882);
#6955=VERTEX_POINT('',#8883);
#6956=LINE('',#8884,#8885);
#6957=VERTEX_POINT('',#8886);
#6958=LINE('',#8887,#8888);
#6959=VERTEX_POINT('',#8889);
#6960=LINE('',#8890,#8891);
#6961=VERTEX_POINT('',#8892);
#6962=LINE('',#8893,#8894);
#6963=VERTEX_POINT('',#8895);
#6964=LINE('',#8896,#8897);
#6965=VERTEX_POINT('',#8898);
#6966=LINE('',#8899,#8900);
#6967=VERTEX_POINT('',#8901);
#6968=LINE('',#8902,#8903);
#6969=VERTEX_POINT('',#8904);
#6970=LINE('',#8905,#8906);
#6971=LINE('',#8907,#8908);
#6972=FILL_AREA_STYLE_COLOUR('',#8909);
#6973=LINE('',#8910,#8911);
#6974=LINE('',#8912,#8913);
#6975=FILL_AREA_STYLE_COLOUR('',#8914);
#6976=LINE('',#8915,#8916);
#6977=FILL_AREA_STYLE_COLOUR('',#8917);
#6978=FILL_AREA_STYLE_COLOUR('',#8918);
#6979=LINE('',#8919,#8920);
#6980=LINE('',#8921,#8922);
#6981=FILL_AREA_STYLE_COLOUR('',#8923);
#6982=LINE('',#8924,#8925);
#6983=FILL_AREA_STYLE_COLOUR('',#8926);
#6984=LINE('',#8927,#8928);
#6985=FILL_AREA_STYLE_COLOUR('',#8929);
#6986=LINE('',#8930,#8931);
#6987=FILL_AREA_STYLE_COLOUR('',#8932);
#6988=FILL_AREA_STYLE_COLOUR('',#8933);
#6989=LINE('',#8934,#8935);
#6990=LINE('',#8936,#8937);
#6991=FILL_AREA_STYLE_COLOUR('',#8938);
#6992=LINE('',#8939,#8940);
#6993=FILL_AREA_STYLE_COLOUR('',#8941);
#6994=FILL_AREA_STYLE_COLOUR('',#8942);
#6995=VERTEX_POINT('',#8943);
#6996=VERTEX_POINT('',#8944);
#6997=LINE('',#8945,#8946);
#6998=LINE('',#8947,#8948);
#6999=LINE('',#8949,#8950);
#7000=FILL_AREA_STYLE_COLOUR('',#8951);
#7001=VERTEX_POINT('',#8952);
#7002=LINE('',#8953,#8954);
#7003=LINE('',#8955,#8956);
#7004=FILL_AREA_STYLE_COLOUR('',#8957);
#7005=LINE('',#8958,#8959);
#7006=FILL_AREA_STYLE_COLOUR('',#8960);
#7007=VERTEX_POINT('',#8961);
#7008=LINE('',#8962,#8963);
#7009=LINE('',#8964,#8965);
#7010=FILL_AREA_STYLE_COLOUR('',#8966);
#7011=VERTEX_POINT('',#8967);
#7012=LINE('',#8968,#8969);
#7013=LINE('',#8970,#8971);
#7014=FILL_AREA_STYLE_COLOUR('',#8972);
#7015=VERTEX_POINT('',#8973);
#7016=LINE('',#8974,#8975);
#7017=LINE('',#8976,#8977);
#7018=FILL_AREA_STYLE_COLOUR('',#8978);
#7019=VERTEX_POINT('',#8979);
#7020=LINE('',#8980,#8981);
#7021=LINE('',#8982,#8983);
#7022=FILL_AREA_STYLE_COLOUR('',#8984);
#7023=VERTEX_POINT('',#8985);
#7024=CIRCLE('',#8986,0.15);
#7025=LINE('',#8987,#8988);
#7026=FILL_AREA_STYLE_COLOUR('',#8989);
#7027=VERTEX_POINT('',#8990);
#7028=LINE('',#8991,#8992);
#7029=LINE('',#8993,#8994);
#7030=FILL_AREA_STYLE_COLOUR('',#8995);
#7031=VERTEX_POINT('',#8996);
#7032=CIRCLE('',#8997,0.15);
#7033=LINE('',#8998,#8999);
#7034=FILL_AREA_STYLE_COLOUR('',#9000);
#7035=VERTEX_POINT('',#9001);
#7036=LINE('',#9002,#9003);
#7037=LINE('',#9004,#9005);
#7038=FILL_AREA_STYLE_COLOUR('',#9006);
#7039=VERTEX_POINT('',#9007);
#7040=LINE('',#9008,#9009);
#7041=LINE('',#9010,#9011);
#7042=FILL_AREA_STYLE_COLOUR('',#9012);
#7043=VERTEX_POINT('',#9013);
#7044=LINE('',#9014,#9015);
#7045=LINE('',#9016,#9017);
#7046=FILL_AREA_STYLE_COLOUR('',#9018);
#7047=VERTEX_POINT('',#9019);
#7048=CIRCLE('',#9020,0.15);
#7049=LINE('',#9021,#9022);
#7050=FILL_AREA_STYLE_COLOUR('',#9023);
#7051=VERTEX_POINT('',#9024);
#7052=LINE('',#9025,#9026);
#7053=LINE('',#9027,#9028);
#7054=FILL_AREA_STYLE_COLOUR('',#9029);
#7055=CIRCLE('',#9030,0.15);
#7056=FILL_AREA_STYLE_COLOUR('',#9031);
#7057=VERTEX_POINT('',#9032);
#7058=VERTEX_POINT('',#9033);
#7059=LINE('',#9034,#9035);
#7060=VERTEX_POINT('',#9036);
#7061=LINE('',#9037,#9038);
#7062=VERTEX_POINT('',#9039);
#7063=LINE('',#9040,#9041);
#7064=LINE('',#9042,#9043);
#7065=FILL_AREA_STYLE_COLOUR('',#9044);
#7066=VERTEX_POINT('',#9045);
#7067=LINE('',#9046,#9047);
#7068=VERTEX_POINT('',#9048);
#7069=LINE('',#9049,#9050);
#7070=LINE('',#9051,#9052);
#7071=FILL_AREA_STYLE_COLOUR('',#9053);
#7072=VERTEX_POINT('',#9054);
#7073=LINE('',#9055,#9056);
#7074=VERTEX_POINT('',#9057);
#7075=LINE('',#9058,#9059);
#7076=LINE('',#9060,#9061);
#7077=FILL_AREA_STYLE_COLOUR('',#9062);
#7078=LINE('',#9063,#9064);
#7079=FILL_AREA_STYLE_COLOUR('',#9065);
#7080=LINE('',#9066,#9067);
#7081=FILL_AREA_STYLE_COLOUR('',#9068);
#7082=CIRCLE('',#9069,0.35);
#7083=FILL_AREA_STYLE_COLOUR('',#9070);
#7084=CIRCLE('',#9071,0.2);
#7085=FILL_AREA_STYLE_COLOUR('',#9072);
#7086=FILL_AREA_STYLE_COLOUR('',#9073);
#7087=CIRCLE('',#9074,0.35);
#7088=FILL_AREA_STYLE_COLOUR('',#9075);
#7089=CIRCLE('',#9076,0.2);
#7090=FILL_AREA_STYLE_COLOUR('',#9077);
#7091=FILL_AREA_STYLE_COLOUR('',#9078);
#7092=VERTEX_POINT('',#9079);
#7093=VERTEX_POINT('',#9080);
#7094=LINE('',#9081,#9082);
#7095=VERTEX_POINT('',#9083);
#7096=LINE('',#9084,#9085);
#7097=VERTEX_POINT('',#9086);
#7098=LINE('',#9087,#9088);
#7099=LINE('',#9089,#9090);
#7100=FILL_AREA_STYLE_COLOUR('',#9091);
#7101=VERTEX_POINT('',#9092);
#7102=LINE('',#9093,#9094);
#7103=VERTEX_POINT('',#9095);
#7104=LINE('',#9096,#9097);
#7105=LINE('',#9098,#9099);
#7106=FILL_AREA_STYLE_COLOUR('',#9100);
#7107=VERTEX_POINT('',#9101);
#7108=VERTEX_POINT('',#9102);
#7109=LINE('',#9103,#9104);
#7110=LINE('',#9105,#9106);
#7111=LINE('',#9107,#9108);
#7112=FILL_AREA_STYLE_COLOUR('',#9109);
#7113=LINE('',#9110,#9111);
#7114=FILL_AREA_STYLE_COLOUR('',#9112);
#7115=VERTEX_POINT('',#9113);
#7116=LINE('',#9114,#9115);
#7117=LINE('',#9116,#9117);
#7118=VERTEX_POINT('',#9118);
#7119=LINE('',#9119,#9120);
#7120=VERTEX_POINT('',#9121);
#7121=LINE('',#9122,#9123);
#7122=VERTEX_POINT('',#9124);
#7123=LINE('',#9125,#9126);
#7124=VERTEX_POINT('',#9127);
#7125=LINE('',#9128,#9129);
#7126=VERTEX_POINT('',#9130);
#7127=LINE('',#9131,#9132);
#7128=VERTEX_POINT('',#9133);
#7129=LINE('',#9134,#9135);
#7130=VERTEX_POINT('',#9136);
#7131=LINE('',#9137,#9138);
#7132=VERTEX_POINT('',#9139);
#7133=LINE('',#9140,#9141);
#7134=VERTEX_POINT('',#9142);
#7135=LINE('',#9143,#9144);
#7136=VERTEX_POINT('',#9145);
#7137=LINE('',#9146,#9147);
#7138=VERTEX_POINT('',#9148);
#7139=LINE('',#9149,#9150);
#7140=VERTEX_POINT('',#9151);
#7141=LINE('',#9152,#9153);
#7142=VERTEX_POINT('',#9154);
#7143=LINE('',#9155,#9156);
#7144=VERTEX_POINT('',#9157);
#7145=LINE('',#9158,#9159);
#7146=VERTEX_POINT('',#9160);
#7147=LINE('',#9161,#9162);
#7148=VERTEX_POINT('',#9163);
#7149=LINE('',#9164,#9165);
#7150=VERTEX_POINT('',#9166);
#7151=LINE('',#9167,#9168);
#7152=VERTEX_POINT('',#9169);
#7153=LINE('',#9170,#9171);
#7154=VERTEX_POINT('',#9172);
#7155=LINE('',#9173,#9174);
#7156=LINE('',#9175,#9176);
#7157=FILL_AREA_STYLE_COLOUR('',#9177);
#7158=VERTEX_POINT('',#9178);
#7159=VERTEX_POINT('',#9179);
#7160=LINE('',#9180,#9181);
#7161=VERTEX_POINT('',#9182);
#7162=LINE('',#9183,#9184);
#7163=VERTEX_POINT('',#9185);
#7164=LINE('',#9186,#9187);
#7165=LINE('',#9188,#9189);
#7166=FILL_AREA_STYLE_COLOUR('',#9190);
#7167=LINE('',#9191,#9192);
#7168=LINE('',#9193,#9194);
#7169=FILL_AREA_STYLE_COLOUR('',#9195);
#7170=LINE('',#9196,#9197);
#7171=LINE('',#9198,#9199);
#7172=FILL_AREA_STYLE_COLOUR('',#9200);
#7173=FILL_AREA_STYLE_COLOUR('',#9201);
#7174=VERTEX_POINT('',#9202);
#7175=LINE('',#9203,#9204);
#7176=LINE('',#9205,#9206);
#7177=VERTEX_POINT('',#9207);
#7178=LINE('',#9208,#9209);
#7179=VERTEX_POINT('',#9210);
#7180=LINE('',#9211,#9212);
#7181=VERTEX_POINT('',#9213);
#7182=LINE('',#9214,#9215);
#7183=VERTEX_POINT('',#9216);
#7184=LINE('',#9217,#9218);
#7185=VERTEX_POINT('',#9219);
#7186=LINE('',#9220,#9221);
#7187=VERTEX_POINT('',#9222);
#7188=LINE('',#9223,#9224);
#7189=VERTEX_POINT('',#9225);
#7190=LINE('',#9226,#9227);
#7191=LINE('',#9228,#9229);
#7192=FILL_AREA_STYLE_COLOUR('',#9230);
#7193=VERTEX_POINT('',#9231);
#7194=VERTEX_POINT('',#9232);
#7195=LINE('',#9233,#9234);
#7196=VERTEX_POINT('',#9235);
#7197=LINE('',#9236,#9237);
#7198=VERTEX_POINT('',#9238);
#7199=LINE('',#9239,#9240);
#7200=LINE('',#9241,#9242);
#7201=FILL_AREA_STYLE_COLOUR('',#9243);
#7202=VERTEX_POINT('',#9244);
#7203=VERTEX_POINT('',#9245);
#7204=LINE('',#9246,#9247);
#7205=LINE('',#9248,#9249);
#7206=LINE('',#9250,#9251);
#7207=FILL_AREA_STYLE_COLOUR('',#9252);
#7208=VERTEX_POINT('',#9253);
#7209=LINE('',#9254,#9255);
#7210=VERTEX_POINT('',#9256);
#7211=LINE('',#9257,#9258);
#7212=VERTEX_POINT('',#9259);
#7213=LINE('',#9260,#9261);
#7214=VERTEX_POINT('',#9262);
#7215=LINE('',#9263,#9264);
#7216=LINE('',#9265,#9266);
#7217=VERTEX_POINT('',#9267);
#7218=LINE('',#9268,#9269);
#7219=LINE('',#9270,#9271);
#7220=VERTEX_POINT('',#9272);
#7221=LINE('',#9273,#9274);
#7222=VERTEX_POINT('',#9275);
#7223=LINE('',#9276,#9277);
#7224=VERTEX_POINT('',#9278);
#7225=LINE('',#9279,#9280);
#7226=VERTEX_POINT('',#9281);
#7227=LINE('',#9282,#9283);
#7228=LINE('',#9284,#9285);
#7229=VERTEX_POINT('',#9286);
#7230=LINE('',#9287,#9288);
#7231=LINE('',#9289,#9290);
#7232=FILL_AREA_STYLE_COLOUR('',#9291);
#7233=VERTEX_POINT('',#9292);
#7234=LINE('',#9293,#9294);
#7235=VERTEX_POINT('',#9295);
#7236=LINE('',#9296,#9297);
#7237=LINE('',#9298,#9299);
#7238=FILL_AREA_STYLE_COLOUR('',#9300);
#7239=VERTEX_POINT('',#9301);
#7240=LINE('',#9302,#9303);
#7241=LINE('',#9304,#9305);
#7242=VERTEX_POINT('',#9306);
#7243=LINE('',#9307,#9308);
#7244=LINE('',#9309,#9310);
#7245=FILL_AREA_STYLE_COLOUR('',#9311);
#7246=VERTEX_POINT('',#9312);
#7247=LINE('',#9313,#9314);
#7248=VERTEX_POINT('',#9315);
#7249=LINE('',#9316,#9317);
#7250=LINE('',#9318,#9319);
#7251=FILL_AREA_STYLE_COLOUR('',#9320);
#7252=VERTEX_POINT('',#9321);
#7253=LINE('',#9322,#9323);
#7254=VERTEX_POINT('',#9324);
#7255=LINE('',#9325,#9326);
#7256=LINE('',#9327,#9328);
#7257=FILL_AREA_STYLE_COLOUR('',#9329);
#7258=LINE('',#9330,#9331);
#7259=FILL_AREA_STYLE_COLOUR('',#9332);
#7260=VERTEX_POINT('',#9333);
#7261=LINE('',#9334,#9335);
#7262=VERTEX_POINT('',#9336);
#7263=LINE('',#9337,#9338);
#7264=LINE('',#9339,#9340);
#7265=VERTEX_POINT('',#9341);
#7266=LINE('',#9342,#9343);
#7267=LINE('',#9344,#9345);
#7268=FILL_AREA_STYLE_COLOUR('',#9346);
#7269=LINE('',#9347,#9348);
#7270=FILL_AREA_STYLE_COLOUR('',#9349);
#7271=LINE('',#9350,#9351);
#7272=FILL_AREA_STYLE_COLOUR('',#9352);
#7273=VERTEX_POINT('',#9353);
#7274=VERTEX_POINT('',#9354);
#7275=LINE('',#9355,#9356);
#7276=LINE('',#9357,#9358);
#7277=VERTEX_POINT('',#9359);
#7278=LINE('',#9360,#9361);
#7279=LINE('',#9362,#9363);
#7280=FILL_AREA_STYLE_COLOUR('',#9364);
#7281=VERTEX_POINT('',#9365);
#7282=VERTEX_POINT('',#9366);
#7283=LINE('',#9367,#9368);
#7284=LINE('',#9369,#9370);
#7285=LINE('',#9371,#9372);
#7286=FILL_AREA_STYLE_COLOUR('',#9373);
#7287=VERTEX_POINT('',#9374);
#7288=VERTEX_POINT('',#9375);
#7289=LINE('',#9376,#9377);
#7290=LINE('',#9378,#9379);
#7291=LINE('',#9380,#9381);
#7292=FILL_AREA_STYLE_COLOUR('',#9382);
#7293=VERTEX_POINT('',#9383);
#7294=LINE('',#9384,#9385);
#7295=VERTEX_POINT('',#9386);
#7296=LINE('',#9387,#9388);
#7297=LINE('',#9389,#9390);
#7298=VERTEX_POINT('',#9391);
#7299=LINE('',#9392,#9393);
#7300=VERTEX_POINT('',#9394);
#7301=LINE('',#9395,#9396);
#7302=LINE('',#9397,#9398);
#7303=LINE('',#9399,#9400);
#7304=FILL_AREA_STYLE_COLOUR('',#9401);
#7305=FILL_AREA_STYLE_COLOUR('',#9402);
#7306=VERTEX_POINT('',#9403);
#7307=LINE('',#9404,#9405);
#7308=LINE('',#9406,#9407);
#7309=FILL_AREA_STYLE_COLOUR('',#9408);
#7310=VERTEX_POINT('',#9409);
#7311=LINE('',#9410,#9411);
#7312=LINE('',#9412,#9413);
#7313=FILL_AREA_STYLE_COLOUR('',#9414);
#7314=VERTEX_POINT('',#9415);
#7315=LINE('',#9416,#9417);
#7316=LINE('',#9418,#9419);
#7317=FILL_AREA_STYLE_COLOUR('',#9420);
#7318=FILL_AREA_STYLE_COLOUR('',#9421);
#7319=LINE('',#9422,#9423);
#7320=FILL_AREA_STYLE_COLOUR('',#9424);
#7321=VERTEX_POINT('',#9425);
#7322=LINE('',#9426,#9427);
#7323=LINE('',#9428,#9429);
#7324=FILL_AREA_STYLE_COLOUR('',#9430);
#7325=VERTEX_POINT('',#9431);
#7326=LINE('',#9432,#9433);
#7327=LINE('',#9434,#9435);
#7328=FILL_AREA_STYLE_COLOUR('',#9436);
#7329=VERTEX_POINT('',#9437);
#7330=LINE('',#9438,#9439);
#7331=LINE('',#9440,#9441);
#7332=FILL_AREA_STYLE_COLOUR('',#9442);
#7333=LINE('',#9443,#9444);
#7334=FILL_AREA_STYLE_COLOUR('',#9445);
#7335=VERTEX_POINT('',#9446);
#7336=LINE('',#9447,#9448);
#7337=LINE('',#9449,#9450);
#7338=FILL_AREA_STYLE_COLOUR('',#9451);
#7339=LINE('',#9452,#9453);
#7340=FILL_AREA_STYLE_COLOUR('',#9454);
#7341=LINE('',#9455,#9456);
#7342=VERTEX_POINT('',#9457);
#7343=LINE('',#9458,#9459);
#7344=LINE('',#9460,#9461);
#7345=FILL_AREA_STYLE_COLOUR('',#9462);
#7346=LINE('',#9463,#9464);
#7347=FILL_AREA_STYLE_COLOUR('',#9465);
#7348=LINE('',#9466,#9467);
#7349=FILL_AREA_STYLE_COLOUR('',#9468);
#7350=FILL_AREA_STYLE_COLOUR('',#9469);
#7351=LINE('',#9470,#9471);
#7352=FILL_AREA_STYLE_COLOUR('',#9472);
#7353=LINE('',#9473,#9474);
#7354=FILL_AREA_STYLE_COLOUR('',#9475);
#7355=LINE('',#9476,#9477);
#7356=FILL_AREA_STYLE_COLOUR('',#9478);
#7357=LINE('',#9479,#9480);
#7358=FILL_AREA_STYLE_COLOUR('',#9481);
#7359=LINE('',#9482,#9483);
#7360=FILL_AREA_STYLE_COLOUR('',#9484);
#7361=FILL_AREA_STYLE_COLOUR('',#9485);
#7362=FILL_AREA_STYLE_COLOUR('',#9486);
#7363=FILL_AREA_STYLE_COLOUR('',#9487);
#7364=COLOUR_RGB('',0.168627455830574,0.168627455830574,0.168627455830574);
#7365=CARTESIAN_POINT('',(-0.75,-0.65,2.7));
#7366=CARTESIAN_POINT('',(-0.6,-0.5,2.7));
#7367=CARTESIAN_POINT('',(-0.675,-0.575,2.7));
#7368=VECTOR('',#9488,1.0);
#7369=CARTESIAN_POINT('',(-1.15,-0.65,2.7));
#7370=AXIS2_PLACEMENT_3D('',#9489,#9490,#9491);
#7371=CARTESIAN_POINT('',(-1.3,-0.5,2.7));
#7372=CARTESIAN_POINT('',(-1.225,-0.575,2.7));
#7373=VECTOR('',#9492,1.0);
#7374=AXIS2_PLACEMENT_3D('',#9493,#9494,#9495);
#7375=COLOUR_RGB('',0.168627455830574,0.168627455830574,0.168627455830574);
#7376=CARTESIAN_POINT('',(-0.6,0.3,2.7));
#7377=CARTESIAN_POINT('',(-0.6,-0.0250000000000001,2.7));
#7378=VECTOR('',#9496,1.0);
#7379=CARTESIAN_POINT('',(-1.3,0.3,2.7));
#7380=CARTESIAN_POINT('',(-1.3,-0.0250000000000001,2.7));
#7381=VECTOR('',#9497,1.0);
#7382=AXIS2_PLACEMENT_3D('',#9498,#9499,#9500);
#7383=COLOUR_RGB('',0.168627455830574,0.168627455830574,0.168627455830574);
#7384=CARTESIAN_POINT('',(7.4,-0.65,2.7));
#7385=CARTESIAN_POINT('',(7.55,-0.5,2.7));
#7386=CARTESIAN_POINT('',(7.475,-0.575,2.7));
#7387=VECTOR('',#9501,1.0);
#7388=CARTESIAN_POINT('',(7.0,-0.65,2.7));
#7389=AXIS2_PLACEMENT_3D('',#9502,#9503,#9504);
#7390=CARTESIAN_POINT('',(6.85,-0.5,2.7));
#7391=CARTESIAN_POINT('',(6.925,-0.575,2.7));
#7392=VECTOR('',#9505,1.0);
#7393=AXIS2_PLACEMENT_3D('',#9506,#9507,#9508);
#7394=COLOUR_RGB('',0.168627455830574,0.168627455830574,0.168627455830574);
#7395=CARTESIAN_POINT('',(7.55,0.3,2.7));
#7396=CARTESIAN_POINT('',(7.55,-0.0250000000000001,2.7));
#7397=VECTOR('',#9509,1.0);
#7398=CARTESIAN_POINT('',(6.85,0.3,2.7));
#7399=CARTESIAN_POINT('',(6.85,-0.0250000000000001,2.7));
#7400=VECTOR('',#9510,1.0);
#7401=AXIS2_PLACEMENT_3D('',#9511,#9512,#9513);
#7402=COLOUR_RGB('',0.607843160629272,0.607843160629272,0.607843160629272);
#7403=CARTESIAN_POINT('',(6.075,0.3,0.125));
#7404=CARTESIAN_POINT('',(6.075,0.3,0.175));
#7405=CARTESIAN_POINT('',(6.075,0.3,0.494099197665937));
#7406=VECTOR('',#9514,1.0);
#7407=CARTESIAN_POINT('',(6.075,1.51499906500381,0.125));
#7408=CARTESIAN_POINT('',(6.075,0.956295550031176,0.125));
#7409=VECTOR('',#9515,1.0);
#7410=CARTESIAN_POINT('',(6.075,1.02510111644717,-0.175));
#7411=AXIS2_PLACEMENT_3D('',#9516,#9517,#9518);
#7412=CARTESIAN_POINT('',(6.075,-1.69986498452963,-0.175));
#7413=CARTESIAN_POINT('',(6.075,-0.174998662789853,-0.175));
#7414=VECTOR('',#9519,1.0);
#7415=CARTESIAN_POINT('',(6.075,-1.69986498452963,0.175));
#7416=CARTESIAN_POINT('',(6.075,-1.69986498452963,-0.8));
#7417=VECTOR('',#9520,1.0);
#7418=CARTESIAN_POINT('',(6.075,-0.0469117782153432,0.175));
#7419=VECTOR('',#9521,1.0);
#7420=COLOUR_RGB('',0.607843160629272,0.607843160629272,0.607843160629272);
#7421=CARTESIAN_POINT('',(6.425,1.51499906500381,0.125));
#7422=CARTESIAN_POINT('',(6.25,1.51499906500381,0.125));
#7423=VECTOR('',#9522,1.0);
#7424=CARTESIAN_POINT('',(6.425,1.02510111644717,-0.175));
#7425=AXIS2_PLACEMENT_3D('',#9523,#9524,#9525);
#7426=CARTESIAN_POINT('',(6.04,1.02510111644717,-0.175));
#7427=VECTOR('',#9526,1.0);
#7428=COLOUR_RGB('',0.607843160629272,0.607843160629272,0.607843160629272);
#7429=CARTESIAN_POINT('',(6.33191489351052,-2.25816060994682,0.0819501712424315));
#7430=CARTESIAN_POINT('',(6.42496472226809,-1.70027796773123,0.175));
#7431=CARTESIAN_POINT('',(6.34179608713728,-2.19891765934342,0.0918313648691897));
#7432=VECTOR('',#9527,1.0);
#7433=CARTESIAN_POINT('',(6.07506880485057,-1.70027796773123,0.175));
#7434=CARTESIAN_POINT('',(6.04,-1.70027796773123,0.175));
#7435=VECTOR('',#9528,1.0);
#7436=CARTESIAN_POINT('',(6.16801455102568,-2.25816060994682,0.0819501712424315));
#7437=CARTESIAN_POINT('',(6.15261036710468,-2.16570100656881,0.0973716050894308));
#7438=VECTOR('',#9529,1.0);
#7439=CARTESIAN_POINT('',(6.04,-2.25816060994682,0.0819501712424315));
#7440=VECTOR('',#9530,1.0);
#7441=COLOUR_RGB('',0.607843160629272,0.607843160629272,0.607843160629272);
#7442=CARTESIAN_POINT('',(6.425,0.3,0.175));
#7443=CARTESIAN_POINT('',(4.5825,0.3,0.175));
#7444=VECTOR('',#9531,1.0);
#7445=CARTESIAN_POINT('',(5.98707770341505,-1.17213429058196,0.175));
#7446=VECTOR('',#9532,1.0);
#7447=CARTESIAN_POINT('',(6.425,-1.70006645918196,0.175));
#7448=CARTESIAN_POINT('',(6.50735413523289,-1.20631012266244,0.175));
#7449=VECTOR('',#9533,1.0);
#7450=CARTESIAN_POINT('',(6.425,-0.0469621468784263,0.175));
#7451=VECTOR('',#9534,1.0);
#7452=COLOUR_RGB('',0.607843160629272,0.607843160629272,0.607843160629272);
#7453=CARTESIAN_POINT('',(6.32493645793076,-2.3,0.0326319020229183));
#7454=AXIS2_PLACEMENT_3D('',#9535,#9536,#9537);
#7455=CARTESIAN_POINT('',(6.17498518074909,-2.3,0.0326319020229182));
#7456=AXIS2_PLACEMENT_3D('',#9538,#9539,#9540);
#7457=CARTESIAN_POINT('',(6.04,-2.3,0.0326319020229182));
#7458=VECTOR('',#9541,1.0);
#7459=COLOUR_RGB('',0.607843160629272,0.607843160629272,0.607843160629272);
#7460=CARTESIAN_POINT('',(6.32493645793076,-2.3,-0.0326319020229182));
#7461=CARTESIAN_POINT('',(6.32493645793076,-2.3,-0.4));
#7462=VECTOR('',#9542,1.0);
#7463=CARTESIAN_POINT('',(6.17498518074909,-2.3,-0.0326319020229183));
#7464=CARTESIAN_POINT('',(6.17498518074909,-2.3,-0.4));
#7465=VECTOR('',#9543,1.0);
#7466=CARTESIAN_POINT('',(6.04,-2.3,-0.0326319020229183));
#7467=VECTOR('',#9544,1.0);
#7468=COLOUR_RGB('',0.607843160629272,0.607843160629272,0.607843160629272);
#7469=CARTESIAN_POINT('',(6.33191489351052,-2.25816060994682,-0.081950171242409));
#7470=AXIS2_PLACEMENT_3D('',#9545,#9546,#9547);
#7471=CARTESIAN_POINT('',(6.16801455102568,-2.25816060994682,-0.081950171242409));
#7472=AXIS2_PLACEMENT_3D('',#9548,#9549,#9550);
#7473=CARTESIAN_POINT('',(6.04,-2.25816060994682,-0.081950171242409));
#7474=VECTOR('',#9551,1.0);
#7475=COLOUR_RGB('',0.607843160629272,0.607843160629272,0.607843160629272);
#7476=CARTESIAN_POINT('',(6.425,-1.70006645918196,-0.175));
#7477=CARTESIAN_POINT('',(6.42496472226808,-1.70027796773129,-0.175));
#7478=CARTESIAN_POINT('',(6.4865686272305,-1.33093017064103,-0.175));
#7479=VECTOR('',#9552,1.0);
#7480=CARTESIAN_POINT('',(6.07506880485058,-1.70027796773129,-0.175));
#7481=CARTESIAN_POINT('',(6.04,-1.70027796773129,-0.175));
#7482=VECTOR('',#9553,1.0);
#7483=CARTESIAN_POINT('',(6.00784121795652,-1.2967618806629,-0.175));
#7484=VECTOR('',#9554,1.0);
#7485=CARTESIAN_POINT('',(6.425,-0.175049031452937,-0.175));
#7486=VECTOR('',#9555,1.0);
#7487=COLOUR_RGB('',0.607843160629272,0.607843160629272,0.607843160629272);
#7488=CARTESIAN_POINT('',(6.36287849554094,-2.07251753737065,-0.112913773272838));
#7489=VECTOR('',#9556,1.0);
#7490=CARTESIAN_POINT('',(6.13155029990555,-2.03929343637025,-0.118455255790441));
#7491=VECTOR('',#9557,1.0);
#7492=COLOUR_RGB('',0.607843160629272,0.607843160629272,0.607843160629272);
#7493=CARTESIAN_POINT('',(6.425,0.3,0.125));
#7494=CARTESIAN_POINT('',(6.425,0.3,0.494099197665937));
#7495=VECTOR('',#9558,1.0);
#7496=CARTESIAN_POINT('',(6.425,-1.70006645918196,-0.8));
#7497=VECTOR('',#9559,1.0);
#7498=CARTESIAN_POINT('',(6.425,0.956245181368092,0.125));
#7499=VECTOR('',#9560,1.0);
#7500=COLOUR_RGB('',0.607843160629272,0.607843160629272,0.607843160629272);
#7501=COLOUR_RGB('',0.607843160629272,0.607843160629272,0.607843160629272);
#7502=COLOUR_RGB('',0.168627455830574,0.168627455830574,0.168627455830574);
#7503=AXIS2_PLACEMENT_3D('',#9561,#9562,#9563);
#7504=AXIS2_PLACEMENT_3D('',#9564,#9565,#9566);
#7505=CARTESIAN_POINT('',(7.075,0.3,0.125));
#7506=CARTESIAN_POINT('',(3.125,0.3,0.125));
#7507=VECTOR('',#9567,1.0);
#7508=CARTESIAN_POINT('',(7.075,0.3,0.765));
#7509=CARTESIAN_POINT('',(7.075,0.3,0.765));
#7510=VECTOR('',#9568,1.0);
#7511=CARTESIAN_POINT('',(7.825,0.3,0.765));
#7512=CARTESIAN_POINT('',(7.925,0.3,0.765));
#7513=VECTOR('',#9569,1.0);
#7514=CARTESIAN_POINT('',(7.825,0.3,3.775));
#7515=CARTESIAN_POINT('',(7.825,0.3,0.806599197665937));
#7516=VECTOR('',#9570,1.0);
#7517=CARTESIAN_POINT('',(-1.575,0.3,3.775));
#7518=CARTESIAN_POINT('',(-1.675,0.3,3.775));
#7519=VECTOR('',#9571,1.0);
#7520=CARTESIAN_POINT('',(-1.575,0.3,0.765));
#7521=CARTESIAN_POINT('',(-1.575,0.3,0.806599197665937));
#7522=VECTOR('',#9572,1.0);
#7523=CARTESIAN_POINT('',(-0.825,0.3,0.765));
#7524=CARTESIAN_POINT('',(-0.825,0.3,0.765));
#7525=VECTOR('',#9573,1.0);
#7526=CARTESIAN_POINT('',(-0.825,0.3,0.125));
#7527=CARTESIAN_POINT('',(-0.825,0.3,-0.335));
#7528=VECTOR('',#9574,1.0);
#7529=CARTESIAN_POINT('',(-0.175,0.3,0.125));
#7530=CARTESIAN_POINT('',(3.125,0.3,0.125));
#7531=VECTOR('',#9575,1.0);
#7532=CARTESIAN_POINT('',(-0.175,0.3,0.175));
#7533=CARTESIAN_POINT('',(-0.175,0.3,0.494099197665937));
#7534=VECTOR('',#9576,1.0);
#7535=CARTESIAN_POINT('',(0.175,0.3,0.175));
#7536=CARTESIAN_POINT('',(1.4575,0.3,0.175));
#7537=VECTOR('',#9577,1.0);
#7538=CARTESIAN_POINT('',(0.175,0.3,0.125));
#7539=CARTESIAN_POINT('',(0.175,0.3,0.494099197665937));
#7540=VECTOR('',#9578,1.0);
#7541=CARTESIAN_POINT('',(1.075,0.3,0.125));
#7542=CARTESIAN_POINT('',(3.125,0.3,0.125));
#7543=VECTOR('',#9579,1.0);
#7544=CARTESIAN_POINT('',(1.075,0.3,0.175));
#7545=CARTESIAN_POINT('',(1.075,0.3,0.494099197665937));
#7546=VECTOR('',#9580,1.0);
#7547=CARTESIAN_POINT('',(1.425,0.3,0.175));
#7548=CARTESIAN_POINT('',(2.0825,0.3,0.175));
#7549=VECTOR('',#9581,1.0);
#7550=CARTESIAN_POINT('',(1.425,0.3,0.125));
#7551=CARTESIAN_POINT('',(1.425,0.3,0.494099197665937));
#7552=VECTOR('',#9582,1.0);
#7553=CARTESIAN_POINT('',(2.325,0.3,0.125));
#7554=CARTESIAN_POINT('',(3.125,0.3,0.125));
#7555=VECTOR('',#9583,1.0);
#7556=CARTESIAN_POINT('',(2.325,0.3,0.175));
#7557=CARTESIAN_POINT('',(2.325,0.3,0.494099197665937));
#7558=VECTOR('',#9584,1.0);
#7559=CARTESIAN_POINT('',(2.675,0.3,0.175));
#7560=CARTESIAN_POINT('',(2.7075,0.3,0.175));
#7561=VECTOR('',#9585,1.0);
#7562=CARTESIAN_POINT('',(2.675,0.3,0.125));
#7563=CARTESIAN_POINT('',(2.675,0.3,0.494099197665937));
#7564=VECTOR('',#9586,1.0);
#7565=CARTESIAN_POINT('',(3.575,0.3,0.125));
#7566=CARTESIAN_POINT('',(3.125,0.3,0.125));
#7567=VECTOR('',#9587,1.0);
#7568=CARTESIAN_POINT('',(3.575,0.3,0.175));
#7569=CARTESIAN_POINT('',(3.575,0.3,0.494099197665937));
#7570=VECTOR('',#9588,1.0);
#7571=CARTESIAN_POINT('',(3.925,0.3,0.175));
#7572=CARTESIAN_POINT('',(3.3325,0.3,0.175));
#7573=VECTOR('',#9589,1.0);
#7574=CARTESIAN_POINT('',(3.925,0.3,0.125));
#7575=CARTESIAN_POINT('',(3.925,0.3,0.494099197665937));
#7576=VECTOR('',#9590,1.0);
#7577=CARTESIAN_POINT('',(4.825,0.3,0.125));
#7578=CARTESIAN_POINT('',(3.125,0.3,0.125));
#7579=VECTOR('',#9591,1.0);
#7580=CARTESIAN_POINT('',(4.825,0.3,0.175));
#7581=CARTESIAN_POINT('',(4.825,0.3,0.494099197665937));
#7582=VECTOR('',#9592,1.0);
#7583=CARTESIAN_POINT('',(5.175,0.3,0.175));
#7584=CARTESIAN_POINT('',(3.9575,0.3,0.175));
#7585=VECTOR('',#9593,1.0);
#7586=CARTESIAN_POINT('',(5.175,0.3,0.125));
#7587=CARTESIAN_POINT('',(5.175,0.3,0.494099197665937));
#7588=VECTOR('',#9594,1.0);
#7589=CARTESIAN_POINT('',(3.125,0.3,0.125));
#7590=VECTOR('',#9595,1.0);
#7591=COLOUR_RGB('',0.607843160629272,0.607843160629272,0.607843160629272);
#7592=CARTESIAN_POINT('',(4.825,1.51499906500381,0.125));
#7593=CARTESIAN_POINT('',(4.825,0.956295550031176,0.125));
#7594=VECTOR('',#9596,1.0);
#7595=CARTESIAN_POINT('',(4.825,1.02510111644717,-0.175));
#7596=AXIS2_PLACEMENT_3D('',#9597,#9598,#9599);
#7597=CARTESIAN_POINT('',(4.825,-1.69986498452963,-0.175));
#7598=CARTESIAN_POINT('',(4.825,-0.174998662789853,-0.175));
#7599=VECTOR('',#9600,1.0);
#7600=CARTESIAN_POINT('',(4.825,-1.69986498452963,0.175));
#7601=CARTESIAN_POINT('',(4.825,-1.69986498452963,-0.8));
#7602=VECTOR('',#9601,1.0);
#7603=CARTESIAN_POINT('',(4.825,-0.0469117782153432,0.175));
#7604=VECTOR('',#9602,1.0);
#7605=COLOUR_RGB('',0.607843160629272,0.607843160629272,0.607843160629272);
#7606=CARTESIAN_POINT('',(5.175,1.51499906500381,0.125));
#7607=CARTESIAN_POINT('',(5.0,1.51499906500381,0.125));
#7608=VECTOR('',#9603,1.0);
#7609=CARTESIAN_POINT('',(5.175,1.02510111644717,-0.175));
#7610=AXIS2_PLACEMENT_3D('',#9604,#9605,#9606);
#7611=CARTESIAN_POINT('',(4.79,1.02510111644717,-0.175));
#7612=VECTOR('',#9607,1.0);
#7613=COLOUR_RGB('',0.607843160629272,0.607843160629272,0.607843160629272);
#7614=CARTESIAN_POINT('',(5.08191489351052,-2.25816060994682,0.0819501712424315));
#7615=CARTESIAN_POINT('',(5.17496472226809,-1.70027796773123,0.175));
#7616=CARTESIAN_POINT('',(5.09179608713728,-2.19891765934342,0.0918313648691897));
#7617=VECTOR('',#9608,1.0);
#7618=CARTESIAN_POINT('',(4.82506880485057,-1.70027796773123,0.175));
#7619=CARTESIAN_POINT('',(4.79,-1.70027796773123,0.175));
#7620=VECTOR('',#9609,1.0);
#7621=CARTESIAN_POINT('',(4.91801455102568,-2.25816060994682,0.0819501712424315));
#7622=CARTESIAN_POINT('',(4.90261036710468,-2.16570100656881,0.0973716050894308));
#7623=VECTOR('',#9610,1.0);
#7624=CARTESIAN_POINT('',(4.79,-2.25816060994682,0.0819501712424315));
#7625=VECTOR('',#9611,1.0);
#7626=COLOUR_RGB('',0.607843160629272,0.607843160629272,0.607843160629272);
#7627=CARTESIAN_POINT('',(4.73707770341505,-1.17213429058196,0.175));
#7628=VECTOR('',#9612,1.0);
#7629=CARTESIAN_POINT('',(5.175,-1.70006645918196,0.175));
#7630=CARTESIAN_POINT('',(5.25735413523289,-1.20631012266244,0.175));
#7631=VECTOR('',#9613,1.0);
#7632=CARTESIAN_POINT('',(5.175,-0.0469621468784263,0.175));
#7633=VECTOR('',#9614,1.0);
#7634=COLOUR_RGB('',0.607843160629272,0.607843160629272,0.607843160629272);
#7635=CARTESIAN_POINT('',(5.07493645793076,-2.3,0.0326319020229183));
#7636=AXIS2_PLACEMENT_3D('',#9615,#9616,#9617);
#7637=CARTESIAN_POINT('',(4.92498518074909,-2.3,0.0326319020229182));
#7638=AXIS2_PLACEMENT_3D('',#9618,#9619,#9620);
#7639=CARTESIAN_POINT('',(4.79,-2.3,0.0326319020229182));
#7640=VECTOR('',#9621,1.0);
#7641=COLOUR_RGB('',0.607843160629272,0.607843160629272,0.607843160629272);
#7642=CARTESIAN_POINT('',(5.07493645793076,-2.3,-0.0326319020229182));
#7643=CARTESIAN_POINT('',(5.07493645793076,-2.3,-0.4));
#7644=VECTOR('',#9622,1.0);
#7645=CARTESIAN_POINT('',(4.92498518074909,-2.3,-0.0326319020229183));
#7646=CARTESIAN_POINT('',(4.92498518074909,-2.3,-0.4));
#7647=VECTOR('',#9623,1.0);
#7648=CARTESIAN_POINT('',(4.79,-2.3,-0.0326319020229183));
#7649=VECTOR('',#9624,1.0);
#7650=COLOUR_RGB('',0.607843160629272,0.607843160629272,0.607843160629272);
#7651=CARTESIAN_POINT('',(5.08191489351052,-2.25816060994682,-0.081950171242409));
#7652=AXIS2_PLACEMENT_3D('',#9625,#9626,#9627);
#7653=CARTESIAN_POINT('',(4.91801455102568,-2.25816060994682,-0.081950171242409));
#7654=AXIS2_PLACEMENT_3D('',#9628,#9629,#9630);
#7655=CARTESIAN_POINT('',(4.79,-2.25816060994682,-0.081950171242409));
#7656=VECTOR('',#9631,1.0);
#7657=COLOUR_RGB('',0.607843160629272,0.607843160629272,0.607843160629272);
#7658=CARTESIAN_POINT('',(5.175,-1.70006645918196,-0.175));
#7659=CARTESIAN_POINT('',(5.17496472226808,-1.70027796773129,-0.175));
#7660=CARTESIAN_POINT('',(5.2365686272305,-1.33093017064103,-0.175));
#7661=VECTOR('',#9632,1.0);
#7662=CARTESIAN_POINT('',(4.82506880485058,-1.70027796773129,-0.175));
#7663=CARTESIAN_POINT('',(4.79,-1.70027796773129,-0.175));
#7664=VECTOR('',#9633,1.0);
#7665=CARTESIAN_POINT('',(4.75784121795652,-1.2967618806629,-0.175));
#7666=VECTOR('',#9634,1.0);
#7667=CARTESIAN_POINT('',(5.175,-0.175049031452937,-0.175));
#7668=VECTOR('',#9635,1.0);
#7669=COLOUR_RGB('',0.607843160629272,0.607843160629272,0.607843160629272);
#7670=CARTESIAN_POINT('',(5.11287849554094,-2.07251753737065,-0.112913773272838));
#7671=VECTOR('',#9636,1.0);
#7672=CARTESIAN_POINT('',(4.88155029990555,-2.03929343637025,-0.118455255790441));
#7673=VECTOR('',#9637,1.0);
#7674=COLOUR_RGB('',0.607843160629272,0.607843160629272,0.607843160629272);
#7675=CARTESIAN_POINT('',(5.175,-1.70006645918196,-0.8));
#7676=VECTOR('',#9638,1.0);
#7677=CARTESIAN_POINT('',(5.175,0.956245181368092,0.125));
#7678=VECTOR('',#9639,1.0);
#7679=COLOUR_RGB('',0.607843160629272,0.607843160629272,0.607843160629272);
#7680=COLOUR_RGB('',0.607843160629272,0.607843160629272,0.607843160629272);
#7681=COLOUR_RGB('',0.607843160629272,0.607843160629272,0.607843160629272);
#7682=CARTESIAN_POINT('',(3.575,1.51499906500381,0.125));
#7683=CARTESIAN_POINT('',(3.575,0.956295550031176,0.125));
#7684=VECTOR('',#9640,1.0);
#7685=CARTESIAN_POINT('',(3.575,1.02510111644717,-0.175));
#7686=AXIS2_PLACEMENT_3D('',#9641,#9642,#9643);
#7687=CARTESIAN_POINT('',(3.575,-1.69986498452963,-0.175));
#7688=CARTESIAN_POINT('',(3.575,-0.174998662789853,-0.175));
#7689=VECTOR('',#9644,1.0);
#7690=CARTESIAN_POINT('',(3.575,-1.69986498452963,0.175));
#7691=CARTESIAN_POINT('',(3.575,-1.69986498452963,-0.8));
#7692=VECTOR('',#9645,1.0);
#7693=CARTESIAN_POINT('',(3.575,-0.0469117782153432,0.175));
#7694=VECTOR('',#9646,1.0);
#7695=COLOUR_RGB('',0.607843160629272,0.607843160629272,0.607843160629272);
#7696=CARTESIAN_POINT('',(3.925,1.51499906500381,0.125));
#7697=CARTESIAN_POINT('',(3.75,1.51499906500381,0.125));
#7698=VECTOR('',#9647,1.0);
#7699=CARTESIAN_POINT('',(3.925,1.02510111644717,-0.175));
#7700=AXIS2_PLACEMENT_3D('',#9648,#9649,#9650);
#7701=CARTESIAN_POINT('',(3.54,1.02510111644717,-0.175));
#7702=VECTOR('',#9651,1.0);
#7703=COLOUR_RGB('',0.607843160629272,0.607843160629272,0.607843160629272);
#7704=CARTESIAN_POINT('',(3.83191489351052,-2.25816060994682,0.0819501712424315));
#7705=CARTESIAN_POINT('',(3.92496472226809,-1.70027796773123,0.175));
#7706=CARTESIAN_POINT('',(3.84179608713728,-2.19891765934342,0.0918313648691897));
#7707=VECTOR('',#9652,1.0);
#7708=CARTESIAN_POINT('',(3.57506880485057,-1.70027796773123,0.175));
#7709=CARTESIAN_POINT('',(3.54,-1.70027796773123,0.175));
#7710=VECTOR('',#9653,1.0);
#7711=CARTESIAN_POINT('',(3.66801455102568,-2.25816060994682,0.0819501712424315));
#7712=CARTESIAN_POINT('',(3.65261036710468,-2.16570100656881,0.0973716050894308));
#7713=VECTOR('',#9654,1.0);
#7714=CARTESIAN_POINT('',(3.54,-2.25816060994682,0.0819501712424315));
#7715=VECTOR('',#9655,1.0);
#7716=COLOUR_RGB('',0.607843160629272,0.607843160629272,0.607843160629272);
#7717=CARTESIAN_POINT('',(3.48707770341505,-1.17213429058196,0.175));
#7718=VECTOR('',#9656,1.0);
#7719=CARTESIAN_POINT('',(3.925,-1.70006645918196,0.175));
#7720=CARTESIAN_POINT('',(4.00735413523289,-1.20631012266244,0.175));
#7721=VECTOR('',#9657,1.0);
#7722=CARTESIAN_POINT('',(3.925,-0.0469621468784263,0.175));
#7723=VECTOR('',#9658,1.0);
#7724=COLOUR_RGB('',0.607843160629272,0.607843160629272,0.607843160629272);
#7725=CARTESIAN_POINT('',(3.82493645793076,-2.3,0.0326319020229183));
#7726=AXIS2_PLACEMENT_3D('',#9659,#9660,#9661);
#7727=CARTESIAN_POINT('',(3.67498518074909,-2.3,0.0326319020229182));
#7728=AXIS2_PLACEMENT_3D('',#9662,#9663,#9664);
#7729=CARTESIAN_POINT('',(3.54,-2.3,0.0326319020229182));
#7730=VECTOR('',#9665,1.0);
#7731=COLOUR_RGB('',0.607843160629272,0.607843160629272,0.607843160629272);
#7732=CARTESIAN_POINT('',(3.82493645793076,-2.3,-0.0326319020229182));
#7733=CARTESIAN_POINT('',(3.82493645793076,-2.3,-0.4));
#7734=VECTOR('',#9666,1.0);
#7735=CARTESIAN_POINT('',(3.67498518074909,-2.3,-0.0326319020229183));
#7736=CARTESIAN_POINT('',(3.67498518074909,-2.3,-0.4));
#7737=VECTOR('',#9667,1.0);
#7738=CARTESIAN_POINT('',(3.54,-2.3,-0.0326319020229183));
#7739=VECTOR('',#9668,1.0);
#7740=COLOUR_RGB('',0.607843160629272,0.607843160629272,0.607843160629272);
#7741=CARTESIAN_POINT('',(3.83191489351052,-2.25816060994682,-0.081950171242409));
#7742=AXIS2_PLACEMENT_3D('',#9669,#9670,#9671);
#7743=CARTESIAN_POINT('',(3.66801455102568,-2.25816060994682,-0.081950171242409));
#7744=AXIS2_PLACEMENT_3D('',#9672,#9673,#9674);
#7745=CARTESIAN_POINT('',(3.54,-2.25816060994682,-0.081950171242409));
#7746=VECTOR('',#9675,1.0);
#7747=COLOUR_RGB('',0.607843160629272,0.607843160629272,0.607843160629272);
#7748=CARTESIAN_POINT('',(3.925,-1.70006645918196,-0.175));
#7749=CARTESIAN_POINT('',(3.92496472226808,-1.70027796773129,-0.175));
#7750=CARTESIAN_POINT('',(3.9865686272305,-1.33093017064103,-0.175));
#7751=VECTOR('',#9676,1.0);
#7752=CARTESIAN_POINT('',(3.57506880485058,-1.70027796773129,-0.175));
#7753=CARTESIAN_POINT('',(3.54,-1.70027796773129,-0.175));
#7754=VECTOR('',#9677,1.0);
#7755=CARTESIAN_POINT('',(3.50784121795652,-1.2967618806629,-0.175));
#7756=VECTOR('',#9678,1.0);
#7757=CARTESIAN_POINT('',(3.925,-0.175049031452937,-0.175));
#7758=VECTOR('',#9679,1.0);
#7759=COLOUR_RGB('',0.607843160629272,0.607843160629272,0.607843160629272);
#7760=CARTESIAN_POINT('',(3.86287849554094,-2.07251753737065,-0.112913773272838));
#7761=VECTOR('',#9680,1.0);
#7762=CARTESIAN_POINT('',(3.63155029990555,-2.03929343637025,-0.118455255790441));
#7763=VECTOR('',#9681,1.0);
#7764=COLOUR_RGB('',0.607843160629272,0.607843160629272,0.607843160629272);
#7765=CARTESIAN_POINT('',(3.925,-1.70006645918196,-0.8));
#7766=VECTOR('',#9682,1.0);
#7767=CARTESIAN_POINT('',(3.925,0.956245181368092,0.125));
#7768=VECTOR('',#9683,1.0);
#7769=COLOUR_RGB('',0.607843160629272,0.607843160629272,0.607843160629272);
#7770=COLOUR_RGB('',0.607843160629272,0.607843160629272,0.607843160629272);
#7771=COLOUR_RGB('',0.607843160629272,0.607843160629272,0.607843160629272);
#7772=CARTESIAN_POINT('',(2.325,1.51499906500381,0.125));
#7773=CARTESIAN_POINT('',(2.325,0.956295550031176,0.125));
#7774=VECTOR('',#9684,1.0);
#7775=CARTESIAN_POINT('',(2.325,1.02510111644717,-0.175));
#7776=AXIS2_PLACEMENT_3D('',#9685,#9686,#9687);
#7777=CARTESIAN_POINT('',(2.325,-1.69986498452963,-0.175));
#7778=CARTESIAN_POINT('',(2.325,-0.174998662789853,-0.175));
#7779=VECTOR('',#9688,1.0);
#7780=CARTESIAN_POINT('',(2.325,-1.69986498452963,0.175));
#7781=CARTESIAN_POINT('',(2.325,-1.69986498452963,-0.8));
#7782=VECTOR('',#9689,1.0);
#7783=CARTESIAN_POINT('',(2.325,-0.0469117782153432,0.175));
#7784=VECTOR('',#9690,1.0);
#7785=COLOUR_RGB('',0.607843160629272,0.607843160629272,0.607843160629272);
#7786=CARTESIAN_POINT('',(2.675,1.51499906500381,0.125));
#7787=CARTESIAN_POINT('',(2.5,1.51499906500381,0.125));
#7788=VECTOR('',#9691,1.0);
#7789=CARTESIAN_POINT('',(2.675,1.02510111644717,-0.175));
#7790=AXIS2_PLACEMENT_3D('',#9692,#9693,#9694);
#7791=CARTESIAN_POINT('',(2.29,1.02510111644717,-0.175));
#7792=VECTOR('',#9695,1.0);
#7793=COLOUR_RGB('',0.607843160629272,0.607843160629272,0.607843160629272);
#7794=CARTESIAN_POINT('',(2.58191489351052,-2.25816060994682,0.0819501712424315));
#7795=CARTESIAN_POINT('',(2.67496472226809,-1.70027796773123,0.175));
#7796=CARTESIAN_POINT('',(2.59179608713728,-2.19891765934342,0.0918313648691897));
#7797=VECTOR('',#9696,1.0);
#7798=CARTESIAN_POINT('',(2.32506880485057,-1.70027796773123,0.175));
#7799=CARTESIAN_POINT('',(2.29,-1.70027796773123,0.175));
#7800=VECTOR('',#9697,1.0);
#7801=CARTESIAN_POINT('',(2.41801455102568,-2.25816060994682,0.0819501712424315));
#7802=CARTESIAN_POINT('',(2.40261036710468,-2.16570100656881,0.0973716050894308));
#7803=VECTOR('',#9698,1.0);
#7804=CARTESIAN_POINT('',(2.29,-2.25816060994682,0.0819501712424315));
#7805=VECTOR('',#9699,1.0);
#7806=COLOUR_RGB('',0.607843160629272,0.607843160629272,0.607843160629272);
#7807=CARTESIAN_POINT('',(2.23707770341505,-1.17213429058196,0.175));
#7808=VECTOR('',#9700,1.0);
#7809=CARTESIAN_POINT('',(2.675,-1.70006645918196,0.175));
#7810=CARTESIAN_POINT('',(2.75735413523289,-1.20631012266244,0.175));
#7811=VECTOR('',#9701,1.0);
#7812=CARTESIAN_POINT('',(2.675,-0.0469621468784263,0.175));
#7813=VECTOR('',#9702,1.0);
#7814=COLOUR_RGB('',0.607843160629272,0.607843160629272,0.607843160629272);
#7815=CARTESIAN_POINT('',(2.57493645793076,-2.3,0.0326319020229183));
#7816=AXIS2_PLACEMENT_3D('',#9703,#9704,#9705);
#7817=CARTESIAN_POINT('',(2.42498518074909,-2.3,0.0326319020229182));
#7818=AXIS2_PLACEMENT_3D('',#9706,#9707,#9708);
#7819=CARTESIAN_POINT('',(2.29,-2.3,0.0326319020229182));
#7820=VECTOR('',#9709,1.0);
#7821=COLOUR_RGB('',0.607843160629272,0.607843160629272,0.607843160629272);
#7822=CARTESIAN_POINT('',(2.57493645793076,-2.3,-0.0326319020229182));
#7823=CARTESIAN_POINT('',(2.57493645793076,-2.3,-0.4));
#7824=VECTOR('',#9710,1.0);
#7825=CARTESIAN_POINT('',(2.42498518074909,-2.3,-0.0326319020229183));
#7826=CARTESIAN_POINT('',(2.42498518074909,-2.3,-0.4));
#7827=VECTOR('',#9711,1.0);
#7828=CARTESIAN_POINT('',(2.29,-2.3,-0.0326319020229183));
#7829=VECTOR('',#9712,1.0);
#7830=COLOUR_RGB('',0.607843160629272,0.607843160629272,0.607843160629272);
#7831=CARTESIAN_POINT('',(2.58191489351052,-2.25816060994682,-0.081950171242409));
#7832=AXIS2_PLACEMENT_3D('',#9713,#9714,#9715);
#7833=CARTESIAN_POINT('',(2.41801455102568,-2.25816060994682,-0.081950171242409));
#7834=AXIS2_PLACEMENT_3D('',#9716,#9717,#9718);
#7835=CARTESIAN_POINT('',(2.29,-2.25816060994682,-0.081950171242409));
#7836=VECTOR('',#9719,1.0);
#7837=COLOUR_RGB('',0.607843160629272,0.607843160629272,0.607843160629272);
#7838=CARTESIAN_POINT('',(2.675,-1.70006645918196,-0.175));
#7839=CARTESIAN_POINT('',(2.67496472226808,-1.70027796773129,-0.175));
#7840=CARTESIAN_POINT('',(2.7365686272305,-1.33093017064103,-0.175));
#7841=VECTOR('',#9720,1.0);
#7842=CARTESIAN_POINT('',(2.32506880485058,-1.70027796773129,-0.175));
#7843=CARTESIAN_POINT('',(2.29,-1.70027796773129,-0.175));
#7844=VECTOR('',#9721,1.0);
#7845=CARTESIAN_POINT('',(2.25784121795652,-1.2967618806629,-0.175));
#7846=VECTOR('',#9722,1.0);
#7847=CARTESIAN_POINT('',(2.675,-0.175049031452937,-0.175));
#7848=VECTOR('',#9723,1.0);
#7849=COLOUR_RGB('',0.607843160629272,0.607843160629272,0.607843160629272);
#7850=CARTESIAN_POINT('',(2.61287849554094,-2.07251753737065,-0.112913773272838));
#7851=VECTOR('',#9724,1.0);
#7852=CARTESIAN_POINT('',(2.38155029990555,-2.03929343637025,-0.118455255790441));
#7853=VECTOR('',#9725,1.0);
#7854=COLOUR_RGB('',0.607843160629272,0.607843160629272,0.607843160629272);
#7855=CARTESIAN_POINT('',(2.675,-1.70006645918196,-0.8));
#7856=VECTOR('',#9726,1.0);
#7857=CARTESIAN_POINT('',(2.675,0.956245181368092,0.125));
#7858=VECTOR('',#9727,1.0);
#7859=COLOUR_RGB('',0.607843160629272,0.607843160629272,0.607843160629272);
#7860=COLOUR_RGB('',0.607843160629272,0.607843160629272,0.607843160629272);
#7861=COLOUR_RGB('',0.607843160629272,0.607843160629272,0.607843160629272);
#7862=CARTESIAN_POINT('',(1.075,1.51499906500381,0.125));
#7863=CARTESIAN_POINT('',(1.075,0.956295550031176,0.125));
#7864=VECTOR('',#9728,1.0);
#7865=CARTESIAN_POINT('',(1.075,1.02510111644717,-0.175));
#7866=AXIS2_PLACEMENT_3D('',#9729,#9730,#9731);
#7867=CARTESIAN_POINT('',(1.075,-1.69986498452963,-0.175));
#7868=CARTESIAN_POINT('',(1.075,-0.174998662789853,-0.175));
#7869=VECTOR('',#9732,1.0);
#7870=CARTESIAN_POINT('',(1.075,-1.69986498452963,0.175));
#7871=CARTESIAN_POINT('',(1.075,-1.69986498452963,-0.8));
#7872=VECTOR('',#9733,1.0);
#7873=CARTESIAN_POINT('',(1.075,-0.0469117782153432,0.175));
#7874=VECTOR('',#9734,1.0);
#7875=COLOUR_RGB('',0.607843160629272,0.607843160629272,0.607843160629272);
#7876=CARTESIAN_POINT('',(1.425,1.51499906500381,0.125));
#7877=CARTESIAN_POINT('',(1.25,1.51499906500381,0.125));
#7878=VECTOR('',#9735,1.0);
#7879=CARTESIAN_POINT('',(1.425,1.02510111644717,-0.175));
#7880=AXIS2_PLACEMENT_3D('',#9736,#9737,#9738);
#7881=CARTESIAN_POINT('',(1.04,1.02510111644717,-0.175));
#7882=VECTOR('',#9739,1.0);
#7883=COLOUR_RGB('',0.607843160629272,0.607843160629272,0.607843160629272);
#7884=CARTESIAN_POINT('',(1.33191489351052,-2.25816060994682,0.0819501712424315));
#7885=CARTESIAN_POINT('',(1.42496472226809,-1.70027796773123,0.175));
#7886=CARTESIAN_POINT('',(1.34179608713728,-2.19891765934342,0.0918313648691897));
#7887=VECTOR('',#9740,1.0);
#7888=CARTESIAN_POINT('',(1.07506880485057,-1.70027796773123,0.175));
#7889=CARTESIAN_POINT('',(1.04,-1.70027796773123,0.175));
#7890=VECTOR('',#9741,1.0);
#7891=CARTESIAN_POINT('',(1.16801455102568,-2.25816060994682,0.0819501712424315));
#7892=CARTESIAN_POINT('',(1.15261036710468,-2.16570100656881,0.0973716050894308));
#7893=VECTOR('',#9742,1.0);
#7894=CARTESIAN_POINT('',(1.04,-2.25816060994682,0.0819501712424315));
#7895=VECTOR('',#9743,1.0);
#7896=COLOUR_RGB('',0.607843160629272,0.607843160629272,0.607843160629272);
#7897=CARTESIAN_POINT('',(0.987077703415046,-1.17213429058196,0.175));
#7898=VECTOR('',#9744,1.0);
#7899=CARTESIAN_POINT('',(1.425,-1.70006645918196,0.175));
#7900=CARTESIAN_POINT('',(1.50735413523289,-1.20631012266244,0.175));
#7901=VECTOR('',#9745,1.0);
#7902=CARTESIAN_POINT('',(1.425,-0.0469621468784263,0.175));
#7903=VECTOR('',#9746,1.0);
#7904=COLOUR_RGB('',0.607843160629272,0.607843160629272,0.607843160629272);
#7905=CARTESIAN_POINT('',(1.32493645793076,-2.3,0.0326319020229183));
#7906=AXIS2_PLACEMENT_3D('',#9747,#9748,#9749);
#7907=CARTESIAN_POINT('',(1.17498518074909,-2.3,0.0326319020229182));
#7908=AXIS2_PLACEMENT_3D('',#9750,#9751,#9752);
#7909=CARTESIAN_POINT('',(1.04,-2.3,0.0326319020229182));
#7910=VECTOR('',#9753,1.0);
#7911=COLOUR_RGB('',0.607843160629272,0.607843160629272,0.607843160629272);
#7912=CARTESIAN_POINT('',(1.32493645793076,-2.3,-0.0326319020229182));
#7913=CARTESIAN_POINT('',(1.32493645793076,-2.3,-0.4));
#7914=VECTOR('',#9754,1.0);
#7915=CARTESIAN_POINT('',(1.17498518074909,-2.3,-0.0326319020229183));
#7916=CARTESIAN_POINT('',(1.17498518074909,-2.3,-0.4));
#7917=VECTOR('',#9755,1.0);
#7918=CARTESIAN_POINT('',(1.04,-2.3,-0.0326319020229183));
#7919=VECTOR('',#9756,1.0);
#7920=COLOUR_RGB('',0.607843160629272,0.607843160629272,0.607843160629272);
#7921=CARTESIAN_POINT('',(1.33191489351052,-2.25816060994682,-0.081950171242409));
#7922=AXIS2_PLACEMENT_3D('',#9757,#9758,#9759);
#7923=CARTESIAN_POINT('',(1.16801455102568,-2.25816060994682,-0.081950171242409));
#7924=AXIS2_PLACEMENT_3D('',#9760,#9761,#9762);
#7925=CARTESIAN_POINT('',(1.04,-2.25816060994682,-0.081950171242409));
#7926=VECTOR('',#9763,1.0);
#7927=COLOUR_RGB('',0.607843160629272,0.607843160629272,0.607843160629272);
#7928=CARTESIAN_POINT('',(1.425,-1.70006645918196,-0.175));
#7929=CARTESIAN_POINT('',(1.42496472226808,-1.70027796773129,-0.175));
#7930=CARTESIAN_POINT('',(1.4865686272305,-1.33093017064103,-0.175));
#7931=VECTOR('',#9764,1.0);
#7932=CARTESIAN_POINT('',(1.07506880485058,-1.70027796773129,-0.175));
#7933=CARTESIAN_POINT('',(1.04,-1.70027796773129,-0.175));
#7934=VECTOR('',#9765,1.0);
#7935=CARTESIAN_POINT('',(1.00784121795652,-1.2967618806629,-0.175));
#7936=VECTOR('',#9766,1.0);
#7937=CARTESIAN_POINT('',(1.425,-0.175049031452937,-0.175));
#7938=VECTOR('',#9767,1.0);
#7939=COLOUR_RGB('',0.607843160629272,0.607843160629272,0.607843160629272);
#7940=CARTESIAN_POINT('',(1.36287849554094,-2.07251753737065,-0.112913773272838));
#7941=VECTOR('',#9768,1.0);
#7942=CARTESIAN_POINT('',(1.13155029990555,-2.03929343637025,-0.118455255790441));
#7943=VECTOR('',#9769,1.0);
#7944=COLOUR_RGB('',0.607843160629272,0.607843160629272,0.607843160629272);
#7945=CARTESIAN_POINT('',(1.425,-1.70006645918196,-0.8));
#7946=VECTOR('',#9770,1.0);
#7947=CARTESIAN_POINT('',(1.425,0.956245181368092,0.125));
#7948=VECTOR('',#9771,1.0);
#7949=COLOUR_RGB('',0.607843160629272,0.607843160629272,0.607843160629272);
#7950=COLOUR_RGB('',0.607843160629272,0.607843160629272,0.607843160629272);
#7951=COLOUR_RGB('',0.607843160629272,0.607843160629272,0.607843160629272);
#7952=CARTESIAN_POINT('',(-0.175,1.51499906500381,0.125));
#7953=CARTESIAN_POINT('',(-0.175,0.956295550031176,0.125));
#7954=VECTOR('',#9772,1.0);
#7955=CARTESIAN_POINT('',(-0.175,1.02510111644717,-0.175));
#7956=AXIS2_PLACEMENT_3D('',#9773,#9774,#9775);
#7957=CARTESIAN_POINT('',(-0.175,-1.69986498452963,-0.175));
#7958=CARTESIAN_POINT('',(-0.175,-0.174998662789853,-0.175));
#7959=VECTOR('',#9776,1.0);
#7960=CARTESIAN_POINT('',(-0.175,-1.69986498452963,0.175));
#7961=CARTESIAN_POINT('',(-0.175,-1.69986498452963,-0.8));
#7962=VECTOR('',#9777,1.0);
#7963=CARTESIAN_POINT('',(-0.175,-0.0469117782153432,0.175));
#7964=VECTOR('',#9778,1.0);
#7965=COLOUR_RGB('',0.607843160629272,0.607843160629272,0.607843160629272);
#7966=CARTESIAN_POINT('',(0.175,1.51499906500381,0.125));
#7967=CARTESIAN_POINT('',(0.0,1.51499906500381,0.125));
#7968=VECTOR('',#9779,1.0);
#7969=CARTESIAN_POINT('',(0.175,1.02510111644717,-0.175));
#7970=AXIS2_PLACEMENT_3D('',#9780,#9781,#9782);
#7971=CARTESIAN_POINT('',(-0.21,1.02510111644717,-0.175));
#7972=VECTOR('',#9783,1.0);
#7973=COLOUR_RGB('',0.607843160629272,0.607843160629272,0.607843160629272);
#7974=CARTESIAN_POINT('',(0.0819148935105203,-2.25816060994682,0.0819501712424315));
#7975=CARTESIAN_POINT('',(0.174964722268088,-1.70027796773123,0.175));
#7976=CARTESIAN_POINT('',(0.0917960871372783,-2.19891765934342,0.0918313648691897));
#7977=VECTOR('',#9784,1.0);
#7978=CARTESIAN_POINT('',(-0.174931195149435,-1.70027796773123,0.175));
#7979=CARTESIAN_POINT('',(-0.21,-1.70027796773123,0.175));
#7980=VECTOR('',#9785,1.0);
#7981=CARTESIAN_POINT('',(-0.0819854489743201,-2.25816060994682,0.0819501712424315));
#7982=CARTESIAN_POINT('',(-0.0973896328953243,-2.16570100656881,0.0973716050894308));
#7983=VECTOR('',#9786,1.0);
#7984=CARTESIAN_POINT('',(-0.21,-2.25816060994682,0.0819501712424315));
#7985=VECTOR('',#9787,1.0);
#7986=COLOUR_RGB('',0.607843160629272,0.607843160629272,0.607843160629272);
#7987=CARTESIAN_POINT('',(-0.262922296584954,-1.17213429058196,0.175));
#7988=VECTOR('',#9788,1.0);
#7989=CARTESIAN_POINT('',(0.175,-1.70006645918196,0.175));
#7990=CARTESIAN_POINT('',(0.257354135232891,-1.20631012266244,0.175));
#7991=VECTOR('',#9789,1.0);
#7992=CARTESIAN_POINT('',(0.175,-0.0469621468784263,0.175));
#7993=VECTOR('',#9790,1.0);
#7994=COLOUR_RGB('',0.607843160629272,0.607843160629272,0.607843160629272);
#7995=CARTESIAN_POINT('',(0.0749364579307579,-2.3,0.0326319020229183));
#7996=AXIS2_PLACEMENT_3D('',#9791,#9792,#9793);
#7997=CARTESIAN_POINT('',(-0.0750148192509072,-2.3,0.0326319020229182));
#7998=AXIS2_PLACEMENT_3D('',#9794,#9795,#9796);
#7999=CARTESIAN_POINT('',(-0.21,-2.3,0.0326319020229182));
#8000=VECTOR('',#9797,1.0);
#8001=COLOUR_RGB('',0.607843160629272,0.607843160629272,0.607843160629272);
#8002=CARTESIAN_POINT('',(0.0749364579307579,-2.3,-0.0326319020229182));
#8003=CARTESIAN_POINT('',(0.0749364579307576,-2.3,-0.4));
#8004=VECTOR('',#9798,1.0);
#8005=CARTESIAN_POINT('',(-0.0750148192509072,-2.3,-0.0326319020229183));
#8006=CARTESIAN_POINT('',(-0.0750148192509072,-2.3,-0.4));
#8007=VECTOR('',#9799,1.0);
#8008=CARTESIAN_POINT('',(-0.21,-2.3,-0.0326319020229183));
#8009=VECTOR('',#9800,1.0);
#8010=COLOUR_RGB('',0.607843160629272,0.607843160629272,0.607843160629272);
#8011=CARTESIAN_POINT('',(0.0819148935105203,-2.25816060994682,-0.081950171242409));
#8012=AXIS2_PLACEMENT_3D('',#9801,#9802,#9803);
#8013=CARTESIAN_POINT('',(-0.0819854489743201,-2.25816060994682,-0.081950171242409));
#8014=AXIS2_PLACEMENT_3D('',#9804,#9805,#9806);
#8015=CARTESIAN_POINT('',(-0.21,-2.25816060994682,-0.081950171242409));
#8016=VECTOR('',#9807,1.0);
#8017=COLOUR_RGB('',0.607843160629272,0.607843160629272,0.607843160629272);
#8018=CARTESIAN_POINT('',(0.175,-1.70006645918196,-0.175));
#8019=CARTESIAN_POINT('',(0.174964722268078,-1.70027796773129,-0.175));
#8020=CARTESIAN_POINT('',(0.236568627230499,-1.33093017064103,-0.175));
#8021=VECTOR('',#9808,1.0);
#8022=CARTESIAN_POINT('',(-0.174931195149424,-1.70027796773129,-0.175));
#8023=CARTESIAN_POINT('',(-0.21,-1.70027796773129,-0.175));
#8024=VECTOR('',#9809,1.0);
#8025=CARTESIAN_POINT('',(-0.24215878204348,-1.2967618806629,-0.175));
#8026=VECTOR('',#9810,1.0);
#8027=CARTESIAN_POINT('',(0.175,-0.175049031452937,-0.175));
#8028=VECTOR('',#9811,1.0);
#8029=COLOUR_RGB('',0.607843160629272,0.607843160629272,0.607843160629272);
#8030=CARTESIAN_POINT('',(0.112878495540938,-2.07251753737065,-0.112913773272838));
#8031=VECTOR('',#9812,1.0);
#8032=CARTESIAN_POINT('',(-0.118449700094453,-2.03929343637025,-0.118455255790441));
#8033=VECTOR('',#9813,1.0);
#8034=COLOUR_RGB('',0.607843160629272,0.607843160629272,0.607843160629272);
#8035=CARTESIAN_POINT('',(0.175,-1.70006645918196,-0.8));
#8036=VECTOR('',#9814,1.0);
#8037=CARTESIAN_POINT('',(0.175,0.956245181368092,0.125));
#8038=VECTOR('',#9815,1.0);
#8039=COLOUR_RGB('',0.607843160629272,0.607843160629272,0.607843160629272);
#8040=COLOUR_RGB('',0.607843160629272,0.607843160629272,0.607843160629272);
#8041=COLOUR_RGB('',0.607843160629272,0.607843160629272,0.607843160629272);
#8042=CARTESIAN_POINT('',(6.05,1.15000000000003,1.825));
#8043=CARTESIAN_POINT('',(6.05,1.65000000000003,1.825));
#8044=CARTESIAN_POINT('',(6.05,1.60304336038275,1.825));
#8045=VECTOR('',#9816,1.0);
#8046=CARTESIAN_POINT('',(6.05,1.15000000000003,2.34319660112541));
#8047=CARTESIAN_POINT('',(6.05,1.15000000000003,2.34319660112541));
#8048=VECTOR('',#9817,1.0);
#8049=CARTESIAN_POINT('',(6.05,1.09472135955003,2.4326393202254));
#8050=AXIS2_PLACEMENT_3D('',#9818,#9819,#9820);
#8051=CARTESIAN_POINT('',(6.05,0.910000000000025,2.52500000000033));
#8052=CARTESIAN_POINT('',(6.05,0.910000000000025,2.52500000000033));
#8053=VECTOR('',#9821,1.0);
#8054=CARTESIAN_POINT('',(6.05,0.910000000000025,2.92500000000044));
#8055=CARTESIAN_POINT('',(6.05,0.910000000000025,2.92500000000044));
#8056=VECTOR('',#9822,1.0);
#8057=CARTESIAN_POINT('',(6.05,1.09472135955002,3.01736067977546));
#8058=CARTESIAN_POINT('',(6.05,1.09472135955002,3.01736067977546));
#8059=VECTOR('',#9823,1.0);
#8060=CARTESIAN_POINT('',(6.05,1.15000000000004,3.10680339887542));
#8061=AXIS2_PLACEMENT_3D('',#9824,#9825,#9826);
#8062=CARTESIAN_POINT('',(6.05,1.15000000000003,3.7750000000004));
#8063=CARTESIAN_POINT('',(6.05,1.15000000000003,3.7750000000004));
#8064=VECTOR('',#9827,1.0);
#8065=CARTESIAN_POINT('',(6.05,1.45000000000003,3.7750000000004));
#8066=CARTESIAN_POINT('',(6.05,1.45000000000003,3.7750000000004));
#8067=VECTOR('',#9828,1.0);
#8068=CARTESIAN_POINT('',(6.05,1.65000000000003,3.5750000000004));
#8069=AXIS2_PLACEMENT_3D('',#9829,#9830,#9831);
#8070=CARTESIAN_POINT('',(6.05,1.65000000000003,1.62500000000013));
#8071=VECTOR('',#9832,1.0);
#8072=COLOUR_RGB('',0.607843160629272,0.607843160629272,0.607843160629272);
#8073=CARTESIAN_POINT('',(6.45,1.15000000000003,1.825));
#8074=CARTESIAN_POINT('',(4.5875,1.15000000000003,1.825));
#8075=VECTOR('',#9833,1.0);
#8076=CARTESIAN_POINT('',(6.45,1.15000000000003,2.34319660112541));
#8077=CARTESIAN_POINT('',(6.45,1.15000000000003,2.34319660112541));
#8078=VECTOR('',#9834,1.0);
#8079=CARTESIAN_POINT('',(6.05,1.15000000000003,2.34319660112541));
#8080=VECTOR('',#9835,1.0);
#8081=COLOUR_RGB('',0.607843160629272,0.607843160629272,0.607843160629272);
#8082=CARTESIAN_POINT('',(6.45,1.45000000000003,3.7750000000004));
#8083=CARTESIAN_POINT('',(6.45,1.65000000000003,3.5750000000004));
#8084=AXIS2_PLACEMENT_3D('',#9836,#9837,#9838);
#8085=CARTESIAN_POINT('',(6.05,1.65000000000003,3.5750000000004));
#8086=VECTOR('',#9839,1.0);
#8087=CARTESIAN_POINT('',(6.05,1.45000000000003,3.7750000000004));
#8088=VECTOR('',#9840,1.0);
#8089=COLOUR_RGB('',0.607843160629272,0.607843160629272,0.607843160629272);
#8090=CARTESIAN_POINT('',(6.45,1.65000000000003,1.825));
#8091=CARTESIAN_POINT('',(4.5875,1.65000000000003,1.825));
#8092=VECTOR('',#9841,1.0);
#8093=CARTESIAN_POINT('',(6.45,1.65000000000003,1.62500000000013));
#8094=VECTOR('',#9842,1.0);
#8095=COLOUR_RGB('',0.607843160629272,0.607843160629272,0.607843160629272);
#8096=CARTESIAN_POINT('',(6.45,1.09472135955003,2.4326393202254));
#8097=AXIS2_PLACEMENT_3D('',#9843,#9844,#9845);
#8098=CARTESIAN_POINT('',(6.05,1.09472135955003,2.4326393202254));
#8099=VECTOR('',#9846,1.0);
#8100=COLOUR_RGB('',0.607843160629272,0.607843160629272,0.607843160629272);
#8101=CARTESIAN_POINT('',(6.45,0.910000000000025,2.52500000000033));
#8102=CARTESIAN_POINT('',(6.45,0.910000000000025,2.52500000000033));
#8103=VECTOR('',#9847,1.0);
#8104=CARTESIAN_POINT('',(6.05,0.910000000000025,2.52500000000033));
#8105=VECTOR('',#9848,1.0);
#8106=COLOUR_RGB('',0.607843160629272,0.607843160629272,0.607843160629272);
#8107=CARTESIAN_POINT('',(6.45,0.910000000000025,2.92500000000044));
#8108=CARTESIAN_POINT('',(6.45,0.910000000000025,2.92500000000044));
#8109=VECTOR('',#9849,1.0);
#8110=CARTESIAN_POINT('',(6.05,0.910000000000025,2.92500000000044));
#8111=VECTOR('',#9850,1.0);
#8112=COLOUR_RGB('',0.607843160629272,0.607843160629272,0.607843160629272);
#8113=CARTESIAN_POINT('',(6.45,1.09472135955002,3.01736067977546));
#8114=CARTESIAN_POINT('',(6.45,1.09472135955002,3.01736067977546));
#8115=VECTOR('',#9851,1.0);
#8116=CARTESIAN_POINT('',(6.05,1.09472135955002,3.01736067977546));
#8117=VECTOR('',#9852,1.0);
#8118=COLOUR_RGB('',0.607843160629272,0.607843160629272,0.607843160629272);
#8119=CARTESIAN_POINT('',(6.45,1.15000000000004,3.10680339887542));
#8120=AXIS2_PLACEMENT_3D('',#9853,#9854,#9855);
#8121=CARTESIAN_POINT('',(6.05,1.15000000000004,3.10680339887542));
#8122=VECTOR('',#9856,1.0);
#8123=COLOUR_RGB('',0.607843160629272,0.607843160629272,0.607843160629272);
#8124=CARTESIAN_POINT('',(6.45,1.15000000000003,3.7750000000004));
#8125=CARTESIAN_POINT('',(6.45,1.15000000000003,3.7750000000004));
#8126=VECTOR('',#9857,1.0);
#8127=CARTESIAN_POINT('',(6.05,1.15000000000003,3.7750000000004));
#8128=VECTOR('',#9858,1.0);
#8129=COLOUR_RGB('',0.607843160629272,0.607843160629272,0.607843160629272);
#8130=CARTESIAN_POINT('',(6.45,1.45000000000003,3.7750000000004));
#8131=VECTOR('',#9859,1.0);
#8132=COLOUR_RGB('',0.607843160629272,0.607843160629272,0.607843160629272);
#8133=CARTESIAN_POINT('',(6.45,1.60304336038275,1.825));
#8134=VECTOR('',#9860,1.0);
#8135=COLOUR_RGB('',0.607843160629272,0.607843160629272,0.607843160629272);
#8136=CARTESIAN_POINT('',(4.8,1.15000000000003,1.825));
#8137=CARTESIAN_POINT('',(4.8,1.65000000000003,1.825));
#8138=CARTESIAN_POINT('',(4.8,1.60304336038275,1.825));
#8139=VECTOR('',#9861,1.0);
#8140=CARTESIAN_POINT('',(4.8,1.15000000000003,2.34319660112541));
#8141=CARTESIAN_POINT('',(4.8,1.15000000000003,2.34319660112541));
#8142=VECTOR('',#9862,1.0);
#8143=CARTESIAN_POINT('',(4.8,1.09472135955003,2.4326393202254));
#8144=AXIS2_PLACEMENT_3D('',#9863,#9864,#9865);
#8145=CARTESIAN_POINT('',(4.8,0.910000000000025,2.52500000000033));
#8146=CARTESIAN_POINT('',(4.8,0.910000000000025,2.52500000000033));
#8147=VECTOR('',#9866,1.0);
#8148=CARTESIAN_POINT('',(4.8,0.910000000000025,2.92500000000044));
#8149=CARTESIAN_POINT('',(4.8,0.910000000000025,2.92500000000044));
#8150=VECTOR('',#9867,1.0);
#8151=CARTESIAN_POINT('',(4.8,1.09472135955002,3.01736067977546));
#8152=CARTESIAN_POINT('',(4.8,1.09472135955002,3.01736067977546));
#8153=VECTOR('',#9868,1.0);
#8154=CARTESIAN_POINT('',(4.8,1.15000000000004,3.10680339887542));
#8155=AXIS2_PLACEMENT_3D('',#9869,#9870,#9871);
#8156=CARTESIAN_POINT('',(4.8,1.15000000000003,3.7750000000004));
#8157=CARTESIAN_POINT('',(4.8,1.15000000000003,3.7750000000004));
#8158=VECTOR('',#9872,1.0);
#8159=CARTESIAN_POINT('',(4.8,1.45000000000003,3.7750000000004));
#8160=CARTESIAN_POINT('',(4.8,1.45000000000003,3.7750000000004));
#8161=VECTOR('',#9873,1.0);
#8162=CARTESIAN_POINT('',(4.8,1.65000000000003,3.5750000000004));
#8163=AXIS2_PLACEMENT_3D('',#9874,#9875,#9876);
#8164=CARTESIAN_POINT('',(4.8,1.65000000000003,1.62500000000013));
#8165=VECTOR('',#9877,1.0);
#8166=COLOUR_RGB('',0.607843160629272,0.607843160629272,0.607843160629272);
#8167=CARTESIAN_POINT('',(5.2,1.15000000000003,1.825));
#8168=CARTESIAN_POINT('',(3.9625,1.15000000000003,1.825));
#8169=VECTOR('',#9878,1.0);
#8170=CARTESIAN_POINT('',(5.2,1.15000000000003,2.34319660112541));
#8171=CARTESIAN_POINT('',(5.2,1.15000000000003,2.34319660112541));
#8172=VECTOR('',#9879,1.0);
#8173=CARTESIAN_POINT('',(4.8,1.15000000000003,2.34319660112541));
#8174=VECTOR('',#9880,1.0);
#8175=COLOUR_RGB('',0.607843160629272,0.607843160629272,0.607843160629272);
#8176=CARTESIAN_POINT('',(5.2,1.45000000000003,3.7750000000004));
#8177=CARTESIAN_POINT('',(5.2,1.65000000000003,3.5750000000004));
#8178=AXIS2_PLACEMENT_3D('',#9881,#9882,#9883);
#8179=CARTESIAN_POINT('',(4.8,1.65000000000003,3.5750000000004));
#8180=VECTOR('',#9884,1.0);
#8181=CARTESIAN_POINT('',(4.8,1.45000000000003,3.7750000000004));
#8182=VECTOR('',#9885,1.0);
#8183=COLOUR_RGB('',0.607843160629272,0.607843160629272,0.607843160629272);
#8184=CARTESIAN_POINT('',(5.2,1.65000000000003,1.825));
#8185=CARTESIAN_POINT('',(3.9625,1.65000000000003,1.825));
#8186=VECTOR('',#9886,1.0);
#8187=CARTESIAN_POINT('',(5.2,1.65000000000003,1.62500000000013));
#8188=VECTOR('',#9887,1.0);
#8189=COLOUR_RGB('',0.607843160629272,0.607843160629272,0.607843160629272);
#8190=CARTESIAN_POINT('',(5.2,1.09472135955003,2.4326393202254));
#8191=AXIS2_PLACEMENT_3D('',#9888,#9889,#9890);
#8192=CARTESIAN_POINT('',(4.8,1.09472135955003,2.4326393202254));
#8193=VECTOR('',#9891,1.0);
#8194=COLOUR_RGB('',0.607843160629272,0.607843160629272,0.607843160629272);
#8195=CARTESIAN_POINT('',(5.2,0.910000000000025,2.52500000000033));
#8196=CARTESIAN_POINT('',(5.2,0.910000000000025,2.52500000000033));
#8197=VECTOR('',#9892,1.0);
#8198=CARTESIAN_POINT('',(4.8,0.910000000000025,2.52500000000033));
#8199=VECTOR('',#9893,1.0);
#8200=COLOUR_RGB('',0.607843160629272,0.607843160629272,0.607843160629272);
#8201=CARTESIAN_POINT('',(5.2,0.910000000000025,2.92500000000044));
#8202=CARTESIAN_POINT('',(5.2,0.910000000000025,2.92500000000044));
#8203=VECTOR('',#9894,1.0);
#8204=CARTESIAN_POINT('',(4.8,0.910000000000025,2.92500000000044));
#8205=VECTOR('',#9895,1.0);
#8206=COLOUR_RGB('',0.607843160629272,0.607843160629272,0.607843160629272);
#8207=CARTESIAN_POINT('',(5.2,1.09472135955002,3.01736067977546));
#8208=CARTESIAN_POINT('',(5.2,1.09472135955002,3.01736067977546));
#8209=VECTOR('',#9896,1.0);
#8210=CARTESIAN_POINT('',(4.8,1.09472135955002,3.01736067977546));
#8211=VECTOR('',#9897,1.0);
#8212=COLOUR_RGB('',0.607843160629272,0.607843160629272,0.607843160629272);
#8213=CARTESIAN_POINT('',(5.2,1.15000000000004,3.10680339887542));
#8214=AXIS2_PLACEMENT_3D('',#9898,#9899,#9900);
#8215=CARTESIAN_POINT('',(4.8,1.15000000000004,3.10680339887542));
#8216=VECTOR('',#9901,1.0);
#8217=COLOUR_RGB('',0.607843160629272,0.607843160629272,0.607843160629272);
#8218=CARTESIAN_POINT('',(5.2,1.15000000000003,3.7750000000004));
#8219=CARTESIAN_POINT('',(5.2,1.15000000000003,3.7750000000004));
#8220=VECTOR('',#9902,1.0);
#8221=CARTESIAN_POINT('',(4.8,1.15000000000003,3.7750000000004));
#8222=VECTOR('',#9903,1.0);
#8223=COLOUR_RGB('',0.607843160629272,0.607843160629272,0.607843160629272);
#8224=CARTESIAN_POINT('',(5.2,1.45000000000003,3.7750000000004));
#8225=VECTOR('',#9904,1.0);
#8226=COLOUR_RGB('',0.607843160629272,0.607843160629272,0.607843160629272);
#8227=CARTESIAN_POINT('',(5.2,1.60304336038275,1.825));
#8228=VECTOR('',#9905,1.0);
#8229=COLOUR_RGB('',0.607843160629272,0.607843160629272,0.607843160629272);
#8230=CARTESIAN_POINT('',(3.55,1.15000000000003,1.825));
#8231=CARTESIAN_POINT('',(3.55,1.65000000000003,1.825));
#8232=CARTESIAN_POINT('',(3.55,1.60304336038275,1.825));
#8233=VECTOR('',#9906,1.0);
#8234=CARTESIAN_POINT('',(3.55,1.15000000000003,2.34319660112541));
#8235=CARTESIAN_POINT('',(3.55,1.15000000000003,2.34319660112541));
#8236=VECTOR('',#9907,1.0);
#8237=CARTESIAN_POINT('',(3.55,1.09472135955003,2.4326393202254));
#8238=AXIS2_PLACEMENT_3D('',#9908,#9909,#9910);
#8239=CARTESIAN_POINT('',(3.55,0.910000000000025,2.52500000000033));
#8240=CARTESIAN_POINT('',(3.55,0.910000000000025,2.52500000000033));
#8241=VECTOR('',#9911,1.0);
#8242=CARTESIAN_POINT('',(3.55,0.910000000000025,2.92500000000044));
#8243=CARTESIAN_POINT('',(3.55,0.910000000000025,2.92500000000044));
#8244=VECTOR('',#9912,1.0);
#8245=CARTESIAN_POINT('',(3.55,1.09472135955002,3.01736067977546));
#8246=CARTESIAN_POINT('',(3.55,1.09472135955002,3.01736067977546));
#8247=VECTOR('',#9913,1.0);
#8248=CARTESIAN_POINT('',(3.55,1.15000000000004,3.10680339887542));
#8249=AXIS2_PLACEMENT_3D('',#9914,#9915,#9916);
#8250=CARTESIAN_POINT('',(3.55,1.15000000000003,3.7750000000004));
#8251=CARTESIAN_POINT('',(3.55,1.15000000000003,3.7750000000004));
#8252=VECTOR('',#9917,1.0);
#8253=CARTESIAN_POINT('',(3.55,1.45000000000003,3.7750000000004));
#8254=CARTESIAN_POINT('',(3.55,1.45000000000003,3.7750000000004));
#8255=VECTOR('',#9918,1.0);
#8256=CARTESIAN_POINT('',(3.55,1.65000000000003,3.5750000000004));
#8257=AXIS2_PLACEMENT_3D('',#9919,#9920,#9921);
#8258=CARTESIAN_POINT('',(3.55,1.65000000000003,1.62500000000013));
#8259=VECTOR('',#9922,1.0);
#8260=COLOUR_RGB('',0.607843160629272,0.607843160629272,0.607843160629272);
#8261=CARTESIAN_POINT('',(3.95,1.15000000000003,1.825));
#8262=CARTESIAN_POINT('',(3.3375,1.15000000000003,1.825));
#8263=VECTOR('',#9923,1.0);
#8264=CARTESIAN_POINT('',(3.95,1.15000000000003,2.34319660112541));
#8265=CARTESIAN_POINT('',(3.95,1.15000000000003,2.34319660112541));
#8266=VECTOR('',#9924,1.0);
#8267=CARTESIAN_POINT('',(3.55,1.15000000000003,2.34319660112541));
#8268=VECTOR('',#9925,1.0);
#8269=COLOUR_RGB('',0.607843160629272,0.607843160629272,0.607843160629272);
#8270=CARTESIAN_POINT('',(3.95,1.45000000000003,3.7750000000004));
#8271=CARTESIAN_POINT('',(3.95,1.65000000000003,3.5750000000004));
#8272=AXIS2_PLACEMENT_3D('',#9926,#9927,#9928);
#8273=CARTESIAN_POINT('',(3.55,1.65000000000003,3.5750000000004));
#8274=VECTOR('',#9929,1.0);
#8275=CARTESIAN_POINT('',(3.55,1.45000000000003,3.7750000000004));
#8276=VECTOR('',#9930,1.0);
#8277=COLOUR_RGB('',0.607843160629272,0.607843160629272,0.607843160629272);
#8278=CARTESIAN_POINT('',(3.95,1.65000000000003,1.825));
#8279=CARTESIAN_POINT('',(3.3375,1.65000000000003,1.825));
#8280=VECTOR('',#9931,1.0);
#8281=CARTESIAN_POINT('',(3.95,1.65000000000003,1.62500000000013));
#8282=VECTOR('',#9932,1.0);
#8283=COLOUR_RGB('',0.607843160629272,0.607843160629272,0.607843160629272);
#8284=CARTESIAN_POINT('',(3.95,1.09472135955003,2.4326393202254));
#8285=AXIS2_PLACEMENT_3D('',#9933,#9934,#9935);
#8286=CARTESIAN_POINT('',(3.55,1.09472135955003,2.4326393202254));
#8287=VECTOR('',#9936,1.0);
#8288=COLOUR_RGB('',0.607843160629272,0.607843160629272,0.607843160629272);
#8289=CARTESIAN_POINT('',(3.95,0.910000000000025,2.52500000000033));
#8290=CARTESIAN_POINT('',(3.95,0.910000000000025,2.52500000000033));
#8291=VECTOR('',#9937,1.0);
#8292=CARTESIAN_POINT('',(3.55,0.910000000000025,2.52500000000033));
#8293=VECTOR('',#9938,1.0);
#8294=COLOUR_RGB('',0.607843160629272,0.607843160629272,0.607843160629272);
#8295=CARTESIAN_POINT('',(3.95,0.910000000000025,2.92500000000044));
#8296=CARTESIAN_POINT('',(3.95,0.910000000000025,2.92500000000044));
#8297=VECTOR('',#9939,1.0);
#8298=CARTESIAN_POINT('',(3.55,0.910000000000025,2.92500000000044));
#8299=VECTOR('',#9940,1.0);
#8300=COLOUR_RGB('',0.607843160629272,0.607843160629272,0.607843160629272);
#8301=CARTESIAN_POINT('',(3.95,1.09472135955002,3.01736067977546));
#8302=CARTESIAN_POINT('',(3.95,1.09472135955002,3.01736067977546));
#8303=VECTOR('',#9941,1.0);
#8304=CARTESIAN_POINT('',(3.55,1.09472135955002,3.01736067977546));
#8305=VECTOR('',#9942,1.0);
#8306=COLOUR_RGB('',0.607843160629272,0.607843160629272,0.607843160629272);
#8307=CARTESIAN_POINT('',(3.95,1.15000000000004,3.10680339887542));
#8308=AXIS2_PLACEMENT_3D('',#9943,#9944,#9945);
#8309=CARTESIAN_POINT('',(3.55,1.15000000000004,3.10680339887542));
#8310=VECTOR('',#9946,1.0);
#8311=COLOUR_RGB('',0.607843160629272,0.607843160629272,0.607843160629272);
#8312=CARTESIAN_POINT('',(3.95,1.15000000000003,3.7750000000004));
#8313=CARTESIAN_POINT('',(3.95,1.15000000000003,3.7750000000004));
#8314=VECTOR('',#9947,1.0);
#8315=CARTESIAN_POINT('',(3.55,1.15000000000003,3.7750000000004));
#8316=VECTOR('',#9948,1.0);
#8317=COLOUR_RGB('',0.607843160629272,0.607843160629272,0.607843160629272);
#8318=CARTESIAN_POINT('',(3.95,1.45000000000003,3.7750000000004));
#8319=VECTOR('',#9949,1.0);
#8320=COLOUR_RGB('',0.607843160629272,0.607843160629272,0.607843160629272);
#8321=CARTESIAN_POINT('',(3.95,1.60304336038275,1.825));
#8322=VECTOR('',#9950,1.0);
#8323=COLOUR_RGB('',0.607843160629272,0.607843160629272,0.607843160629272);
#8324=CARTESIAN_POINT('',(2.3,1.15000000000003,1.825));
#8325=CARTESIAN_POINT('',(2.3,1.65000000000003,1.825));
#8326=CARTESIAN_POINT('',(2.3,1.60304336038275,1.825));
#8327=VECTOR('',#9951,1.0);
#8328=CARTESIAN_POINT('',(2.3,1.15000000000003,2.34319660112541));
#8329=CARTESIAN_POINT('',(2.3,1.15000000000003,2.34319660112541));
#8330=VECTOR('',#9952,1.0);
#8331=CARTESIAN_POINT('',(2.3,1.09472135955003,2.4326393202254));
#8332=AXIS2_PLACEMENT_3D('',#9953,#9954,#9955);
#8333=CARTESIAN_POINT('',(2.3,0.910000000000025,2.52500000000033));
#8334=CARTESIAN_POINT('',(2.3,0.910000000000025,2.52500000000033));
#8335=VECTOR('',#9956,1.0);
#8336=CARTESIAN_POINT('',(2.3,0.910000000000025,2.92500000000044));
#8337=CARTESIAN_POINT('',(2.3,0.910000000000025,2.92500000000044));
#8338=VECTOR('',#9957,1.0);
#8339=CARTESIAN_POINT('',(2.3,1.09472135955002,3.01736067977546));
#8340=CARTESIAN_POINT('',(2.3,1.09472135955002,3.01736067977546));
#8341=VECTOR('',#9958,1.0);
#8342=CARTESIAN_POINT('',(2.3,1.15000000000004,3.10680339887542));
#8343=AXIS2_PLACEMENT_3D('',#9959,#9960,#9961);
#8344=CARTESIAN_POINT('',(2.3,1.15000000000003,3.7750000000004));
#8345=CARTESIAN_POINT('',(2.3,1.15000000000003,3.7750000000004));
#8346=VECTOR('',#9962,1.0);
#8347=CARTESIAN_POINT('',(2.3,1.45000000000003,3.7750000000004));
#8348=CARTESIAN_POINT('',(2.3,1.45000000000003,3.7750000000004));
#8349=VECTOR('',#9963,1.0);
#8350=CARTESIAN_POINT('',(2.3,1.65000000000003,3.5750000000004));
#8351=AXIS2_PLACEMENT_3D('',#9964,#9965,#9966);
#8352=CARTESIAN_POINT('',(2.3,1.65000000000003,1.62500000000013));
#8353=VECTOR('',#9967,1.0);
#8354=COLOUR_RGB('',0.607843160629272,0.607843160629272,0.607843160629272);
#8355=CARTESIAN_POINT('',(2.7,1.15000000000003,1.825));
#8356=CARTESIAN_POINT('',(2.7125,1.15000000000003,1.825));
#8357=VECTOR('',#9968,1.0);
#8358=CARTESIAN_POINT('',(2.7,1.15000000000003,2.34319660112541));
#8359=CARTESIAN_POINT('',(2.7,1.15000000000003,2.34319660112541));
#8360=VECTOR('',#9969,1.0);
#8361=CARTESIAN_POINT('',(2.3,1.15000000000003,2.34319660112541));
#8362=VECTOR('',#9970,1.0);
#8363=COLOUR_RGB('',0.607843160629272,0.607843160629272,0.607843160629272);
#8364=CARTESIAN_POINT('',(2.7,1.45000000000003,3.7750000000004));
#8365=CARTESIAN_POINT('',(2.7,1.65000000000003,3.5750000000004));
#8366=AXIS2_PLACEMENT_3D('',#9971,#9972,#9973);
#8367=CARTESIAN_POINT('',(2.3,1.65000000000003,3.5750000000004));
#8368=VECTOR('',#9974,1.0);
#8369=CARTESIAN_POINT('',(2.3,1.45000000000003,3.7750000000004));
#8370=VECTOR('',#9975,1.0);
#8371=COLOUR_RGB('',0.607843160629272,0.607843160629272,0.607843160629272);
#8372=CARTESIAN_POINT('',(2.7,1.65000000000003,1.825));
#8373=CARTESIAN_POINT('',(2.7125,1.65000000000003,1.825));
#8374=VECTOR('',#9976,1.0);
#8375=CARTESIAN_POINT('',(2.7,1.65000000000003,1.62500000000013));
#8376=VECTOR('',#9977,1.0);
#8377=COLOUR_RGB('',0.607843160629272,0.607843160629272,0.607843160629272);
#8378=CARTESIAN_POINT('',(2.7,1.09472135955003,2.4326393202254));
#8379=AXIS2_PLACEMENT_3D('',#9978,#9979,#9980);
#8380=CARTESIAN_POINT('',(2.3,1.09472135955003,2.4326393202254));
#8381=VECTOR('',#9981,1.0);
#8382=COLOUR_RGB('',0.607843160629272,0.607843160629272,0.607843160629272);
#8383=CARTESIAN_POINT('',(2.7,0.910000000000025,2.52500000000033));
#8384=CARTESIAN_POINT('',(2.7,0.910000000000025,2.52500000000033));
#8385=VECTOR('',#9982,1.0);
#8386=CARTESIAN_POINT('',(2.3,0.910000000000025,2.52500000000033));
#8387=VECTOR('',#9983,1.0);
#8388=COLOUR_RGB('',0.607843160629272,0.607843160629272,0.607843160629272);
#8389=CARTESIAN_POINT('',(2.7,0.910000000000025,2.92500000000044));
#8390=CARTESIAN_POINT('',(2.7,0.910000000000025,2.92500000000044));
#8391=VECTOR('',#9984,1.0);
#8392=CARTESIAN_POINT('',(2.3,0.910000000000025,2.92500000000044));
#8393=VECTOR('',#9985,1.0);
#8394=COLOUR_RGB('',0.607843160629272,0.607843160629272,0.607843160629272);
#8395=CARTESIAN_POINT('',(2.7,1.09472135955002,3.01736067977546));
#8396=CARTESIAN_POINT('',(2.7,1.09472135955002,3.01736067977546));
#8397=VECTOR('',#9986,1.0);
#8398=CARTESIAN_POINT('',(2.3,1.09472135955002,3.01736067977546));
#8399=VECTOR('',#9987,1.0);
#8400=COLOUR_RGB('',0.607843160629272,0.607843160629272,0.607843160629272);
#8401=CARTESIAN_POINT('',(2.7,1.15000000000004,3.10680339887542));
#8402=AXIS2_PLACEMENT_3D('',#9988,#9989,#9990);
#8403=CARTESIAN_POINT('',(2.3,1.15000000000004,3.10680339887542));
#8404=VECTOR('',#9991,1.0);
#8405=COLOUR_RGB('',0.607843160629272,0.607843160629272,0.607843160629272);
#8406=CARTESIAN_POINT('',(2.7,1.15000000000003,3.7750000000004));
#8407=CARTESIAN_POINT('',(2.7,1.15000000000003,3.7750000000004));
#8408=VECTOR('',#9992,1.0);
#8409=CARTESIAN_POINT('',(2.3,1.15000000000003,3.7750000000004));
#8410=VECTOR('',#9993,1.0);
#8411=COLOUR_RGB('',0.607843160629272,0.607843160629272,0.607843160629272);
#8412=CARTESIAN_POINT('',(2.7,1.45000000000003,3.7750000000004));
#8413=VECTOR('',#9994,1.0);
#8414=COLOUR_RGB('',0.607843160629272,0.607843160629272,0.607843160629272);
#8415=CARTESIAN_POINT('',(2.7,1.60304336038275,1.825));
#8416=VECTOR('',#9995,1.0);
#8417=COLOUR_RGB('',0.607843160629272,0.607843160629272,0.607843160629272);
#8418=CARTESIAN_POINT('',(1.05,1.15000000000003,1.825));
#8419=CARTESIAN_POINT('',(1.05,1.65000000000003,1.825));
#8420=CARTESIAN_POINT('',(1.05,1.60304336038275,1.825));
#8421=VECTOR('',#9996,1.0);
#8422=CARTESIAN_POINT('',(1.05,1.15000000000003,2.34319660112541));
#8423=CARTESIAN_POINT('',(1.05,1.15000000000003,2.34319660112541));
#8424=VECTOR('',#9997,1.0);
#8425=CARTESIAN_POINT('',(1.05,1.09472135955003,2.4326393202254));
#8426=AXIS2_PLACEMENT_3D('',#9998,#9999,#10000);
#8427=CARTESIAN_POINT('',(1.05,0.910000000000025,2.52500000000033));
#8428=CARTESIAN_POINT('',(1.05,0.910000000000025,2.52500000000033));
#8429=VECTOR('',#10001,1.0);
#8430=CARTESIAN_POINT('',(1.05,0.910000000000025,2.92500000000044));
#8431=CARTESIAN_POINT('',(1.05,0.910000000000025,2.92500000000044));
#8432=VECTOR('',#10002,1.0);
#8433=CARTESIAN_POINT('',(1.05,1.09472135955002,3.01736067977546));
#8434=CARTESIAN_POINT('',(1.05,1.09472135955002,3.01736067977546));
#8435=VECTOR('',#10003,1.0);
#8436=CARTESIAN_POINT('',(1.05,1.15000000000004,3.10680339887542));
#8437=AXIS2_PLACEMENT_3D('',#10004,#10005,#10006);
#8438=CARTESIAN_POINT('',(1.05,1.15000000000003,3.7750000000004));
#8439=CARTESIAN_POINT('',(1.05,1.15000000000003,3.7750000000004));
#8440=VECTOR('',#10007,1.0);
#8441=CARTESIAN_POINT('',(1.05,1.45000000000003,3.7750000000004));
#8442=CARTESIAN_POINT('',(1.05,1.45000000000003,3.7750000000004));
#8443=VECTOR('',#10008,1.0);
#8444=CARTESIAN_POINT('',(1.05,1.65000000000003,3.5750000000004));
#8445=AXIS2_PLACEMENT_3D('',#10009,#10010,#10011);
#8446=CARTESIAN_POINT('',(1.05,1.65000000000003,1.62500000000013));
#8447=VECTOR('',#10012,1.0);
#8448=COLOUR_RGB('',0.607843160629272,0.607843160629272,0.607843160629272);
#8449=CARTESIAN_POINT('',(1.45,1.15000000000003,1.825));
#8450=CARTESIAN_POINT('',(2.0875,1.15000000000003,1.825));
#8451=VECTOR('',#10013,1.0);
#8452=CARTESIAN_POINT('',(1.45,1.15000000000003,2.34319660112541));
#8453=CARTESIAN_POINT('',(1.45,1.15000000000003,2.34319660112541));
#8454=VECTOR('',#10014,1.0);
#8455=CARTESIAN_POINT('',(1.05,1.15000000000003,2.34319660112541));
#8456=VECTOR('',#10015,1.0);
#8457=COLOUR_RGB('',0.607843160629272,0.607843160629272,0.607843160629272);
#8458=CARTESIAN_POINT('',(1.45,1.45000000000003,3.7750000000004));
#8459=CARTESIAN_POINT('',(1.45,1.65000000000003,3.5750000000004));
#8460=AXIS2_PLACEMENT_3D('',#10016,#10017,#10018);
#8461=CARTESIAN_POINT('',(1.05,1.65000000000003,3.5750000000004));
#8462=VECTOR('',#10019,1.0);
#8463=CARTESIAN_POINT('',(1.05,1.45000000000003,3.7750000000004));
#8464=VECTOR('',#10020,1.0);
#8465=COLOUR_RGB('',0.607843160629272,0.607843160629272,0.607843160629272);
#8466=CARTESIAN_POINT('',(1.45,1.65000000000003,1.825));
#8467=CARTESIAN_POINT('',(2.0875,1.65000000000003,1.825));
#8468=VECTOR('',#10021,1.0);
#8469=CARTESIAN_POINT('',(1.45,1.65000000000003,1.62500000000013));
#8470=VECTOR('',#10022,1.0);
#8471=COLOUR_RGB('',0.607843160629272,0.607843160629272,0.607843160629272);
#8472=CARTESIAN_POINT('',(1.45,1.09472135955003,2.4326393202254));
#8473=AXIS2_PLACEMENT_3D('',#10023,#10024,#10025);
#8474=CARTESIAN_POINT('',(1.05,1.09472135955003,2.4326393202254));
#8475=VECTOR('',#10026,1.0);
#8476=COLOUR_RGB('',0.607843160629272,0.607843160629272,0.607843160629272);
#8477=CARTESIAN_POINT('',(1.45,0.910000000000025,2.52500000000033));
#8478=CARTESIAN_POINT('',(1.45,0.910000000000025,2.52500000000033));
#8479=VECTOR('',#10027,1.0);
#8480=CARTESIAN_POINT('',(1.05,0.910000000000025,2.52500000000033));
#8481=VECTOR('',#10028,1.0);
#8482=COLOUR_RGB('',0.607843160629272,0.607843160629272,0.607843160629272);
#8483=CARTESIAN_POINT('',(1.45,0.910000000000025,2.92500000000044));
#8484=CARTESIAN_POINT('',(1.45,0.910000000000025,2.92500000000044));
#8485=VECTOR('',#10029,1.0);
#8486=CARTESIAN_POINT('',(1.05,0.910000000000025,2.92500000000044));
#8487=VECTOR('',#10030,1.0);
#8488=COLOUR_RGB('',0.607843160629272,0.607843160629272,0.607843160629272);
#8489=CARTESIAN_POINT('',(1.45,1.09472135955002,3.01736067977546));
#8490=CARTESIAN_POINT('',(1.45,1.09472135955002,3.01736067977546));
#8491=VECTOR('',#10031,1.0);
#8492=CARTESIAN_POINT('',(1.05,1.09472135955002,3.01736067977546));
#8493=VECTOR('',#10032,1.0);
#8494=COLOUR_RGB('',0.607843160629272,0.607843160629272,0.607843160629272);
#8495=CARTESIAN_POINT('',(1.45,1.15000000000004,3.10680339887542));
#8496=AXIS2_PLACEMENT_3D('',#10033,#10034,#10035);
#8497=CARTESIAN_POINT('',(1.05,1.15000000000004,3.10680339887542));
#8498=VECTOR('',#10036,1.0);
#8499=COLOUR_RGB('',0.607843160629272,0.607843160629272,0.607843160629272);
#8500=CARTESIAN_POINT('',(1.45,1.15000000000003,3.7750000000004));
#8501=CARTESIAN_POINT('',(1.45,1.15000000000003,3.7750000000004));
#8502=VECTOR('',#10037,1.0);
#8503=CARTESIAN_POINT('',(1.05,1.15000000000003,3.7750000000004));
#8504=VECTOR('',#10038,1.0);
#8505=COLOUR_RGB('',0.607843160629272,0.607843160629272,0.607843160629272);
#8506=CARTESIAN_POINT('',(1.45,1.45000000000003,3.7750000000004));
#8507=VECTOR('',#10039,1.0);
#8508=COLOUR_RGB('',0.607843160629272,0.607843160629272,0.607843160629272);
#8509=CARTESIAN_POINT('',(1.45,1.60304336038275,1.825));
#8510=VECTOR('',#10040,1.0);
#8511=COLOUR_RGB('',0.607843160629272,0.607843160629272,0.607843160629272);
#8512=CARTESIAN_POINT('',(-0.2,1.15000000000003,1.825));
#8513=CARTESIAN_POINT('',(-0.2,1.65000000000003,1.825));
#8514=CARTESIAN_POINT('',(-0.2,1.60304336038275,1.825));
#8515=VECTOR('',#10041,1.0);
#8516=CARTESIAN_POINT('',(-0.2,1.15000000000003,2.34319660112541));
#8517=CARTESIAN_POINT('',(-0.2,1.15000000000003,2.34319660112541));
#8518=VECTOR('',#10042,1.0);
#8519=CARTESIAN_POINT('',(-0.2,1.09472135955003,2.4326393202254));
#8520=AXIS2_PLACEMENT_3D('',#10043,#10044,#10045);
#8521=CARTESIAN_POINT('',(-0.2,0.910000000000025,2.52500000000033));
#8522=CARTESIAN_POINT('',(-0.2,0.910000000000025,2.52500000000033));
#8523=VECTOR('',#10046,1.0);
#8524=CARTESIAN_POINT('',(-0.2,0.910000000000025,2.92500000000044));
#8525=CARTESIAN_POINT('',(-0.2,0.910000000000025,2.92500000000044));
#8526=VECTOR('',#10047,1.0);
#8527=CARTESIAN_POINT('',(-0.2,1.09472135955002,3.01736067977546));
#8528=CARTESIAN_POINT('',(-0.2,1.09472135955002,3.01736067977546));
#8529=VECTOR('',#10048,1.0);
#8530=CARTESIAN_POINT('',(-0.2,1.15000000000004,3.10680339887542));
#8531=AXIS2_PLACEMENT_3D('',#10049,#10050,#10051);
#8532=CARTESIAN_POINT('',(-0.2,1.15000000000003,3.7750000000004));
#8533=CARTESIAN_POINT('',(-0.2,1.15000000000003,3.7750000000004));
#8534=VECTOR('',#10052,1.0);
#8535=CARTESIAN_POINT('',(-0.2,1.45000000000003,3.7750000000004));
#8536=CARTESIAN_POINT('',(-0.2,1.45000000000003,3.7750000000004));
#8537=VECTOR('',#10053,1.0);
#8538=CARTESIAN_POINT('',(-0.2,1.65000000000003,3.5750000000004));
#8539=AXIS2_PLACEMENT_3D('',#10054,#10055,#10056);
#8540=CARTESIAN_POINT('',(-0.2,1.65000000000003,1.62500000000013));
#8541=VECTOR('',#10057,1.0);
#8542=COLOUR_RGB('',0.607843160629272,0.607843160629272,0.607843160629272);
#8543=CARTESIAN_POINT('',(0.2,1.15000000000003,1.825));
#8544=CARTESIAN_POINT('',(1.4625,1.15000000000003,1.825));
#8545=VECTOR('',#10058,1.0);
#8546=CARTESIAN_POINT('',(0.2,1.15000000000003,2.34319660112541));
#8547=CARTESIAN_POINT('',(0.2,1.15000000000003,2.34319660112541));
#8548=VECTOR('',#10059,1.0);
#8549=CARTESIAN_POINT('',(-0.2,1.15000000000003,2.34319660112541));
#8550=VECTOR('',#10060,1.0);
#8551=COLOUR_RGB('',0.607843160629272,0.607843160629272,0.607843160629272);
#8552=CARTESIAN_POINT('',(0.2,1.45000000000003,3.7750000000004));
#8553=CARTESIAN_POINT('',(0.2,1.65000000000003,3.5750000000004));
#8554=AXIS2_PLACEMENT_3D('',#10061,#10062,#10063);
#8555=CARTESIAN_POINT('',(-0.2,1.65000000000003,3.5750000000004));
#8556=VECTOR('',#10064,1.0);
#8557=CARTESIAN_POINT('',(-0.2,1.45000000000003,3.7750000000004));
#8558=VECTOR('',#10065,1.0);
#8559=COLOUR_RGB('',0.607843160629272,0.607843160629272,0.607843160629272);
#8560=CARTESIAN_POINT('',(0.2,1.65000000000003,1.825));
#8561=CARTESIAN_POINT('',(1.4625,1.65000000000003,1.825));
#8562=VECTOR('',#10066,1.0);
#8563=CARTESIAN_POINT('',(0.2,1.65000000000003,1.62500000000013));
#8564=VECTOR('',#10067,1.0);
#8565=COLOUR_RGB('',0.607843160629272,0.607843160629272,0.607843160629272);
#8566=CARTESIAN_POINT('',(0.2,1.09472135955003,2.4326393202254));
#8567=AXIS2_PLACEMENT_3D('',#10068,#10069,#10070);
#8568=CARTESIAN_POINT('',(-0.2,1.09472135955003,2.4326393202254));
#8569=VECTOR('',#10071,1.0);
#8570=COLOUR_RGB('',0.607843160629272,0.607843160629272,0.607843160629272);
#8571=CARTESIAN_POINT('',(0.2,0.910000000000025,2.52500000000033));
#8572=CARTESIAN_POINT('',(0.2,0.910000000000025,2.52500000000033));
#8573=VECTOR('',#10072,1.0);
#8574=CARTESIAN_POINT('',(-0.2,0.910000000000025,2.52500000000033));
#8575=VECTOR('',#10073,1.0);
#8576=COLOUR_RGB('',0.607843160629272,0.607843160629272,0.607843160629272);
#8577=CARTESIAN_POINT('',(0.2,0.910000000000025,2.92500000000044));
#8578=CARTESIAN_POINT('',(0.2,0.910000000000025,2.92500000000044));
#8579=VECTOR('',#10074,1.0);
#8580=CARTESIAN_POINT('',(-0.2,0.910000000000025,2.92500000000044));
#8581=VECTOR('',#10075,1.0);
#8582=COLOUR_RGB('',0.607843160629272,0.607843160629272,0.607843160629272);
#8583=CARTESIAN_POINT('',(0.2,1.09472135955002,3.01736067977546));
#8584=CARTESIAN_POINT('',(0.2,1.09472135955002,3.01736067977546));
#8585=VECTOR('',#10076,1.0);
#8586=CARTESIAN_POINT('',(-0.2,1.09472135955002,3.01736067977546));
#8587=VECTOR('',#10077,1.0);
#8588=COLOUR_RGB('',0.607843160629272,0.607843160629272,0.607843160629272);
#8589=CARTESIAN_POINT('',(0.2,1.15000000000004,3.10680339887542));
#8590=AXIS2_PLACEMENT_3D('',#10078,#10079,#10080);
#8591=CARTESIAN_POINT('',(-0.2,1.15000000000004,3.10680339887542));
#8592=VECTOR('',#10081,1.0);
#8593=COLOUR_RGB('',0.607843160629272,0.607843160629272,0.607843160629272);
#8594=CARTESIAN_POINT('',(0.2,1.15000000000003,3.7750000000004));
#8595=CARTESIAN_POINT('',(0.2,1.15000000000003,3.7750000000004));
#8596=VECTOR('',#10082,1.0);
#8597=CARTESIAN_POINT('',(-0.2,1.15000000000003,3.7750000000004));
#8598=VECTOR('',#10083,1.0);
#8599=COLOUR_RGB('',0.607843160629272,0.607843160629272,0.607843160629272);
#8600=CARTESIAN_POINT('',(0.2,1.45000000000003,3.7750000000004));
#8601=VECTOR('',#10084,1.0);
#8602=COLOUR_RGB('',0.607843160629272,0.607843160629272,0.607843160629272);
#8603=CARTESIAN_POINT('',(0.2,1.60304336038275,1.825));
#8604=VECTOR('',#10085,1.0);
#8605=COLOUR_RGB('',0.168627455830574,0.168627455830574,0.168627455830574);
#8606=CARTESIAN_POINT('',(-1.17499999999999,3.85,4.615));
#8607=CARTESIAN_POINT('',(-0.775000000000012,3.85,4.615));
#8608=CARTESIAN_POINT('',(-0.975,3.85,4.615));
#8609=VECTOR('',#10086,1.0);
#8610=CARTESIAN_POINT('',(-0.975,3.50000000000001,4.615));
#8611=CARTESIAN_POINT('',(-1.23214285714284,3.95,4.615));
#8612=VECTOR('',#10087,1.0);
#8613=CARTESIAN_POINT('',(-0.975,3.50000000000001,4.615));
#8614=VECTOR('',#10088,1.0);
#8615=COLOUR_RGB('',0.168627455830574,0.168627455830574,0.168627455830574);
#8616=CARTESIAN_POINT('',(-0.775000000000012,3.85,4.715));
#8617=CARTESIAN_POINT('',(-0.775000000000012,3.85,2.22));
#8618=VECTOR('',#10089,1.0);
#8619=CARTESIAN_POINT('',(-0.975,3.50000000000001,4.715));
#8620=CARTESIAN_POINT('',(-0.975,3.50000000000001,4.615));
#8621=VECTOR('',#10090,1.0);
#8622=CARTESIAN_POINT('',(-0.774064798786679,3.85163660212333,4.715));
#8623=VECTOR('',#10091,1.0);
#8624=COLOUR_RGB('',0.168627455830574,0.168627455830574,0.168627455830574);
#8625=CARTESIAN_POINT('',(-1.17499999999999,3.85,4.715));
#8626=CARTESIAN_POINT('',(-1.17499999999999,3.85,2.22));
#8627=VECTOR('',#10092,1.0);
#8628=CARTESIAN_POINT('',(-0.166704431982614,2.08548275596952,4.715));
#8629=VECTOR('',#10093,1.0);
#8630=COLOUR_RGB('',0.168627455830574,0.168627455830574,0.168627455830574);
#8631=CARTESIAN_POINT('',(-0.475,3.85,4.715));
#8632=CARTESIAN_POINT('',(-0.475,3.85,4.715));
#8633=VECTOR('',#10094,1.0);
#8634=CARTESIAN_POINT('',(-0.475,3.85,0.125));
#8635=CARTESIAN_POINT('',(-0.475,3.85,-0.175));
#8636=VECTOR('',#10095,1.0);
#8637=CARTESIAN_POINT('',(-0.825,3.85,0.125));
#8638=CARTESIAN_POINT('',(1.075,3.85,0.125));
#8639=VECTOR('',#10096,1.0);
#8640=CARTESIAN_POINT('',(-0.825,3.85,-0.175));
#8641=CARTESIAN_POINT('',(-0.825,3.85,-0.225));
#8642=VECTOR('',#10097,1.0);
#8643=CARTESIAN_POINT('',(-1.475,3.85,-0.175));
#8644=CARTESIAN_POINT('',(-0.475,3.85,-0.175));
#8645=VECTOR('',#10098,1.0);
#8646=CARTESIAN_POINT('',(-1.475,3.85,4.715));
#8647=CARTESIAN_POINT('',(-1.475,3.85,-0.175));
#8648=VECTOR('',#10099,1.0);
#8649=CARTESIAN_POINT('',(-0.475,3.85,4.715));
#8650=VECTOR('',#10100,1.0);
#8651=COLOUR_RGB('',0.168627455830574,0.168627455830574,0.168627455830574);
#8652=CARTESIAN_POINT('',(6.875,0.77,4.35126933041054));
#8653=CARTESIAN_POINT('',(6.875,0.77,4.715));
#8654=CARTESIAN_POINT('',(6.875,0.77,3.19054863938235));
#8655=VECTOR('',#10101,1.0);
#8656=CARTESIAN_POINT('',(6.875,0.56,4.715));
#8657=CARTESIAN_POINT('',(6.875,0.444529946162075,4.915));
#8658=VECTOR('',#10102,1.0);
#8659=CARTESIAN_POINT('',(6.875,1.29750978549498,4.715));
#8660=VECTOR('',#10103,1.0);
#8661=COLOUR_RGB('',0.168627455830574,0.168627455830574,0.168627455830574);
#8662=CARTESIAN_POINT('',(-0.625000000000001,0.77,4.35126933041054));
#8663=CARTESIAN_POINT('',(-0.215,0.77,4.35126933041054));
#8664=CARTESIAN_POINT('',(5.0,0.77,4.35126933041054));
#8665=VECTOR('',#10104,1.0);
#8666=CARTESIAN_POINT('',(-0.625000000000001,0.56,4.715));
#8667=CARTESIAN_POINT('',(-0.625000000000001,0.444529946162075,4.915));
#8668=VECTOR('',#10105,1.0);
#8669=CARTESIAN_POINT('',(5.0,0.56,4.715));
#8670=VECTOR('',#10106,1.0);
#8671=CARTESIAN_POINT('',(6.465,0.77,4.35126933041054));
#8672=CARTESIAN_POINT('',(5.0,0.77,4.35126933041054));
#8673=VECTOR('',#10107,1.0);
#8674=CARTESIAN_POINT('',(6.465,0.87,4.17806424965365));
#8675=CARTESIAN_POINT('',(6.465,0.984642012959684,3.97949845852551));
#8676=VECTOR('',#10108,1.0);
#8677=CARTESIAN_POINT('',(6.035,0.87,4.17806424965365));
#8678=CARTESIAN_POINT('',(6.5625,0.87,4.17806424965365));
#8679=VECTOR('',#10109,1.0);
#8680=CARTESIAN_POINT('',(6.035,0.77,4.35126933041054));
#8681=CARTESIAN_POINT('',(6.035,0.984642012959684,3.97949845852551));
#8682=VECTOR('',#10110,1.0);
#8683=CARTESIAN_POINT('',(5.215,0.77,4.35126933041054));
#8684=CARTESIAN_POINT('',(5.0,0.77,4.35126933041054));
#8685=VECTOR('',#10111,1.0);
#8686=CARTESIAN_POINT('',(5.215,0.87,4.17806424965365));
#8687=CARTESIAN_POINT('',(5.215,0.984642012959684,3.97949845852551));
#8688=VECTOR('',#10112,1.0);
#8689=CARTESIAN_POINT('',(4.785,0.87,4.17806424965365));
#8690=CARTESIAN_POINT('',(5.9375,0.87,4.17806424965365));
#8691=VECTOR('',#10113,1.0);
#8692=CARTESIAN_POINT('',(4.785,0.77,4.35126933041054));
#8693=CARTESIAN_POINT('',(4.785,0.984642012959684,3.97949845852551));
#8694=VECTOR('',#10114,1.0);
#8695=CARTESIAN_POINT('',(3.965,0.77,4.35126933041054));
#8696=CARTESIAN_POINT('',(5.0,0.77,4.35126933041054));
#8697=VECTOR('',#10115,1.0);
#8698=CARTESIAN_POINT('',(3.965,0.87,4.17806424965365));
#8699=CARTESIAN_POINT('',(3.965,0.984642012959684,3.97949845852551));
#8700=VECTOR('',#10116,1.0);
#8701=CARTESIAN_POINT('',(3.535,0.87,4.17806424965365));
#8702=CARTESIAN_POINT('',(5.3125,0.87,4.17806424965365));
#8703=VECTOR('',#10117,1.0);
#8704=CARTESIAN_POINT('',(3.535,0.77,4.35126933041054));
#8705=CARTESIAN_POINT('',(3.535,0.984642012959684,3.97949845852551));
#8706=VECTOR('',#10118,1.0);
#8707=CARTESIAN_POINT('',(2.715,0.77,4.35126933041054));
#8708=CARTESIAN_POINT('',(5.0,0.77,4.35126933041054));
#8709=VECTOR('',#10119,1.0);
#8710=CARTESIAN_POINT('',(2.715,0.87,4.17806424965365));
#8711=CARTESIAN_POINT('',(2.715,0.984642012959684,3.97949845852551));
#8712=VECTOR('',#10120,1.0);
#8713=CARTESIAN_POINT('',(2.285,0.87,4.17806424965365));
#8714=CARTESIAN_POINT('',(4.6875,0.87,4.17806424965365));
#8715=VECTOR('',#10121,1.0);
#8716=CARTESIAN_POINT('',(2.285,0.77,4.35126933041054));
#8717=CARTESIAN_POINT('',(2.285,0.984642012959684,3.97949845852551));
#8718=VECTOR('',#10122,1.0);
#8719=CARTESIAN_POINT('',(1.465,0.77,4.35126933041054));
#8720=CARTESIAN_POINT('',(5.0,0.77,4.35126933041054));
#8721=VECTOR('',#10123,1.0);
#8722=CARTESIAN_POINT('',(1.465,0.87,4.17806424965365));
#8723=CARTESIAN_POINT('',(1.465,0.984642012959684,3.97949845852551));
#8724=VECTOR('',#10124,1.0);
#8725=CARTESIAN_POINT('',(1.035,0.87,4.17806424965365));
#8726=CARTESIAN_POINT('',(4.0625,0.87,4.17806424965365));
#8727=VECTOR('',#10125,1.0);
#8728=CARTESIAN_POINT('',(1.035,0.77,4.35126933041054));
#8729=CARTESIAN_POINT('',(1.035,0.984642012959684,3.97949845852551));
#8730=VECTOR('',#10126,1.0);
#8731=CARTESIAN_POINT('',(0.215,0.77,4.35126933041054));
#8732=CARTESIAN_POINT('',(5.0,0.77,4.35126933041054));
#8733=VECTOR('',#10127,1.0);
#8734=CARTESIAN_POINT('',(0.215,0.87,4.17806424965365));
#8735=CARTESIAN_POINT('',(0.215,0.984642012959684,3.97949845852551));
#8736=VECTOR('',#10128,1.0);
#8737=CARTESIAN_POINT('',(-0.215,0.87,4.17806424965365));
#8738=CARTESIAN_POINT('',(3.4375,0.87,4.17806424965365));
#8739=VECTOR('',#10129,1.0);
#8740=CARTESIAN_POINT('',(-0.215,0.984642012959684,3.97949845852551));
#8741=VECTOR('',#10130,1.0);
#8742=COLOUR_RGB('',0.168627455830574,0.168627455830574,0.168627455830574);
#8743=CARTESIAN_POINT('',(-0.625000000000001,0.77,4.715));
#8744=CARTESIAN_POINT('',(-0.625000000000001,0.77,3.19054863938235));
#8745=VECTOR('',#10131,1.0);
#8746=CARTESIAN_POINT('',(-0.625000000000001,1.29750978549498,4.715));
#8747=VECTOR('',#10132,1.0);
#8748=COLOUR_RGB('',0.168627455830574,0.168627455830574,0.168627455830574);
#8749=CARTESIAN_POINT('',(3.535,0.77,1.825));
#8750=CARTESIAN_POINT('',(3.535,0.77,2.52));
#8751=VECTOR('',#10133,1.0);
#8752=CARTESIAN_POINT('',(2.715,0.77,1.825));
#8753=CARTESIAN_POINT('',(-1.125,0.77,1.825));
#8754=VECTOR('',#10134,1.0);
#8755=CARTESIAN_POINT('',(2.715,0.77,2.52));
#8756=VECTOR('',#10135,1.0);
#8757=COLOUR_RGB('',0.168627455830574,0.168627455830574,0.168627455830574);
#8758=CARTESIAN_POINT('',(3.535,0.87,1.825));
#8759=CARTESIAN_POINT('',(3.535,0.87,3.215));
#8760=VECTOR('',#10136,1.0);
#8761=CARTESIAN_POINT('',(3.535,1.31075095612681,1.825));
#8762=VECTOR('',#10137,1.0);
#8763=COLOUR_RGB('',0.168627455830574,0.168627455830574,0.168627455830574);
#8764=CARTESIAN_POINT('',(3.965,0.87,1.825));
#8765=CARTESIAN_POINT('',(3.965,0.87,3.215));
#8766=VECTOR('',#10138,1.0);
#8767=CARTESIAN_POINT('',(3.4375,0.87,1.825));
#8768=VECTOR('',#10139,1.0);
#8769=COLOUR_RGB('',0.168627455830574,0.168627455830574,0.168627455830574);
#8770=CARTESIAN_POINT('',(3.965,0.77,1.825));
#8771=CARTESIAN_POINT('',(3.965,0.77,2.52));
#8772=VECTOR('',#10140,1.0);
#8773=CARTESIAN_POINT('',(3.965,1.31075095612681,1.825));
#8774=VECTOR('',#10141,1.0);
#8775=COLOUR_RGB('',0.168627455830574,0.168627455830574,0.168627455830574);
#8776=CARTESIAN_POINT('',(4.785,0.77,1.825));
#8777=CARTESIAN_POINT('',(4.785,0.77,2.52));
#8778=VECTOR('',#10142,1.0);
#8779=CARTESIAN_POINT('',(-1.125,0.77,1.825));
#8780=VECTOR('',#10143,1.0);
#8781=COLOUR_RGB('',0.168627455830574,0.168627455830574,0.168627455830574);
#8782=CARTESIAN_POINT('',(4.785,0.87,1.825));
#8783=CARTESIAN_POINT('',(4.785,0.87,3.215));
#8784=VECTOR('',#10144,1.0);
#8785=CARTESIAN_POINT('',(4.785,1.31075095612681,1.825));
#8786=VECTOR('',#10145,1.0);
#8787=COLOUR_RGB('',0.168627455830574,0.168627455830574,0.168627455830574);
#8788=CARTESIAN_POINT('',(5.215,0.87,1.825));
#8789=CARTESIAN_POINT('',(5.215,0.87,3.215));
#8790=VECTOR('',#10146,1.0);
#8791=CARTESIAN_POINT('',(4.0625,0.87,1.825));
#8792=VECTOR('',#10147,1.0);
#8793=COLOUR_RGB('',0.168627455830574,0.168627455830574,0.168627455830574);
#8794=CARTESIAN_POINT('',(5.215,0.77,1.825));
#8795=CARTESIAN_POINT('',(5.215,0.77,2.52));
#8796=VECTOR('',#10148,1.0);
#8797=CARTESIAN_POINT('',(5.215,1.31075095612681,1.825));
#8798=VECTOR('',#10149,1.0);
#8799=COLOUR_RGB('',0.168627455830574,0.168627455830574,0.168627455830574);
#8800=CARTESIAN_POINT('',(6.035,0.77,1.825));
#8801=CARTESIAN_POINT('',(6.035,0.77,2.52));
#8802=VECTOR('',#10150,1.0);
#8803=CARTESIAN_POINT('',(-1.125,0.77,1.825));
#8804=VECTOR('',#10151,1.0);
#8805=COLOUR_RGB('',0.168627455830574,0.168627455830574,0.168627455830574);
#8806=CARTESIAN_POINT('',(6.035,0.87,1.825));
#8807=CARTESIAN_POINT('',(6.035,0.87,3.215));
#8808=VECTOR('',#10152,1.0);
#8809=CARTESIAN_POINT('',(6.035,1.31075095612681,1.825));
#8810=VECTOR('',#10153,1.0);
#8811=COLOUR_RGB('',0.168627455830574,0.168627455830574,0.168627455830574);
#8812=CARTESIAN_POINT('',(6.465,0.87,1.825));
#8813=CARTESIAN_POINT('',(6.465,0.87,3.215));
#8814=VECTOR('',#10154,1.0);
#8815=CARTESIAN_POINT('',(4.6875,0.87,1.825));
#8816=VECTOR('',#10155,1.0);
#8817=COLOUR_RGB('',0.168627455830574,0.168627455830574,0.168627455830574);
#8818=CARTESIAN_POINT('',(6.465,0.77,1.825));
#8819=CARTESIAN_POINT('',(6.465,0.77,2.52));
#8820=VECTOR('',#10156,1.0);
#8821=CARTESIAN_POINT('',(6.465,1.31075095612681,1.825));
#8822=VECTOR('',#10157,1.0);
#8823=COLOUR_RGB('',0.168627455830574,0.168627455830574,0.168627455830574);
#8824=CARTESIAN_POINT('',(7.375,0.77,4.715));
#8825=CARTESIAN_POINT('',(3.125,0.77,4.715));
#8826=VECTOR('',#10158,1.0);
#8827=CARTESIAN_POINT('',(7.375,0.77,1.825));
#8828=CARTESIAN_POINT('',(7.375,0.77,1.825));
#8829=VECTOR('',#10159,1.0);
#8830=CARTESIAN_POINT('',(-1.125,0.77,1.825));
#8831=VECTOR('',#10160,1.0);
#8832=COLOUR_RGB('',0.168627455830574,0.168627455830574,0.168627455830574);
#8833=CARTESIAN_POINT('',(7.375,1.89,1.825));
#8834=CARTESIAN_POINT('',(7.375,0.77,1.825));
#8835=VECTOR('',#10161,1.0);
#8836=CARTESIAN_POINT('',(7.475,2.04,1.825));
#8837=CARTESIAN_POINT('',(7.375,1.89,1.825));
#8838=VECTOR('',#10162,1.0);
#8839=CARTESIAN_POINT('',(7.475,3.19,1.825));
#8840=CARTESIAN_POINT('',(7.475,2.04,1.825));
#8841=VECTOR('',#10163,1.0);
#8842=CARTESIAN_POINT('',(7.32499999999999,3.34,1.825));
#8843=AXIS2_PLACEMENT_3D('',#10164,#10165,#10166);
#8844=CARTESIAN_POINT('',(7.125,3.34,1.825));
#8845=CARTESIAN_POINT('',(7.32499999999999,3.34,1.825));
#8846=VECTOR('',#10167,1.0);
#8847=CARTESIAN_POINT('',(6.975,3.19,1.825));
#8848=AXIS2_PLACEMENT_3D('',#10168,#10169,#10170);
#8849=CARTESIAN_POINT('',(6.975,2.54,1.825));
#8850=CARTESIAN_POINT('',(6.975,3.19,1.825));
#8851=VECTOR('',#10171,1.0);
#8852=CARTESIAN_POINT('',(-0.725000000000001,2.54,1.825));
#8853=CARTESIAN_POINT('',(6.975,2.54,1.825));
#8854=VECTOR('',#10172,1.0);
#8855=CARTESIAN_POINT('',(-0.725,3.19,1.825));
#8856=CARTESIAN_POINT('',(-0.725,2.54,1.825));
#8857=VECTOR('',#10173,1.0);
#8858=CARTESIAN_POINT('',(-0.875,3.34,1.825));
#8859=AXIS2_PLACEMENT_3D('',#10174,#10175,#10176);
#8860=CARTESIAN_POINT('',(-1.075,3.34,1.825));
#8861=CARTESIAN_POINT('',(-0.875,3.34,1.825));
#8862=VECTOR('',#10177,1.0);
#8863=CARTESIAN_POINT('',(-1.225,3.19,1.825));
#8864=AXIS2_PLACEMENT_3D('',#10178,#10179,#10180);
#8865=CARTESIAN_POINT('',(-1.225,2.04,1.825));
#8866=CARTESIAN_POINT('',(-1.225,3.19,1.825));
#8867=VECTOR('',#10181,1.0);
#8868=CARTESIAN_POINT('',(-1.125,1.89,1.825));
#8869=CARTESIAN_POINT('',(-1.225,2.04,1.825));
#8870=VECTOR('',#10182,1.0);
#8871=CARTESIAN_POINT('',(-1.125,0.77,1.825));
#8872=CARTESIAN_POINT('',(-1.125,1.89,1.825));
#8873=VECTOR('',#10183,1.0);
#8874=CARTESIAN_POINT('',(-0.215,0.77,1.825));
#8875=CARTESIAN_POINT('',(-1.125,0.77,1.825));
#8876=VECTOR('',#10184,1.0);
#8877=CARTESIAN_POINT('',(-0.215,0.87,1.825));
#8878=CARTESIAN_POINT('',(-0.215,1.31075095612681,1.825));
#8879=VECTOR('',#10185,1.0);
#8880=CARTESIAN_POINT('',(0.215,0.87,1.825));
#8881=CARTESIAN_POINT('',(1.5625,0.87,1.825));
#8882=VECTOR('',#10186,1.0);
#8883=CARTESIAN_POINT('',(0.215,0.77,1.825));
#8884=CARTESIAN_POINT('',(0.215,1.31075095612681,1.825));
#8885=VECTOR('',#10187,1.0);
#8886=CARTESIAN_POINT('',(1.035,0.77,1.825));
#8887=CARTESIAN_POINT('',(-1.125,0.77,1.825));
#8888=VECTOR('',#10188,1.0);
#8889=CARTESIAN_POINT('',(1.035,0.87,1.825));
#8890=CARTESIAN_POINT('',(1.035,1.31075095612681,1.825));
#8891=VECTOR('',#10189,1.0);
#8892=CARTESIAN_POINT('',(1.465,0.87,1.825));
#8893=CARTESIAN_POINT('',(2.1875,0.87,1.825));
#8894=VECTOR('',#10190,1.0);
#8895=CARTESIAN_POINT('',(1.465,0.77,1.825));
#8896=CARTESIAN_POINT('',(1.465,1.31075095612681,1.825));
#8897=VECTOR('',#10191,1.0);
#8898=CARTESIAN_POINT('',(2.285,0.77,1.825));
#8899=CARTESIAN_POINT('',(-1.125,0.77,1.825));
#8900=VECTOR('',#10192,1.0);
#8901=CARTESIAN_POINT('',(2.285,0.87,1.825));
#8902=CARTESIAN_POINT('',(2.285,1.31075095612681,1.825));
#8903=VECTOR('',#10193,1.0);
#8904=CARTESIAN_POINT('',(2.715,0.87,1.825));
#8905=CARTESIAN_POINT('',(2.8125,0.87,1.825));
#8906=VECTOR('',#10194,1.0);
#8907=CARTESIAN_POINT('',(2.715,1.31075095612681,1.825));
#8908=VECTOR('',#10195,1.0);
#8909=COLOUR_RGB('',0.168627455830574,0.168627455830574,0.168627455830574);
#8910=CARTESIAN_POINT('',(2.285,0.87,3.215));
#8911=VECTOR('',#10196,1.0);
#8912=CARTESIAN_POINT('',(2.285,0.77,2.52));
#8913=VECTOR('',#10197,1.0);
#8914=COLOUR_RGB('',0.168627455830574,0.168627455830574,0.168627455830574);
#8915=CARTESIAN_POINT('',(2.715,0.87,3.215));
#8916=VECTOR('',#10198,1.0);
#8917=COLOUR_RGB('',0.168627455830574,0.168627455830574,0.168627455830574);
#8918=COLOUR_RGB('',0.168627455830574,0.168627455830574,0.168627455830574);
#8919=CARTESIAN_POINT('',(1.465,0.77,2.52));
#8920=VECTOR('',#10199,1.0);
#8921=CARTESIAN_POINT('',(1.465,0.87,3.215));
#8922=VECTOR('',#10200,1.0);
#8923=COLOUR_RGB('',0.168627455830574,0.168627455830574,0.168627455830574);
#8924=CARTESIAN_POINT('',(1.035,0.87,3.215));
#8925=VECTOR('',#10201,1.0);
#8926=COLOUR_RGB('',0.168627455830574,0.168627455830574,0.168627455830574);
#8927=CARTESIAN_POINT('',(1.035,0.77,2.52));
#8928=VECTOR('',#10202,1.0);
#8929=COLOUR_RGB('',0.168627455830574,0.168627455830574,0.168627455830574);
#8930=CARTESIAN_POINT('',(0.215,0.77,2.52));
#8931=VECTOR('',#10203,1.0);
#8932=COLOUR_RGB('',0.168627455830574,0.168627455830574,0.168627455830574);
#8933=COLOUR_RGB('',0.168627455830574,0.168627455830574,0.168627455830574);
#8934=CARTESIAN_POINT('',(-0.215,0.87,3.215));
#8935=VECTOR('',#10204,1.0);
#8936=CARTESIAN_POINT('',(-0.215,0.77,2.52));
#8937=VECTOR('',#10205,1.0);
#8938=COLOUR_RGB('',0.168627455830574,0.168627455830574,0.168627455830574);
#8939=CARTESIAN_POINT('',(0.215,0.87,3.215));
#8940=VECTOR('',#10206,1.0);
#8941=COLOUR_RGB('',0.168627455830574,0.168627455830574,0.168627455830574);
#8942=COLOUR_RGB('',0.168627455830574,0.168627455830574,0.168627455830574);
#8943=CARTESIAN_POINT('',(7.475,3.19,4.715));
#8944=CARTESIAN_POINT('',(7.475,2.04,4.715));
#8945=CARTESIAN_POINT('',(7.475,2.2032934517963,4.715));
#8946=VECTOR('',#10207,1.0);
#8947=CARTESIAN_POINT('',(7.475,3.19,1.825));
#8948=VECTOR('',#10208,1.0);
#8949=CARTESIAN_POINT('',(7.475,2.04,1.825));
#8950=VECTOR('',#10209,1.0);
#8951=COLOUR_RGB('',0.168627455830574,0.168627455830574,0.168627455830574);
#8952=CARTESIAN_POINT('',(7.375,1.89,4.715));
#8953=CARTESIAN_POINT('',(6.72344313159829,0.912664697397438,4.715));
#8954=VECTOR('',#10210,1.0);
#8955=CARTESIAN_POINT('',(7.375,1.89,1.825));
#8956=VECTOR('',#10211,1.0);
#8957=COLOUR_RGB('',0.168627455830574,0.168627455830574,0.168627455830574);
#8958=CARTESIAN_POINT('',(7.375,1.5607934517963,4.715));
#8959=VECTOR('',#10212,1.0);
#8960=COLOUR_RGB('',0.168627455830574,0.168627455830574,0.168627455830574);
#8961=CARTESIAN_POINT('',(-1.125,0.77,4.715));
#8962=CARTESIAN_POINT('',(-1.125,0.77,1.825));
#8963=VECTOR('',#10213,1.0);
#8964=CARTESIAN_POINT('',(3.125,0.77,4.715));
#8965=VECTOR('',#10214,1.0);
#8966=COLOUR_RGB('',0.168627455830574,0.168627455830574,0.168627455830574);
#8967=CARTESIAN_POINT('',(-1.125,1.89,4.715));
#8968=CARTESIAN_POINT('',(-1.125,1.5607934517963,4.715));
#8969=VECTOR('',#10215,1.0);
#8970=CARTESIAN_POINT('',(-1.125,1.89,1.825));
#8971=VECTOR('',#10216,1.0);
#8972=COLOUR_RGB('',0.168627455830574,0.168627455830574,0.168627455830574);
#8973=CARTESIAN_POINT('',(-1.225,2.04,4.715));
#8974=CARTESIAN_POINT('',(-0.473443131598289,0.912664697397435,4.715));
#8975=VECTOR('',#10217,1.0);
#8976=CARTESIAN_POINT('',(-1.225,2.04,1.825));
#8977=VECTOR('',#10218,1.0);
#8978=COLOUR_RGB('',0.168627455830574,0.168627455830574,0.168627455830574);
#8979=CARTESIAN_POINT('',(-1.225,3.19,4.715));
#8980=CARTESIAN_POINT('',(-1.225,2.2032934517963,4.715));
#8981=VECTOR('',#10219,1.0);
#8982=CARTESIAN_POINT('',(-1.225,3.19,1.825));
#8983=VECTOR('',#10220,1.0);
#8984=COLOUR_RGB('',0.168627455830574,0.168627455830574,0.168627455830574);
#8985=CARTESIAN_POINT('',(-1.075,3.34,4.715));
#8986=AXIS2_PLACEMENT_3D('',#10221,#10222,#10223);
#8987=CARTESIAN_POINT('',(-1.075,3.34,1.825));
#8988=VECTOR('',#10224,1.0);
#8989=COLOUR_RGB('',0.168627455830574,0.168627455830574,0.168627455830574);
#8990=CARTESIAN_POINT('',(-0.875,3.34,4.715));
#8991=CARTESIAN_POINT('',(1.075,3.34,4.715));
#8992=VECTOR('',#10225,1.0);
#8993=CARTESIAN_POINT('',(-0.875,3.34,1.825));
#8994=VECTOR('',#10226,1.0);
#8995=COLOUR_RGB('',0.168627455830574,0.168627455830574,0.168627455830574);
#8996=CARTESIAN_POINT('',(-0.725,3.19,4.715));
#8997=AXIS2_PLACEMENT_3D('',#10227,#10228,#10229);
#8998=CARTESIAN_POINT('',(-0.725,3.19,1.825));
#8999=VECTOR('',#10230,1.0);
#9000=COLOUR_RGB('',0.168627455830574,0.168627455830574,0.168627455830574);
#9001=CARTESIAN_POINT('',(-0.725000000000001,2.54,4.715));
#9002=CARTESIAN_POINT('',(-0.725,2.3282934517963,4.715));
#9003=VECTOR('',#10231,1.0);
#9004=CARTESIAN_POINT('',(-0.725000000000001,2.54,1.825));
#9005=VECTOR('',#10232,1.0);
#9006=COLOUR_RGB('',0.168627455830574,0.168627455830574,0.168627455830574);
#9007=CARTESIAN_POINT('',(6.975,2.54,4.715));
#9008=CARTESIAN_POINT('',(3.125,2.54,4.715));
#9009=VECTOR('',#10233,1.0);
#9010=CARTESIAN_POINT('',(6.975,2.54,1.825));
#9011=VECTOR('',#10234,1.0);
#9012=COLOUR_RGB('',0.168627455830574,0.168627455830574,0.168627455830574);
#9013=CARTESIAN_POINT('',(6.975,3.19,4.715));
#9014=CARTESIAN_POINT('',(6.975,2.3282934517963,4.715));
#9015=VECTOR('',#10235,1.0);
#9016=CARTESIAN_POINT('',(6.975,3.19,1.825));
#9017=VECTOR('',#10236,1.0);
#9018=COLOUR_RGB('',0.168627455830574,0.168627455830574,0.168627455830574);
#9019=CARTESIAN_POINT('',(7.125,3.34,4.715));
#9020=AXIS2_PLACEMENT_3D('',#10237,#10238,#10239);
#9021=CARTESIAN_POINT('',(7.125,3.34,1.825));
#9022=VECTOR('',#10240,1.0);
#9023=COLOUR_RGB('',0.168627455830574,0.168627455830574,0.168627455830574);
#9024=CARTESIAN_POINT('',(7.32499999999999,3.34,4.715));
#9025=CARTESIAN_POINT('',(5.175,3.34,4.715));
#9026=VECTOR('',#10241,1.0);
#9027=CARTESIAN_POINT('',(7.32499999999999,3.34,1.825));
#9028=VECTOR('',#10242,1.0);
#9029=COLOUR_RGB('',0.168627455830574,0.168627455830574,0.168627455830574);
#9030=AXIS2_PLACEMENT_3D('',#10243,#10244,#10245);
#9031=COLOUR_RGB('',0.168627455830574,0.168627455830574,0.168627455830574);
#9032=CARTESIAN_POINT('',(5.075,2.99,2.775));
#9033=CARTESIAN_POINT('',(5.075,2.99,3.797));
#9034=CARTESIAN_POINT('',(5.075,2.99,1.51886072717751));
#9035=VECTOR('',#10246,1.0);
#9036=CARTESIAN_POINT('',(5.075,3.34,2.775));
#9037=CARTESIAN_POINT('',(5.075,2.89,2.775));
#9038=VECTOR('',#10247,1.0);
#9039=CARTESIAN_POINT('',(5.075,3.34,3.175));
#9040=CARTESIAN_POINT('',(5.075,3.34,3.175));
#9041=VECTOR('',#10248,1.0);
#9042=CARTESIAN_POINT('',(5.075,2.99,3.797));
#9043=VECTOR('',#10249,1.0);
#9044=COLOUR_RGB('',0.168627455830574,0.168627455830574,0.168627455830574);
#9045=CARTESIAN_POINT('',(1.175,2.99,2.775));
#9046=CARTESIAN_POINT('',(2.15,2.99,2.775));
#9047=VECTOR('',#10250,1.0);
#9048=CARTESIAN_POINT('',(1.175,3.34,2.775));
#9049=CARTESIAN_POINT('',(1.175,2.89,2.775));
#9050=VECTOR('',#10251,1.0);
#9051=CARTESIAN_POINT('',(1.175,3.34,2.775));
#9052=VECTOR('',#10252,1.0);
#9053=COLOUR_RGB('',0.168627455830574,0.168627455830574,0.168627455830574);
#9054=CARTESIAN_POINT('',(1.175,3.34,3.175));
#9055=CARTESIAN_POINT('',(1.175,3.34,3.175));
#9056=VECTOR('',#10253,1.0);
#9057=CARTESIAN_POINT('',(1.175,2.99,3.797));
#9058=CARTESIAN_POINT('',(1.175,2.99,3.797));
#9059=VECTOR('',#10254,1.0);
#9060=CARTESIAN_POINT('',(3.125,2.99,3.797));
#9061=VECTOR('',#10255,1.0);
#9062=COLOUR_RGB('',0.168627455830574,0.168627455830574,0.168627455830574);
#9063=CARTESIAN_POINT('',(1.175,3.34,3.175));
#9064=VECTOR('',#10256,1.0);
#9065=COLOUR_RGB('',0.168627455830574,0.168627455830574,0.168627455830574);
#9066=CARTESIAN_POINT('',(1.175,2.99,1.51886072717751));
#9067=VECTOR('',#10257,1.0);
#9068=COLOUR_RGB('',0.168627455830574,0.168627455830574,0.168627455830574);
#9069=AXIS2_PLACEMENT_3D('',#10258,#10259,#10260);
#9070=COLOUR_RGB('',0.168627455830574,0.168627455830574,0.168627455830574);
#9071=AXIS2_PLACEMENT_3D('',#10261,#10262,#10263);
#9072=COLOUR_RGB('',0.168627455830574,0.168627455830574,0.168627455830574);
#9073=COLOUR_RGB('',0.168627455830574,0.168627455830574,0.168627455830574);
#9074=AXIS2_PLACEMENT_3D('',#10264,#10265,#10266);
#9075=COLOUR_RGB('',0.168627455830574,0.168627455830574,0.168627455830574);
#9076=AXIS2_PLACEMENT_3D('',#10267,#10268,#10269);
#9077=COLOUR_RGB('',0.168627455830574,0.168627455830574,0.168627455830574);
#9078=COLOUR_RGB('',0.168627455830574,0.168627455830574,0.168627455830574);
#9079=CARTESIAN_POINT('',(-1.575,2.12,1.355));
#9080=CARTESIAN_POINT('',(-1.575,2.12,4.715));
#9081=CARTESIAN_POINT('',(-1.575,2.12,2.32));
#9082=VECTOR('',#10270,1.0);
#9083=CARTESIAN_POINT('',(-1.495,2.04,1.355));
#9084=CARTESIAN_POINT('',(-1.655,2.2,1.355));
#9085=VECTOR('',#10271,1.0);
#9086=CARTESIAN_POINT('',(-1.495,2.04,4.715));
#9087=CARTESIAN_POINT('',(-1.495,2.04,4.815));
#9088=VECTOR('',#10272,1.0);
#9089=CARTESIAN_POINT('',(-0.317896725898149,0.862896725898148,4.715));
#9090=VECTOR('',#10273,1.0);
#9091=COLOUR_RGB('',0.168627455830574,0.168627455830574,0.168627455830574);
#9092=CARTESIAN_POINT('',(-1.495,1.1,4.715));
#9093=CARTESIAN_POINT('',(-1.495,1.6807934517963,4.715));
#9094=VECTOR('',#10274,1.0);
#9095=CARTESIAN_POINT('',(-1.495,1.1,1.355));
#9096=CARTESIAN_POINT('',(-1.495,1.1,1.355));
#9097=VECTOR('',#10275,1.0);
#9098=CARTESIAN_POINT('',(-1.495,1.1,4.815));
#9099=VECTOR('',#10276,1.0);
#9100=COLOUR_RGB('',0.168627455830574,0.168627455830574,0.168627455830574);
#9101=CARTESIAN_POINT('',(-1.575,1.02,4.715));
#9102=CARTESIAN_POINT('',(-1.575,1.02,1.355));
#9103=CARTESIAN_POINT('',(-1.575,1.02,2.32));
#9104=VECTOR('',#10277,1.0);
#9105=CARTESIAN_POINT('',(-0.207103274101852,2.38789672589815,4.715));
#9106=VECTOR('',#10278,1.0);
#9107=CARTESIAN_POINT('',(-1.655,0.94,1.355));
#9108=VECTOR('',#10279,1.0);
#9109=COLOUR_RGB('',0.168627455830574,0.168627455830574,0.168627455830574);
#9110=CARTESIAN_POINT('',(-1.575,1.7475,1.355));
#9111=VECTOR('',#10280,1.0);
#9112=COLOUR_RGB('',0.168627455830574,0.168627455830574,0.168627455830574);
#9113=CARTESIAN_POINT('',(-1.575,3.75,4.715));
#9114=CARTESIAN_POINT('',(-1.475,3.85,4.715));
#9115=VECTOR('',#10281,1.0);
#9116=CARTESIAN_POINT('',(-1.575,3.75,4.715));
#9117=VECTOR('',#10282,1.0);
#9118=CARTESIAN_POINT('',(-1.575,0.1,4.715));
#9119=CARTESIAN_POINT('',(-1.575,3.75,4.715));
#9120=VECTOR('',#10283,1.0);
#9121=CARTESIAN_POINT('',(-1.475,0.0,4.715));
#9122=CARTESIAN_POINT('',(-1.575,0.1,4.715));
#9123=VECTOR('',#10284,1.0);
#9124=CARTESIAN_POINT('',(-0.825,0.0,4.715));
#9125=CARTESIAN_POINT('',(-1.475,0.0,4.715));
#9126=VECTOR('',#10285,1.0);
#9127=CARTESIAN_POINT('',(-0.825,0.2,4.715));
#9128=CARTESIAN_POINT('',(-0.825,0.870793451796297,4.715));
#9129=VECTOR('',#10286,1.0);
#9130=CARTESIAN_POINT('',(7.075,0.2,4.715));
#9131=CARTESIAN_POINT('',(3.125,0.2,4.715));
#9132=VECTOR('',#10287,1.0);
#9133=CARTESIAN_POINT('',(7.075,0.0,4.715));
#9134=CARTESIAN_POINT('',(7.075,0.870793451796297,4.715));
#9135=VECTOR('',#10288,1.0);
#9136=CARTESIAN_POINT('',(7.725,0.0,4.715));
#9137=CARTESIAN_POINT('',(-1.475,0.0,4.715));
#9138=VECTOR('',#10289,1.0);
#9139=CARTESIAN_POINT('',(7.825,0.1,4.715));
#9140=CARTESIAN_POINT('',(7.725,0.0,4.715));
#9141=VECTOR('',#10290,1.0);
#9142=CARTESIAN_POINT('',(7.825,1.02,4.715));
#9143=CARTESIAN_POINT('',(7.825,0.1,4.715));
#9144=VECTOR('',#10291,1.0);
#9145=CARTESIAN_POINT('',(7.745,1.1,4.715));
#9146=CARTESIAN_POINT('',(6.45710327410185,2.38789672589815,4.715));
#9147=VECTOR('',#10292,1.0);
#9148=CARTESIAN_POINT('',(7.745,2.04,4.715));
#9149=CARTESIAN_POINT('',(7.745,1.6807934517963,4.715));
#9150=VECTOR('',#10293,1.0);
#9151=CARTESIAN_POINT('',(7.825,2.12,4.715));
#9152=CARTESIAN_POINT('',(6.56789672589815,0.862896725898149,4.715));
#9153=VECTOR('',#10294,1.0);
#9154=CARTESIAN_POINT('',(7.825,3.75,4.715));
#9155=CARTESIAN_POINT('',(7.825,0.1,4.715));
#9156=VECTOR('',#10295,1.0);
#9157=CARTESIAN_POINT('',(7.725,3.85,4.715));
#9158=CARTESIAN_POINT('',(7.825,3.75,4.715));
#9159=VECTOR('',#10296,1.0);
#9160=CARTESIAN_POINT('',(6.725,3.85,4.715));
#9161=CARTESIAN_POINT('',(7.725,3.85,4.715));
#9162=VECTOR('',#10297,1.0);
#9163=CARTESIAN_POINT('',(6.575,3.7,4.715));
#9164=CARTESIAN_POINT('',(6.725,3.85,4.715));
#9165=VECTOR('',#10298,1.0);
#9166=CARTESIAN_POINT('',(6.575,2.89,4.715));
#9167=CARTESIAN_POINT('',(6.575,2.3657934517963,4.715));
#9168=VECTOR('',#10299,1.0);
#9169=CARTESIAN_POINT('',(-0.325,2.89,4.715));
#9170=CARTESIAN_POINT('',(3.125,2.89,4.715));
#9171=VECTOR('',#10300,1.0);
#9172=CARTESIAN_POINT('',(-0.325,3.7,4.715));
#9173=CARTESIAN_POINT('',(-0.325,2.99,4.715));
#9174=VECTOR('',#10301,1.0);
#9175=CARTESIAN_POINT('',(-0.325,3.7,4.715));
#9176=VECTOR('',#10302,1.0);
#9177=COLOUR_RGB('',0.168627455830574,0.168627455830574,0.168627455830574);
#9178=CARTESIAN_POINT('',(7.825,2.12,1.355));
#9179=CARTESIAN_POINT('',(7.825,1.02,1.355));
#9180=CARTESIAN_POINT('',(7.825,1.7475,1.355));
#9181=VECTOR('',#10303,1.0);
#9182=CARTESIAN_POINT('',(7.745,2.04,1.355));
#9183=CARTESIAN_POINT('',(7.905,2.2,1.355));
#9184=VECTOR('',#10304,1.0);
#9185=CARTESIAN_POINT('',(7.745,1.1,1.355));
#9186=CARTESIAN_POINT('',(7.745,1.1,1.355));
#9187=VECTOR('',#10305,1.0);
#9188=CARTESIAN_POINT('',(7.905,0.94,1.355));
#9189=VECTOR('',#10306,1.0);
#9190=COLOUR_RGB('',0.168627455830574,0.168627455830574,0.168627455830574);
#9191=CARTESIAN_POINT('',(7.825,1.02,0.59));
#9192=VECTOR('',#10307,1.0);
#9193=CARTESIAN_POINT('',(7.745,1.1,1.355));
#9194=VECTOR('',#10308,1.0);
#9195=COLOUR_RGB('',0.168627455830574,0.168627455830574,0.168627455830574);
#9196=CARTESIAN_POINT('',(7.825,2.12,0.59));
#9197=VECTOR('',#10309,1.0);
#9198=CARTESIAN_POINT('',(7.745,2.04,1.355));
#9199=VECTOR('',#10310,1.0);
#9200=COLOUR_RGB('',0.168627455830574,0.168627455830574,0.168627455830574);
#9201=COLOUR_RGB('',0.168627455830574,0.168627455830574,0.168627455830574);
#9202=CARTESIAN_POINT('',(7.825,0.1,3.775));
#9203=CARTESIAN_POINT('',(7.825,0.1,-0.175));
#9204=VECTOR('',#10311,1.0);
#9205=CARTESIAN_POINT('',(7.825,1.1125,3.775));
#9206=VECTOR('',#10312,1.0);
#9207=CARTESIAN_POINT('',(7.825,0.1,0.765));
#9208=CARTESIAN_POINT('',(7.825,1.1125,0.765));
#9209=VECTOR('',#10313,1.0);
#9210=CARTESIAN_POINT('',(7.825,0.1,-0.175));
#9211=CARTESIAN_POINT('',(7.825,0.1,-0.175));
#9212=VECTOR('',#10314,1.0);
#9213=CARTESIAN_POINT('',(7.825,0.5,-0.175));
#9214=CARTESIAN_POINT('',(7.825,0.1,-0.175));
#9215=VECTOR('',#10315,1.0);
#9216=CARTESIAN_POINT('',(7.825,0.5,0.125));
#9217=CARTESIAN_POINT('',(7.825,0.5,-0.225));
#9218=VECTOR('',#10316,1.0);
#9219=CARTESIAN_POINT('',(7.825,3.35,0.125));
#9220=CARTESIAN_POINT('',(7.825,1.925,0.125));
#9221=VECTOR('',#10317,1.0);
#9222=CARTESIAN_POINT('',(7.825,3.35,-0.175));
#9223=CARTESIAN_POINT('',(7.825,3.35,-0.225));
#9224=VECTOR('',#10318,1.0);
#9225=CARTESIAN_POINT('',(7.825,3.75,-0.175));
#9226=CARTESIAN_POINT('',(7.825,0.1,-0.175));
#9227=VECTOR('',#10319,1.0);
#9228=CARTESIAN_POINT('',(7.825,3.75,-0.175));
#9229=VECTOR('',#10320,1.0);
#9230=COLOUR_RGB('',0.168627455830574,0.168627455830574,0.168627455830574);
#9231=CARTESIAN_POINT('',(-0.325,2.26,0.125));
#9232=CARTESIAN_POINT('',(6.575,2.26,0.125));
#9233=CARTESIAN_POINT('',(3.125,2.26,0.125));
#9234=VECTOR('',#10321,1.0);
#9235=CARTESIAN_POINT('',(-0.325,2.26,1.275));
#9236=CARTESIAN_POINT('',(-0.325,2.26,-0.275));
#9237=VECTOR('',#10322,1.0);
#9238=CARTESIAN_POINT('',(6.575,2.26,1.275));
#9239=CARTESIAN_POINT('',(-0.325,2.26,1.275));
#9240=VECTOR('',#10323,1.0);
#9241=CARTESIAN_POINT('',(6.575,2.26,-0.275));
#9242=VECTOR('',#10324,1.0);
#9243=COLOUR_RGB('',0.168627455830574,0.168627455830574,0.168627455830574);
#9244=CARTESIAN_POINT('',(6.575,2.99,1.275));
#9245=CARTESIAN_POINT('',(-0.325,2.99,1.275));
#9246=CARTESIAN_POINT('',(3.125,2.99,1.275));
#9247=VECTOR('',#10325,1.0);
#9248=CARTESIAN_POINT('',(6.575,2.26,1.275));
#9249=VECTOR('',#10326,1.0);
#9250=CARTESIAN_POINT('',(-0.325,2.99,1.275));
#9251=VECTOR('',#10327,1.0);
#9252=COLOUR_RGB('',0.168627455830574,0.168627455830574,0.168627455830574);
#9253=CARTESIAN_POINT('',(-0.825,0.5,0.125));
#9254=CARTESIAN_POINT('',(-0.825,0.5,0.125));
#9255=VECTOR('',#10328,1.0);
#9256=CARTESIAN_POINT('',(-1.575,0.5,0.125));
#9257=CARTESIAN_POINT('',(-1.675,0.5,0.125));
#9258=VECTOR('',#10329,1.0);
#9259=CARTESIAN_POINT('',(-1.575,3.35,0.125));
#9260=CARTESIAN_POINT('',(-1.575,1.925,0.125));
#9261=VECTOR('',#10330,1.0);
#9262=CARTESIAN_POINT('',(-0.825,3.35,0.125));
#9263=CARTESIAN_POINT('',(-0.825,3.35,0.125));
#9264=VECTOR('',#10331,1.0);
#9265=CARTESIAN_POINT('',(-0.825,3.95,0.125));
#9266=VECTOR('',#10332,1.0);
#9267=CARTESIAN_POINT('',(-0.325,3.7,0.125));
#9268=CARTESIAN_POINT('',(0.94375,2.43125,0.125));
#9269=VECTOR('',#10333,1.0);
#9270=CARTESIAN_POINT('',(-0.325,2.275,0.125));
#9271=VECTOR('',#10334,1.0);
#9272=CARTESIAN_POINT('',(6.575,3.7,0.125));
#9273=CARTESIAN_POINT('',(6.575,2.635,0.125));
#9274=VECTOR('',#10335,1.0);
#9275=CARTESIAN_POINT('',(6.725,3.85,0.125));
#9276=CARTESIAN_POINT('',(5.30625,2.43125,0.125));
#9277=VECTOR('',#10336,1.0);
#9278=CARTESIAN_POINT('',(7.075,3.85,0.125));
#9279=CARTESIAN_POINT('',(5.175,3.85,0.125));
#9280=VECTOR('',#10337,1.0);
#9281=CARTESIAN_POINT('',(7.075,3.35,0.125));
#9282=CARTESIAN_POINT('',(7.075,3.35,0.125));
#9283=VECTOR('',#10338,1.0);
#9284=CARTESIAN_POINT('',(7.925,3.35,0.125));
#9285=VECTOR('',#10339,1.0);
#9286=CARTESIAN_POINT('',(7.075,0.5,0.125));
#9287=CARTESIAN_POINT('',(7.075,0.5,0.125));
#9288=VECTOR('',#10340,1.0);
#9289=CARTESIAN_POINT('',(7.075,-0.0999999999999999,0.125));
#9290=VECTOR('',#10341,1.0);
#9291=COLOUR_RGB('',0.168627455830574,0.168627455830574,0.168627455830574);
#9292=CARTESIAN_POINT('',(6.575,2.89,3.797));
#9293=CARTESIAN_POINT('',(6.575,2.89,3.797));
#9294=VECTOR('',#10342,1.0);
#9295=CARTESIAN_POINT('',(-0.325,2.89,3.797));
#9296=CARTESIAN_POINT('',(-0.325,2.89,3.797));
#9297=VECTOR('',#10343,1.0);
#9298=CARTESIAN_POINT('',(-0.325,2.89,3.797));
#9299=VECTOR('',#10344,1.0);
#9300=COLOUR_RGB('',0.168627455830574,0.168627455830574,0.168627455830574);
#9301=CARTESIAN_POINT('',(-0.325,2.99,3.797));
#9302=CARTESIAN_POINT('',(3.125,2.99,3.797));
#9303=VECTOR('',#10345,1.0);
#9304=CARTESIAN_POINT('',(-0.325,2.99,3.797));
#9305=VECTOR('',#10346,1.0);
#9306=CARTESIAN_POINT('',(6.575,2.99,3.797));
#9307=CARTESIAN_POINT('',(6.575,2.89,3.797));
#9308=VECTOR('',#10347,1.0);
#9309=CARTESIAN_POINT('',(3.125,2.99,3.797));
#9310=VECTOR('',#10348,1.0);
#9311=COLOUR_RGB('',0.168627455830574,0.168627455830574,0.168627455830574);
#9312=CARTESIAN_POINT('',(7.075,0.2,3.775));
#9313=CARTESIAN_POINT('',(7.075,0.2,4.515));
#9314=VECTOR('',#10349,1.0);
#9315=CARTESIAN_POINT('',(7.075,0.0,3.775));
#9316=CARTESIAN_POINT('',(7.075,0.125,3.775));
#9317=VECTOR('',#10350,1.0);
#9318=CARTESIAN_POINT('',(7.075,0.0,2.17));
#9319=VECTOR('',#10351,1.0);
#9320=COLOUR_RGB('',0.168627455830574,0.168627455830574,0.168627455830574);
#9321=CARTESIAN_POINT('',(-0.825,0.0,3.775));
#9322=CARTESIAN_POINT('',(-0.825,0.0,2.17));
#9323=VECTOR('',#10352,1.0);
#9324=CARTESIAN_POINT('',(-0.825,0.2,3.775));
#9325=CARTESIAN_POINT('',(-0.825,0.125,3.775));
#9326=VECTOR('',#10353,1.0);
#9327=CARTESIAN_POINT('',(-0.825,0.2,4.515));
#9328=VECTOR('',#10354,1.0);
#9329=COLOUR_RGB('',0.168627455830574,0.168627455830574,0.168627455830574);
#9330=CARTESIAN_POINT('',(3.125,0.2,3.775));
#9331=VECTOR('',#10355,1.0);
#9332=COLOUR_RGB('',0.168627455830574,0.168627455830574,0.168627455830574);
#9333=CARTESIAN_POINT('',(-1.475,0.0,3.775));
#9334=CARTESIAN_POINT('',(3.125,0.0,3.775));
#9335=VECTOR('',#10356,1.0);
#9336=CARTESIAN_POINT('',(-1.575,0.1,3.775));
#9337=CARTESIAN_POINT('',(-0.425000000000001,-1.05,3.775));
#9338=VECTOR('',#10357,1.0);
#9339=CARTESIAN_POINT('',(-1.575,1.1125,3.775));
#9340=VECTOR('',#10358,1.0);
#9341=CARTESIAN_POINT('',(7.725,0.0,3.775));
#9342=CARTESIAN_POINT('',(6.67500000000001,-1.05,3.775));
#9343=VECTOR('',#10359,1.0);
#9344=CARTESIAN_POINT('',(3.125,0.0,3.775));
#9345=VECTOR('',#10360,1.0);
#9346=COLOUR_RGB('',0.168627455830574,0.168627455830574,0.168627455830574);
#9347=CARTESIAN_POINT('',(-1.475,0.0,-0.175));
#9348=VECTOR('',#10361,1.0);
#9349=COLOUR_RGB('',0.168627455830574,0.168627455830574,0.168627455830574);
#9350=CARTESIAN_POINT('',(7.725,0.0,-0.175));
#9351=VECTOR('',#10362,1.0);
#9352=COLOUR_RGB('',0.168627455830574,0.168627455830574,0.168627455830574);
#9353=CARTESIAN_POINT('',(-0.825,0.0,0.765));
#9354=CARTESIAN_POINT('',(-1.475,0.0,0.765));
#9355=CARTESIAN_POINT('',(0.9375,0.0,0.765));
#9356=VECTOR('',#10363,1.0);
#9357=CARTESIAN_POINT('',(-0.825,0.3,0.765));
#9358=VECTOR('',#10364,1.0);
#9359=CARTESIAN_POINT('',(-1.575,0.1,0.765));
#9360=CARTESIAN_POINT('',(-1.575,1.1125,0.765));
#9361=VECTOR('',#10365,1.0);
#9362=CARTESIAN_POINT('',(-1.51875,0.0437500000000002,0.765));
#9363=VECTOR('',#10366,1.0);
#9364=COLOUR_RGB('',0.168627455830574,0.168627455830574,0.168627455830574);
#9365=CARTESIAN_POINT('',(7.725,0.0,0.765));
#9366=CARTESIAN_POINT('',(7.075,0.0,0.765));
#9367=CARTESIAN_POINT('',(5.3125,0.0,0.765));
#9368=VECTOR('',#10367,1.0);
#9369=CARTESIAN_POINT('',(7.76875,0.0437499999999997,0.765));
#9370=VECTOR('',#10368,1.0);
#9371=CARTESIAN_POINT('',(7.075,0.3,0.765));
#9372=VECTOR('',#10369,1.0);
#9373=COLOUR_RGB('',0.168627455830574,0.168627455830574,0.168627455830574);
#9374=CARTESIAN_POINT('',(7.075,0.0,-0.175));
#9375=CARTESIAN_POINT('',(7.075,0.5,-0.175));
#9376=CARTESIAN_POINT('',(7.075,0.995793451796296,-0.175));
#9377=VECTOR('',#10370,1.0);
#9378=CARTESIAN_POINT('',(7.075,0.0,-0.225));
#9379=VECTOR('',#10371,1.0);
#9380=CARTESIAN_POINT('',(7.075,0.5,-0.275));
#9381=VECTOR('',#10372,1.0);
#9382=COLOUR_RGB('',0.168627455830574,0.168627455830574,0.168627455830574);
#9383=CARTESIAN_POINT('',(-1.575,3.75,-0.175));
#9384=CARTESIAN_POINT('',(-1.575,3.75,-0.175));
#9385=VECTOR('',#10373,1.0);
#9386=CARTESIAN_POINT('',(-1.575,3.35,-0.175));
#9387=CARTESIAN_POINT('',(-1.575,3.75,-0.175));
#9388=VECTOR('',#10374,1.0);
#9389=CARTESIAN_POINT('',(-1.575,3.35,-0.225));
#9390=VECTOR('',#10375,1.0);
#9391=CARTESIAN_POINT('',(-1.575,0.5,-0.175));
#9392=CARTESIAN_POINT('',(-1.575,0.5,-0.225));
#9393=VECTOR('',#10376,1.0);
#9394=CARTESIAN_POINT('',(-1.575,0.1,-0.175));
#9395=CARTESIAN_POINT('',(-1.575,3.75,-0.175));
#9396=VECTOR('',#10377,1.0);
#9397=CARTESIAN_POINT('',(-1.575,0.1,-0.175));
#9398=VECTOR('',#10378,1.0);
#9399=CARTESIAN_POINT('',(-1.575,0.1,-0.175));
#9400=VECTOR('',#10379,1.0);
#9401=COLOUR_RGB('',0.168627455830574,0.168627455830574,0.168627455830574);
#9402=COLOUR_RGB('',0.168627455830574,0.168627455830574,0.168627455830574);
#9403=CARTESIAN_POINT('',(-1.475,0.0,-0.175));
#9404=CARTESIAN_POINT('',(-1.575,0.1,-0.175));
#9405=VECTOR('',#10380,1.0);
#9406=CARTESIAN_POINT('',(-1.475,0.0,-0.175));
#9407=VECTOR('',#10381,1.0);
#9408=COLOUR_RGB('',0.168627455830574,0.168627455830574,0.168627455830574);
#9409=CARTESIAN_POINT('',(7.725,0.0,-0.175));
#9410=CARTESIAN_POINT('',(-1.475,0.0,-0.175));
#9411=VECTOR('',#10382,1.0);
#9412=CARTESIAN_POINT('',(7.725,0.0,-0.175));
#9413=VECTOR('',#10383,1.0);
#9414=COLOUR_RGB('',0.168627455830574,0.168627455830574,0.168627455830574);
#9415=CARTESIAN_POINT('',(-0.825,0.0,-0.175));
#9416=CARTESIAN_POINT('',(-0.825,0.0,-0.225));
#9417=VECTOR('',#10384,1.0);
#9418=CARTESIAN_POINT('',(-1.475,0.0,-0.175));
#9419=VECTOR('',#10385,1.0);
#9420=COLOUR_RGB('',0.168627455830574,0.168627455830574,0.168627455830574);
#9421=COLOUR_RGB('',0.168627455830574,0.168627455830574,0.168627455830574);
#9422=CARTESIAN_POINT('',(5.3125,0.5,-0.175));
#9423=VECTOR('',#10386,1.0);
#9424=COLOUR_RGB('',0.168627455830574,0.168627455830574,0.168627455830574);
#9425=CARTESIAN_POINT('',(7.075,3.35,-0.175));
#9426=CARTESIAN_POINT('',(7.075,3.35,-0.275));
#9427=VECTOR('',#10387,1.0);
#9428=CARTESIAN_POINT('',(5.3125,3.35,-0.175));
#9429=VECTOR('',#10388,1.0);
#9430=COLOUR_RGB('',0.168627455830574,0.168627455830574,0.168627455830574);
#9431=CARTESIAN_POINT('',(7.075,3.85,-0.175));
#9432=CARTESIAN_POINT('',(7.075,2.7207934517963,-0.175));
#9433=VECTOR('',#10389,1.0);
#9434=CARTESIAN_POINT('',(7.075,3.85,-0.225));
#9435=VECTOR('',#10390,1.0);
#9436=COLOUR_RGB('',0.168627455830574,0.168627455830574,0.168627455830574);
#9437=CARTESIAN_POINT('',(-0.825,3.35,-0.175));
#9438=CARTESIAN_POINT('',(0.937500000000001,3.35,-0.175));
#9439=VECTOR('',#10391,1.0);
#9440=CARTESIAN_POINT('',(-0.825,3.35,-0.275));
#9441=VECTOR('',#10392,1.0);
#9442=COLOUR_RGB('',0.168627455830574,0.168627455830574,0.168627455830574);
#9443=CARTESIAN_POINT('',(-0.825,2.7207934517963,-0.175));
#9444=VECTOR('',#10393,1.0);
#9445=COLOUR_RGB('',0.168627455830574,0.168627455830574,0.168627455830574);
#9446=CARTESIAN_POINT('',(-0.825,0.5,-0.175));
#9447=CARTESIAN_POINT('',(-0.825,0.995793451796296,-0.175));
#9448=VECTOR('',#10394,1.0);
#9449=CARTESIAN_POINT('',(-0.825,0.5,-0.275));
#9450=VECTOR('',#10395,1.0);
#9451=COLOUR_RGB('',0.168627455830574,0.168627455830574,0.168627455830574);
#9452=CARTESIAN_POINT('',(0.937500000000001,0.5,-0.175));
#9453=VECTOR('',#10396,1.0);
#9454=COLOUR_RGB('',0.168627455830574,0.168627455830574,0.168627455830574);
#9455=CARTESIAN_POINT('',(6.725,3.85,-0.175));
#9456=VECTOR('',#10397,1.0);
#9457=CARTESIAN_POINT('',(7.725,3.85,-0.175));
#9458=CARTESIAN_POINT('',(7.725,3.85,-0.175));
#9459=VECTOR('',#10398,1.0);
#9460=CARTESIAN_POINT('',(7.725,3.85,-0.175));
#9461=VECTOR('',#10399,1.0);
#9462=COLOUR_RGB('',0.168627455830574,0.168627455830574,0.168627455830574);
#9463=CARTESIAN_POINT('',(7.825,3.75,-0.175));
#9464=VECTOR('',#10400,1.0);
#9465=COLOUR_RGB('',0.168627455830574,0.168627455830574,0.168627455830574);
#9466=CARTESIAN_POINT('',(-1.475,3.85,-0.175));
#9467=VECTOR('',#10401,1.0);
#9468=COLOUR_RGB('',0.168627455830574,0.168627455830574,0.168627455830574);
#9469=COLOUR_RGB('',0.168627455830574,0.168627455830574,0.168627455830574);
#9470=CARTESIAN_POINT('',(7.725,0.0,-0.175));
#9471=VECTOR('',#10402,1.0);
#9472=COLOUR_RGB('',0.168627455830574,0.168627455830574,0.168627455830574);
#9473=CARTESIAN_POINT('',(6.575,3.7,-0.175));
#9474=VECTOR('',#10403,1.0);
#9475=COLOUR_RGB('',0.168627455830574,0.168627455830574,0.168627455830574);
#9476=CARTESIAN_POINT('',(6.575,2.99,-0.175));
#9477=VECTOR('',#10404,1.0);
#9478=COLOUR_RGB('',0.168627455830574,0.168627455830574,0.168627455830574);
#9479=CARTESIAN_POINT('',(-0.325,2.99,-0.175));
#9480=VECTOR('',#10405,1.0);
#9481=COLOUR_RGB('',0.168627455830574,0.168627455830574,0.168627455830574);
#9482=CARTESIAN_POINT('',(-0.325,3.7,-0.175));
#9483=VECTOR('',#10406,1.0);
#9484=COLOUR_RGB('',0.168627455830574,0.168627455830574,0.168627455830574);
#9485=COLOUR_RGB('',0.168627455830574,0.168627455830574,0.168627455830574);
#9486=COLOUR_RGB('',0.168627455830574,0.168627455830574,0.168627455830574);
#9487=COLOUR_RGB('',0.168627455830574,0.168627455830574,0.168627455830574);
#9488=DIRECTION('',(0.707106781186547,0.707106781186548,0.0));
#9489=CARTESIAN_POINT('',(-0.95,-0.65,2.7));
#9490=DIRECTION('',(-0.0,1.0,0.0));
#9491=DIRECTION('',(1.0,0.0,0.0));
#9492=DIRECTION('',(0.707106781186548,-0.707106781186547,-0.0));
#9493=CARTESIAN_POINT('',(-0.95,-0.5,2.7));
#9494=DIRECTION('',(-0.0,1.0,0.0));
#9495=DIRECTION('',(1.0,0.0,0.0));
#9496=DIRECTION('',(0.0,1.0,0.0));
#9497=DIRECTION('',(-0.0,-1.0,-0.0));
#9498=CARTESIAN_POINT('',(-0.95,0.3,2.7));
#9499=DIRECTION('',(0.0,1.0,-6.12323399573676E-17));
#9500=DIRECTION('',(1.0,0.0,0.0));
#9501=DIRECTION('',(0.707106781186548,0.707106781186547,0.0));
#9502=CARTESIAN_POINT('',(7.2,-0.65,2.7));
#9503=DIRECTION('',(-0.0,1.0,0.0));
#9504=DIRECTION('',(1.0,0.0,0.0));
#9505=DIRECTION('',(0.707106781186548,-0.707106781186547,-0.0));
#9506=CARTESIAN_POINT('',(7.2,-0.5,2.7));
#9507=DIRECTION('',(-0.0,1.0,0.0));
#9508=DIRECTION('',(1.0,0.0,0.0));
#9509=DIRECTION('',(0.0,1.0,0.0));
#9510=DIRECTION('',(-0.0,-1.0,-0.0));
#9511=CARTESIAN_POINT('',(7.2,0.3,2.7));
#9512=DIRECTION('',(0.0,1.0,-6.12323399573676E-17));
#9513=DIRECTION('',(1.0,0.0,0.0));
#9514=DIRECTION('',(5.03580169382469E-34,6.12323399573676E-17,1.0));
#9515=DIRECTION('',(-8.22408827970777E-18,-1.0,0.0));
#9516=CARTESIAN_POINT('',(6.075,1.02510111644717,0.375));
#9517=DIRECTION('',(1.0,-8.22408827970777E-18,-4.14148776891162E-51));
#9518=DIRECTION('',(0.0,5.03580169382469E-34,-1.0));
#9519=DIRECTION('',(8.22408827970777E-18,1.0,5.03580169382469E-34));
#9520=DIRECTION('',(0.0,0.0,1.0));
#9521=DIRECTION('',(-8.22408827970777E-18,-1.0,-5.03580169382469E-34));
#9522=DIRECTION('',(-1.0,-0.0,-6.12323399573676E-17));
#9523=CARTESIAN_POINT('',(6.425,1.02510111644717,0.375));
#9524=DIRECTION('',(-1.0,-0.0,-0.0));
#9525=DIRECTION('',(0.0,0.0,-1.0));
#9526=DIRECTION('',(1.0,0.0,6.12323399573676E-17));
#9527=DIRECTION('',(0.162336103515434,0.97329028505932,0.162336103515434));
#9528=DIRECTION('',(1.0,0.0,6.12323399573676E-17));
#9529=DIRECTION('',(0.162159296977509,-0.973318960581518,-0.162340886335741));
#9530=DIRECTION('',(1.0,0.0,6.12323399573676E-17));
#9531=DIRECTION('',(1.0,3.74939945665464E-33,6.12323399573676E-17));
#9532=DIRECTION('',(0.164339301413283,-0.986403869624909,1.00628799724945E-17));
#9533=DIRECTION('',(0.164518353671769,0.986374022014535,1.00738437612562E-17));
#9534=DIRECTION('',(0.0,1.0,0.0));
#9535=CARTESIAN_POINT('',(6.33327537204823,-2.25000382587288,0.032623866236949));
#9536=DIRECTION('',(-0.986374022014535,0.164518353671769,2.96871557520498E-34));
#9537=DIRECTION('',(0.164518353671769,0.986374022014535,1.00738437612562E-17));
#9538=CARTESIAN_POINT('',(6.16665559427605,-2.25000382587288,0.0326238662369489));
#9539=DIRECTION('',(0.986403869624909,0.164339301413283,0.0));
#9540=DIRECTION('',(-0.164339301413283,0.986403869624909,-1.00628799724945E-17));
#9541=DIRECTION('',(1.0,0.0,6.12323399573676E-17));
#9542=DIRECTION('',(0.0,0.0,1.0));
#9543=DIRECTION('',(0.0,0.0,-1.0));
#9544=DIRECTION('',(1.0,0.0,6.12323399573676E-17));
#9545=CARTESIAN_POINT('',(6.33327537204822,-2.25000382587293,-0.032623866236966));
#9546=DIRECTION('',(-0.986374022014535,0.164518353671769,0.0));
#9547=DIRECTION('',(0.164518353671769,0.986374022014535,1.00738437612562E-17));
#9548=CARTESIAN_POINT('',(6.16665559427606,-2.25000382587293,-0.032623866236966));
#9549=DIRECTION('',(0.986403869624909,0.164339301413283,0.0));
#9550=DIRECTION('',(-0.164339301413283,0.986403869624909,-1.00628799724945E-17));
#9551=DIRECTION('',(1.0,0.0,6.12323399573676E-17));
#9552=DIRECTION('',(-0.164518353671769,-0.986374022014535,-1.00738437612562E-17));
#9553=DIRECTION('',(1.0,0.0,6.12323399573676E-17));
#9554=DIRECTION('',(-0.164339301413283,0.986403869624909,-1.00628799724945E-17));
#9555=DIRECTION('',(0.0,-1.0,0.0));
#9556=DIRECTION('',(-0.162336103515432,-0.973290285059311,0.16233610351549));
#9557=DIRECTION('',(-0.162159296977508,0.973318960581509,-0.162340886335797));
#9558=DIRECTION('',(0.0,-6.12323399573676E-17,-1.0));
#9559=DIRECTION('',(0.0,0.0,1.0));
#9560=DIRECTION('',(0.0,1.0,0.0));
#9561=CARTESIAN_POINT('',(7.2,0.3,2.7));
#9562=DIRECTION('',(0.0,1.0,-6.12323399573676E-17));
#9563=DIRECTION('',(1.0,0.0,0.0));
#9564=CARTESIAN_POINT('',(-0.95,0.3,2.7));
#9565=DIRECTION('',(0.0,1.0,-6.12323399573676E-17));
#9566=DIRECTION('',(1.0,0.0,0.0));
#9567=DIRECTION('',(-1.0,0.0,0.0));
#9568=DIRECTION('',(0.0,-6.12323399573676E-17,-1.0));
#9569=DIRECTION('',(-1.0,0.0,0.0));
#9570=DIRECTION('',(0.0,-6.12323399573676E-17,-1.0));
#9571=DIRECTION('',(1.0,0.0,0.0));
#9572=DIRECTION('',(-3.74927562856021E-33,6.12323399573676E-17,1.0));
#9573=DIRECTION('',(-1.0,0.0,0.0));
#9574=DIRECTION('',(1.00929365875014E-16,6.12323399573676E-17,1.0));
#9575=DIRECTION('',(-1.0,0.0,0.0));
#9576=DIRECTION('',(5.03580169382469E-34,6.12323399573676E-17,1.0));
#9577=DIRECTION('',(1.0,3.74939945665464E-33,6.12323399573676E-17));
#9578=DIRECTION('',(0.0,-6.12323399573676E-17,-1.0));
#9579=DIRECTION('',(-1.0,0.0,0.0));
#9580=DIRECTION('',(5.03580169382469E-34,6.12323399573676E-17,1.0));
#9581=DIRECTION('',(1.0,3.74939945665464E-33,6.12323399573676E-17));
#9582=DIRECTION('',(0.0,-6.12323399573676E-17,-1.0));
#9583=DIRECTION('',(-1.0,0.0,0.0));
#9584=DIRECTION('',(5.03580169382469E-34,6.12323399573676E-17,1.0));
#9585=DIRECTION('',(1.0,3.74939945665464E-33,6.12323399573676E-17));
#9586=DIRECTION('',(0.0,-6.12323399573676E-17,-1.0));
#9587=DIRECTION('',(-1.0,0.0,0.0));
#9588=DIRECTION('',(5.03580169382469E-34,6.12323399573676E-17,1.0));
#9589=DIRECTION('',(1.0,3.74939945665464E-33,6.12323399573676E-17));
#9590=DIRECTION('',(0.0,-6.12323399573676E-17,-1.0));
#9591=DIRECTION('',(-1.0,0.0,0.0));
#9592=DIRECTION('',(5.03580169382469E-34,6.12323399573676E-17,1.0));
#9593=DIRECTION('',(1.0,3.74939945665464E-33,6.12323399573676E-17));
#9594=DIRECTION('',(0.0,-6.12323399573676E-17,-1.0));
#9595=DIRECTION('',(-1.0,0.0,0.0));
#9596=DIRECTION('',(-8.22408827970777E-18,-1.0,0.0));
#9597=CARTESIAN_POINT('',(4.825,1.02510111644717,0.375));
#9598=DIRECTION('',(1.0,-8.22408827970777E-18,-4.14148776891162E-51));
#9599=DIRECTION('',(0.0,5.03580169382469E-34,-1.0));
#9600=DIRECTION('',(8.22408827970777E-18,1.0,5.03580169382469E-34));
#9601=DIRECTION('',(0.0,0.0,1.0));
#9602=DIRECTION('',(-8.22408827970777E-18,-1.0,-5.03580169382469E-34));
#9603=DIRECTION('',(-1.0,-0.0,-6.12323399573676E-17));
#9604=CARTESIAN_POINT('',(5.175,1.02510111644717,0.375));
#9605=DIRECTION('',(-1.0,-0.0,-0.0));
#9606=DIRECTION('',(0.0,0.0,-1.0));
#9607=DIRECTION('',(1.0,0.0,6.12323399573676E-17));
#9608=DIRECTION('',(0.162336103515434,0.97329028505932,0.162336103515434));
#9609=DIRECTION('',(1.0,0.0,6.12323399573676E-17));
#9610=DIRECTION('',(0.162159296977509,-0.973318960581518,-0.162340886335741));
#9611=DIRECTION('',(1.0,0.0,6.12323399573676E-17));
#9612=DIRECTION('',(0.164339301413283,-0.986403869624909,1.00628799724945E-17));
#9613=DIRECTION('',(0.164518353671769,0.986374022014535,1.00738437612562E-17));
#9614=DIRECTION('',(0.0,1.0,0.0));
#9615=CARTESIAN_POINT('',(5.08327537204823,-2.25000382587288,0.032623866236949));
#9616=DIRECTION('',(-0.986374022014535,0.164518353671769,2.96871557520498E-34));
#9617=DIRECTION('',(0.164518353671769,0.986374022014535,1.00738437612562E-17));
#9618=CARTESIAN_POINT('',(4.91665559427605,-2.25000382587288,0.0326238662369489));
#9619=DIRECTION('',(0.986403869624909,0.164339301413283,0.0));
#9620=DIRECTION('',(-0.164339301413283,0.986403869624909,-1.00628799724945E-17));
#9621=DIRECTION('',(1.0,0.0,6.12323399573676E-17));
#9622=DIRECTION('',(0.0,0.0,1.0));
#9623=DIRECTION('',(0.0,0.0,-1.0));
#9624=DIRECTION('',(1.0,0.0,6.12323399573676E-17));
#9625=CARTESIAN_POINT('',(5.08327537204822,-2.25000382587293,-0.032623866236966));
#9626=DIRECTION('',(-0.986374022014535,0.164518353671769,0.0));
#9627=DIRECTION('',(0.164518353671769,0.986374022014535,1.00738437612562E-17));
#9628=CARTESIAN_POINT('',(4.91665559427606,-2.25000382587293,-0.032623866236966));
#9629=DIRECTION('',(0.986403869624909,0.164339301413283,0.0));
#9630=DIRECTION('',(-0.164339301413283,0.986403869624909,-1.00628799724945E-17));
#9631=DIRECTION('',(1.0,0.0,6.12323399573676E-17));
#9632=DIRECTION('',(-0.164518353671769,-0.986374022014535,-1.00738437612562E-17));
#9633=DIRECTION('',(1.0,0.0,6.12323399573676E-17));
#9634=DIRECTION('',(-0.164339301413283,0.986403869624909,-1.00628799724945E-17));
#9635=DIRECTION('',(0.0,-1.0,0.0));
#9636=DIRECTION('',(-0.162336103515432,-0.973290285059311,0.16233610351549));
#9637=DIRECTION('',(-0.162159296977508,0.973318960581509,-0.162340886335797));
#9638=DIRECTION('',(0.0,0.0,1.0));
#9639=DIRECTION('',(0.0,1.0,0.0));
#9640=DIRECTION('',(-8.22408827970777E-18,-1.0,0.0));
#9641=CARTESIAN_POINT('',(3.575,1.02510111644717,0.375));
#9642=DIRECTION('',(1.0,-8.22408827970777E-18,-4.14148776891162E-51));
#9643=DIRECTION('',(0.0,5.03580169382469E-34,-1.0));
#9644=DIRECTION('',(8.22408827970777E-18,1.0,5.03580169382469E-34));
#9645=DIRECTION('',(0.0,0.0,1.0));
#9646=DIRECTION('',(-8.22408827970777E-18,-1.0,-5.03580169382469E-34));
#9647=DIRECTION('',(-1.0,-0.0,-6.12323399573676E-17));
#9648=CARTESIAN_POINT('',(3.925,1.02510111644717,0.375));
#9649=DIRECTION('',(-1.0,-0.0,-0.0));
#9650=DIRECTION('',(0.0,0.0,-1.0));
#9651=DIRECTION('',(1.0,0.0,6.12323399573676E-17));
#9652=DIRECTION('',(0.162336103515434,0.97329028505932,0.162336103515434));
#9653=DIRECTION('',(1.0,0.0,6.12323399573676E-17));
#9654=DIRECTION('',(0.162159296977509,-0.973318960581518,-0.162340886335741));
#9655=DIRECTION('',(1.0,0.0,6.12323399573676E-17));
#9656=DIRECTION('',(0.164339301413283,-0.986403869624909,1.00628799724945E-17));
#9657=DIRECTION('',(0.164518353671769,0.986374022014535,1.00738437612562E-17));
#9658=DIRECTION('',(0.0,1.0,0.0));
#9659=CARTESIAN_POINT('',(3.83327537204823,-2.25000382587288,0.032623866236949));
#9660=DIRECTION('',(-0.986374022014535,0.164518353671769,2.96871557520498E-34));
#9661=DIRECTION('',(0.164518353671769,0.986374022014535,1.00738437612562E-17));
#9662=CARTESIAN_POINT('',(3.66665559427605,-2.25000382587288,0.0326238662369489));
#9663=DIRECTION('',(0.986403869624909,0.164339301413283,0.0));
#9664=DIRECTION('',(-0.164339301413283,0.986403869624909,-1.00628799724945E-17));
#9665=DIRECTION('',(1.0,0.0,6.12323399573676E-17));
#9666=DIRECTION('',(0.0,0.0,1.0));
#9667=DIRECTION('',(0.0,0.0,-1.0));
#9668=DIRECTION('',(1.0,0.0,6.12323399573676E-17));
#9669=CARTESIAN_POINT('',(3.83327537204822,-2.25000382587293,-0.032623866236966));
#9670=DIRECTION('',(-0.986374022014535,0.164518353671769,0.0));
#9671=DIRECTION('',(0.164518353671769,0.986374022014535,1.00738437612562E-17));
#9672=CARTESIAN_POINT('',(3.66665559427606,-2.25000382587293,-0.032623866236966));
#9673=DIRECTION('',(0.986403869624909,0.164339301413283,0.0));
#9674=DIRECTION('',(-0.164339301413283,0.986403869624909,-1.00628799724945E-17));
#9675=DIRECTION('',(1.0,0.0,6.12323399573676E-17));
#9676=DIRECTION('',(-0.164518353671769,-0.986374022014535,-1.00738437612562E-17));
#9677=DIRECTION('',(1.0,0.0,6.12323399573676E-17));
#9678=DIRECTION('',(-0.164339301413283,0.986403869624909,-1.00628799724945E-17));
#9679=DIRECTION('',(0.0,-1.0,0.0));
#9680=DIRECTION('',(-0.162336103515432,-0.973290285059311,0.16233610351549));
#9681=DIRECTION('',(-0.162159296977508,0.973318960581509,-0.162340886335797));
#9682=DIRECTION('',(0.0,0.0,1.0));
#9683=DIRECTION('',(0.0,1.0,0.0));
#9684=DIRECTION('',(-8.22408827970777E-18,-1.0,0.0));
#9685=CARTESIAN_POINT('',(2.325,1.02510111644717,0.375));
#9686=DIRECTION('',(1.0,-8.22408827970777E-18,-4.14148776891162E-51));
#9687=DIRECTION('',(0.0,5.03580169382469E-34,-1.0));
#9688=DIRECTION('',(8.22408827970777E-18,1.0,5.03580169382469E-34));
#9689=DIRECTION('',(0.0,0.0,1.0));
#9690=DIRECTION('',(-8.22408827970777E-18,-1.0,-5.03580169382469E-34));
#9691=DIRECTION('',(-1.0,-0.0,-6.12323399573676E-17));
#9692=CARTESIAN_POINT('',(2.675,1.02510111644717,0.375));
#9693=DIRECTION('',(-1.0,-0.0,-0.0));
#9694=DIRECTION('',(0.0,0.0,-1.0));
#9695=DIRECTION('',(1.0,0.0,6.12323399573676E-17));
#9696=DIRECTION('',(0.162336103515434,0.97329028505932,0.162336103515434));
#9697=DIRECTION('',(1.0,0.0,6.12323399573676E-17));
#9698=DIRECTION('',(0.162159296977509,-0.973318960581518,-0.162340886335741));
#9699=DIRECTION('',(1.0,0.0,6.12323399573676E-17));
#9700=DIRECTION('',(0.164339301413283,-0.986403869624909,1.00628799724945E-17));
#9701=DIRECTION('',(0.164518353671769,0.986374022014535,1.00738437612562E-17));
#9702=DIRECTION('',(0.0,1.0,0.0));
#9703=CARTESIAN_POINT('',(2.58327537204823,-2.25000382587288,0.032623866236949));
#9704=DIRECTION('',(-0.986374022014535,0.164518353671769,2.96871557520498E-34));
#9705=DIRECTION('',(0.164518353671769,0.986374022014535,1.00738437612562E-17));
#9706=CARTESIAN_POINT('',(2.41665559427605,-2.25000382587288,0.0326238662369489));
#9707=DIRECTION('',(0.986403869624909,0.164339301413283,0.0));
#9708=DIRECTION('',(-0.164339301413283,0.986403869624909,-1.00628799724945E-17));
#9709=DIRECTION('',(1.0,0.0,6.12323399573676E-17));
#9710=DIRECTION('',(0.0,0.0,1.0));
#9711=DIRECTION('',(0.0,0.0,-1.0));
#9712=DIRECTION('',(1.0,0.0,6.12323399573676E-17));
#9713=CARTESIAN_POINT('',(2.58327537204822,-2.25000382587293,-0.032623866236966));
#9714=DIRECTION('',(-0.986374022014535,0.164518353671769,0.0));
#9715=DIRECTION('',(0.164518353671769,0.986374022014535,1.00738437612562E-17));
#9716=CARTESIAN_POINT('',(2.41665559427606,-2.25000382587293,-0.032623866236966));
#9717=DIRECTION('',(0.986403869624909,0.164339301413283,0.0));
#9718=DIRECTION('',(-0.164339301413283,0.986403869624909,-1.00628799724945E-17));
#9719=DIRECTION('',(1.0,0.0,6.12323399573676E-17));
#9720=DIRECTION('',(-0.164518353671769,-0.986374022014535,-1.00738437612562E-17));
#9721=DIRECTION('',(1.0,0.0,6.12323399573676E-17));
#9722=DIRECTION('',(-0.164339301413283,0.986403869624909,-1.00628799724945E-17));
#9723=DIRECTION('',(0.0,-1.0,0.0));
#9724=DIRECTION('',(-0.162336103515432,-0.973290285059311,0.16233610351549));
#9725=DIRECTION('',(-0.162159296977508,0.973318960581509,-0.162340886335797));
#9726=DIRECTION('',(0.0,0.0,1.0));
#9727=DIRECTION('',(0.0,1.0,0.0));
#9728=DIRECTION('',(-8.22408827970777E-18,-1.0,0.0));
#9729=CARTESIAN_POINT('',(1.075,1.02510111644717,0.375));
#9730=DIRECTION('',(1.0,-8.22408827970777E-18,-4.14148776891162E-51));
#9731=DIRECTION('',(0.0,5.03580169382469E-34,-1.0));
#9732=DIRECTION('',(8.22408827970777E-18,1.0,5.03580169382469E-34));
#9733=DIRECTION('',(0.0,0.0,1.0));
#9734=DIRECTION('',(-8.22408827970777E-18,-1.0,-5.03580169382469E-34));
#9735=DIRECTION('',(-1.0,-0.0,-6.12323399573676E-17));
#9736=CARTESIAN_POINT('',(1.425,1.02510111644717,0.375));
#9737=DIRECTION('',(-1.0,-0.0,-0.0));
#9738=DIRECTION('',(0.0,0.0,-1.0));
#9739=DIRECTION('',(1.0,0.0,6.12323399573676E-17));
#9740=DIRECTION('',(0.162336103515434,0.97329028505932,0.162336103515434));
#9741=DIRECTION('',(1.0,0.0,6.12323399573676E-17));
#9742=DIRECTION('',(0.162159296977509,-0.973318960581518,-0.162340886335741));
#9743=DIRECTION('',(1.0,0.0,6.12323399573676E-17));
#9744=DIRECTION('',(0.164339301413283,-0.986403869624909,1.00628799724945E-17));
#9745=DIRECTION('',(0.164518353671769,0.986374022014535,1.00738437612562E-17));
#9746=DIRECTION('',(0.0,1.0,0.0));
#9747=CARTESIAN_POINT('',(1.33327537204823,-2.25000382587288,0.032623866236949));
#9748=DIRECTION('',(-0.986374022014535,0.164518353671769,2.96871557520498E-34));
#9749=DIRECTION('',(0.164518353671769,0.986374022014535,1.00738437612562E-17));
#9750=CARTESIAN_POINT('',(1.16665559427605,-2.25000382587288,0.0326238662369489));
#9751=DIRECTION('',(0.986403869624909,0.164339301413283,0.0));
#9752=DIRECTION('',(-0.164339301413283,0.986403869624909,-1.00628799724945E-17));
#9753=DIRECTION('',(1.0,0.0,6.12323399573676E-17));
#9754=DIRECTION('',(0.0,0.0,1.0));
#9755=DIRECTION('',(0.0,0.0,-1.0));
#9756=DIRECTION('',(1.0,0.0,6.12323399573676E-17));
#9757=CARTESIAN_POINT('',(1.33327537204822,-2.25000382587293,-0.032623866236966));
#9758=DIRECTION('',(-0.986374022014535,0.164518353671769,0.0));
#9759=DIRECTION('',(0.164518353671769,0.986374022014535,1.00738437612562E-17));
#9760=CARTESIAN_POINT('',(1.16665559427606,-2.25000382587293,-0.032623866236966));
#9761=DIRECTION('',(0.986403869624909,0.164339301413283,0.0));
#9762=DIRECTION('',(-0.164339301413283,0.986403869624909,-1.00628799724945E-17));
#9763=DIRECTION('',(1.0,0.0,6.12323399573676E-17));
#9764=DIRECTION('',(-0.164518353671769,-0.986374022014535,-1.00738437612562E-17));
#9765=DIRECTION('',(1.0,0.0,6.12323399573676E-17));
#9766=DIRECTION('',(-0.164339301413283,0.986403869624909,-1.00628799724945E-17));
#9767=DIRECTION('',(0.0,-1.0,0.0));
#9768=DIRECTION('',(-0.162336103515432,-0.973290285059311,0.16233610351549));
#9769=DIRECTION('',(-0.162159296977508,0.973318960581509,-0.162340886335797));
#9770=DIRECTION('',(0.0,0.0,1.0));
#9771=DIRECTION('',(0.0,1.0,0.0));
#9772=DIRECTION('',(-8.22408827970777E-18,-1.0,0.0));
#9773=CARTESIAN_POINT('',(-0.175,1.02510111644717,0.375));
#9774=DIRECTION('',(1.0,-8.22408827970777E-18,-4.14148776891162E-51));
#9775=DIRECTION('',(0.0,5.03580169382469E-34,-1.0));
#9776=DIRECTION('',(8.22408827970777E-18,1.0,5.03580169382469E-34));
#9777=DIRECTION('',(0.0,0.0,1.0));
#9778=DIRECTION('',(-8.22408827970777E-18,-1.0,-5.03580169382469E-34));
#9779=DIRECTION('',(-1.0,-0.0,-6.12323399573676E-17));
#9780=CARTESIAN_POINT('',(0.175,1.02510111644717,0.375));
#9781=DIRECTION('',(-1.0,-0.0,-0.0));
#9782=DIRECTION('',(0.0,0.0,-1.0));
#9783=DIRECTION('',(1.0,0.0,6.12323399573676E-17));
#9784=DIRECTION('',(0.162336103515434,0.97329028505932,0.162336103515434));
#9785=DIRECTION('',(1.0,0.0,6.12323399573676E-17));
#9786=DIRECTION('',(0.162159296977509,-0.973318960581518,-0.162340886335741));
#9787=DIRECTION('',(1.0,0.0,6.12323399573676E-17));
#9788=DIRECTION('',(0.164339301413283,-0.986403869624909,1.00628799724945E-17));
#9789=DIRECTION('',(0.164518353671769,0.986374022014535,1.00738437612562E-17));
#9790=DIRECTION('',(0.0,1.0,0.0));
#9791=CARTESIAN_POINT('',(0.0832753720482253,-2.25000382587288,0.032623866236949));
#9792=DIRECTION('',(-0.986374022014535,0.164518353671769,2.96871557520498E-34));
#9793=DIRECTION('',(0.164518353671769,0.986374022014535,1.00738437612562E-17));
#9794=CARTESIAN_POINT('',(-0.0833444057239525,-2.25000382587288,0.0326238662369489));
#9795=DIRECTION('',(0.986403869624909,0.164339301413283,0.0));
#9796=DIRECTION('',(-0.164339301413283,0.986403869624909,-1.00628799724945E-17));
#9797=DIRECTION('',(1.0,0.0,6.12323399573676E-17));
#9798=DIRECTION('',(0.0,0.0,1.0));
#9799=DIRECTION('',(0.0,0.0,-1.0));
#9800=DIRECTION('',(1.0,0.0,6.12323399573676E-17));
#9801=CARTESIAN_POINT('',(0.0832753720482176,-2.25000382587293,-0.032623866236966));
#9802=DIRECTION('',(-0.986374022014535,0.164518353671769,0.0));
#9803=DIRECTION('',(0.164518353671769,0.986374022014535,1.00738437612562E-17));
#9804=CARTESIAN_POINT('',(-0.0833444057239447,-2.25000382587293,-0.032623866236966));
#9805=DIRECTION('',(0.986403869624909,0.164339301413283,0.0));
#9806=DIRECTION('',(-0.164339301413283,0.986403869624909,-1.00628799724945E-17));
#9807=DIRECTION('',(1.0,0.0,6.12323399573676E-17));
#9808=DIRECTION('',(-0.164518353671769,-0.986374022014535,-1.00738437612562E-17));
#9809=DIRECTION('',(1.0,0.0,6.12323399573676E-17));
#9810=DIRECTION('',(-0.164339301413283,0.986403869624909,-1.00628799724945E-17));
#9811=DIRECTION('',(0.0,-1.0,0.0));
#9812=DIRECTION('',(-0.162336103515432,-0.973290285059311,0.16233610351549));
#9813=DIRECTION('',(-0.162159296977508,0.973318960581509,-0.162340886335797));
#9814=DIRECTION('',(0.0,0.0,1.0));
#9815=DIRECTION('',(0.0,1.0,0.0));
#9816=DIRECTION('',(0.0,1.0,0.0));
#9817=DIRECTION('',(6.12323399573676E-17,0.0,-1.0));
#9818=CARTESIAN_POINT('',(6.05,1.05000000000004,2.34319660112541));
#9819=DIRECTION('',(1.0,0.0,6.12323399573676E-17));
#9820=DIRECTION('',(6.12323399573676E-17,0.0,-1.0));
#9821=DIRECTION('',(2.73839349131861E-17,0.894427191000112,-0.447213595499566));
#9822=DIRECTION('',(6.12323399573676E-17,2.7755575615621E-16,-1.0));
#9823=DIRECTION('',(2.73839349132151E-17,-0.894427190999876,-0.447213595500039));
#9824=CARTESIAN_POINT('',(6.05,1.05000000000004,3.10680339887542));
#9825=DIRECTION('',(1.0,0.0,6.12323399573676E-17));
#9826=DIRECTION('',(6.12323399573676E-17,0.0,-1.0));
#9827=DIRECTION('',(6.12323399573676E-17,0.0,-1.0));
#9828=DIRECTION('',(0.0,-1.0,0.0));
#9829=CARTESIAN_POINT('',(6.05,1.45000000000003,3.5750000000004));
#9830=DIRECTION('',(1.0,0.0,6.12323399573676E-17));
#9831=DIRECTION('',(6.12323399573676E-17,0.0,-1.0));
#9832=DIRECTION('',(-6.12323399573676E-17,0.0,1.0));
#9833=DIRECTION('',(-1.0,0.0,0.0));
#9834=DIRECTION('',(-6.12323399573676E-17,0.0,1.0));
#9835=DIRECTION('',(1.0,0.0,6.12323399573676E-17));
#9836=CARTESIAN_POINT('',(6.45,1.45000000000003,3.5750000000004));
#9837=DIRECTION('',(-1.0,-0.0,-6.12323399573676E-17));
#9838=DIRECTION('',(6.12323399573676E-17,0.0,-1.0));
#9839=DIRECTION('',(1.0,0.0,6.12323399573676E-17));
#9840=DIRECTION('',(1.0,0.0,6.12323399573676E-17));
#9841=DIRECTION('',(1.0,0.0,0.0));
#9842=DIRECTION('',(6.12323399573676E-17,0.0,-1.0));
#9843=CARTESIAN_POINT('',(6.45,1.05000000000004,2.34319660112541));
#9844=DIRECTION('',(1.0,0.0,6.12323399573676E-17));
#9845=DIRECTION('',(6.12323399573676E-17,0.0,-1.0));
#9846=DIRECTION('',(1.0,0.0,6.12323399573676E-17));
#9847=DIRECTION('',(-2.73839349131861E-17,-0.894427191000112,0.447213595499566));
#9848=DIRECTION('',(1.0,0.0,6.12323399573676E-17));
#9849=DIRECTION('',(-6.12323399573676E-17,-2.7755575615621E-16,1.0));
#9850=DIRECTION('',(1.0,0.0,6.12323399573676E-17));
#9851=DIRECTION('',(-2.73839349132151E-17,0.894427190999876,0.447213595500039));
#9852=DIRECTION('',(1.0,0.0,6.12323399573676E-17));
#9853=CARTESIAN_POINT('',(6.45,1.05000000000004,3.10680339887542));
#9854=DIRECTION('',(1.0,0.0,6.12323399573676E-17));
#9855=DIRECTION('',(6.12323399573676E-17,0.0,-1.0));
#9856=DIRECTION('',(1.0,0.0,6.12323399573676E-17));
#9857=DIRECTION('',(-6.12323399573676E-17,0.0,1.0));
#9858=DIRECTION('',(1.0,0.0,6.12323399573676E-17));
#9859=DIRECTION('',(0.0,1.0,0.0));
#9860=DIRECTION('',(0.0,-1.0,0.0));
#9861=DIRECTION('',(0.0,1.0,0.0));
#9862=DIRECTION('',(6.12323399573676E-17,0.0,-1.0));
#9863=CARTESIAN_POINT('',(4.8,1.05000000000004,2.34319660112541));
#9864=DIRECTION('',(1.0,0.0,6.12323399573676E-17));
#9865=DIRECTION('',(6.12323399573676E-17,0.0,-1.0));
#9866=DIRECTION('',(2.73839349131861E-17,0.894427191000112,-0.447213595499566));
#9867=DIRECTION('',(6.12323399573676E-17,2.7755575615621E-16,-1.0));
#9868=DIRECTION('',(2.73839349132151E-17,-0.894427190999876,-0.447213595500039));
#9869=CARTESIAN_POINT('',(4.8,1.05000000000004,3.10680339887542));
#9870=DIRECTION('',(1.0,0.0,6.12323399573676E-17));
#9871=DIRECTION('',(6.12323399573676E-17,0.0,-1.0));
#9872=DIRECTION('',(6.12323399573676E-17,0.0,-1.0));
#9873=DIRECTION('',(0.0,-1.0,0.0));
#9874=CARTESIAN_POINT('',(4.8,1.45000000000003,3.5750000000004));
#9875=DIRECTION('',(1.0,0.0,6.12323399573676E-17));
#9876=DIRECTION('',(6.12323399573676E-17,0.0,-1.0));
#9877=DIRECTION('',(-6.12323399573676E-17,0.0,1.0));
#9878=DIRECTION('',(-1.0,0.0,0.0));
#9879=DIRECTION('',(-6.12323399573676E-17,0.0,1.0));
#9880=DIRECTION('',(1.0,0.0,6.12323399573676E-17));
#9881=CARTESIAN_POINT('',(5.2,1.45000000000003,3.5750000000004));
#9882=DIRECTION('',(-1.0,-0.0,-6.12323399573676E-17));
#9883=DIRECTION('',(6.12323399573676E-17,0.0,-1.0));
#9884=DIRECTION('',(1.0,0.0,6.12323399573676E-17));
#9885=DIRECTION('',(1.0,0.0,6.12323399573676E-17));
#9886=DIRECTION('',(1.0,0.0,0.0));
#9887=DIRECTION('',(6.12323399573676E-17,0.0,-1.0));
#9888=CARTESIAN_POINT('',(5.2,1.05000000000004,2.34319660112541));
#9889=DIRECTION('',(1.0,0.0,6.12323399573676E-17));
#9890=DIRECTION('',(6.12323399573676E-17,0.0,-1.0));
#9891=DIRECTION('',(1.0,0.0,6.12323399573676E-17));
#9892=DIRECTION('',(-2.73839349131861E-17,-0.894427191000112,0.447213595499566));
#9893=DIRECTION('',(1.0,0.0,6.12323399573676E-17));
#9894=DIRECTION('',(-6.12323399573676E-17,-2.7755575615621E-16,1.0));
#9895=DIRECTION('',(1.0,0.0,6.12323399573676E-17));
#9896=DIRECTION('',(-2.73839349132151E-17,0.894427190999876,0.447213595500039));
#9897=DIRECTION('',(1.0,0.0,6.12323399573676E-17));
#9898=CARTESIAN_POINT('',(5.2,1.05000000000004,3.10680339887542));
#9899=DIRECTION('',(1.0,0.0,6.12323399573676E-17));
#9900=DIRECTION('',(6.12323399573676E-17,0.0,-1.0));
#9901=DIRECTION('',(1.0,0.0,6.12323399573676E-17));
#9902=DIRECTION('',(-6.12323399573676E-17,0.0,1.0));
#9903=DIRECTION('',(1.0,0.0,6.12323399573676E-17));
#9904=DIRECTION('',(0.0,1.0,0.0));
#9905=DIRECTION('',(0.0,-1.0,0.0));
#9906=DIRECTION('',(0.0,1.0,0.0));
#9907=DIRECTION('',(6.12323399573676E-17,0.0,-1.0));
#9908=CARTESIAN_POINT('',(3.55,1.05000000000004,2.34319660112541));
#9909=DIRECTION('',(1.0,0.0,6.12323399573676E-17));
#9910=DIRECTION('',(6.12323399573676E-17,0.0,-1.0));
#9911=DIRECTION('',(2.73839349131861E-17,0.894427191000112,-0.447213595499566));
#9912=DIRECTION('',(6.12323399573676E-17,2.7755575615621E-16,-1.0));
#9913=DIRECTION('',(2.73839349132151E-17,-0.894427190999876,-0.447213595500039));
#9914=CARTESIAN_POINT('',(3.55,1.05000000000004,3.10680339887542));
#9915=DIRECTION('',(1.0,0.0,6.12323399573676E-17));
#9916=DIRECTION('',(6.12323399573676E-17,0.0,-1.0));
#9917=DIRECTION('',(6.12323399573676E-17,0.0,-1.0));
#9918=DIRECTION('',(0.0,-1.0,0.0));
#9919=CARTESIAN_POINT('',(3.55,1.45000000000003,3.5750000000004));
#9920=DIRECTION('',(1.0,0.0,6.12323399573676E-17));
#9921=DIRECTION('',(6.12323399573676E-17,0.0,-1.0));
#9922=DIRECTION('',(-6.12323399573676E-17,0.0,1.0));
#9923=DIRECTION('',(-1.0,0.0,0.0));
#9924=DIRECTION('',(-6.12323399573676E-17,0.0,1.0));
#9925=DIRECTION('',(1.0,0.0,6.12323399573676E-17));
#9926=CARTESIAN_POINT('',(3.95,1.45000000000003,3.5750000000004));
#9927=DIRECTION('',(-1.0,-0.0,-6.12323399573676E-17));
#9928=DIRECTION('',(6.12323399573676E-17,0.0,-1.0));
#9929=DIRECTION('',(1.0,0.0,6.12323399573676E-17));
#9930=DIRECTION('',(1.0,0.0,6.12323399573676E-17));
#9931=DIRECTION('',(1.0,0.0,0.0));
#9932=DIRECTION('',(6.12323399573676E-17,0.0,-1.0));
#9933=CARTESIAN_POINT('',(3.95,1.05000000000004,2.34319660112541));
#9934=DIRECTION('',(1.0,0.0,6.12323399573676E-17));
#9935=DIRECTION('',(6.12323399573676E-17,0.0,-1.0));
#9936=DIRECTION('',(1.0,0.0,6.12323399573676E-17));
#9937=DIRECTION('',(-2.73839349131861E-17,-0.894427191000112,0.447213595499566));
#9938=DIRECTION('',(1.0,0.0,6.12323399573676E-17));
#9939=DIRECTION('',(-6.12323399573676E-17,-2.7755575615621E-16,1.0));
#9940=DIRECTION('',(1.0,0.0,6.12323399573676E-17));
#9941=DIRECTION('',(-2.73839349132151E-17,0.894427190999876,0.447213595500039));
#9942=DIRECTION('',(1.0,0.0,6.12323399573676E-17));
#9943=CARTESIAN_POINT('',(3.95,1.05000000000004,3.10680339887542));
#9944=DIRECTION('',(1.0,0.0,6.12323399573676E-17));
#9945=DIRECTION('',(6.12323399573676E-17,0.0,-1.0));
#9946=DIRECTION('',(1.0,0.0,6.12323399573676E-17));
#9947=DIRECTION('',(-6.12323399573676E-17,0.0,1.0));
#9948=DIRECTION('',(1.0,0.0,6.12323399573676E-17));
#9949=DIRECTION('',(0.0,1.0,0.0));
#9950=DIRECTION('',(0.0,-1.0,0.0));
#9951=DIRECTION('',(0.0,1.0,0.0));
#9952=DIRECTION('',(6.12323399573676E-17,0.0,-1.0));
#9953=CARTESIAN_POINT('',(2.3,1.05000000000004,2.34319660112541));
#9954=DIRECTION('',(1.0,0.0,6.12323399573676E-17));
#9955=DIRECTION('',(6.12323399573676E-17,0.0,-1.0));
#9956=DIRECTION('',(2.73839349131861E-17,0.894427191000112,-0.447213595499566));
#9957=DIRECTION('',(6.12323399573676E-17,2.7755575615621E-16,-1.0));
#9958=DIRECTION('',(2.73839349132151E-17,-0.894427190999876,-0.447213595500039));
#9959=CARTESIAN_POINT('',(2.3,1.05000000000004,3.10680339887542));
#9960=DIRECTION('',(1.0,0.0,6.12323399573676E-17));
#9961=DIRECTION('',(6.12323399573676E-17,0.0,-1.0));
#9962=DIRECTION('',(6.12323399573676E-17,0.0,-1.0));
#9963=DIRECTION('',(0.0,-1.0,0.0));
#9964=CARTESIAN_POINT('',(2.3,1.45000000000003,3.5750000000004));
#9965=DIRECTION('',(1.0,0.0,6.12323399573676E-17));
#9966=DIRECTION('',(6.12323399573676E-17,0.0,-1.0));
#9967=DIRECTION('',(-6.12323399573676E-17,0.0,1.0));
#9968=DIRECTION('',(-1.0,0.0,0.0));
#9969=DIRECTION('',(-6.12323399573676E-17,0.0,1.0));
#9970=DIRECTION('',(1.0,0.0,6.12323399573676E-17));
#9971=CARTESIAN_POINT('',(2.7,1.45000000000003,3.5750000000004));
#9972=DIRECTION('',(-1.0,-0.0,-6.12323399573676E-17));
#9973=DIRECTION('',(6.12323399573676E-17,0.0,-1.0));
#9974=DIRECTION('',(1.0,0.0,6.12323399573676E-17));
#9975=DIRECTION('',(1.0,0.0,6.12323399573676E-17));
#9976=DIRECTION('',(1.0,0.0,0.0));
#9977=DIRECTION('',(6.12323399573676E-17,0.0,-1.0));
#9978=CARTESIAN_POINT('',(2.7,1.05000000000004,2.34319660112541));
#9979=DIRECTION('',(1.0,0.0,6.12323399573676E-17));
#9980=DIRECTION('',(6.12323399573676E-17,0.0,-1.0));
#9981=DIRECTION('',(1.0,0.0,6.12323399573676E-17));
#9982=DIRECTION('',(-2.73839349131861E-17,-0.894427191000112,0.447213595499566));
#9983=DIRECTION('',(1.0,0.0,6.12323399573676E-17));
#9984=DIRECTION('',(-6.12323399573676E-17,-2.7755575615621E-16,1.0));
#9985=DIRECTION('',(1.0,0.0,6.12323399573676E-17));
#9986=DIRECTION('',(-2.73839349132151E-17,0.894427190999876,0.447213595500039));
#9987=DIRECTION('',(1.0,0.0,6.12323399573676E-17));
#9988=CARTESIAN_POINT('',(2.7,1.05000000000004,3.10680339887542));
#9989=DIRECTION('',(1.0,0.0,6.12323399573676E-17));
#9990=DIRECTION('',(6.12323399573676E-17,0.0,-1.0));
#9991=DIRECTION('',(1.0,0.0,6.12323399573676E-17));
#9992=DIRECTION('',(-6.12323399573676E-17,0.0,1.0));
#9993=DIRECTION('',(1.0,0.0,6.12323399573676E-17));
#9994=DIRECTION('',(0.0,1.0,0.0));
#9995=DIRECTION('',(0.0,-1.0,0.0));
#9996=DIRECTION('',(0.0,1.0,0.0));
#9997=DIRECTION('',(6.12323399573676E-17,0.0,-1.0));
#9998=CARTESIAN_POINT('',(1.05,1.05000000000004,2.34319660112541));
#9999=DIRECTION('',(1.0,0.0,6.12323399573676E-17));
#10000=DIRECTION('',(6.12323399573676E-17,0.0,-1.0));
#10001=DIRECTION('',(2.73839349131861E-17,0.894427191000112,-0.447213595499566));
#10002=DIRECTION('',(6.12323399573676E-17,2.7755575615621E-16,-1.0));
#10003=DIRECTION('',(2.73839349132151E-17,-0.894427190999876,-0.447213595500039));
#10004=CARTESIAN_POINT('',(1.05,1.05000000000004,3.10680339887542));
#10005=DIRECTION('',(1.0,0.0,6.12323399573676E-17));
#10006=DIRECTION('',(6.12323399573676E-17,0.0,-1.0));
#10007=DIRECTION('',(6.12323399573676E-17,0.0,-1.0));
#10008=DIRECTION('',(0.0,-1.0,0.0));
#10009=CARTESIAN_POINT('',(1.05,1.45000000000003,3.5750000000004));
#10010=DIRECTION('',(1.0,0.0,6.12323399573676E-17));
#10011=DIRECTION('',(6.12323399573676E-17,0.0,-1.0));
#10012=DIRECTION('',(-6.12323399573676E-17,0.0,1.0));
#10013=DIRECTION('',(-1.0,0.0,0.0));
#10014=DIRECTION('',(-6.12323399573676E-17,0.0,1.0));
#10015=DIRECTION('',(1.0,0.0,6.12323399573676E-17));
#10016=CARTESIAN_POINT('',(1.45,1.45000000000003,3.5750000000004));
#10017=DIRECTION('',(-1.0,-0.0,-6.12323399573676E-17));
#10018=DIRECTION('',(6.12323399573676E-17,0.0,-1.0));
#10019=DIRECTION('',(1.0,0.0,6.12323399573676E-17));
#10020=DIRECTION('',(1.0,0.0,6.12323399573676E-17));
#10021=DIRECTION('',(1.0,0.0,0.0));
#10022=DIRECTION('',(6.12323399573676E-17,0.0,-1.0));
#10023=CARTESIAN_POINT('',(1.45,1.05000000000004,2.34319660112541));
#10024=DIRECTION('',(1.0,0.0,6.12323399573676E-17));
#10025=DIRECTION('',(6.12323399573676E-17,0.0,-1.0));
#10026=DIRECTION('',(1.0,0.0,6.12323399573676E-17));
#10027=DIRECTION('',(-2.73839349131861E-17,-0.894427191000112,0.447213595499566));
#10028=DIRECTION('',(1.0,0.0,6.12323399573676E-17));
#10029=DIRECTION('',(-6.12323399573676E-17,-2.7755575615621E-16,1.0));
#10030=DIRECTION('',(1.0,0.0,6.12323399573676E-17));
#10031=DIRECTION('',(-2.73839349132151E-17,0.894427190999876,0.447213595500039));
#10032=DIRECTION('',(1.0,0.0,6.12323399573676E-17));
#10033=CARTESIAN_POINT('',(1.45,1.05000000000004,3.10680339887542));
#10034=DIRECTION('',(1.0,0.0,6.12323399573676E-17));
#10035=DIRECTION('',(6.12323399573676E-17,0.0,-1.0));
#10036=DIRECTION('',(1.0,0.0,6.12323399573676E-17));
#10037=DIRECTION('',(-6.12323399573676E-17,0.0,1.0));
#10038=DIRECTION('',(1.0,0.0,6.12323399573676E-17));
#10039=DIRECTION('',(0.0,1.0,0.0));
#10040=DIRECTION('',(0.0,-1.0,0.0));
#10041=DIRECTION('',(0.0,1.0,0.0));
#10042=DIRECTION('',(6.12323399573676E-17,0.0,-1.0));
#10043=CARTESIAN_POINT('',(-0.2,1.05000000000004,2.34319660112541));
#10044=DIRECTION('',(1.0,0.0,6.12323399573676E-17));
#10045=DIRECTION('',(6.12323399573676E-17,0.0,-1.0));
#10046=DIRECTION('',(2.73839349131861E-17,0.894427191000112,-0.447213595499566));
#10047=DIRECTION('',(6.12323399573676E-17,2.7755575615621E-16,-1.0));
#10048=DIRECTION('',(2.73839349132151E-17,-0.894427190999876,-0.447213595500039));
#10049=CARTESIAN_POINT('',(-0.2,1.05000000000004,3.10680339887542));
#10050=DIRECTION('',(1.0,0.0,6.12323399573676E-17));
#10051=DIRECTION('',(6.12323399573676E-17,0.0,-1.0));
#10052=DIRECTION('',(6.12323399573676E-17,0.0,-1.0));
#10053=DIRECTION('',(0.0,-1.0,0.0));
#10054=CARTESIAN_POINT('',(-0.2,1.45000000000003,3.5750000000004));
#10055=DIRECTION('',(1.0,0.0,6.12323399573676E-17));
#10056=DIRECTION('',(6.12323399573676E-17,0.0,-1.0));
#10057=DIRECTION('',(-6.12323399573676E-17,0.0,1.0));
#10058=DIRECTION('',(-1.0,0.0,0.0));
#10059=DIRECTION('',(-6.12323399573676E-17,0.0,1.0));
#10060=DIRECTION('',(1.0,0.0,6.12323399573676E-17));
#10061=CARTESIAN_POINT('',(0.2,1.45000000000003,3.5750000000004));
#10062=DIRECTION('',(-1.0,-0.0,-6.12323399573676E-17));
#10063=DIRECTION('',(6.12323399573676E-17,0.0,-1.0));
#10064=DIRECTION('',(1.0,0.0,6.12323399573676E-17));
#10065=DIRECTION('',(1.0,0.0,6.12323399573676E-17));
#10066=DIRECTION('',(1.0,0.0,0.0));
#10067=DIRECTION('',(6.12323399573676E-17,0.0,-1.0));
#10068=CARTESIAN_POINT('',(0.2,1.05000000000004,2.34319660112541));
#10069=DIRECTION('',(1.0,0.0,6.12323399573676E-17));
#10070=DIRECTION('',(6.12323399573676E-17,0.0,-1.0));
#10071=DIRECTION('',(1.0,0.0,6.12323399573676E-17));
#10072=DIRECTION('',(-2.73839349131861E-17,-0.894427191000112,0.447213595499566));
#10073=DIRECTION('',(1.0,0.0,6.12323399573676E-17));
#10074=DIRECTION('',(-6.12323399573676E-17,-2.7755575615621E-16,1.0));
#10075=DIRECTION('',(1.0,0.0,6.12323399573676E-17));
#10076=DIRECTION('',(-2.73839349132151E-17,0.894427190999876,0.447213595500039));
#10077=DIRECTION('',(1.0,0.0,6.12323399573676E-17));
#10078=CARTESIAN_POINT('',(0.2,1.05000000000004,3.10680339887542));
#10079=DIRECTION('',(1.0,0.0,6.12323399573676E-17));
#10080=DIRECTION('',(6.12323399573676E-17,0.0,-1.0));
#10081=DIRECTION('',(1.0,0.0,6.12323399573676E-17));
#10082=DIRECTION('',(-6.12323399573676E-17,0.0,1.0));
#10083=DIRECTION('',(1.0,0.0,6.12323399573676E-17));
#10084=DIRECTION('',(0.0,1.0,0.0));
#10085=DIRECTION('',(0.0,-1.0,0.0));
#10086=DIRECTION('',(1.0,-2.22044604925031E-16,0.0));
#10087=DIRECTION('',(0.496138938356819,-0.868243142124468,0.0));
#10088=DIRECTION('',(0.496138938356819,0.868243142124468,0.0));
#10089=DIRECTION('',(0.0,0.0,1.0));
#10090=DIRECTION('',(0.0,0.0,1.0));
#10091=DIRECTION('',(-0.496138938356819,-0.868243142124468,0.0));
#10092=DIRECTION('',(0.0,0.0,-1.0));
#10093=DIRECTION('',(-0.496138938356819,0.868243142124468,0.0));
#10094=DIRECTION('',(1.0,-2.22044604925031E-16,0.0));
#10095=DIRECTION('',(0.0,0.0,1.0));
#10096=DIRECTION('',(-1.0,2.22044604925031E-16,0.0));
#10097=DIRECTION('',(0.0,0.0,-1.0));
#10098=DIRECTION('',(-1.0,2.22044604925031E-16,0.0));
#10099=DIRECTION('',(0.0,0.0,1.0));
#10100=DIRECTION('',(1.0,-2.22044604925031E-16,0.0));
#10101=DIRECTION('',(6.12323399573676E-17,0.0,1.0));
#10102=DIRECTION('',(-5.30287619362453E-17,0.5,-0.866025403784438));
#10103=DIRECTION('',(0.0,-1.0,0.0));
#10104=DIRECTION('',(1.0,0.0,-6.12323399573676E-17));
#10105=DIRECTION('',(-5.30287619362453E-17,0.5,-0.866025403784438));
#10106=DIRECTION('',(-1.0,3.53525079574969E-17,0.0));
#10107=DIRECTION('',(1.0,0.0,-6.12323399573676E-17));
#10108=DIRECTION('',(0.0,-0.5,0.866025403784438));
#10109=DIRECTION('',(1.0,0.0,-6.12323399573676E-17));
#10110=DIRECTION('',(0.0,0.5,-0.866025403784438));
#10111=DIRECTION('',(1.0,0.0,-6.12323399573676E-17));
#10112=DIRECTION('',(0.0,-0.5,0.866025403784438));
#10113=DIRECTION('',(1.0,0.0,-6.12323399573676E-17));
#10114=DIRECTION('',(0.0,0.5,-0.866025403784438));
#10115=DIRECTION('',(1.0,0.0,-6.12323399573676E-17));
#10116=DIRECTION('',(0.0,-0.5,0.866025403784438));
#10117=DIRECTION('',(1.0,0.0,-6.12323399573676E-17));
#10118=DIRECTION('',(0.0,0.5,-0.866025403784438));
#10119=DIRECTION('',(1.0,0.0,-6.12323399573676E-17));
#10120=DIRECTION('',(0.0,-0.5,0.866025403784438));
#10121=DIRECTION('',(1.0,0.0,-6.12323399573676E-17));
#10122=DIRECTION('',(0.0,0.5,-0.866025403784438));
#10123=DIRECTION('',(1.0,0.0,-6.12323399573676E-17));
#10124=DIRECTION('',(0.0,-0.5,0.866025403784438));
#10125=DIRECTION('',(1.0,0.0,-6.12323399573676E-17));
#10126=DIRECTION('',(0.0,0.5,-0.866025403784438));
#10127=DIRECTION('',(1.0,0.0,-6.12323399573676E-17));
#10128=DIRECTION('',(0.0,-0.5,0.866025403784438));
#10129=DIRECTION('',(1.0,0.0,-6.12323399573676E-17));
#10130=DIRECTION('',(0.0,0.5,-0.866025403784438));
#10131=DIRECTION('',(-6.12323399573676E-17,-0.0,-1.0));
#10132=DIRECTION('',(0.0,1.0,0.0));
#10133=DIRECTION('',(0.0,0.0,-1.0));
#10134=DIRECTION('',(1.0,0.0,0.0));
#10135=DIRECTION('',(0.0,0.0,1.0));
#10136=DIRECTION('',(0.0,0.0,-1.0));
#10137=DIRECTION('',(0.0,1.0,0.0));
#10138=DIRECTION('',(0.0,0.0,-1.0));
#10139=DIRECTION('',(1.0,0.0,0.0));
#10140=DIRECTION('',(0.0,0.0,1.0));
#10141=DIRECTION('',(0.0,-1.0,0.0));
#10142=DIRECTION('',(0.0,0.0,-1.0));
#10143=DIRECTION('',(1.0,0.0,0.0));
#10144=DIRECTION('',(0.0,0.0,-1.0));
#10145=DIRECTION('',(0.0,1.0,0.0));
#10146=DIRECTION('',(0.0,0.0,-1.0));
#10147=DIRECTION('',(1.0,0.0,0.0));
#10148=DIRECTION('',(0.0,0.0,1.0));
#10149=DIRECTION('',(0.0,-1.0,0.0));
#10150=DIRECTION('',(0.0,0.0,-1.0));
#10151=DIRECTION('',(1.0,0.0,0.0));
#10152=DIRECTION('',(0.0,0.0,-1.0));
#10153=DIRECTION('',(0.0,1.0,0.0));
#10154=DIRECTION('',(0.0,0.0,-1.0));
#10155=DIRECTION('',(1.0,0.0,0.0));
#10156=DIRECTION('',(0.0,0.0,1.0));
#10157=DIRECTION('',(0.0,-1.0,0.0));
#10158=DIRECTION('',(-1.0,0.0,0.0));
#10159=DIRECTION('',(0.0,0.0,1.0));
#10160=DIRECTION('',(1.0,0.0,0.0));
#10161=DIRECTION('',(0.0,1.0,0.0));
#10162=DIRECTION('',(0.554700196225228,0.832050294337844,0.0));
#10163=DIRECTION('',(0.0,1.0,0.0));
#10164=CARTESIAN_POINT('',(7.32499999999999,3.19,1.825));
#10165=DIRECTION('',(0.0,0.0,1.0));
#10166=DIRECTION('',(1.0,0.0,0.0));
#10167=DIRECTION('',(-1.0,0.0,0.0));
#10168=CARTESIAN_POINT('',(7.125,3.19,1.825));
#10169=DIRECTION('',(0.0,0.0,1.0));
#10170=DIRECTION('',(1.0,0.0,0.0));
#10171=DIRECTION('',(0.0,-1.0,0.0));
#10172=DIRECTION('',(-1.0,0.0,0.0));
#10173=DIRECTION('',(0.0,1.0,0.0));
#10174=CARTESIAN_POINT('',(-0.875,3.19,1.825));
#10175=DIRECTION('',(0.0,0.0,1.0));
#10176=DIRECTION('',(1.0,0.0,0.0));
#10177=DIRECTION('',(-1.0,0.0,0.0));
#10178=CARTESIAN_POINT('',(-1.075,3.19,1.825));
#10179=DIRECTION('',(0.0,0.0,1.0));
#10180=DIRECTION('',(1.0,0.0,0.0));
#10181=DIRECTION('',(-1.93082265152201E-16,-1.0,0.0));
#10182=DIRECTION('',(0.55470019622523,-0.832050294337843,0.0));
#10183=DIRECTION('',(-1.98254111540207E-16,-1.0,0.0));
#10184=DIRECTION('',(1.0,0.0,0.0));
#10185=DIRECTION('',(0.0,1.0,0.0));
#10186=DIRECTION('',(1.0,0.0,0.0));
#10187=DIRECTION('',(0.0,-1.0,0.0));
#10188=DIRECTION('',(1.0,0.0,0.0));
#10189=DIRECTION('',(0.0,1.0,0.0));
#10190=DIRECTION('',(1.0,0.0,0.0));
#10191=DIRECTION('',(0.0,-1.0,0.0));
#10192=DIRECTION('',(1.0,0.0,0.0));
#10193=DIRECTION('',(0.0,1.0,0.0));
#10194=DIRECTION('',(1.0,0.0,0.0));
#10195=DIRECTION('',(0.0,-1.0,0.0));
#10196=DIRECTION('',(0.0,0.0,-1.0));
#10197=DIRECTION('',(0.0,0.0,-1.0));
#10198=DIRECTION('',(0.0,0.0,-1.0));
#10199=DIRECTION('',(0.0,0.0,1.0));
#10200=DIRECTION('',(0.0,0.0,-1.0));
#10201=DIRECTION('',(0.0,0.0,-1.0));
#10202=DIRECTION('',(0.0,0.0,-1.0));
#10203=DIRECTION('',(0.0,0.0,1.0));
#10204=DIRECTION('',(0.0,0.0,-1.0));
#10205=DIRECTION('',(0.0,0.0,-1.0));
#10206=DIRECTION('',(0.0,0.0,-1.0));
#10207=DIRECTION('',(0.0,-1.0,0.0));
#10208=DIRECTION('',(0.0,0.0,1.0));
#10209=DIRECTION('',(0.0,0.0,1.0));
#10210=DIRECTION('',(-0.554700196225228,-0.832050294337844,0.0));
#10211=DIRECTION('',(0.0,0.0,1.0));
#10212=DIRECTION('',(0.0,-1.0,0.0));
#10213=DIRECTION('',(0.0,0.0,1.0));
#10214=DIRECTION('',(-1.0,0.0,0.0));
#10215=DIRECTION('',(1.98254111540207E-16,1.0,0.0));
#10216=DIRECTION('',(0.0,0.0,1.0));
#10217=DIRECTION('',(-0.55470019622523,0.832050294337843,0.0));
#10218=DIRECTION('',(0.0,0.0,1.0));
#10219=DIRECTION('',(1.93082265152201E-16,1.0,0.0));
#10220=DIRECTION('',(0.0,0.0,1.0));
#10221=CARTESIAN_POINT('',(-1.075,3.19,4.715));
#10222=DIRECTION('',(0.0,0.0,-1.0));
#10223=DIRECTION('',(1.0,0.0,0.0));
#10224=DIRECTION('',(0.0,0.0,1.0));
#10225=DIRECTION('',(1.0,0.0,0.0));
#10226=DIRECTION('',(0.0,0.0,1.0));
#10227=CARTESIAN_POINT('',(-0.875,3.19,4.715));
#10228=DIRECTION('',(0.0,0.0,-1.0));
#10229=DIRECTION('',(1.0,0.0,0.0));
#10230=DIRECTION('',(0.0,0.0,1.0));
#10231=DIRECTION('',(0.0,-1.0,0.0));
#10232=DIRECTION('',(0.0,0.0,1.0));
#10233=DIRECTION('',(1.0,0.0,0.0));
#10234=DIRECTION('',(0.0,0.0,1.0));
#10235=DIRECTION('',(0.0,1.0,0.0));
#10236=DIRECTION('',(0.0,0.0,1.0));
#10237=CARTESIAN_POINT('',(7.125,3.19,4.715));
#10238=DIRECTION('',(0.0,0.0,-1.0));
#10239=DIRECTION('',(1.0,0.0,0.0));
#10240=DIRECTION('',(0.0,0.0,1.0));
#10241=DIRECTION('',(1.0,0.0,0.0));
#10242=DIRECTION('',(0.0,0.0,1.0));
#10243=CARTESIAN_POINT('',(7.32499999999999,3.19,4.715));
#10244=DIRECTION('',(0.0,0.0,-1.0));
#10245=DIRECTION('',(1.0,0.0,0.0));
#10246=DIRECTION('',(-6.12323399573676E-17,0.0,1.0));
#10247=DIRECTION('',(0.0,-1.0,0.0));
#10248=DIRECTION('',(6.12323399573676E-17,0.0,-1.0));
#10249=DIRECTION('',(5.3364026483498E-17,0.490394278574425,-0.871500689352263));
#10250=DIRECTION('',(1.0,0.0,6.12323399573676E-17));
#10251=DIRECTION('',(0.0,1.0,0.0));
#10252=DIRECTION('',(1.0,0.0,6.12323399573676E-17));
#10253=DIRECTION('',(1.0,0.0,6.12323399573676E-17));
#10254=DIRECTION('',(5.3364026483498E-17,0.490394278574425,-0.871500689352263));
#10255=DIRECTION('',(1.0,0.0,0.0));
#10256=DIRECTION('',(6.12323399573676E-17,0.0,-1.0));
#10257=DIRECTION('',(6.12323399573676E-17,0.0,-1.0));
#10258=CARTESIAN_POINT('',(7.2,-0.5,2.7));
#10259=DIRECTION('',(-0.0,1.0,0.0));
#10260=DIRECTION('',(1.0,0.0,0.0));
#10261=CARTESIAN_POINT('',(7.2,-0.65,2.7));
#10262=DIRECTION('',(-0.0,1.0,0.0));
#10263=DIRECTION('',(1.0,0.0,0.0));
#10264=CARTESIAN_POINT('',(-0.95,-0.5,2.7));
#10265=DIRECTION('',(-0.0,1.0,0.0));
#10266=DIRECTION('',(1.0,0.0,0.0));
#10267=CARTESIAN_POINT('',(-0.95,-0.65,2.7));
#10268=DIRECTION('',(-0.0,1.0,0.0));
#10269=DIRECTION('',(1.0,0.0,0.0));
#10270=DIRECTION('',(7.49855125712043E-33,-1.22464679914735E-16,1.0));
#10271=DIRECTION('',(-0.707106781186547,0.707106781186548,-8.65956056235493E-17));
#10272=DIRECTION('',(1.22464679914735E-16,0.0,-1.0));
#10273=DIRECTION('',(0.707106781186547,-0.707106781186548,0.0));
#10274=DIRECTION('',(0.0,-1.0,0.0));
#10275=DIRECTION('',(0.0,1.0,0.0));
#10276=DIRECTION('',(1.22464679914735E-16,0.0,-1.0));
#10277=DIRECTION('',(7.49855125712043E-33,-1.22464679914735E-16,-1.0));
#10278=DIRECTION('',(-0.707106781186547,-0.707106781186548,0.0));
#10279=DIRECTION('',(0.707106781186547,0.707106781186548,8.65956056235493E-17));
#10280=DIRECTION('',(-6.12303176911189E-17,1.0,-7.49855125712043E-33));
#10281=DIRECTION('',(0.707106781186547,0.707106781186548,0.0));
#10282=DIRECTION('',(-6.12303176911189E-17,1.0,0.0));
#10283=DIRECTION('',(-6.12303176911189E-17,1.0,0.0));
#10284=DIRECTION('',(-0.707106781186547,0.707106781186548,0.0));
#10285=DIRECTION('',(-1.0,-0.0,-0.0));
#10286=DIRECTION('',(0.0,1.0,0.0));
#10287=DIRECTION('',(1.0,0.0,0.0));
#10288=DIRECTION('',(0.0,-1.0,0.0));
#10289=DIRECTION('',(-1.0,-0.0,-0.0));
#10290=DIRECTION('',(-0.707106781186546,-0.707106781186549,-0.0));
#10291=DIRECTION('',(-0.0,-1.0,-0.0));
#10292=DIRECTION('',(-0.707106781186547,0.707106781186548,0.0));
#10293=DIRECTION('',(0.0,1.0,0.0));
#10294=DIRECTION('',(0.707106781186547,0.707106781186548,0.0));
#10295=DIRECTION('',(-0.0,-1.0,-0.0));
#10296=DIRECTION('',(0.707106781186546,-0.707106781186549,0.0));
#10297=DIRECTION('',(1.0,-2.22044604925031E-16,0.0));
#10298=DIRECTION('',(0.707106781186549,0.707106781186546,0.0));
#10299=DIRECTION('',(0.0,-1.0,0.0));
#10300=DIRECTION('',(-1.0,0.0,0.0));
#10301=DIRECTION('',(-0.0,-1.0,-0.0));
#10302=DIRECTION('',(0.707106781186548,-0.707106781186548,0.0));
#10303=DIRECTION('',(0.0,-1.0,0.0));
#10304=DIRECTION('',(-0.707106781186547,-0.707106781186548,0.0));
#10305=DIRECTION('',(0.0,1.0,0.0));
#10306=DIRECTION('',(-0.707106781186547,0.707106781186548,0.0));
#10307=DIRECTION('',(0.0,0.0,1.0));
#10308=DIRECTION('',(0.0,0.0,1.0));
#10309=DIRECTION('',(0.0,0.0,-1.0));
#10310=DIRECTION('',(0.0,0.0,1.0));
#10311=DIRECTION('',(0.0,0.0,1.0));
#10312=DIRECTION('',(0.0,1.0,-6.12323399573676E-17));
#10313=DIRECTION('',(0.0,-1.0,6.12323399573676E-17));
#10314=DIRECTION('',(0.0,0.0,1.0));
#10315=DIRECTION('',(0.0,1.0,0.0));
#10316=DIRECTION('',(0.0,0.0,1.0));
#10317=DIRECTION('',(0.0,1.0,0.0));
#10318=DIRECTION('',(0.0,0.0,-1.0));
#10319=DIRECTION('',(0.0,1.0,0.0));
#10320=DIRECTION('',(0.0,0.0,1.0));
#10321=DIRECTION('',(1.0,0.0,0.0));
#10322=DIRECTION('',(0.0,0.0,1.0));
#10323=DIRECTION('',(-1.0,-0.0,-0.0));
#10324=DIRECTION('',(0.0,0.0,1.0));
#10325=DIRECTION('',(-1.0,0.0,0.0));
#10326=DIRECTION('',(-0.0,-1.0,-0.0));
#10327=DIRECTION('',(0.0,1.0,0.0));
#10328=DIRECTION('',(0.0,1.0,0.0));
#10329=DIRECTION('',(-1.0,-0.0,-0.0));
#10330=DIRECTION('',(6.12303176911189E-17,-1.0,0.0));
#10331=DIRECTION('',(1.0,0.0,0.0));
#10332=DIRECTION('',(1.85037170770859E-16,1.0,0.0));
#10333=DIRECTION('',(-0.707106781186547,0.707106781186547,0.0));
#10334=DIRECTION('',(0.0,-1.0,0.0));
#10335=DIRECTION('',(0.0,-1.0,0.0));
#10336=DIRECTION('',(-0.707106781186549,-0.707106781186546,0.0));
#10337=DIRECTION('',(-1.0,2.22044604925031E-16,0.0));
#10338=DIRECTION('',(-0.0,-1.0,-0.0));
#10339=DIRECTION('',(1.0,0.0,0.0));
#10340=DIRECTION('',(-1.0,-0.0,-0.0));
#10341=DIRECTION('',(-0.0,-1.0,-0.0));
#10342=DIRECTION('',(0.0,0.0,1.0));
#10343=DIRECTION('',(1.0,0.0,0.0));
#10344=DIRECTION('',(0.0,0.0,1.0));
#10345=DIRECTION('',(1.0,0.0,0.0));
#10346=DIRECTION('',(0.0,-1.0,0.0));
#10347=DIRECTION('',(0.0,1.0,0.0));
#10348=DIRECTION('',(1.0,0.0,0.0));
#10349=DIRECTION('',(0.0,0.0,-1.0));
#10350=DIRECTION('',(0.0,1.0,-6.12323399573676E-17));
#10351=DIRECTION('',(-0.0,-0.0,-1.0));
#10352=DIRECTION('',(0.0,0.0,1.0));
#10353=DIRECTION('',(0.0,-1.0,6.12323399573676E-17));
#10354=DIRECTION('',(0.0,0.0,-1.0));
#10355=DIRECTION('',(-1.0,0.0,0.0));
#10356=DIRECTION('',(1.0,0.0,0.0));
#10357=DIRECTION('',(0.707106781186547,-0.707106781186548,4.32978028117747E-17));
#10358=DIRECTION('',(6.12303176911189E-17,-1.0,6.12323399573676E-17));
#10359=DIRECTION('',(0.707106781186546,0.707106781186549,-4.32978028117748E-17));
#10360=DIRECTION('',(1.0,0.0,0.0));
#10361=DIRECTION('',(0.0,0.0,1.0));
#10362=DIRECTION('',(0.0,0.0,1.0));
#10363=DIRECTION('',(-1.0,0.0,0.0));
#10364=DIRECTION('',(0.0,-1.0,6.12323399573676E-17));
#10365=DIRECTION('',(-6.12303176911189E-17,1.0,-6.12323399573676E-17));
#10366=DIRECTION('',(-0.707106781186547,0.707106781186548,-4.32978028117747E-17));
#10367=DIRECTION('',(-1.0,0.0,0.0));
#10368=DIRECTION('',(-0.707106781186546,-0.707106781186549,4.32978028117748E-17));
#10369=DIRECTION('',(0.0,-1.0,6.12323399573676E-17));
#10370=DIRECTION('',(0.0,1.0,0.0));
#10371=DIRECTION('',(0.0,0.0,-1.0));
#10372=DIRECTION('',(0.0,0.0,1.0));
#10373=DIRECTION('',(0.0,0.0,1.0));
#10374=DIRECTION('',(6.12303176911189E-17,-1.0,0.0));
#10375=DIRECTION('',(0.0,0.0,1.0));
#10376=DIRECTION('',(0.0,0.0,-1.0));
#10377=DIRECTION('',(6.12303176911189E-17,-1.0,0.0));
#10378=DIRECTION('',(0.0,0.0,1.0));
#10379=DIRECTION('',(0.0,0.0,1.0));
#10380=DIRECTION('',(0.707106781186547,-0.707106781186548,0.0));
#10381=DIRECTION('',(0.0,0.0,1.0));
#10382=DIRECTION('',(1.0,0.0,0.0));
#10383=DIRECTION('',(0.0,0.0,1.0));
#10384=DIRECTION('',(0.0,0.0,1.0));
#10385=DIRECTION('',(1.0,0.0,0.0));
#10386=DIRECTION('',(1.0,0.0,0.0));
#10387=DIRECTION('',(0.0,0.0,1.0));
#10388=DIRECTION('',(-1.0,0.0,0.0));
#10389=DIRECTION('',(0.0,1.0,0.0));
#10390=DIRECTION('',(0.0,0.0,1.0));
#10391=DIRECTION('',(-1.0,0.0,0.0));
#10392=DIRECTION('',(0.0,0.0,1.0));
#10393=DIRECTION('',(-1.85037170770859E-16,-1.0,0.0));
#10394=DIRECTION('',(0.0,-1.0,0.0));
#10395=DIRECTION('',(0.0,0.0,1.0));
#10396=DIRECTION('',(1.0,0.0,0.0));
#10397=DIRECTION('',(0.0,0.0,1.0));
#10398=DIRECTION('',(0.0,0.0,1.0));
#10399=DIRECTION('',(-1.0,2.22044604925031E-16,0.0));
#10400=DIRECTION('',(-0.707106781186546,0.707106781186549,0.0));
#10401=DIRECTION('',(-0.707106781186547,-0.707106781186548,0.0));
#10402=DIRECTION('',(0.707106781186546,0.707106781186549,0.0));
#10403=DIRECTION('',(0.0,0.0,1.0));
#10404=DIRECTION('',(0.0,0.0,1.0));
#10405=DIRECTION('',(0.0,0.0,1.0));
#10406=DIRECTION('',(0.0,0.0,1.0));
ENDSEC;
END-ISO-10303-21;
