ISO-10303-21;
HEADER;
FILE_DESCRIPTION (( 'STEP AP214' ),
    '1' );
FILE_NAME ('16SVPT560M.STEP',
    '2021-10-02T00:40:46',
    ( '' ),
    ( '' ),
    'SwSTEP 2.0',
    'SolidWorks 2017',
    '' );
FILE_SCHEMA (( 'AUTOMOTIVE_DESIGN' ));
ENDSEC;

DATA;
#1 = ADVANCED_FACE ( 'NONE', ( #3063 ), #2881, .F. ) ;
#2 = DIRECTION ( 'NONE',  ( 1.000000000000000000, -2.891205793294679000E-015, 4.624620637704974100E-016 ) ) ;
#3 = VECTOR ( 'NONE', #922, 1000.000000000000000 ) ;
#4 = EDGE_CURVE ( 'NONE', #1030, #2790, #3250, .T. ) ;
#5 = CARTESIAN_POINT ( 'NONE',  ( 3.382710778154773800E-014, 11.89999999999998800, 3.198396408832238100E-014 ) ) ;
#6 = CARTESIAN_POINT ( 'NONE',  ( -4.150000000000002100, -8.998878031629686800E-015, 2.349999999999997000 ) ) ;
#7 = MECHANICAL_DESIGN_GEOMETRIC_PRESENTATION_REPRESENTATION (  '', ( #2425 ), #3567 ) ;
#8 = DIRECTION ( 'NONE',  ( -0.0000000000000000000, 2.891205793294683700E-015, -1.000000000000000000 ) ) ;
#9 = ORIENTED_EDGE ( 'NONE', *, *, #4090, .T. ) ;
#10 = FILL_AREA_STYLE ('',( #3851 ) ) ;
#11 = CARTESIAN_POINT ( 'NONE',  ( 1.800022025330448900, 1.649999999999970600, 3.544249763321266000 ) ) ;
#12 = LINE ( 'NONE', #491, #2303 ) ;
#13 = EDGE_LOOP ( 'NONE', ( #3741, #3773, #99, #3890 ) ) ;
#14 = AXIS2_PLACEMENT_3D ( 'NONE', #3165, #1278, #3478 ) ;
#15 = PRESENTATION_STYLE_ASSIGNMENT (( #2599 ) ) ;
#16 = ORIENTED_EDGE ( 'NONE', *, *, #404, .T. ) ;
#17 = CARTESIAN_POINT ( 'NONE',  ( 3.449999999999999300, -2.200930410145574000E-014, -0.7061324772583639200 ) ) ;
#18 = DIRECTION ( 'NONE',  ( 1.000000000000000000, -2.891205793294683700E-015, -8.359070939180741200E-030 ) ) ;
#19 = FACE_BOUND ( 'NONE', #3133, .T. ) ;
#20 = EDGE_CURVE ( 'NONE', #3984, #948, #524, .T. ) ;
#21 = DIRECTION ( 'NONE',  ( -0.8660254038497868800, -0.4999999998868134800, -1.339545372439602700E-015 ) ) ;
#22 = ORIENTED_EDGE ( 'NONE', *, *, #1635, .F. ) ;
#23 = CARTESIAN_POINT ( 'NONE',  ( -2.320109519537260300, 0.5499999999999919400, 0.2323162305268637600 ) ) ;
#24 = ORIENTED_EDGE ( 'NONE', *, *, #718, .F. ) ;
#25 = DIRECTION ( 'NONE',  ( 0.0000000000000000000, -2.891205793294683700E-015, 1.000000000000000000 ) ) ;
#26 = ORIENTED_EDGE ( 'NONE', *, *, #2551, .F. ) ;
#27 = EDGE_CURVE ( 'NONE', #2155, #2563, #3447, .T. ) ;
#28 = DIRECTION ( 'NONE',  ( 1.000000000000000000, -3.252606517456511700E-015, -4.624620637705131900E-016 ) ) ;
#29 = B_SPLINE_CURVE_WITH_KNOTS ( 'NONE', 3,
 ( #2562, #656, #2576, #46, #2913, #33 ),
 .UNSPECIFIED., .F., .F.,
 ( 4, 2, 4 ),
 ( 3.173954408391368900E-018, 0.0002465641754029660800, 0.0004931283508059289100 ),
 .UNSPECIFIED. ) ;
#30 = VERTEX_POINT ( 'NONE', #3258 ) ;
#31 = VERTEX_POINT ( 'NONE', #416 ) ;
#32 = AXIS2_PLACEMENT_3D ( 'NONE', #2369, #1088, #1078 ) ;
#33 = CARTESIAN_POINT ( 'NONE',  ( 3.544320611599449200, 1.649999999999970600, 1.800032280943076900 ) ) ;
#34 = ORIENTED_EDGE ( 'NONE', *, *, #195, .T. ) ;
#35 = CARTESIAN_POINT ( 'NONE',  ( 7.806255641895631900E-015, 2.856217782649080200, 4.000000000000007100 ) ) ;
#36 = CARTESIAN_POINT ( 'NONE',  ( 2.350000000000002300, 0.5499999999999790600, -9.757819552369539900E-016 ) ) ;
#37 = CARTESIAN_POINT ( 'NONE',  ( -3.349999999999999600, 0.2999999999999934400, 0.7061324772583584800 ) ) ;
#38 = CARTESIAN_POINT ( 'NONE',  ( -1.599999999999999900, 0.5499999999999890500, 0.4999999999999994400 ) ) ;
#39 = ADVANCED_FACE ( 'NONE', ( #2610 ), #3598, .F. ) ;
#40 = DIRECTION ( 'NONE',  ( 0.0000000000000000000, 0.0000000000000000000, 1.000000000000000000 ) ) ;
#41 = CARTESIAN_POINT ( 'NONE',  ( 1.999999999999999100, 0.2999999999999797300, -9.757819552369539900E-016 ) ) ;
#42 = LINE ( 'NONE', #3082, #2469 ) ;
#43 = CARTESIAN_POINT ( 'NONE',  ( 2.186245688813565700, 0.2999999999999782300, 0.4362456888135642900 ) ) ;
#44 = FACE_OUTER_BOUND ( 'NONE', #258, .T. ) ;
#45 = ORIENTED_EDGE ( 'NONE', *, *, #484, .T. ) ;
#46 = CARTESIAN_POINT ( 'NONE',  ( 3.616950248589309200, 1.621708904023340100, 1.650560538033568200 ) ) ;
#47 = DIRECTION ( 'NONE',  ( -7.669517010585645700E-017, -2.891205793294682600E-015, 1.000000000000000000 ) ) ;
#48 = LINE ( 'NONE', #3263, #947 ) ;
#49 = ORIENTED_EDGE ( 'NONE', *, *, #3662, .T. ) ;
#50 = CARTESIAN_POINT ( 'NONE',  ( -3.450000000000000600, 0.2999999999999975500, -0.6000000000000008700 ) ) ;
#51 = EDGE_CURVE ( 'NONE', #548, #2044, #3349, .T. ) ;
#52 = CIRCLE ( 'NONE', #3799, 0.7000000000000000700 ) ;
#53 = CARTESIAN_POINT ( 'NONE',  ( -2.320109519537262100, 0.2999999999999918800, 0.2323162305268637600 ) ) ;
#54 =( LENGTH_UNIT ( ) NAMED_UNIT ( * ) SI_UNIT ( .MILLI., .METRE. ) );
#55 = CARTESIAN_POINT ( 'NONE',  ( 1.750000000000002400, 0.5499999999999789500, 0.6143539149150401000 ) ) ;
#56 = DIRECTION ( 'NONE',  ( -1.000000000000000000, 2.891205793294683700E-015, 8.359070939180741200E-030 ) ) ;
#57 = VECTOR ( 'NONE', #663, 1000.000000000000000 ) ;
#58 = ORIENTED_EDGE ( 'NONE', *, *, #3187, .F. ) ;
#59 = EDGE_CURVE ( 'NONE', #3381, #2739, #1026, .T. ) ;
#60 = DIRECTION ( 'NONE',  ( -2.090028284309406700E-016, -2.891205793294683000E-015, 1.000000000000000000 ) ) ;
#61 = CARTESIAN_POINT ( 'NONE',  ( 4.150000000000002100, -1.420304845956010800E-014, -4.150000000000003900 ) ) ;
#62 = LINE ( 'NONE', #2685, #604 ) ;
#63 = ORIENTED_EDGE ( 'NONE', *, *, #3662, .F. ) ;
#64 = DIRECTION ( 'NONE',  ( 1.000000000000000000, -2.891205793294683000E-015, -2.090028284309490300E-016 ) ) ;
#65 = AXIS2_PLACEMENT_3D ( 'NONE', #5, #1941, #2233 ) ;
#66 = DIRECTION ( 'NONE',  ( -1.000000000000000000, 2.891205793294683700E-015, 8.359070939180741200E-030 ) ) ;
#67 = CARTESIAN_POINT ( 'NONE',  ( 3.650000000000008300, 1.649999999999963500, 4.150000000000001200 ) ) ;
#68 = LINE ( 'NONE', #1773, #2208 ) ;
#69 = ORIENTED_EDGE ( 'NONE', *, *, #2163, .T. ) ;
#70 = APPLICATION_PROTOCOL_DEFINITION ( 'draft international standard', 'automotive_design', 1998, #2593 ) ;
#71 = CARTESIAN_POINT ( 'NONE',  ( 1.179890480462739300, 0.2999999999999817300, 0.2323162305268637600 ) ) ;
#72 = PRESENTATION_LAYER_ASSIGNMENT (  '', '', ( #2074 ) ) ;
#73 = CARTESIAN_POINT ( 'NONE',  ( 1.488213707717342500, 0.6029007243074560000, 3.685919505786686000 ) ) ;
#74 = ORIENTED_EDGE ( 'NONE', *, *, #4033, .T. ) ;
#75 = LINE ( 'NONE', #1915, #3345 ) ;
#76 = CARTESIAN_POINT ( 'NONE',  ( 1.500000000000026400, 9.712777972610087600, -4.149999999999963900 ) ) ;
#77 = ORIENTED_EDGE ( 'NONE', *, *, #644, .T. ) ;
#78 = CARTESIAN_POINT ( 'NONE',  ( -2.349999999999998800, 0.9999999999999815700, 4.149999999999999500 ) ) ;
#79 = DIRECTION ( 'NONE',  ( -1.000000000000000000, 2.900779322411548100E-015, 8.366953930582957400E-030 ) ) ;
#80 = FACE_OUTER_BOUND ( 'NONE', #2515, .T. ) ;
#81 = ORIENTED_EDGE ( 'NONE', *, *, #1560, .T. ) ;
#82 = ADVANCED_FACE ( 'NONE', ( #1977 ), #1069, .F. ) ;
#83 = DIRECTION ( 'NONE',  ( 2.891205793294683700E-015, 1.000000000000000000, 2.891205793294683700E-015 ) ) ;
#84 = EDGE_LOOP ( 'NONE', ( #1188, #2266, #281, #1159 ) ) ;
#85 = EDGE_CURVE ( 'NONE', #2229, #3719, #2023, .T. ) ;
#86 = DIRECTION ( 'NONE',  ( -2.891205793294683700E-015, -1.000000000000000000, -2.891205793294683700E-015 ) ) ;
#87 = B_SPLINE_CURVE_WITH_KNOTS ( 'NONE', 3,
 ( #2520, #1932, #650, #3181, #1264, #3168, #318, #607, #2536, #3770, #3480, #3513, #636, #1309, #2251, #3797 ),
 .UNSPECIFIED., .F., .F.,
 ( 4, 3, 3, 3, 3, 4 ),
 ( 1.084202172485504400E-019, 3.179008335091269800E-005, 6.351333060598890100E-005, 9.625016917322039000E-005, 0.0001312911362138317300, 0.0001619544536770341900 ),
 .UNSPECIFIED. ) ;
#88 = ORIENTED_EDGE ( 'NONE', *, *, #1586, .F. ) ;
#89 = CARTESIAN_POINT ( 'NONE',  ( 1.749999999999998900, -1.919037845299342800E-014, -2.710505431213761100E-015 ) ) ;
#90 = AXIS2_PLACEMENT_3D ( 'NONE', #2824, #586, #3486 ) ;
#91 = CARTESIAN_POINT ( 'NONE',  ( 3.349999999999999600, 0.2999999999999781200, -0.7061324772583639200 ) ) ;
#92 = CARTESIAN_POINT ( 'NONE',  ( 4.150000000000002100, 1.349999999999969700, 1.500000000000004000 ) ) ;
#93 =( NAMED_UNIT ( * ) PLANE_ANGLE_UNIT ( ) SI_UNIT ( $, .RADIAN. ) );
#94 = CARTESIAN_POINT ( 'NONE',  ( 4.150000000000005700, 1.649999999999984800, -3.649999999999997700 ) ) ;
#95 = FACE_OUTER_BOUND ( 'NONE', #3150, .T. ) ;
#96 = AXIS2_PLACEMENT_3D ( 'NONE', #901, #1545, #915 ) ;
#97 = CARTESIAN_POINT ( 'NONE',  ( 1.149999999999999000, 0.5499999999999823900, 0.07536880949310279000 ) ) ;
#98 = VECTOR ( 'NONE', #2061, 1000.000000000000000 ) ;
#99 = ORIENTED_EDGE ( 'NONE', *, *, #913, .F. ) ;
#100 = ADVANCED_FACE ( 'NONE', ( #1867 ), #163, .F. ) ;
#101 = CARTESIAN_POINT ( 'NONE',  ( -1.435027765646755400, 0.5563354088580115800, -3.706932386148858300 ) ) ;
#102 = EDGE_CURVE ( 'NONE', #4050, #1628, #188, .T. ) ;
#103 = VECTOR ( 'NONE', #3120, 1000.000000000000000 ) ;
#104 = ORIENTED_EDGE ( 'NONE', *, *, #3536, .T. ) ;
#105 = DIRECTION ( 'NONE',  ( 1.000000000000000000, -2.900240811398723600E-015, -8.377795258084474600E-030 ) ) ;
#106 = CARTESIAN_POINT ( 'NONE',  ( 2.186245688813565700, 0.2999999999999807800, -0.4362456888135679600 ) ) ;
#107 = FACE_BOUND ( 'NONE', #2841, .T. ) ;
#108 = DIRECTION ( 'NONE',  ( -0.0000000000000000000, 2.891205793294683700E-015, -1.000000000000000000 ) ) ;
#109 = ORIENTED_EDGE ( 'NONE', *, *, #1013, .T. ) ;
#110 = EDGE_CURVE ( 'NONE', #4020, #3659, #1171, .T. ) ;
#111 = CARTESIAN_POINT ( 'NONE',  ( 3.800000000000033600, 11.89999999999997900, 3.024924061234557400E-014 ) ) ;
#112 = DIRECTION ( 'NONE',  ( 1.000000000000000000, -2.891205793294683700E-015, -8.359070939180741200E-030 ) ) ;
#113 = TOROIDAL_SURFACE ( 'NONE', #2402, 3.799999999999997600, 0.2000000000000020400 ) ;
#114 = VERTEX_POINT ( 'NONE', #430 ) ;
#115 = CARTESIAN_POINT ( 'NONE',  ( -8.673617379884033500E-016, -1.116728237660069600E-014, -1.000000000000001800 ) ) ;
#116 = DIRECTION ( 'NONE',  ( -4.624620637705054000E-016, 2.891205793294684900E-015, -1.000000000000000000 ) ) ;
#117 = AXIS2_PLACEMENT_3D ( 'NONE', #1455, #1470, #2761 ) ;
#118 = LINE ( 'NONE', #2512, #3380 ) ;
#119 = VERTEX_POINT ( 'NONE', #1754 ) ;
#120 = CARTESIAN_POINT ( 'NONE',  ( -3.550000000000000300, -6.830473686658677900E-015, 0.9999999999999965600 ) ) ;
#121 = CIRCLE ( 'NONE', #2860, 0.1999999999999996500 ) ;
#122 = CARTESIAN_POINT ( 'NONE',  ( 7.806255641895631900E-015, 2.683012701889213600, 4.228388472693467300E-015 ) ) ;
#123 = VERTEX_POINT ( 'NONE', #807 ) ;
#124 = AXIS2_PLACEMENT_3D ( 'NONE', #2676, #1099, #773 ) ;
#125 = CARTESIAN_POINT ( 'NONE',  ( -4.150000000000002100, 0.9999999999999922300, 2.350000000000000500 ) ) ;
#126 = ADVANCED_FACE ( 'NONE', ( #80 ), #1081, .F. ) ;
#127 = CARTESIAN_POINT ( 'NONE',  ( 0.008117838649227514200, 0.5499999999999858300, 4.455913574826896700E-005 ) ) ;
#128 = ORIENTED_EDGE ( 'NONE', *, *, #429, .F. ) ;
#129 = EDGE_CURVE ( 'NONE', #1628, #601, #2410, .T. ) ;
#130 = CARTESIAN_POINT ( 'NONE',  ( -1.517683769473134400, 0.5499999999999920500, -0.5701095195372606300 ) ) ;
#131 = LINE ( 'NONE', #538, #3649 ) ;
#132 = ORIENTED_EDGE ( 'NONE', *, *, #1982, .F. ) ;
#133 = ORIENTED_EDGE ( 'NONE', *, *, #2270, .T. ) ;
#134 = CARTESIAN_POINT ( 'NONE',  ( -1.800022025330441800, 1.000000000000001800, -3.544249763321264200 ) ) ;
#135 = DIRECTION ( 'NONE',  ( -2.891205793294683700E-015, -1.000000000000000000, -2.891205793294683700E-015 ) ) ;
#136 =( NAMED_UNIT ( * ) PLANE_ANGLE_UNIT ( ) SI_UNIT ( $, .RADIAN. ) );
#137 = ORIENTED_EDGE ( 'NONE', *, *, #3615, .T. ) ;
#138 = DIRECTION ( 'NONE',  ( 2.891205793294683700E-015, 1.000000000000000000, 2.891205793294683700E-015 ) ) ;
#139 = ORIENTED_EDGE ( 'NONE', *, *, #3079, .F. ) ;
#140 = CARTESIAN_POINT ( 'NONE',  ( 3.720406576777698600, 0.9499999999994702700, -1.400012300600508100 ) ) ;
#141 = EDGE_CURVE ( 'NONE', #3769, #1329, #3440, .T. ) ;
#142 = CARTESIAN_POINT ( 'NONE',  ( 8.673617379884037400E-016, 1.049999999999981800, 1.400000000000001000 ) ) ;
#143 = ORIENTED_EDGE ( 'NONE', *, *, #1986, .F. ) ;
#144 = PLANE ( 'NONE',  #2430 ) ;
#145 = CARTESIAN_POINT ( 'NONE',  ( -2.349999999999988500, 4.662069341687669100E-015, -4.150000000000003900 ) ) ;
#146 = EDGE_CURVE ( 'NONE', #161, #3435, #1557, .T. ) ;
#147 = SURFACE_SIDE_STYLE ('',( #1721 ) ) ;
#148 = ORIENTED_EDGE ( 'NONE', *, *, #695, .F. ) ;
#149 = B_SPLINE_CURVE_WITH_KNOTS ( 'NONE', 2,
 ( #1339, #3555, #1178 ),
 .UNSPECIFIED., .F., .F.,
 ( 3, 3 ),
 ( 0.0000000000000000000, 0.0001544273027040016000 ),
 .UNSPECIFIED. ) ;
#150 = DIRECTION ( 'NONE',  ( 1.000000000000000000, -2.891205793294683700E-015, -8.359070939180741200E-030 ) ) ;
#151 = CARTESIAN_POINT ( 'NONE',  ( -2.320109519537260300, 0.2999999999999932200, -0.2323162305268657000 ) ) ;
#152 = FACE_OUTER_BOUND ( 'NONE', #2454, .T. ) ;
#153 = VERTEX_POINT ( 'NONE', #2050 ) ;
#154 = MANIFOLD_SOLID_BREP ( 'Body-Move/Copy1[4]', #3085 ) ;
#155 = AXIS2_PLACEMENT_3D ( 'NONE', #3855, #1968, #56 ) ;
#156 = DIRECTION ( 'NONE',  ( -2.891205793294683700E-015, -1.000000000000000000, -2.891205793294683700E-015 ) ) ;
#157 = CIRCLE ( 'NONE', #232, 0.09999999999999982500 ) ;
#158 = DIRECTION ( 'NONE',  ( 2.449293598294710400E-016, -2.891205793294684500E-015, 1.000000000000000000 ) ) ;
#159 = AXIS2_PLACEMENT_3D ( 'NONE', #3653, #2081, #2715 ) ;
#160 = VECTOR ( 'NONE', #1914, 1000.000000000000000 ) ;
#161 = VERTEX_POINT ( 'NONE', #3631 ) ;
#162 = CARTESIAN_POINT ( 'NONE',  ( -1.959102538727270900, 0.2999999999999926600, -0.5000000000000014400 ) ) ;
#163 = PLANE ( 'NONE',  #889 ) ;
#164 = CARTESIAN_POINT ( 'NONE',  ( 1.499999999999998700, -3.046608104684267500E-014, 4.149999999999997700 ) ) ;
#165 = VERTEX_POINT ( 'NONE', #2092 ) ;
#166 = CARTESIAN_POINT ( 'NONE',  ( -2.320109519537260300, 0.5499999999999932700, -0.2323162305268657000 ) ) ;
#167 = EDGE_CURVE ( 'NONE', #2490, #1431, #3786, .T. ) ;
#168 = FACE_BOUND ( 'NONE', #3559, .T. ) ;
#169 = ORIENTED_EDGE ( 'NONE', *, *, #534, .F. ) ;
#170 = CARTESIAN_POINT ( 'NONE',  ( -1.399999999999997700, 1.004499999999980600, 3.720299047119734100 ) ) ;
#171 = CARTESIAN_POINT ( 'NONE',  ( -3.609318653904704200, 1.000000000000001600, -1.665860148539369100 ) ) ;
#172 = FACE_OUTER_BOUND ( 'NONE', #513, .T. ) ;
#173 = ORIENTED_EDGE ( 'NONE', *, *, #991, .F. ) ;
#174 = EDGE_CURVE ( 'NONE', #1582, #1333, #3995, .T. ) ;
#175 = CARTESIAN_POINT ( 'NONE',  ( -1.599999999999999900, 0.5499999999999920500, -0.5000000000000014400 ) ) ;
#176 = VECTOR ( 'NONE', #2378, 1000.000000000000000 ) ;
#177 = DIRECTION ( 'NONE',  ( -2.891205793294683700E-015, -1.000000000000000000, -2.891205793294683700E-015 ) ) ;
#178 = VERTEX_POINT ( 'NONE', #512 ) ;
#179 = CARTESIAN_POINT ( 'NONE',  ( -1.517683769473136000, 0.2999999999999880000, 0.5701095195372586400 ) ) ;
#180 = AXIS2_PLACEMENT_3D ( 'NONE', #142, #3010, #480 ) ;
#181 = DIRECTION ( 'NONE',  ( -1.000000000000000000, 2.846030702774448000E-015, 0.0000000000000000000 ) ) ;
#182 = SURFACE_STYLE_FILL_AREA ( #2649 ) ;
#183 = VECTOR ( 'NONE', #956, 1000.000000000000000 ) ;
#184 = DIRECTION ( 'NONE',  ( -4.822540926430690800E-032, -2.835605681885097100E-015, 1.000000000000000000 ) ) ;
#185 = CARTESIAN_POINT ( 'NONE',  ( -4.150000000000000400, 0.7000000000000027300, -1.665831239517770600 ) ) ;
#186 = ORIENTED_EDGE ( 'NONE', *, *, #503, .F. ) ;
#187 = CARTESIAN_POINT ( 'NONE',  ( 3.681497618529554500, 1.040089915281955600, -1.499630201468902900 ) ) ;
#188 = LINE ( 'NONE', #115, #3904 ) ;
#189 = CARTESIAN_POINT ( 'NONE',  ( -3.450000000000000600, 0.2999999999999986000, -1.000000000000001800 ) ) ;
#190 = ORIENTED_EDGE ( 'NONE', *, *, #3962, .T. ) ;
#191 = CARTESIAN_POINT ( 'NONE',  ( 3.450000000000002400, 0.2999999999999741200, 0.5999999999999988700 ) ) ;
#192 = CARTESIAN_POINT ( 'NONE',  ( 4.000000000000032000, 11.69999999999997300, 3.024924061234557400E-014 ) ) ;
#193 = DIRECTION ( 'NONE',  ( 1.000000000000000000, -2.891205793294683700E-015, -8.359070939180741200E-030 ) ) ;
#194 = ORIENTED_EDGE ( 'NONE', *, *, #2141, .F. ) ;
#195 = EDGE_CURVE ( 'NONE', #3742, #3719, #2966, .T. ) ;
#196 = DIRECTION ( 'NONE',  ( 1.224646799147348000E-016, -2.891205793294684100E-015, 1.000000000000000000 ) ) ;
#197 = VERTEX_POINT ( 'NONE', #2398 ) ;
#198 = DIRECTION ( 'NONE',  ( 0.0000000000000000000, -2.891205793294683700E-015, 1.000000000000000000 ) ) ;
#199 = EDGE_CURVE ( 'NONE', #3725, #2952, #4039, .T. ) ;
#200 = DIRECTION ( 'NONE',  ( 1.000000000000000000, -2.891205793294673100E-015, 0.0000000000000000000 ) ) ;
#201 = CARTESIAN_POINT ( 'NONE',  ( 1.400000000000006400, 1.649999999999992600, -3.720299047119732400 ) ) ;
#202 = VECTOR ( 'NONE', #1716, 1000.000000000000000 ) ;
#203 = ORIENTED_EDGE ( 'NONE', *, *, #3411, .F. ) ;
#204 = PLANE ( 'NONE',  #4099 ) ;
#205 = CARTESIAN_POINT ( 'NONE',  ( 6.071532165918824800E-015, 2.249999999999985800, 2.493664996716660200E-015 ) ) ;
#206 = CYLINDRICAL_SURFACE ( 'NONE', #950, 3.975000000000000100 ) ;
#207 = ORIENTED_EDGE ( 'NONE', *, *, #2317, .F. ) ;
#208 = AXIS2_PLACEMENT_3D ( 'NONE', #2080, #3976, #3069 ) ;
#209 = DIRECTION ( 'NONE',  ( 1.000000000000000000, -2.891205793294679000E-015, 0.0000000000000000000 ) ) ;
#210 = VERTEX_POINT ( 'NONE', #553 ) ;
#211 = CARTESIAN_POINT ( 'NONE',  ( -1.399999999999999200, 0.5499999999999779500, 4.149999999999997700 ) ) ;
#212 = CARTESIAN_POINT ( 'NONE',  ( 1.491680388911728900, 0.6087091331386737000, -3.684523330610349800 ) ) ;
#213 = VECTOR ( 'NONE', #1045, 1000.000000000000000 ) ;
#214 = ORIENTED_EDGE ( 'NONE', *, *, #2745, .F. ) ;
#215 = CARTESIAN_POINT ( 'NONE',  ( 3.268457204859812800, 0.5499999999920863700, -2.262258274379828300 ) ) ;
#216 = LINE ( 'NONE', #1041, #507 ) ;
#217 = DIRECTION ( 'NONE',  ( 1.000000000000000000, -2.891205793294683700E-015, -8.359070939180741200E-030 ) ) ;
#218 = ORIENTED_EDGE ( 'NONE', *, *, #1560, .F. ) ;
#219 = EDGE_CURVE ( 'NONE', #2139, #3789, #727, .T. ) ;
#220 = ORIENTED_EDGE ( 'NONE', *, *, #242, .T. ) ;
#221 = DIRECTION ( 'NONE',  ( 0.9982314195052755000, -2.714216829338415800E-015, -0.05944773429225563800 ) ) ;
#222 = EDGE_CURVE ( 'NONE', #3438, #3105, #3197, .T. ) ;
#223 = CIRCLE ( 'NONE', #2704, 0.09999999999999982500 ) ;
#224 = CARTESIAN_POINT ( 'NONE',  ( 1.959102538727272700, 0.2999999999999784500, 0.4999999999999994400 ) ) ;
#225 = ORIENTED_EDGE ( 'NONE', *, *, #1765, .F. ) ;
#226 = CARTESIAN_POINT ( 'NONE',  ( 1.399999999999999200, 0.5499999999920743800, 3.720299047119733200 ) ) ;
#227 = VECTOR ( 'NONE', #3897, 1000.000000000000000 ) ;
#228 = AXIS2_PLACEMENT_3D ( 'NONE', #1812, #518, #2793 ) ;
#229 = EDGE_LOOP ( 'NONE', ( #1386, #3843, #2837, #1498 ) ) ;
#230 = DIRECTION ( 'NONE',  ( -1.000000000000000000, 2.891205793294683700E-015, 8.359070939180741200E-030 ) ) ;
#231 = ORIENTED_EDGE ( 'NONE', *, *, #141, .T. ) ;
#232 = AXIS2_PLACEMENT_3D ( 'NONE', #91, #2259, #356 ) ;
#233 = DIRECTION ( 'NONE',  ( 1.000000000000000000, 7.888609052210118100E-031, 2.802596928649634100E-045 ) ) ;
#234 = ORIENTED_EDGE ( 'NONE', *, *, #2766, .T. ) ;
#235 = ORIENTED_EDGE ( 'NONE', *, *, #1687, .T. ) ;
#236 = DIRECTION ( 'NONE',  ( -2.891205793294683700E-015, -1.000000000000000000, -2.891205793294683700E-015 ) ) ;
#237 = DIRECTION ( 'NONE',  ( -2.891205793294683700E-015, -1.000000000000000000, -2.891205793294683700E-015 ) ) ;
#238 = DIRECTION ( 'NONE',  ( 2.891205793294683700E-015, 1.000000000000000000, 2.891205793294683700E-015 ) ) ;
#239 = EDGE_CURVE ( 'NONE', #3435, #3971, #1479, .T. ) ;
#240 = EDGE_LOOP ( 'NONE', ( #570, #3071 ) ) ;
#241 = CARTESIAN_POINT ( 'NONE',  ( 1.149999999999999000, 0.2999999999999824500, -9.757819552369539900E-016 ) ) ;
#242 = EDGE_CURVE ( 'NONE', #2999, #2229, #131, .T. ) ;
#243 = LINE ( 'NONE', #3415, #1541 ) ;
#244 = ORIENTED_EDGE ( 'NONE', *, *, #1765, .T. ) ;
#245 = CARTESIAN_POINT ( 'NONE',  ( -2.349999999999985000, 1.000000000000005600, -4.150000000000000400 ) ) ;
#246 = LINE ( 'NONE', #983, #3514 ) ;
#247 = CARTESIAN_POINT ( 'NONE',  ( 1.486764841846313500, 0.5992268011263570700, -3.686511219592207000 ) ) ;
#248 = PRESENTATION_LAYER_ASSIGNMENT (  '', '', ( #1235 ) ) ;
#249 = DIRECTION ( 'NONE',  ( -1.000000000000000000, 2.891205793294683400E-015, 1.119571596451768700E-016 ) ) ;
#250 = CARTESIAN_POINT ( 'NONE',  ( 3.621493654927689500, 1.661000000000049500, 1.752348012857929800 ) ) ;
#251 = FACE_OUTER_BOUND ( 'NONE', #1868, .T. ) ;
#252 = EDGE_LOOP ( 'NONE', ( #3910, #779, #2340, #2566 ) ) ;
#253 = B_SPLINE_SURFACE_WITH_KNOTS ( 'NONE', 3, 1, ( 
 ( #3607, #2991 ),
 ( #3304, #2703 ),
 ( #166, #151 ),
 ( #2362, #3020 ),
 ( #461, #2687 ),
 ( #3311, #1434 ),
 ( #3635, #1114 ),
 ( #1447, #3699 ),
 ( #3994, #2416 ),
 ( #2765, #1156 ),
 ( #2387, #2112 ) ),
 .UNSPECIFIED., .F., .F., .F.,
 ( 4, 1, 1, 1, 1, 1, 1, 1, 4 ),
 ( 2, 2 ),
 ( 0.0000000000000000000, 0.06002711688146384500, 0.1249999999999999300, 0.1899728831185362500, 0.2499999999999999700, 0.3100271168814637800, 0.3749999999999999400, 0.4399728831185361600, 0.4999999999999999400 ),
 ( 0.0000000000000000000, 1.000000000000000000 ),
 .UNSPECIFIED. ) ;
#254 = ADVANCED_FACE ( 'NONE', ( #3149 ), #1138, .T. ) ;
#255 = LINE ( 'NONE', #444, #3417 ) ;
#256 = CARTESIAN_POINT ( 'NONE',  ( 1.149999999999999000, 0.5499999999999826100, -9.757819552369539900E-016 ) ) ;
#257 = CIRCLE ( 'NONE', #4017, 3.750000000081854500 ) ;
#258 = EDGE_LOOP ( 'NONE', ( #2320, #2479, #3988, #354 ) ) ;
#259 = DIRECTION ( 'NONE',  ( -0.7071067811865441300, -2.011595308313580100E-029, 0.7071067811865510100 ) ) ;
#260 = CIRCLE ( 'NONE', #1845, 0.1000000000000000500 ) ;
#261 = DIRECTION ( 'NONE',  ( 2.891205793294683700E-015, 1.000000000000000000, 2.891205793294683700E-015 ) ) ;
#262 = ORIENTED_EDGE ( 'NONE', *, *, #1254, .F. ) ;
#263 = DIRECTION ( 'NONE',  ( 4.624620637705054000E-016, -2.891205793294684900E-015, 1.000000000000000000 ) ) ;
#264 = CARTESIAN_POINT ( 'NONE',  ( -3.739982903180306900, 1.000000000000001300, -1.346736777426727400 ) ) ;
#265 = FACE_OUTER_BOUND ( 'NONE', #2501, .T. ) ;
#266 = ORIENTED_EDGE ( 'NONE', *, *, #3560, .F. ) ;
#267 = EDGE_CURVE ( 'NONE', #3757, #3715, #3840, .T. ) ;
#268 = CARTESIAN_POINT ( 'NONE',  ( 4.499999999999998200, -2.656295322589485900E-014, -0.5000000000000031100 ) ) ;
#269 = FACE_OUTER_BOUND ( 'NONE', #626, .T. ) ;
#270 = CARTESIAN_POINT ( 'NONE',  ( -1.049999999999999800, 0.2999999999999888900, -9.757819552369539900E-016 ) ) ;
#271 = ADVANCED_BREP_SHAPE_REPRESENTATION ( '16SVPT560M', ( #1059, #2787, #576, #154, #1570 ), #630 ) ;
#272 = ORIENTED_EDGE ( 'NONE', *, *, #351, .T. ) ;
#273 = EDGE_CURVE ( 'NONE', #123, #1674, #3780, .T. ) ;
#274 = CARTESIAN_POINT ( 'NONE',  ( 1.959102538727272700, 0.2999999999999813900, -0.5000000000000014400 ) ) ;
#275 = VECTOR ( 'NONE', #249, 1000.000000000000000 ) ;
#276 = ADVANCED_FACE ( 'NONE', ( #3009 ), #2172, .T. ) ;
#277 = ORIENTED_EDGE ( 'NONE', *, *, #2008, .T. ) ;
#278 = ORIENTED_EDGE ( 'NONE', *, *, #782, .F. ) ;
#279 = CARTESIAN_POINT ( 'NONE',  ( 3.268457204859809300, 0.5499999999920731600, 2.262258274379826500 ) ) ;
#280 = VECTOR ( 'NONE', #2907, 1000.000000000000000 ) ;
#281 = ORIENTED_EDGE ( 'NONE', *, *, #1374, .F. ) ;
#282 = DIRECTION ( 'NONE',  ( -0.8660254038497841000, 0.4999999998868185400, 1.445602896320110900E-015 ) ) ;
#283 = ORIENTED_EDGE ( 'NONE', *, *, #2467, .T. ) ;
#284 = ORIENTED_EDGE ( 'NONE', *, *, #4002, .F. ) ;
#285 = AXIS2_PLACEMENT_3D ( 'NONE', #1382, #3947, #421 ) ;
#286 = ORIENTED_EDGE ( 'NONE', *, *, #3209, .T. ) ;
#287 = DIRECTION ( 'NONE',  ( -2.891205793294683700E-015, -1.000000000000000000, -2.891205793294683700E-015 ) ) ;
#288 = CARTESIAN_POINT ( 'NONE',  ( 1.651433542346102800, 1.622431409561076600, 3.616386068321972400 ) ) ;
#289 = ORIENTED_EDGE ( 'NONE', *, *, #1202, .F. ) ;
#290 = EDGE_CURVE ( 'NONE', #3347, #2747, #2756, .T. ) ;
#291 = CARTESIAN_POINT ( 'NONE',  ( -3.268457204859807500, 0.5499999999921052500, -2.262258274379830100 ) ) ;
#292 = VECTOR ( 'NONE', #893, 1000.000000000000000 ) ;
#293 = ADVANCED_FACE ( 'NONE', ( #572 ), #1524, .T. ) ;
#294 = DIRECTION ( 'NONE',  ( 2.891205793294683700E-015, 1.000000000000000000, 2.891205793294683700E-015 ) ) ;
#295 = EDGE_CURVE ( 'NONE', #928, #474, #2858, .T. ) ;
#296 = CARTESIAN_POINT ( 'NONE',  ( 1.750000000000002400, 0.5499999999999826100, -0.6143539149150403200 ) ) ;
#297 = CARTESIAN_POINT ( 'NONE',  ( -1.486764841846311700, 0.5992268011263445200, 3.686511219592204300 ) ) ;
#298 = FACE_OUTER_BOUND ( 'NONE', #712, .T. ) ;
#299 = EDGE_LOOP ( 'NONE', ( #907, #309, #519, #428 ) ) ;
#300 = AXIS2_PLACEMENT_3D ( 'NONE', #3996, #2388, #447 ) ;
#301 = DIRECTION ( 'NONE',  ( -0.0000000000000000000, 2.891205793294683700E-015, -1.000000000000000000 ) ) ;
#302 = CARTESIAN_POINT ( 'NONE',  ( -1.500000000000000400, 0.6499999999999902500, -9.757819552369539900E-016 ) ) ;
#303 = VECTOR ( 'NONE', #3982, 1000.000000000000000 ) ;
#304 = DIRECTION ( 'NONE',  ( 0.0000000000000000000, -2.891205793294683700E-015, 1.000000000000000000 ) ) ;
#305 = VERTEX_POINT ( 'NONE', #498 ) ;
#306 = AXIS2_PLACEMENT_3D ( 'NONE', #3130, #594, #2821 ) ;
#307 = CARTESIAN_POINT ( 'NONE',  ( -4.150000000000002100, 1.049999999999993600, 1.472182072207401300 ) ) ;
#308 = VECTOR ( 'NONE', #116, 1000.000000000000000 ) ;
#309 = ORIENTED_EDGE ( 'NONE', *, *, #1943, .F. ) ;
#310 = CARTESIAN_POINT ( 'NONE',  ( -2.915559687887050000, 0.5499999999999866100, 2.772264698260163300 ) ) ;
#311 = ADVANCED_FACE ( 'NONE', ( #671 ), #1180, .F. ) ;
#312 = CARTESIAN_POINT ( 'NONE',  ( 8.673617379884037400E-016, 0.7499999999999857900, -9.757819552369539900E-016 ) ) ;
#313 = FACE_OUTER_BOUND ( 'NONE', #2768, .T. ) ;
#314 = ORIENTED_EDGE ( 'NONE', *, *, #3238, .T. ) ;
#315 = CARTESIAN_POINT ( 'NONE',  ( -1.439053900704214700, 0.5572906318909232000, 3.705389332472403700 ) ) ;
#316 = ADVANCED_FACE ( 'NONE', ( #1021 ), #3058, .T. ) ;
#317 = CARTESIAN_POINT ( 'NONE',  ( 1.899999999999999700, 0.3292893218813239300, 0.4999999999999994400 ) ) ;
#318 = CARTESIAN_POINT ( 'NONE',  ( 3.689115970623592800, 0.9909130042739201500, 1.480676681488951400 ) ) ;
#319 = FACE_OUTER_BOUND ( 'NONE', #2734, .T. ) ;
#320 = CARTESIAN_POINT ( 'NONE',  ( 4.150000000000002100, -3.675445364725860000E-014, 3.649999999999996800 ) ) ;
#321 = VERTEX_POINT ( 'NONE', #1248 ) ;
#322 = CARTESIAN_POINT ( 'NONE',  ( -1.399999999999997700, 1.000000000000001300, -3.720299047119732400 ) ) ;
#323 = EDGE_CURVE ( 'NONE', #2255, #3326, #3144, .T. ) ;
#324 = VECTOR ( 'NONE', #677, 1000.000000000000000 ) ;
#325 = DIRECTION ( 'NONE',  ( 1.000000000000000000, -2.891205793294683400E-015, -1.119571596451768700E-016 ) ) ;
#326 = UNCERTAINTY_MEASURE_WITH_UNIT (LENGTH_MEASURE( 1.000000000000000100E-005 ), #54, 'distance_accuracy_value', 'NONE');
#327 = ORIENTED_EDGE ( 'NONE', *, *, #1224, .T. ) ;
#328 = VERTEX_POINT ( 'NONE', #2519 ) ;
#329 = AXIS2_PLACEMENT_3D ( 'NONE', #1535, #3721, #2489 ) ;
#330 = CARTESIAN_POINT ( 'NONE',  ( 3.549999999999998500, -2.743031496388326200E-014, 0.9999999999999965600 ) ) ;
#331 = EDGE_LOOP ( 'NONE', ( #615, #2627, #2643, #1731, #2002, #190, #1357, #1589, #234, #1677, #3158, #74 ) ) ;
#332 = CARTESIAN_POINT ( 'NONE',  ( -1.466720694773426400, 0.5747895308604458200, 3.694528280407432400 ) ) ;
#333 = DIRECTION ( 'NONE',  ( -1.000000000000000000, 2.891205793294683700E-015, 8.359070939180741200E-030 ) ) ;
#334 = CARTESIAN_POINT ( 'NONE',  ( -3.632506743192112100, 1.000009960474238300, 1.615785578124532900 ) ) ;
#335 = ORIENTED_EDGE ( 'NONE', *, *, #2796, .T. ) ;
#336 = AXIS2_PLACEMENT_3D ( 'NONE', #1460, #2741, #835 ) ;
#337 = DIRECTION ( 'NONE',  ( 1.000000000000000000, 0.0000000000000000000, 0.0000000000000000000 ) ) ;
#338 = VERTEX_POINT ( 'NONE', #2785 ) ;
#339 = ADVANCED_FACE ( 'NONE', ( #721 ), #1379, .T. ) ;
#340 = CARTESIAN_POINT ( 'NONE',  ( 1.999999999999999100, -2.157562323246153800E-014, 0.4999999999999977200 ) ) ;
#341 = EDGE_CURVE ( 'NONE', #328, #1751, #2961, .T. ) ;
#342 = ORIENTED_EDGE ( 'NONE', *, *, #1733, .T. ) ;
#343 = CARTESIAN_POINT ( 'NONE',  ( 1.399999999999999200, 0.5499999999999710700, 3.720299047119733200 ) ) ;
#344 = LINE ( 'NONE', #1784, #292 ) ;
#345 = ORIENTED_EDGE ( 'NONE', *, *, #2213, .T. ) ;
#346 = DIRECTION ( 'NONE',  ( 2.891205793294683700E-015, 1.000000000000000000, 2.891205793294683700E-015 ) ) ;
#347 = EDGE_CURVE ( 'NONE', #1674, #3984, #1477, .T. ) ;
#348 = DIRECTION ( 'NONE',  ( 0.0000000000000000000, 2.780005570479343400E-015, -1.000000000000000000 ) ) ;
#349 = CARTESIAN_POINT ( 'NONE',  ( 1.446199043652479900, 0.5605131338999459500, 3.702610044984239000 ) ) ;
#350 = CYLINDRICAL_SURFACE ( 'NONE', #1724, 3.982722578766456000 ) ;
#351 = EDGE_CURVE ( 'NONE', #1740, #3971, #4085, .T. ) ;
#352 = ADVANCED_FACE ( 'NONE', ( #1166 ), #2122, .F. ) ;
#353 = FACE_OUTER_BOUND ( 'NONE', #2869, .T. ) ;
#354 = ORIENTED_EDGE ( 'NONE', *, *, #2471, .T. ) ;
#355 = CARTESIAN_POINT ( 'NONE',  ( -3.450000000000000600, -6.396792817664476200E-015, 0.7061324772583584800 ) ) ;
#356 = DIRECTION ( 'NONE',  ( 1.000000000000000000, -2.710505431213765800E-015, 0.0000000000000000000 ) ) ;
#357 = AXIS2_PLACEMENT_3D ( 'NONE', #3164, #1654, #1276 ) ;
#358 = VECTOR ( 'NONE', #2706, 1000.000000000000000 ) ;
#359 = ORIENTED_EDGE ( 'NONE', *, *, #2657, .F. ) ;
#360 = CARTESIAN_POINT ( 'NONE',  ( -4.149999999999998600, 1.000000000000010400, -4.150000000000000400 ) ) ;
#361 = DIRECTION ( 'NONE',  ( 0.8660254037665593400, -0.5000000000309678900, -1.445602896736876200E-015 ) ) ;
#362 = EDGE_LOOP ( 'NONE', ( #2464, #598, #963, #3124 ) ) ;
#363 = AXIS2_PLACEMENT_3D ( 'NONE', #3030, #1142, #1522 ) ;
#364 = CARTESIAN_POINT ( 'NONE',  ( 1.423866718967048600, 0.5521615100270277400, 3.711250768654348300 ) ) ;
#365 = FACE_OUTER_BOUND ( 'NONE', #1415, .T. ) ;
#366 = ORIENTED_EDGE ( 'NONE', *, *, #2291, .F. ) ;
#367 = DIRECTION ( 'NONE',  ( 1.000000000000000000, -2.891205793294681400E-015, -8.253985475945296100E-030 ) ) ;
#368 = CARTESIAN_POINT ( 'NONE',  ( 1.750000000000002400, 0.5499999999999826100, -0.6143539149150403200 ) ) ;
#369 = EDGE_CURVE ( 'NONE', #30, #1483, #1971, .T. ) ;
#370 = CARTESIAN_POINT ( 'NONE',  ( 0.008117838649227514200, 0.5499999999999858300, 4.455913574826896700E-005 ) ) ;
#371 = ORIENTED_EDGE ( 'NONE', *, *, #2168, .T. ) ;
#372 = DIRECTION ( 'NONE',  ( -0.05944773429225563800, 3.057968096906440800E-015, -0.9982314195052755000 ) ) ;
#373 = VECTOR ( 'NONE', #1325, 1000.000000000000000 ) ;
#374 = CARTESIAN_POINT ( 'NONE',  ( -2.186245688813564400, 0.5499999999999909400, 0.4362456888135660100 ) ) ;
#375 = VERTEX_POINT ( 'NONE', #580 ) ;
#376 = ORIENTED_EDGE ( 'NONE', *, *, #3687, .F. ) ;
#377 = EDGE_CURVE ( 'NONE', #178, #3006, #3543, .T. ) ;
#378 = ORIENTED_EDGE ( 'NONE', *, *, #2954, .F. ) ;
#379 = ORIENTED_EDGE ( 'NONE', *, *, #484, .F. ) ;
#380 = AXIS2_PLACEMENT_3D ( 'NONE', #3827, #2975, #1691 ) ;
#381 = ORIENTED_EDGE ( 'NONE', *, *, #3211, .F. ) ;
#382 = CARTESIAN_POINT ( 'NONE',  ( 3.650000000000001200, -1.420304845956010800E-014, -3.650000000000003000 ) ) ;
#383 = CARTESIAN_POINT ( 'NONE',  ( -3.349999999999999600, 0.2999999999999975500, -0.7061324772583639200 ) ) ;
#384 = CARTESIAN_POINT ( 'NONE',  ( -5.558075425960119300, 0.9624999999997532200, 1.520594364034551800 ) ) ;
#385 = ORIENTED_EDGE ( 'NONE', *, *, #3643, .F. ) ;
#386 = APPLICATION_CONTEXT ( 'automotive_design' ) ;
#387 = DIRECTION ( 'NONE',  ( 0.0000000000000000000, 2.891205793294674700E-015, -1.000000000000000000 ) ) ;
#388 = CARTESIAN_POINT ( 'NONE',  ( -3.774999999999999900, 0.7499999999999966700, -9.757819552369539900E-016 ) ) ;
#389 = PLANE ( 'NONE',  #1620 ) ;
#390 = VECTOR ( 'NONE', #2057, 1000.000000000000000 ) ;
#391 = CARTESIAN_POINT ( 'NONE',  ( 3.621963417081473400, 0.5499999999999805000, -1.751372165967310900 ) ) ;
#392 = VECTOR ( 'NONE', #1324, 1000.000000000000000 ) ;
#393 = PLANE ( 'NONE',  #2801 ) ;
#394 = CARTESIAN_POINT ( 'NONE',  ( 1.899999999999999700, 0.5499999999999788400, 0.4999999999999994400 ) ) ;
#395 = EDGE_CURVE ( 'NONE', #1032, #3244, #1913, .T. ) ;
#396 = B_SPLINE_SURFACE_WITH_KNOTS ( 'NONE', 3, 1, ( 
 ( #2227, #2191 ),
 ( #1889, #639 ),
 ( #2215, #1846 ),
 ( #2493, #2524 ),
 ( #2820, #921 ),
 ( #3867, #2905 ),
 ( #1660, #1002 ),
 ( #2241, #3516 ),
 ( #23, #53 ),
 ( #1648, #2931 ),
 ( #1284, #2606 ) ),
 .UNSPECIFIED., .F., .F., .F.,
 ( 4, 1, 1, 1, 1, 1, 1, 1, 4 ),
 ( 2, 2 ),
 ( 0.4999999999999999400, 0.5600271168814636700, 0.6249999999999997800, 0.6899728831185361100, 0.7499999999999998900, 0.8100271168814636700, 0.8750000000000000000, 0.9399728831185362200, 1.000000000000000000 ),
 ( 0.0000000000000000000, 1.000000000000000000 ),
 .UNSPECIFIED. ) ;
#397 = VECTOR ( 'NONE', #361, 999.9999999999998900 ) ;
#398 = DIRECTION ( 'NONE',  ( -1.000000000000000000, 2.891205793388330600E-015, 8.296313606859904100E-030 ) ) ;
#399 = CARTESIAN_POINT ( 'NONE',  ( -3.690581702608052100, 0.9500014630113761100, -1.477021233294287600 ) ) ;
#400 = CARTESIAN_POINT ( 'NONE',  ( -1.750000000000000700, 0.2999999999999908300, -9.757819552369539900E-016 ) ) ;
#401 = B_SPLINE_CURVE_WITH_KNOTS ( 'NONE', 3,
 ( #2202, #3467, #288, #1619, #1577, #946 ),
 .UNSPECIFIED., .F., .F.,
 ( 4, 2, 4 ),
 ( 0.0000000000000000000, 0.0002465132690518719400, 0.0004930265381037438900 ),
 .UNSPECIFIED. ) ;
#402 = FACE_OUTER_BOUND ( 'NONE', #1217, .T. ) ;
#403 = ORIENTED_EDGE ( 'NONE', *, *, #1602, .T. ) ;
#404 = EDGE_CURVE ( 'NONE', #3490, #305, #1118, .T. ) ;
#405 = DIRECTION ( 'NONE',  ( 0.0000000000000000000, -2.891205793294683700E-015, 1.000000000000000000 ) ) ;
#406 = CARTESIAN_POINT ( 'NONE',  ( 3.450000000000002400, 0.2999999999999729000, 0.9999999999999983300 ) ) ;
#407 = CYLINDRICAL_SURFACE ( 'NONE', #1328, 0.09999999999999982500 ) ;
#408 = ORIENTED_EDGE ( 'NONE', *, *, #2932, .F. ) ;
#409 = CARTESIAN_POINT ( 'NONE',  ( 1.899999999999999700, 0.3292893218813268100, -0.5000000000000014400 ) ) ;
#410 = DIRECTION ( 'NONE',  ( -2.891205793294683700E-015, -1.000000000000000000, -2.891205793294683700E-015 ) ) ;
#411 = DIRECTION ( 'NONE',  ( -1.000000000000000000, 3.064678140892364500E-015, 8.860615195531584800E-030 ) ) ;
#412 = TOROIDAL_SURFACE ( 'NONE', #433, 3.800000000000000700, 0.1999999999999996500 ) ;
#413 = EDGE_LOOP ( 'NONE', ( #3664, #3310, #3017, #2214 ) ) ;
#414 = CARTESIAN_POINT ( 'NONE',  ( 2.602085213965210600E-015, 1.349999999999980500, 1.800000000000002000 ) ) ;
#415 = CARTESIAN_POINT ( 'NONE',  ( -1.899999999999999700, 0.3580639549812303400, -0.5000000000000014400 ) ) ;
#416 = CARTESIAN_POINT ( 'NONE',  ( -1.500000000000000400, 0.6499999999999794800, 3.681146824039680100 ) ) ;
#417 = MECHANICAL_DESIGN_GEOMETRIC_PRESENTATION_REPRESENTATION (  '', ( #2074 ), #3604 ) ;
#418 = DIRECTION ( 'NONE',  ( 0.0000000000000000000, -2.891205793294683700E-015, 1.000000000000000000 ) ) ;
#419 = ORIENTED_EDGE ( 'NONE', *, *, #2877, .F. ) ;
#420 = ORIENTED_EDGE ( 'NONE', *, *, #3668, .T. ) ;
#421 = DIRECTION ( 'NONE',  ( -1.445602896647347200E-015, -1.000000000000000000, -2.891205793294683700E-015 ) ) ;
#422 = CARTESIAN_POINT ( 'NONE',  ( 1.179890480462739300, 0.2999999999999830600, -0.2323162305268657000 ) ) ;
#423 = EDGE_CURVE ( 'NONE', #1611, #2155, #4083, .T. ) ;
#424 = ORIENTED_EDGE ( 'NONE', *, *, #1761, .F. ) ;
#425 = CARTESIAN_POINT ( 'NONE',  ( 3.382710778154773800E-014, 11.89999999999998800, 3.198396408832238100E-014 ) ) ;
#426 = VERTEX_POINT ( 'NONE', #945 ) ;
#427 = ORIENTED_EDGE ( 'NONE', *, *, #341, .F. ) ;
#428 = ORIENTED_EDGE ( 'NONE', *, *, #1167, .T. ) ;
#429 = EDGE_CURVE ( 'NONE', #1072, #1032, #2498, .T. ) ;
#430 = CARTESIAN_POINT ( 'NONE',  ( 4.000000000000008000, 2.856217782649079800, 5.963111948670274400E-015 ) ) ;
#431 = B_SPLINE_CURVE_WITH_KNOTS ( 'NONE', 2,
 ( #2760, #2462, #4009, #2748, #1534 ),
 .UNSPECIFIED., .F., .F.,
 ( 3, 2, 3 ),
 ( -0.0006625024293780048700, -0.0002892137079394286200, 0.0002502714192025636600 ),
 .UNSPECIFIED. ) ;
#432 = ORIENTED_EDGE ( 'NONE', *, *, #3264, .T. ) ;
#433 = AXIS2_PLACEMENT_3D ( 'NONE', #4073, #2852, #1924 ) ;
#434 = CARTESIAN_POINT ( 'NONE',  ( -1.899999999999999700, 0.3999999999999895900, 0.4999999999999994400 ) ) ;
#435 = DIRECTION ( 'NONE',  ( 4.624620637705054000E-016, -2.891205793294684900E-015, 1.000000000000000000 ) ) ;
#436 = ORIENTED_EDGE ( 'NONE', *, *, #3288, .T. ) ;
#437 = CARTESIAN_POINT ( 'NONE',  ( 4.150000000000002100, -2.331034670843834500E-014, -1.000000000000001800 ) ) ;
#438 = CIRCLE ( 'NONE', #1359, 0.4000000000000001900 ) ;
#439 = VERTEX_POINT ( 'NONE', #2874 ) ;
#440 = AXIS2_PLACEMENT_3D ( 'NONE', #3545, #83, #722 ) ;
#441 = CARTESIAN_POINT ( 'NONE',  ( 1.399999999999999200, 0.5499999999999710700, 3.720299047119733200 ) ) ;
#442 = CARTESIAN_POINT ( 'NONE',  ( -1.313754311186433600, 0.5499999999999910500, -0.4362456888135662900 ) ) ;
#443 = CIRCLE ( 'NONE', #2354, 0.1000000000000000500 ) ;
#444 = CARTESIAN_POINT ( 'NONE',  ( 1.899999999999999700, 0.3999999999999785900, 0.4999999999999994400 ) ) ;
#445 = EDGE_CURVE ( 'NONE', #2056, #774, #1862, .T. ) ;
#446 = ORIENTED_EDGE ( 'NONE', *, *, #2766, .F. ) ;
#447 = DIRECTION ( 'NONE',  ( -1.000000000000000000, 2.891205793294683700E-015, 0.0000000000000000000 ) ) ;
#448 = CARTESIAN_POINT ( 'NONE',  ( -4.150000000000003900, -8.998878031629686800E-015, 2.349999999999997000 ) ) ;
#449 = CIRCLE ( 'NONE', #2974, 0.6999999999999998400 ) ;
#450 = ORIENTED_EDGE ( 'NONE', *, *, #3854, .T. ) ;
#451 = ADVANCED_FACE ( 'NONE', ( #3102 ), #617, .F. ) ;
#452 = EDGE_CURVE ( 'NONE', #2271, #935, #3900, .T. ) ;
#453 = B_SPLINE_SURFACE_WITH_KNOTS ( 'NONE', 2, 1, ( 
 ( #3314, #789, #170 ),
 ( #3625, #3008, #1103 ),
 ( #1439, #3758, #1238 ),
 ( #2523, #3441, #2847 ),
 ( #638, #4056, #960 ),
 ( #2177, #1267, #3118 ),
 ( #2226, #1551, #3414 ) ),
 .UNSPECIFIED., .F., .F., .F.,
 ( 3, 2, 2, 3 ),
 ( 2, 1, 2 ),
 ( 0.0000000000000000000, 0.1250000000000000000, 0.2500000000000000000, 0.3590957580890438100 ),
 ( 0.0000000000000000000, 1.000000000000000000, 1.010000000000000000 ),
 .UNSPECIFIED. ) ;
#454 = DIRECTION ( 'NONE',  ( 0.0000000000000000000, -2.891205793294675100E-015, 1.000000000000000000 ) ) ;
#455 = VECTOR ( 'NONE', #704, 1000.000000000000000 ) ;
#456 = EDGE_LOOP ( 'NONE', ( #3655, #670, #3116, #2505 ) ) ;
#457 =( LENGTH_UNIT ( ) NAMED_UNIT ( * ) SI_UNIT ( .MILLI., .METRE. ) );
#458 = CARTESIAN_POINT ( 'NONE',  ( -3.450000000000000600, 0.2999999999999937200, 0.7061324772583584800 ) ) ;
#459 = AXIS2_PLACEMENT_3D ( 'NONE', #2802, #2830, #3398 ) ;
#460 = EDGE_LOOP ( 'NONE', ( #1903, #1826, #335, #262 ) ) ;
#461 = CARTESIAN_POINT ( 'NONE',  ( -1.982316230526865300, 0.5499999999999932700, -0.5701095195372606300 ) ) ;
#462 = CARTESIAN_POINT ( 'NONE',  ( 2.525720044908715600, 1.649999999999986100, -3.072129695631238700 ) ) ;
#463 = CARTESIAN_POINT ( 'NONE',  ( 1.500000000000002200, 1.349999999999971400, 3.681144261968248200 ) ) ;
#464 = LINE ( 'NONE', #2129, #1061 ) ;
#465 = CARTESIAN_POINT ( 'NONE',  ( 8.673617379884037400E-016, 0.5499999999999857200, -9.757819552369539900E-016 ) ) ;
#466 = ORIENTED_EDGE ( 'NONE', *, *, #2717, .F. ) ;
#467 = AXIS2_PLACEMENT_3D ( 'NONE', #974, #958, #620 ) ;
#468 = DIRECTION ( 'NONE',  ( -1.000000000000000000, 2.891205793294683700E-015, 8.359070939180741200E-030 ) ) ;
#469 = CARTESIAN_POINT ( 'NONE',  ( 3.707100818083779900, 0.9563418135444524700, -1.435044887071609700 ) ) ;
#470 = ORIENTED_EDGE ( 'NONE', *, *, #668, .T. ) ;
#471 = CARTESIAN_POINT ( 'NONE',  ( 3.621963417081477000, 1.661000000000059500, -1.751372165967307800 ) ) ;
#472 = VECTOR ( 'NONE', #301, 1000.000000000000000 ) ;
#473 = ORIENTED_EDGE ( 'NONE', *, *, #827, .F. ) ;
#474 = VERTEX_POINT ( 'NONE', #1307 ) ;
#475 = DIRECTION ( 'NONE',  ( -0.0000000000000000000, -2.891205793294683700E-015, 1.000000000000000000 ) ) ;
#476 = ORIENTED_EDGE ( 'NONE', *, *, #2193, .F. ) ;
#477 = DIRECTION ( 'NONE',  ( -1.000000000000000000, 2.891205793294673100E-015, 0.0000000000000000000 ) ) ;
#478 = ORIENTED_EDGE ( 'NONE', *, *, #3845, .F. ) ;
#479 = EDGE_CURVE ( 'NONE', #837, #1065, #2018, .T. ) ;
#480 = DIRECTION ( 'NONE',  ( -1.119571596451683400E-016, -2.168404344971007700E-015, 1.000000000000000000 ) ) ;
#481 = ORIENTED_EDGE ( 'NONE', *, *, #661, .T. ) ;
#482 = CARTESIAN_POINT ( 'NONE',  ( 3.694997244932420900, 0.9748645572406592400, -1.465989887417398200 ) ) ;
#483 = CARTESIAN_POINT ( 'NONE',  ( -1.750000000000000700, 0.2999999999999908300, -9.757819552369539900E-016 ) ) ;
#484 = EDGE_CURVE ( 'NONE', #2271, #123, #520, .T. ) ;
#485 = DIRECTION ( 'NONE',  ( 1.000000000000000000, -2.891205793294683700E-015, -8.359070939180741200E-030 ) ) ;
#486 = ORIENTED_EDGE ( 'NONE', *, *, #2471, .F. ) ;
#487 = CARTESIAN_POINT ( 'NONE',  ( -1.313754311186433600, 0.2999999999999877800, 0.4362456888135660100 ) ) ;
#488 = PRODUCT ( '16SVPT560M', '16SVPT560M', '', ( #3210 ) ) ;
#489 = CARTESIAN_POINT ( 'NONE',  ( 1.899999999999999700, 0.3999999999999814800, -0.5000000000000014400 ) ) ;
#490 = LINE ( 'NONE', #2805, #1880 ) ;
#491 = CARTESIAN_POINT ( 'NONE',  ( 1.599999999999998100, 0.3292893218813248100, 0.4999999999999994400 ) ) ;
#492 = CIRCLE ( 'NONE', #1695, 0.1999999999999996500 ) ;
#493 = CARTESIAN_POINT ( 'NONE',  ( 3.800000000000005600, 2.856217782649080700, 5.963111948670274400E-015 ) ) ;
#494 = AXIS2_PLACEMENT_3D ( 'NONE', #1975, #2617, #699 ) ;
#495 = CARTESIAN_POINT ( 'NONE',  ( 3.682480638941289600, 1.023919683608484700, -1.497211353490980300 ) ) ;
#496 = LINE ( 'NONE', #3320, #4061 ) ;
#497 = DIRECTION ( 'NONE',  ( -0.0000000000000000000, -2.891205793294683700E-015, 1.000000000000000000 ) ) ;
#498 = CARTESIAN_POINT ( 'NONE',  ( -1.499999999999998700, 0.6499999999999780400, 4.149999999999994100 ) ) ;
#499 = LINE ( 'NONE', #988, #2533 ) ;
#500 = EDGE_LOOP ( 'NONE', ( #920, #2086, #2614, #1922 ) ) ;
#501 = CARTESIAN_POINT ( 'NONE',  ( 2.000000000000002700, 0.3999999999999783200, 0.4999999999999994400 ) ) ;
#502 = PLANE ( 'NONE',  #3515 ) ;
#503 = EDGE_CURVE ( 'NONE', #1168, #3438, #3437, .T. ) ;
#504 = VECTOR ( 'NONE', #3497, 1000.000000000000000 ) ;
#505 = ORIENTED_EDGE ( 'NONE', *, *, #2960, .T. ) ;
#506 = CARTESIAN_POINT ( 'NONE',  ( 4.150000000000002100, 0.9499999999999698700, 1.400000000000001000 ) ) ;
#507 = VECTOR ( 'NONE', #3616, 1000.000000000000000 ) ;
#508 = VERTEX_POINT ( 'NONE', #3152 ) ;
#509 = EDGE_CURVE ( 'NONE', #2139, #1527, #75, .T. ) ;
#510 = CARTESIAN_POINT ( 'NONE',  ( 3.681347139411540200, 1.049999999999979800, -1.500000000000000400 ) ) ;
#511 = FACE_OUTER_BOUND ( 'NONE', #2979, .T. ) ;
#512 = CARTESIAN_POINT ( 'NONE',  ( 1.399999999999999200, 0.5499999999999938300, -4.150000000000002100 ) ) ;
#513 = EDGE_LOOP ( 'NONE', ( #1425, #22, #1507, #3153 ) ) ;
#514 = CARTESIAN_POINT ( 'NONE',  ( -1.499999999999998700, 0.7000000000000017300, -3.681144261968247300 ) ) ;
#515 = AXIS2_PLACEMENT_3D ( 'NONE', #2677, #2992, #3945 ) ;
#516 = CARTESIAN_POINT ( 'NONE',  ( -1.799999999999998700, 0.7000000000000038400, -4.149999999999987900 ) ) ;
#517 = CARTESIAN_POINT ( 'NONE',  ( 1.899999999999999700, 0.3580639549812192900, -0.5000000000000014400 ) ) ;
#518 = DIRECTION ( 'NONE',  ( -2.891205793294683700E-015, -1.000000000000000000, -2.891205793294683700E-015 ) ) ;
#519 = ORIENTED_EDGE ( 'NONE', *, *, #1639, .T. ) ;
#520 = LINE ( 'NONE', #2535, #2605 ) ;
#521 = AXIS2_PLACEMENT_3D ( 'NONE', #3877, #2326, #2300 ) ;
#522 = DIRECTION ( 'NONE',  ( 2.891205793294683700E-015, 1.000000000000000000, 2.891205793294683700E-015 ) ) ;
#523 = ORIENTED_EDGE ( 'NONE', *, *, #2467, .F. ) ;
#524 = LINE ( 'NONE', #3903, #2864 ) ;
#525 = CARTESIAN_POINT ( 'NONE',  ( -3.774999999999996400, 1.658215974080632800, 2.493664996716660200E-015 ) ) ;
#526 = ORIENTED_EDGE ( 'NONE', *, *, #1348, .T. ) ;
#527 = CARTESIAN_POINT ( 'NONE',  ( -1.999999999999999100, 0.3999999999999898600, 0.4999999999999994400 ) ) ;
#528 = ORIENTED_EDGE ( 'NONE', *, *, #395, .T. ) ;
#529 = CARTESIAN_POINT ( 'NONE',  ( -1.750000000000000700, 0.2999999999999884400, 0.6143539149150383200 ) ) ;
#530 = EDGE_CURVE ( 'NONE', #2119, #1116, #1768, .T. ) ;
#531 = VERTEX_POINT ( 'NONE', #1931 ) ;
#532 = CARTESIAN_POINT ( 'NONE',  ( 3.650000000000001200, -3.523657060577889400E-014, 3.649999999999996800 ) ) ;
#533 = VERTEX_POINT ( 'NONE', #3846 ) ;
#534 = EDGE_CURVE ( 'NONE', #2316, #4102, #2825, .T. ) ;
#535 = DIRECTION ( 'NONE',  ( 1.000000000000000000, -2.710505431213765800E-015, -2.449293598294784300E-016 ) ) ;
#536 = EDGE_LOOP ( 'NONE', ( #3458, #1959, #1281, #2876 ) ) ;
#537 = AXIS2_PLACEMENT_3D ( 'NONE', #3351, #237, #1792 ) ;
#538 = CARTESIAN_POINT ( 'NONE',  ( -1.049999999999999800, 0.2999999999999888900, -9.757819552369539900E-016 ) ) ;
#539 = PLANE ( 'NONE',  #3050 ) ;
#540 = VECTOR ( 'NONE', #3327, 1000.000000000000000 ) ;
#541 = CARTESIAN_POINT ( 'NONE',  ( 2.186245688813565700, 0.5499999999999784000, 0.4362456888135660100 ) ) ;
#542 = DIRECTION ( 'NONE',  ( 1.000000000000000000, -2.891205793294683700E-015, -8.359070939180741200E-030 ) ) ;
#543 = CYLINDRICAL_SURFACE ( 'NONE', #3074, 0.2999999999999999300 ) ;
#544 = AXIS2_PLACEMENT_3D ( 'NONE', #3558, #2003, #3582 ) ;
#545 = CARTESIAN_POINT ( 'NONE',  ( 2.349999999999998800, 0.2999999999999790100, -9.757819552369539900E-016 ) ) ;
#546 = VECTOR ( 'NONE', #4081, 1000.000000000000000 ) ;
#547 = CARTESIAN_POINT ( 'NONE',  ( -1.799999999999998700, 0.7000000000000038400, -4.149999999999987900 ) ) ;
#548 = VERTEX_POINT ( 'NONE', #2579 ) ;
#549 = EDGE_CURVE ( 'NONE', #1397, #3853, #2712, .T. ) ;
#550 = CARTESIAN_POINT ( 'NONE',  ( -1.499999999999998700, 0.6999999999999820800, 3.681146824039680100 ) ) ;
#551 = DIRECTION ( 'NONE',  ( 2.891205793294683700E-015, 1.000000000000000000, 2.891205793294683700E-015 ) ) ;
#552 = FACE_OUTER_BOUND ( 'NONE', #2361, .T. ) ;
#553 = CARTESIAN_POINT ( 'NONE',  ( 3.550000000000006500, 2.249999999999985800, 4.228388472693499600E-015 ) ) ;
#554 = CIRCLE ( 'NONE', #544, 0.4000000000000001900 ) ;
#555 = VERTEX_POINT ( 'NONE', #2565 ) ;
#556 = CARTESIAN_POINT ( 'NONE',  ( -3.268457204859807500, 0.9999999999999887900, 2.262258274379830100 ) ) ;
#557 = EDGE_CURVE ( 'NONE', #1723, #2678, #2502, .T. ) ;
#558 = CARTESIAN_POINT ( 'NONE',  ( -2.000000000000000900, 0.2999999999999927700, -0.5000000000000014400 ) ) ;
#559 = CYLINDRICAL_SURFACE ( 'NONE', #228, 0.09999999999999982500 ) ;
#560 = ORIENTED_EDGE ( 'NONE', *, *, #2116, .F. ) ;
#561 = PLANE ( 'NONE',  #1772 ) ;
#562 = EDGE_CURVE ( 'NONE', #2747, #1885, #3247, .T. ) ;
#563 = VECTOR ( 'NONE', #3907, 1000.000000000000000 ) ;
#564 = ORIENTED_EDGE ( 'NONE', *, *, #1448, .T. ) ;
#565 = ADVANCED_FACE ( 'NONE', ( #1671 ), #662, .T. ) ;
#566 = CARTESIAN_POINT ( 'NONE',  ( 1.480680392674298400, 0.5909180718161447500, -3.688950637266316800 ) ) ;
#567 = CARTESIAN_POINT ( 'NONE',  ( -1.399999999999999200, 0.6499999999999779300, 4.149999999999997700 ) ) ;
#568 = CARTESIAN_POINT ( 'NONE',  ( 8.673617379884037400E-016, 0.5499999999999858300, -9.757819552369539900E-016 ) ) ;
#569 = FACE_OUTER_BOUND ( 'NONE', #1644, .T. ) ;
#570 = ORIENTED_EDGE ( 'NONE', *, *, #146, .T. ) ;
#571 = CARTESIAN_POINT ( 'NONE',  ( 1.500000000000002200, 0.6499999999999815900, -9.757819552369539900E-016 ) ) ;
#572 = FACE_OUTER_BOUND ( 'NONE', #1127, .T. ) ;
#573 = CARTESIAN_POINT ( 'NONE',  ( 1.517683769473137800, 0.2999999999999798900, 0.5701095195372586400 ) ) ;
#574 = EDGE_LOOP ( 'NONE', ( #289, #2311, #2896, #1080, #2775, #2017, #1003, #2672, #2367, #376, #446, #1979, #1201, #3137, #2127, #379, #3474, #1667, #207, #3272, #3871, #1286, #2866, #1389, #3393, #1933, #2844, #4045, #1486, #1151, #1963, #2698, #3487 ) ) ;
#575 = CARTESIAN_POINT ( 'NONE',  ( -4.150000000000000400, 1.050000000000002300, -1.472182072207399700 ) ) ;
#576 = MANIFOLD_SOLID_BREP ( 'Body-Move/Copy1[3]', #3951 ) ;
#577 = VERTEX_POINT ( 'NONE', #3557 ) ;
#578 = ORIENTED_EDGE ( 'NONE', *, *, #1528, .F. ) ;
#579 = CARTESIAN_POINT ( 'NONE',  ( -3.739982903179515500, 0.9500000000000005100, -1.346736777428930500 ) ) ;
#580 = CARTESIAN_POINT ( 'NONE',  ( 3.975000000000007200, 1.658215974080610600, 2.493664996716660200E-015 ) ) ;
#581 = EDGE_CURVE ( 'NONE', #2206, #1092, #716, .T. ) ;
#582 = DIRECTION ( 'NONE',  ( -2.891205793294683700E-015, -1.000000000000000000, -2.891205793294683700E-015 ) ) ;
#583 = CARTESIAN_POINT ( 'NONE',  ( -2.915559687887048200, 0.9999999999999861200, 2.772264698260164200 ) ) ;
#584 = EDGE_LOOP ( 'NONE', ( #2273, #3431, #764, #3421 ) ) ;
#585 = ADVANCED_FACE ( 'NONE', ( #1573 ), #2260, .T. ) ;
#586 = DIRECTION ( 'NONE',  ( 1.000000000000000000, -2.891205793294684100E-015, 1.119571596451601500E-016 ) ) ;
#587 = EDGE_CURVE ( 'NONE', #2119, #3630, #1718, .T. ) ;
#588 = DIRECTION ( 'NONE',  ( -1.000000000000000000, 2.891205793294677800E-015, 8.333583658732188900E-030 ) ) ;
#589 = CARTESIAN_POINT ( 'NONE',  ( 1.439053900704215800, 0.5572906318909357500, -3.705389332472406800 ) ) ;
#590 = AXIS2_PLACEMENT_3D ( 'NONE', #2087, #3292, #184 ) ;
#591 = CARTESIAN_POINT ( 'NONE',  ( -1.899999999999999700, 0.3999999999999895900, 0.4999999999999994400 ) ) ;
#592 = DIRECTION ( 'NONE',  ( 1.000000000000000000, -2.927345865710861200E-015, -8.281498760865112800E-030 ) ) ;
#593 = CIRCLE ( 'NONE', #1242, 3.899999999994821800 ) ;
#594 = DIRECTION ( 'NONE',  ( 3.097720492815726700E-016, -2.891205793294684500E-015, 1.000000000000000000 ) ) ;
#595 = AXIS2_PLACEMENT_3D ( 'NONE', #483, #3667, #1123 ) ;
#596 = DIRECTION ( 'NONE',  ( 1.000000000000000000, -2.891205793294683700E-015, -8.359070939180741200E-030 ) ) ;
#597 = LINE ( 'NONE', #1995, #848 ) ;
#598 = ORIENTED_EDGE ( 'NONE', *, *, #856, .F. ) ;
#599 = DIRECTION ( 'NONE',  ( -4.624620637705054000E-016, 2.891205793294684900E-015, -1.000000000000000000 ) ) ;
#600 = FACE_OUTER_BOUND ( 'NONE', #731, .T. ) ;
#601 = VERTEX_POINT ( 'NONE', #2328 ) ;
#602 = CARTESIAN_POINT ( 'NONE',  ( -1.500000000000000400, 0.6499999999999794800, 3.681146824039680100 ) ) ;
#603 = ADVANCED_FACE ( 'NONE', ( #3484 ), #2301, .F. ) ;
#604 = VECTOR ( 'NONE', #726, 1000.000000000000000 ) ;
#605 = CARTESIAN_POINT ( 'NONE',  ( 3.549999999999998500, 0.2999999999999727300, 0.9999999999999983300 ) ) ;
#606 = ORIENTED_EDGE ( 'NONE', *, *, #1703, .T. ) ;
#607 = CARTESIAN_POINT ( 'NONE',  ( 3.691632439278201600, 0.9823349683682324200, 1.474394192403592800 ) ) ;
#608 = CARTESIAN_POINT ( 'NONE',  ( -2.423122109179570500, 0.5499999999921053600, -3.151048118325891600 ) ) ;
#609 = LINE ( 'NONE', #1172, #1759 ) ;
#610 = ORIENTED_EDGE ( 'NONE', *, *, #1084, .F. ) ;
#611 = EDGE_CURVE ( 'NONE', #2155, #898, #612, .T. ) ;
#612 = B_SPLINE_CURVE_WITH_KNOTS ( 'NONE', 3,
 ( #1978, #1369, #3252, #1340 ),
 .UNSPECIFIED., .F., .F.,
 ( 4, 4 ),
 ( 0.0000000000000000000, 0.0001632610325245885900 ),
 .UNSPECIFIED. ) ;
#613 = VECTOR ( 'NONE', #816, 1000.000000000000000 ) ;
#614 = CARTESIAN_POINT ( 'NONE',  ( 1.517683769473137800, 0.2999999999999830000, -0.5701095195372623000 ) ) ;
#615 = ORIENTED_EDGE ( 'NONE', *, *, #2083, .F. ) ;
#616 = EDGE_CURVE ( 'NONE', #2130, #3505, #917, .T. ) ;
#617 = CYLINDRICAL_SURFACE ( 'NONE', #2503, 0.1000000000000000500 ) ;
#618 = CARTESIAN_POINT ( 'NONE',  ( -1.517683769473136000, 0.2999999999999912700, -0.5701095195372623000 ) ) ;
#619 = ORIENTED_EDGE ( 'NONE', *, *, #4082, .F. ) ;
#620 = DIRECTION ( 'NONE',  ( 1.000000000000000000, -2.891205793294683700E-015, -8.323559299880482900E-030 ) ) ;
#621 = ADVANCED_FACE ( 'NONE', ( #1859, #19 ), #393, .F. ) ;
#622 = VECTOR ( 'NONE', #2359, 1000.000000000000000 ) ;
#623 = AXIS2_PLACEMENT_3D ( 'NONE', #3969, #800, #2391 ) ;
#624 = CARTESIAN_POINT ( 'NONE',  ( -1.599999999999999900, 0.3999999999999916400, -0.5000000000000014400 ) ) ;
#625 = ORIENTED_EDGE ( 'NONE', *, *, #2722, .T. ) ;
#626 = EDGE_LOOP ( 'NONE', ( #3389, #1651, #3606 ) ) ;
#627 = ADVANCED_FACE ( 'NONE', ( #4078 ), #1037, .F. ) ;
#628 = DIRECTION ( 'NONE',  ( -1.000000000000000000, 2.891205793294683700E-015, 8.359070939180741200E-030 ) ) ;
#629 = ORIENTED_EDGE ( 'NONE', *, *, #1143, .T. ) ;
#630 =( GEOMETRIC_REPRESENTATION_CONTEXT ( 3 ) GLOBAL_UNCERTAINTY_ASSIGNED_CONTEXT ( ( #959 ) ) GLOBAL_UNIT_ASSIGNED_CONTEXT ( ( #1343, #707, #976 ) ) REPRESENTATION_CONTEXT ( 'NONE', 'WORKASPACE' ) );
#631 = DIRECTION ( 'NONE',  ( -1.000000000000000000, 2.891205793294683700E-015, 8.359070939180741200E-030 ) ) ;
#632 = ORIENTED_EDGE ( 'NONE', *, *, #932, .F. ) ;
#633 = CARTESIAN_POINT ( 'NONE',  ( -1.449217903586402100, 0.5622418587012860700, 3.701424449488777100 ) ) ;
#634 = CARTESIAN_POINT ( 'NONE',  ( 1.409616547324524600, 0.5499999999991128700, -3.716680207321154700 ) ) ;
#635 = CARTESIAN_POINT ( 'NONE',  ( -1.999999999999999100, 0.5499999999999902700, 0.4999999999999994400 ) ) ;
#636 = CARTESIAN_POINT ( 'NONE',  ( 3.709577274613754700, 0.9541561237611078100, 1.428529833289202000 ) ) ;
#637 = EDGE_CURVE ( 'NONE', #2206, #1850, #3987, .T. ) ;
#638 = CARTESIAN_POINT ( 'NONE',  ( -3.268457204859809300, 0.5499999999999887200, 2.262258274379826500 ) ) ;
#639 = CARTESIAN_POINT ( 'NONE',  ( -1.150000000000000800, 0.2999999999999889400, 0.07536880949310279000 ) ) ;
#640 = VECTOR ( 'NONE', #810, 1000.000000000000000 ) ;
#641 = ORIENTED_EDGE ( 'NONE', *, *, #2236, .T. ) ;
#642 = CARTESIAN_POINT ( 'NONE',  ( -3.450000000000000600, 0.2999999999999978800, -0.7061324772583639200 ) ) ;
#643 = B_SPLINE_CURVE_WITH_KNOTS ( 'NONE', 3,
 ( #241, #3416, #1540, #2457, #573, #2126, #866, #2441, #3700, #3405, #545 ),
 .UNSPECIFIED., .F., .F.,
 ( 4, 1, 1, 1, 1, 1, 1, 1, 4 ),
 ( 0.0000000000000000000, 0.0002251851762735412600, 0.0004689238546934907800, 0.0007126625331134398700, 0.0009378477093869815600, 0.001163032885660523300, 0.001406771564080472200, 0.001650510242500421400, 0.001875695418773963100 ),
 .UNSPECIFIED. ) ;
#644 = EDGE_CURVE ( 'NONE', #948, #3381, #1519, .T. ) ;
#645 = CARTESIAN_POINT ( 'NONE',  ( -1.399999999999999200, 0.5500000000000007100, -3.720299047119734100 ) ) ;
#646 = FACE_OUTER_BOUND ( 'NONE', #460, .T. ) ;
#647 = CARTESIAN_POINT ( 'NONE',  ( 3.765158389454137400, 0.9499999999999713100, 1.280838290896019900 ) ) ;
#648 = ADVANCED_FACE ( 'NONE', ( #269 ), #3265, .T. ) ;
#649 = DIRECTION ( 'NONE',  ( 2.891205793294683700E-015, 1.000000000000000000, 2.891205793294683700E-015 ) ) ;
#650 = CARTESIAN_POINT ( 'NONE',  ( 3.682025503066743700, 1.028660655385758000, 1.498260588312559300 ) ) ;
#651 = LINE ( 'NONE', #1033, #2783 ) ;
#652 = CARTESIAN_POINT ( 'NONE',  ( -1.499999999999998700, 0.6999999999999827500, 3.681146824039680100 ) ) ;
#653 = DIRECTION ( 'NONE',  ( 4.624620637705054000E-016, -2.891205793294684900E-015, 1.000000000000000000 ) ) ;
#654 = CIRCLE ( 'NONE', #2456, 0.1999999999999996500 ) ;
#655 = EDGE_LOOP ( 'NONE', ( #2708, #266, #3791, #143, #3185, #2095, #2265, #3602, #2534 ) ) ;
#656 = CARTESIAN_POINT ( 'NONE',  ( 3.681316888052935900, 1.433405887310015100, 1.500000000000001100 ) ) ;
#657 = VECTOR ( 'NONE', #3248, 1000.000000000000100 ) ;
#658 = ORIENTED_EDGE ( 'NONE', *, *, #239, .F. ) ;
#659 = CARTESIAN_POINT ( 'NONE',  ( -3.692456957453081200, 0.9500000000000007300, -1.472197236150953700 ) ) ;
#660 = DIRECTION ( 'NONE',  ( 1.000000000000000000, -2.891205793294683700E-015, -8.359070939180741200E-030 ) ) ;
#661 = EDGE_CURVE ( 'NONE', #1116, #2316, #3833, .T. ) ;
#662 = PLANE ( 'NONE',  #380 ) ;
#663 = DIRECTION ( 'NONE',  ( -1.000000000000000000, 2.891205793294683700E-015, 8.359070939180741200E-030 ) ) ;
#664 = ADVANCED_FACE ( 'NONE', ( #3340 ), #2695, .F. ) ;
#665 = LINE ( 'NONE', #714, #563 ) ;
#666 = ORIENTED_EDGE ( 'NONE', *, *, #295, .F. ) ;
#667 = DIRECTION ( 'NONE',  ( 0.0000000000000000000, 2.168404344971007700E-015, -1.000000000000000000 ) ) ;
#668 = EDGE_CURVE ( 'NONE', #3143, #930, #937, .T. ) ;
#669 = CARTESIAN_POINT ( 'NONE',  ( 1.474834670492161100, 0.5826314768825255900, 3.691299696809587200 ) ) ;
#670 = ORIENTED_EDGE ( 'NONE', *, *, #2770, .T. ) ;
#671 = FACE_OUTER_BOUND ( 'NONE', #1257, .T. ) ;
#672 = AXIS2_PLACEMENT_3D ( 'NONE', #1737, #1762, #790 ) ;
#673 = DIRECTION ( 'NONE',  ( -2.891205793294683700E-015, -1.000000000000000000, -2.891205793294683700E-015 ) ) ;
#674 = ORIENTED_EDGE ( 'NONE', *, *, #2518, .T. ) ;
#675 = DIRECTION ( 'NONE',  ( -1.000000000000000000, 2.891205793294683700E-015, 0.0000000000000000000 ) ) ;
#676 = DIRECTION ( 'NONE',  ( 0.0000000000000000000, 2.891205793294683700E-015, -1.000000000000000000 ) ) ;
#677 = DIRECTION ( 'NONE',  ( 2.891205793294683700E-015, 1.000000000000000000, 2.891205793294683700E-015 ) ) ;
#678 = ORIENTED_EDGE ( 'NONE', *, *, #2371, .F. ) ;
#679 = DIRECTION ( 'NONE',  ( 1.000000000000000000, -2.891205793294683700E-015, -8.333583658732205700E-030 ) ) ;
#680 = VERTEX_POINT ( 'NONE', #2103 ) ;
#681 = AXIS2_PLACEMENT_3D ( 'NONE', #2559, #1599, #3460 ) ;
#682 = DIRECTION ( 'NONE',  ( -2.891205793294683700E-015, -1.000000000000000000, -2.891205793294683700E-015 ) ) ;
#683 = ORIENTED_EDGE ( 'NONE', *, *, #1785, .T. ) ;
#684 = CARTESIAN_POINT ( 'NONE',  ( 1.179890480462742800, 0.5499999999999818400, 0.2323162305268637600 ) ) ;
#685 = CARTESIAN_POINT ( 'NONE',  ( 2.602085213965210600E-015, 1.349999999999991000, -1.800000000000000500 ) ) ;
#686 = DIRECTION ( 'NONE',  ( -0.0000000000000000000, -2.891205793294683700E-015, 1.000000000000000000 ) ) ;
#687 = DIRECTION ( 'NONE',  ( -1.000000000000000000, 2.891205793294684900E-015, 0.0000000000000000000 ) ) ;
#688 = VERTEX_POINT ( 'NONE', #2997 ) ;
#689 = DIRECTION ( 'NONE',  ( 2.891205793294683700E-015, 1.000000000000000000, 2.891205793294683700E-015 ) ) ;
#690 = CARTESIAN_POINT ( 'NONE',  ( -2.000000000000000900, 0.2999999999999898300, 0.4999999999999994400 ) ) ;
#691 = EDGE_CURVE ( 'NONE', #508, #114, #3735, .T. ) ;
#692 = FACE_OUTER_BOUND ( 'NONE', #1662, .T. ) ;
#693 = DIRECTION ( 'NONE',  ( 0.9982314195052755000, -3.057968096906440400E-015, 0.05944773429225550700 ) ) ;
#694 = LINE ( 'NONE', #6, #1746 ) ;
#695 = EDGE_CURVE ( 'NONE', #3403, #3533, #3644, .T. ) ;
#696 = FACE_OUTER_BOUND ( 'NONE', #3308, .T. ) ;
#697 = VERTEX_POINT ( 'NONE', #506 ) ;
#698 = DIRECTION ( 'NONE',  ( -1.000000000000000000, 2.891205793294683700E-015, 8.359070939180741200E-030 ) ) ;
#699 = DIRECTION ( 'NONE',  ( -1.000000000000000000, 2.891205793294686900E-015, 0.0000000000000000000 ) ) ;
#700 = CARTESIAN_POINT ( 'NONE',  ( 3.971643238490572400, 0.9499999999999749800, -0.1649997695033239000 ) ) ;
#701 = FACE_OUTER_BOUND ( 'NONE', #3065, .T. ) ;
#702 =( LENGTH_UNIT ( ) NAMED_UNIT ( * ) SI_UNIT ( .MILLI., .METRE. ) );
#703 = ORIENTED_EDGE ( 'NONE', *, *, #3159, .F. ) ;
#704 = DIRECTION ( 'NONE',  ( -1.000000000000000000, 2.891205793294684100E-015, -1.119571596451601500E-016 ) ) ;
#705 = ADVANCED_FACE ( 'NONE', ( #569 ), #2906, .T. ) ;
#706 = DIRECTION ( 'NONE',  ( 0.0000000000000000000, 2.168404344971007700E-015, -1.000000000000000000 ) ) ;
#707 =( NAMED_UNIT ( * ) PLANE_ANGLE_UNIT ( ) SI_UNIT ( $, .RADIAN. ) );
#708 = VECTOR ( 'NONE', #1404, 1000.000000000000000 ) ;
#709 = ORIENTED_EDGE ( 'NONE', *, *, #3986, .F. ) ;
#710 = CARTESIAN_POINT ( 'NONE',  ( 1.500000000000002200, 1.349999999999992300, -3.681146824039679200 ) ) ;
#711 = CIRCLE ( 'NONE', #786, 0.1000000000000000500 ) ;
#712 = EDGE_LOOP ( 'NONE', ( #1444, #2331, #1893, #481 ) ) ;
#713 = DIRECTION ( 'NONE',  ( 1.000000000000000000, -2.891205793294683700E-015, -8.359070939180741200E-030 ) ) ;
#714 = CARTESIAN_POINT ( 'NONE',  ( -8.673617379884033500E-016, -1.116728237660069600E-014, -1.000000000000001800 ) ) ;
#715 = CARTESIAN_POINT ( 'NONE',  ( 1.399999999999999200, 0.5499999999999697400, 4.149999999999995900 ) ) ;
#716 = LINE ( 'NONE', #3862, #1323 ) ;
#717 = CARTESIAN_POINT ( 'NONE',  ( 8.673617379884037400E-016, 0.5499999999999858300, -9.757819552369539900E-016 ) ) ;
#718 = EDGE_CURVE ( 'NONE', #508, #1542, #2165, .T. ) ;
#719 = DIRECTION ( 'NONE',  ( 2.891205793294683700E-015, 1.000000000000000000, 2.891205793294683700E-015 ) ) ;
#720 = EDGE_LOOP ( 'NONE', ( #625, #2415, #3946, #1579 ) ) ;
#721 = FACE_OUTER_BOUND ( 'NONE', #1521, .T. ) ;
#722 = DIRECTION ( 'NONE',  ( -1.000000000000000000, 2.891205793294683700E-015, 8.359070939180741200E-030 ) ) ;
#723 = ORIENTED_EDGE ( 'NONE', *, *, #549, .T. ) ;
#724 = EDGE_CURVE ( 'NONE', #3590, #680, #2117, .T. ) ;
#725 = CARTESIAN_POINT ( 'NONE',  ( -3.692456957453081200, 0.9500000000000007300, -1.472197236150953700 ) ) ;
#726 = DIRECTION ( 'NONE',  ( -0.0000000000000000000, 2.891205793294683700E-015, -1.000000000000000000 ) ) ;
#727 = CIRCLE ( 'NONE', #3090, 3.750000000000004400 ) ;
#728 = B_SPLINE_CURVE_WITH_KNOTS ( 'NONE', 2,
 ( #2863, #2549, #931, #3828, #2580, #1053, #3254 ),
 .UNSPECIFIED., .F., .F.,
 ( 3, 2, 2, 3 ),
 ( 0.0000000000000000000, 0.001212019412250487600, 0.002424038824500975200, 0.003441438409531337000 ),
 .UNSPECIFIED. ) ;
#729 = ORIENTED_EDGE ( 'NONE', *, *, #3610, .T. ) ;
#730 = ADVANCED_FACE ( 'NONE', ( #365 ), #1710, .F. ) ;
#731 = EDGE_LOOP ( 'NONE', ( #3747, #709, #194, #3634 ) ) ;
#732 = CARTESIAN_POINT ( 'NONE',  ( 1.800000001339439300, 1.649999999999980400, 2.493664996716660200E-015 ) ) ;
#733 = DIRECTION ( 'NONE',  ( 1.000000000000000000, -2.891205793294684100E-015, 1.119571596451601500E-016 ) ) ;
#734 = ORIENTED_EDGE ( 'NONE', *, *, #3819, .F. ) ;
#735 = CARTESIAN_POINT ( 'NONE',  ( 8.673617379884037400E-016, 0.5499999999999857200, -9.757819552369539900E-016 ) ) ;
#736 = PLANE ( 'NONE',  #2832 ) ;
#737 = VERTEX_POINT ( 'NONE', #3949 ) ;
#738 = AXIS2_PLACEMENT_3D ( 'NONE', #857, #1532, #588 ) ;
#739 = PLANE ( 'NONE',  #440 ) ;
#740 = CARTESIAN_POINT ( 'NONE',  ( 1.999999999999999100, -2.157562323246153800E-014, 0.4999999999999977200 ) ) ;
#741 = DIRECTION ( 'NONE',  ( -1.000000000000000000, 2.891205793294677800E-015, 8.333583658732188900E-030 ) ) ;
#742 = LINE ( 'NONE', #1770, #4004 ) ;
#743 = EDGE_CURVE ( 'NONE', #898, #3902, #1584, .T. ) ;
#744 = DIRECTION ( 'NONE',  ( 0.8660254037665623400, 0.5000000000309626800, 1.551660420607162900E-015 ) ) ;
#745 = CYLINDRICAL_SURFACE ( 'NONE', #1597, 0.1000000000000000500 ) ;
#746 =( LENGTH_UNIT ( ) NAMED_UNIT ( * ) SI_UNIT ( .MILLI., .METRE. ) );
#747 = ADVANCED_FACE ( 'NONE', ( #1317 ), #1465, .T. ) ;
#748 = EDGE_CURVE ( 'NONE', #1397, #1676, #1015, .T. ) ;
#749 = CIRCLE ( 'NONE', #2592, 0.4000000000000001900 ) ;
#750 = ORIENTED_EDGE ( 'NONE', *, *, #1886, .T. ) ;
#751 = DIRECTION ( 'NONE',  ( 1.000000000000000000, -2.891205793294679000E-015, -4.624620637705141800E-016 ) ) ;
#752 = CARTESIAN_POINT ( 'NONE',  ( -3.550000000000000300, 0.2999999999999989300, -1.000000000000001800 ) ) ;
#753 = CARTESIAN_POINT ( 'NONE',  ( -2.350000000000000500, -1.940721888749052900E-014, 4.149999999999997700 ) ) ;
#754 = VECTOR ( 'NONE', #2324, 1000.000000000000000 ) ;
#755 = ORIENTED_EDGE ( 'NONE', *, *, #2926, .F. ) ;
#756 = AXIS2_PLACEMENT_3D ( 'NONE', #3233, #3220, #1669 ) ;
#757 = CARTESIAN_POINT ( 'NONE',  ( 2.423122109179572300, 0.5499999999999880500, -3.151048118325891600 ) ) ;
#758 = VECTOR ( 'NONE', #263, 1000.000000000000000 ) ;
#759 = ORIENTED_EDGE ( 'NONE', *, *, #1189, .F. ) ;
#760 = DIRECTION ( 'NONE',  ( 0.0000000000000000000, 2.780005570479343400E-015, -1.000000000000000000 ) ) ;
#761 = AXIS2_PLACEMENT_3D ( 'NONE', #3857, #1998, #60 ) ;
#762 = DIRECTION ( 'NONE',  ( 1.000000000000000000, -2.168404344971012800E-015, -2.449293598294812900E-016 ) ) ;
#763 = LINE ( 'NONE', #2054, #858 ) ;
#764 = ORIENTED_EDGE ( 'NONE', *, *, #2745, .T. ) ;
#765 = CARTESIAN_POINT ( 'NONE',  ( 3.720406576777698600, 0.9499999999994702700, -1.400012300600508100 ) ) ;
#766 = DIRECTION ( 'NONE',  ( -1.000000000000000000, 2.891205793294683700E-015, 8.359070939180741200E-030 ) ) ;
#767 = LINE ( 'NONE', #828, #3686 ) ;
#768 = EDGE_CURVE ( 'NONE', #1740, #161, #2855, .T. ) ;
#769 = DIRECTION ( 'NONE',  ( 2.891205793294683700E-015, 1.000000000000000000, 2.891205793294683700E-015 ) ) ;
#770 = ORIENTED_EDGE ( 'NONE', *, *, #1785, .F. ) ;
#771 = CARTESIAN_POINT ( 'NONE',  ( 3.549999999999998500, -2.157562323246153800E-014, -1.000000000000001800 ) ) ;
#772 = ADVANCED_FACE ( 'NONE', ( #319 ), #1176, .T. ) ;
#773 = DIRECTION ( 'NONE',  ( -1.000000000000000000, 2.710505431213765800E-015, 0.0000000000000000000 ) ) ;
#774 = VERTEX_POINT ( 'NONE', #1777 ) ;
#775 = CARTESIAN_POINT ( 'NONE',  ( 1.313754311186435400, 0.2999999999999832800, -0.4362456888135679600 ) ) ;
#776 = EDGE_CURVE ( 'NONE', #1052, #853, #121, .T. ) ;
#777 = DIRECTION ( 'NONE',  ( 1.000000000000000000, -2.891205793294684100E-015, 1.119571596451601500E-016 ) ) ;
#778 = EDGE_LOOP ( 'NONE', ( #3691, #1121, #4014, #2341 ) ) ;
#779 = ORIENTED_EDGE ( 'NONE', *, *, #3348, .F. ) ;
#780 = DIRECTION ( 'NONE',  ( -1.000000000000000000, 2.891205793294683400E-015, 1.119571596451768700E-016 ) ) ;
#781 = ORIENTED_EDGE ( 'NONE', *, *, #549, .F. ) ;
#782 = EDGE_CURVE ( 'NONE', #2719, #3093, #767, .T. ) ;
#783 = DIRECTION ( 'NONE',  ( 0.7071067811865510100, -4.088782444489004800E-015, 0.7071067811865441300 ) ) ;
#784 = EDGE_LOOP ( 'NONE', ( #1067, #2073, #770, #1659 ) ) ;
#785 = ORIENTED_EDGE ( 'NONE', *, *, #2877, .T. ) ;
#786 = AXIS2_PLACEMENT_3D ( 'NONE', #3968, #2113, #1449 ) ;
#787 = CARTESIAN_POINT ( 'NONE',  ( 6.071532165918824800E-015, 2.249999999999985800, 2.493664996716660200E-015 ) ) ;
#788 = ORIENTED_EDGE ( 'NONE', *, *, #1148, .F. ) ;
#789 = CARTESIAN_POINT ( 'NONE',  ( -1.399999999999997700, 0.9999999999999804600, 3.720299047119734100 ) ) ;
#790 = DIRECTION ( 'NONE',  ( 1.000000000000000000, -3.042994097442654400E-015, -8.797922163487729000E-030 ) ) ;
#791 = FACE_OUTER_BOUND ( 'NONE', #1585, .T. ) ;
#792 = ORIENTED_EDGE ( 'NONE', *, *, #4, .T. ) ;
#793 = DIRECTION ( 'NONE',  ( 0.0000000000000000000, -2.168404344971007700E-015, 1.000000000000000000 ) ) ;
#794 = CARTESIAN_POINT ( 'NONE',  ( 7.806255641895631900E-015, 2.856217782649091800, 5.963111948670274400E-015 ) ) ;
#795 = CARTESIAN_POINT ( 'NONE',  ( 3.802569123242173000, 0.5499999999920816000, -1.158055725328119400 ) ) ;
#796 = VECTOR ( 'NONE', #1338, 1000.000000000000000 ) ;
#797 = DIRECTION ( 'NONE',  ( -2.891205793294683700E-015, -1.000000000000000000, -2.891205793294683700E-015 ) ) ;
#798 = FACE_OUTER_BOUND ( 'NONE', #2943, .T. ) ;
#799 = DIRECTION ( 'NONE',  ( 1.000000000000000000, -2.739037067331800400E-015, -8.109178713209413400E-030 ) ) ;
#800 = DIRECTION ( 'NONE',  ( 2.891205793294683700E-015, 1.000000000000000000, 2.891205793294683700E-015 ) ) ;
#801 = LINE ( 'NONE', #652, #3574 ) ;
#802 = DIRECTION ( 'NONE',  ( 1.000000000000000000, -2.891205793294683700E-015, -8.359070939180741200E-030 ) ) ;
#803 = EDGE_LOOP ( 'NONE', ( #1071, #1128, #1331, #3383, #1293, #470 ) ) ;
#804 = EDGE_CURVE ( 'NONE', #3902, #3715, #3729, .T. ) ;
#805 = VECTOR ( 'NONE', #2413, 1000.000000000000000 ) ;
#806 = ORIENTED_EDGE ( 'NONE', *, *, #509, .T. ) ;
#807 = CARTESIAN_POINT ( 'NONE',  ( 3.449999999999999300, -2.157562323246153800E-014, -0.9000000000000024600 ) ) ;
#808 = AXIS2_PLACEMENT_3D ( 'NONE', #2709, #2072, #802 ) ;
#809 = CYLINDRICAL_SURFACE ( 'NONE', #2646, 4.000000000000000900 ) ;
#810 = DIRECTION ( 'NONE',  ( -2.090028284309406700E-016, 2.891205793294684500E-015, -1.000000000000000000 ) ) ;
#811 = ORIENTED_EDGE ( 'NONE', *, *, #964, .T. ) ;
#812 = CARTESIAN_POINT ( 'NONE',  ( 4.499999999999998200, -2.938187887435717000E-014, 0.4999999999999977200 ) ) ;
#813 = DIRECTION ( 'NONE',  ( -0.0000000000000000000, 2.891205793294683700E-015, -1.000000000000000000 ) ) ;
#814 = CARTESIAN_POINT ( 'NONE',  ( 1.750000000000002400, 0.2999999999999807300, -9.757819552369539900E-016 ) ) ;
#815 = AXIS2_PLACEMENT_3D ( 'NONE', #3524, #346, #1645 ) ;
#816 = DIRECTION ( 'NONE',  ( 2.891205793294683700E-015, 1.000000000000000000, 2.891205793294683700E-015 ) ) ;
#817 = CARTESIAN_POINT ( 'NONE',  ( 3.683986709577252500, 1.012811692155169500, -1.493505005074383200 ) ) ;
#818 = CARTESIAN_POINT ( 'NONE',  ( -1.899999999999999700, 0.3999999999999924700, -0.5000000000000014400 ) ) ;
#819 = ORIENTED_EDGE ( 'NONE', *, *, #616, .F. ) ;
#820 = DIRECTION ( 'NONE',  ( 2.891205793294683700E-015, 1.000000000000000000, 2.891205793294683700E-015 ) ) ;
#821 = COLOUR_RGB ( '',0.7921568627450980000, 0.8196078431372548800, 0.9333333333333333500 ) ;
#822 = ORIENTED_EDGE ( 'NONE', *, *, #3269, .T. ) ;
#823 = DIRECTION ( 'NONE',  ( -1.000000000000000000, 3.794707603699263900E-015, 0.0000000000000000000 ) ) ;
#824 = DIRECTION ( 'NONE',  ( -1.000000000000000000, 2.891205793294683700E-015, 8.359070939180741200E-030 ) ) ;
#825 = EDGE_LOOP ( 'NONE', ( #3549, #1670, #4027, #1788 ) ) ;
#826 = ORIENTED_EDGE ( 'NONE', *, *, #3468, .T. ) ;
#827 = EDGE_CURVE ( 'NONE', #123, #2115, #3382, .T. ) ;
#828 = CARTESIAN_POINT ( 'NONE',  ( 3.450000000000002400, 0.2999999999999732300, 0.8999999999999988000 ) ) ;
#829 = EDGE_LOOP ( 'NONE', ( #3554, #128, #1813, #3114 ) ) ;
#830 = DIRECTION ( 'NONE',  ( 2.891205793294683700E-015, 1.000000000000000000, 2.891205793294683700E-015 ) ) ;
#831 = EDGE_CURVE ( 'NONE', #1483, #853, #2256, .T. ) ;
#832 = ORIENTED_EDGE ( 'NONE', *, *, #3209, .F. ) ;
#833 = CARTESIAN_POINT ( 'NONE',  ( 2.423122109179572300, 0.5499999999920913700, -3.151048118325891600 ) ) ;
#834 = CARTESIAN_POINT ( 'NONE',  ( -1.499999999999998700, 0.6999999999999838600, 3.681117357542407200 ) ) ;
#835 = DIRECTION ( 'NONE',  ( 1.000000000000000000, -2.891205793294683700E-015, -8.323559299880482900E-030 ) ) ;
#836 = COLOUR_RGB ( '',0.7921568627450980000, 0.8196078431372548800, 0.9333333333333333500 ) ;
#837 = VERTEX_POINT ( 'NONE', #3703 ) ;
#838 = AXIS2_PLACEMENT_3D ( 'NONE', #3528, #3848, #679 ) ;
#839 = CARTESIAN_POINT ( 'NONE',  ( -3.450000000000000600, 0.2999999999999986000, -1.000000000000001800 ) ) ;
#840 = FACE_OUTER_BOUND ( 'NONE', #2809, .T. ) ;
#841 = ORIENTED_EDGE ( 'NONE', *, *, #827, .T. ) ;
#842 = CARTESIAN_POINT ( 'NONE',  ( -4.500000000000000000, 0.2999999999999965500, 0.4999999999999994400 ) ) ;
#843 = LINE ( 'NONE', #1468, #3870 ) ;
#844 = ORIENTED_EDGE ( 'NONE', *, *, #987, .F. ) ;
#845 = DIRECTION ( 'NONE',  ( 1.000000000000000000, -2.710505431213765800E-015, 0.0000000000000000000 ) ) ;
#846 = DIRECTION ( 'NONE',  ( -1.000000000000000000, 2.846030702774448000E-015, 0.0000000000000000000 ) ) ;
#847 = CARTESIAN_POINT ( 'NONE',  ( 3.268457204859812800, 1.661000000000061800, -2.262258274379826500 ) ) ;
#848 = VECTOR ( 'NONE', #3282, 1000.000000000000000 ) ;
#849 = ORIENTED_EDGE ( 'NONE', *, *, #2737, .F. ) ;
#850 = DIRECTION ( 'NONE',  ( -4.624620637705054000E-016, 2.891205793294684900E-015, -1.000000000000000000 ) ) ;
#851 = CARTESIAN_POINT ( 'NONE',  ( -1.800025144070338300, 0.9999999999999817900, 3.544271395952446100 ) ) ;
#852 = EDGE_CURVE ( 'NONE', #3189, #2119, #1810, .T. ) ;
#853 = VERTEX_POINT ( 'NONE', #1146 ) ;
#854 = CARTESIAN_POINT ( 'NONE',  ( -1.400000000000001000, 0.6499999999999900300, -9.757819552369539900E-016 ) ) ;
#855 = VECTOR ( 'NONE', #193, 1000.000000000000000 ) ;
#856 = EDGE_CURVE ( 'NONE', #2548, #3490, #3829, .T. ) ;
#857 = CARTESIAN_POINT ( 'NONE',  ( 4.336808689942017700E-015, 1.658215974080621900, 2.493664996716660200E-015 ) ) ;
#858 = VECTOR ( 'NONE', #813, 1000.000000000000000 ) ;
#859 = CARTESIAN_POINT ( 'NONE',  ( 3.349999999999999600, -2.591243192240355600E-014, 0.7061324772583584800 ) ) ;
#860 = ORIENTED_EDGE ( 'NONE', *, *, #2932, .T. ) ;
#861 = CARTESIAN_POINT ( 'NONE',  ( 1.953687949456850000, 1.649999999999970200, 3.511938611729543700 ) ) ;
#862 = PRESENTATION_LAYER_ASSIGNMENT (  '', '', ( #2425 ) ) ;
#863 = CARTESIAN_POINT ( 'NONE',  ( 3.549999999999998500, 0.2999999999999781200, -0.9000000000000024600 ) ) ;
#864 = LINE ( 'NONE', #3933, #1907 ) ;
#865 = ORIENTED_EDGE ( 'NONE', *, *, #4002, .T. ) ;
#866 = CARTESIAN_POINT ( 'NONE',  ( 1.982316230526867100, 0.2999999999999786200, 0.5701095195372586400 ) ) ;
#867 = COLOUR_RGB ( '',0.5019607843137254800, 0.0000000000000000000, 0.5019607843137254800 ) ;
#868 = AXIS2_PLACEMENT_3D ( 'NONE', #1934, #682, #1330 ) ;
#869 = DIRECTION ( 'NONE',  ( -7.888609052210118100E-031, 1.000000000000000000, 2.891205793294683700E-015 ) ) ;
#870 = COLOUR_RGB ( '',0.7921568627450980000, 0.8196078431372548800, 0.9333333333333333500 ) ;
#871 = CARTESIAN_POINT ( 'NONE',  ( 1.500000000000002200, 0.6499999999999917000, -3.681146824039681000 ) ) ;
#872 = ORIENTED_EDGE ( 'NONE', *, *, #2338, .T. ) ;
#873 = DIRECTION ( 'NONE',  ( 0.0000000000000000000, -2.949029909160568500E-015, 1.000000000000000000 ) ) ;
#874 = EDGE_LOOP ( 'NONE', ( #2336, #3025, #3299, #3198, #3098 ) ) ;
#875 = EDGE_CURVE ( 'NONE', #3112, #1030, #2902, .T. ) ;
#876 = CARTESIAN_POINT ( 'NONE',  ( 2.349999999999998800, 0.5499999999999788400, 0.07536880949310279000 ) ) ;
#877 = ORIENTED_EDGE ( 'NONE', *, *, #1926, .T. ) ;
#878 = DIRECTION ( 'NONE',  ( 1.000000000000000000, -2.865391455854547300E-015, -8.253985475945296100E-030 ) ) ;
#879 = EDGE_LOOP ( 'NONE', ( #2963, #1811, #2404, #2250 ) ) ;
#880 = ADVANCED_FACE ( 'NONE', ( #2015 ), #1110, .T. ) ;
#881 = CARTESIAN_POINT ( 'NONE',  ( -3.999999999999999100, 0.5499999999999973800, -9.757819552369539900E-016 ) ) ;
#882 = ORIENTED_EDGE ( 'NONE', *, *, #1399, .T. ) ;
#883 = EDGE_CURVE ( 'NONE', #1974, #2352, #464, .T. ) ;
#884 = CARTESIAN_POINT ( 'NONE',  ( 7.806255641895631900E-015, 2.596410161540265300, 5.963111948670274400E-015 ) ) ;
#885 = DIRECTION ( 'NONE',  ( -1.000000000000000000, 2.891205793294683700E-015, 8.359070939180741200E-030 ) ) ;
#886 = ORIENTED_EDGE ( 'NONE', *, *, #1117, .T. ) ;
#887 = CARTESIAN_POINT ( 'NONE',  ( -5.558075425960119300, 0.7000000000000068400, -1.665831239517770600 ) ) ;
#888 = CARTESIAN_POINT ( 'NONE',  ( 1.899999999999999700, 0.3999999999999814800, -0.5000000000000014400 ) ) ;
#889 = AXIS2_PLACEMENT_3D ( 'NONE', #1403, #2684, #3915 ) ;
#890 = DIRECTION ( 'NONE',  ( -1.000000000000000000, 2.891205793294683700E-015, 8.359070939180741200E-030 ) ) ;
#891 = CIRCLE ( 'NONE', #3173, 0.2999999999999999300 ) ;
#892 = ORIENTED_EDGE ( 'NONE', *, *, #4060, .T. ) ;
#893 = DIRECTION ( 'NONE',  ( -2.891205793294683700E-015, -1.000000000000000000, -2.891205793294683700E-015 ) ) ;
#894 = LINE ( 'NONE', #245, #2473 ) ;
#895 = AXIS2_PLACEMENT_3D ( 'NONE', #1809, #3709, #2124 ) ;
#896 = ADVANCED_FACE ( 'NONE', ( #3940 ), #3680, .F. ) ;
#897 = FACE_OUTER_BOUND ( 'NONE', #456, .T. ) ;
#898 = VERTEX_POINT ( 'NONE', #1513 ) ;
#899 = CARTESIAN_POINT ( 'NONE',  ( -3.717258492157577500, 0.9500000000000006200, -1.409974865037252300 ) ) ;
#900 = ADVANCED_FACE ( 'NONE', ( #4031 ), #1211, .F. ) ;
#901 = CARTESIAN_POINT ( 'NONE',  ( -3.550000000000000300, 0.2999999999999934400, 0.8999999999999988000 ) ) ;
#902 = VECTOR ( 'NONE', #686, 1000.000000000000000 ) ;
#903 = ORIENTED_EDGE ( 'NONE', *, *, #3013, .F. ) ;
#904 = DIRECTION ( 'NONE',  ( -1.000000000000000000, 2.891205793294684500E-015, -3.097720492815642900E-016 ) ) ;
#905 = LINE ( 'NONE', #985, #4022 ) ;
#906 = CARTESIAN_POINT ( 'NONE',  ( -3.564804882272599100, 0.5499999999921049200, -1.834226773207892300 ) ) ;
#907 = ORIENTED_EDGE ( 'NONE', *, *, #3636, .T. ) ;
#908 = CARTESIAN_POINT ( 'NONE',  ( 3.681347139411540200, 1.349999999999979700, -1.499999999999998700 ) ) ;
#909 = EDGE_CURVE ( 'NONE', #2900, #2271, #223, .T. ) ;
#910 = DIRECTION ( 'NONE',  ( 0.0000000000000000000, -2.891205793294683700E-015, 1.000000000000000000 ) ) ;
#911 = VECTOR ( 'NONE', #3433, 1000.000000000000000 ) ;
#912 = ORIENTED_EDGE ( 'NONE', *, *, #1733, .F. ) ;
#913 = EDGE_CURVE ( 'NONE', #3059, #3830, #1265, .T. ) ;
#914 = VERTEX_POINT ( 'NONE', #1336 ) ;
#915 = DIRECTION ( 'NONE',  ( -1.000000000000000000, 2.710505431213765800E-015, 0.0000000000000000000 ) ) ;
#916 = CARTESIAN_POINT ( 'NONE',  ( 3.974920345072956900, 0.5499999999920760500, 0.5923965400514004100 ) ) ;
#917 = LINE ( 'NONE', #2287, #2555 ) ;
#918 = AXIS2_PLACEMENT_3D ( 'NONE', #4096, #1833, #878 ) ;
#919 = CARTESIAN_POINT ( 'NONE',  ( -4.500000000000000000, 1.084202172485504400E-016, -0.5000000000000031100 ) ) ;
#920 = ORIENTED_EDGE ( 'NONE', *, *, #980, .F. ) ;
#921 = CARTESIAN_POINT ( 'NONE',  ( -1.517683769473136000, 0.2999999999999886600, 0.5701095195372586400 ) ) ;
#922 = DIRECTION ( 'NONE',  ( 4.624620637705054000E-016, 2.891205793294682600E-015, -1.000000000000000000 ) ) ;
#923 = ADVANCED_FACE ( 'NONE', ( #2798 ), #3508, .T. ) ;
#924 = CARTESIAN_POINT ( 'NONE',  ( 4.150000000000002100, 0.9499999999999858600, -4.150000000000002100 ) ) ;
#925 = EDGE_LOOP ( 'NONE', ( #1608, #3039, #3259, #641 ) ) ;
#926 = CARTESIAN_POINT ( 'NONE',  ( 2.320109519537262100, 0.2999999999999797300, -0.2323162305268657000 ) ) ;
#927 = ORIENTED_EDGE ( 'NONE', *, *, #2499, .T. ) ;
#928 = VERTEX_POINT ( 'NONE', #330 ) ;
#929 = CARTESIAN_POINT ( 'NONE',  ( -2.349999999999998800, 0.2999999999999926600, -9.757819552369539900E-016 ) ) ;
#930 = VERTEX_POINT ( 'NONE', #3842 ) ;
#931 = CARTESIAN_POINT ( 'NONE',  ( -2.423122109179570500, 0.5500000000000018200, -3.151048118325891600 ) ) ;
#932 = EDGE_CURVE ( 'NONE', #2130, #2730, #2063, .T. ) ;
#933 = DIRECTION ( 'NONE',  ( -4.624620637705054000E-016, -2.891205793294682600E-015, 1.000000000000000000 ) ) ;
#934 = CARTESIAN_POINT ( 'NONE',  ( 498999.9999999991300, -288093.7155853227000, -8.329405958365510000E-010 ) ) ;
#935 = VERTEX_POINT ( 'NONE', #2282 ) ;
#936 = CARTESIAN_POINT ( 'NONE',  ( -4.150000000000000400, 0.9500000000000021800, -1.472182072259810900 ) ) ;
#937 = B_SPLINE_CURVE_WITH_KNOTS ( 'NONE', 3,
 ( #3307, #2681, #3346, #3970 ),
 .UNSPECIFIED., .F., .F.,
 ( 4, 4 ),
 ( 0.0000000000000000000, 1.000000000000000000 ),
 .UNSPECIFIED. ) ;
#938 = EDGE_CURVE ( 'NONE', #1628, #4032, #2351, .T. ) ;
#939 = CARTESIAN_POINT ( 'NONE',  ( 1.149999999999999000, 0.5499999999999828400, -0.07536880949310473300 ) ) ;
#940 = CARTESIAN_POINT ( 'NONE',  ( -1.458264180369991400, 0.5687270937777148000, 3.697860180590767200 ) ) ;
#941 = FACE_OUTER_BOUND ( 'NONE', #778, .T. ) ;
#942 = ADVANCED_FACE ( 'NONE', ( #265 ), #3176, .F. ) ;
#943 = ORIENTED_EDGE ( 'NONE', *, *, #3211, .T. ) ;
#944 = AXIS2_PLACEMENT_3D ( 'NONE', #547, #1588, #209 ) ;
#945 = CARTESIAN_POINT ( 'NONE',  ( -3.746818164228536800, 0.9499999999916255400, 1.327649452810246900 ) ) ;
#946 = CARTESIAN_POINT ( 'NONE',  ( 1.500000000000002200, 1.349999999999971000, 3.681144261968248200 ) ) ;
#947 = VECTOR ( 'NONE', #1682, 1000.000000000000000 ) ;
#948 = VERTEX_POINT ( 'NONE', #970 ) ;
#949 = CARTESIAN_POINT ( 'NONE',  ( 1.149999999999999000, 0.5499999999999823900, 0.07536880949310279000 ) ) ;
#950 = AXIS2_PLACEMENT_3D ( 'NONE', #717, #410, #1991 ) ;
#951 = VECTOR ( 'NONE', #282, 999.9999999999998900 ) ;
#952 = ORIENTED_EDGE ( 'NONE', *, *, #2667, .F. ) ;
#953 = CARTESIAN_POINT ( 'NONE',  ( -2.423122109179570500, 0.5499999999999840600, 3.151048118325890700 ) ) ;
#954 = DIRECTION ( 'NONE',  ( -2.891205793294683700E-015, -1.000000000000000000, -2.891205793294683700E-015 ) ) ;
#955 = VECTOR ( 'NONE', #3446, 1000.000000000000000 ) ;
#956 = DIRECTION ( 'NONE',  ( -1.000000000000000000, 2.891205793294683700E-015, 8.359070939180741200E-030 ) ) ;
#957 = VERTEX_POINT ( 'NONE', #3491 ) ;
#958 = DIRECTION ( 'NONE',  ( -2.891205793294683700E-015, -1.000000000000000000, -2.891205793294683700E-015 ) ) ;
#959 = UNCERTAINTY_MEASURE_WITH_UNIT (LENGTH_MEASURE( 1.000000000000000100E-005 ), #1343, 'distance_accuracy_value', 'NONE');
#960 = CARTESIAN_POINT ( 'NONE',  ( -3.268457204859807500, 1.004499999999990200, 2.262258274379830100 ) ) ;
#961 = CARTESIAN_POINT ( 'NONE',  ( 1.500000000000002200, 1.349999999999993600, -4.149999999999995000 ) ) ;
#962 = LINE ( 'NONE', #2731, #176 ) ;
#963 = ORIENTED_EDGE ( 'NONE', *, *, #3610, .F. ) ;
#964 = EDGE_CURVE ( 'NONE', #2394, #1181, #3537, .T. ) ;
#965 = ADVANCED_FACE ( 'NONE', ( #2707 ), #3821, .T. ) ;
#966 = LINE ( 'NONE', #2297, #1853 ) ;
#967 = EDGE_LOOP ( 'NONE', ( #2623, #1634, #1422, #408 ) ) ;
#968 = CARTESIAN_POINT ( 'NONE',  ( 2.320109519537262100, 0.5499999999999798400, -0.2323162305268657000 ) ) ;
#969 = ORIENTED_EDGE ( 'NONE', *, *, #557, .F. ) ;
#970 = CARTESIAN_POINT ( 'NONE',  ( 4.150000000000002100, 0.2999999999999767300, -1.000000000000001800 ) ) ;
#971 = CARTESIAN_POINT ( 'NONE',  ( 1.499999999999998700, -6.396792817664476200E-015, -4.150000000000003900 ) ) ;
#972 = CARTESIAN_POINT ( 'NONE',  ( -3.672832562714080300, 0.9624999999999450700, 1.520615939849679200 ) ) ;
#973 = ORIENTED_EDGE ( 'NONE', *, *, #2667, .T. ) ;
#974 = CARTESIAN_POINT ( 'NONE',  ( 6.071532165918824800E-015, 2.249999999999985800, 2.493664996716660200E-015 ) ) ;
#975 = CARTESIAN_POINT ( 'NONE',  ( 4.150000000000002100, -2.331034670843834500E-014, -1.000000000000001800 ) ) ;
#976 =( NAMED_UNIT ( * ) SI_UNIT ( $, .STERADIAN. ) SOLID_ANGLE_UNIT ( ) );
#977 = ORIENTED_EDGE ( 'NONE', *, *, #724, .T. ) ;
#978 = ORIENTED_EDGE ( 'NONE', *, *, #2438, .T. ) ;
#979 = VERTEX_POINT ( 'NONE', #355 ) ;
#980 = EDGE_CURVE ( 'NONE', #1550, #1212, #3894, .T. ) ;
#981 = CARTESIAN_POINT ( 'NONE',  ( 1.179890480462739300, 0.2999999999999830000, -0.2323162305268657000 ) ) ;
#982 = DIRECTION ( 'NONE',  ( 1.000000000000000000, -2.891205793294704300E-015, 2.168404344971012800E-015 ) ) ;
#983 = CARTESIAN_POINT ( 'NONE',  ( 1.999999999999999100, -2.157562323246153800E-014, 0.4999999999999977200 ) ) ;
#984 = CARTESIAN_POINT ( 'NONE',  ( 1.179890480462739300, 0.5499999999999831700, -0.2323162305268657000 ) ) ;
#985 = CARTESIAN_POINT ( 'NONE',  ( -3.739982903180308700, 0.7749999999960526200, -1.346736777426729100 ) ) ;
#986 = ORIENTED_EDGE ( 'NONE', *, *, #2638, .T. ) ;
#987 = EDGE_CURVE ( 'NONE', #2790, #3527, #29, .T. ) ;
#988 = CARTESIAN_POINT ( 'NONE',  ( -3.450000000000000600, 0.2999999999999978800, -0.7061324772583639200 ) ) ;
#989 = CYLINDRICAL_SURFACE ( 'NONE', #2332, 0.2999999999999999300 ) ;
#990 = CARTESIAN_POINT ( 'NONE',  ( 1.536648504475548000, 1.513715958951438400, -3.666545509057884000 ) ) ;
#991 = EDGE_CURVE ( 'NONE', #2952, #3711, #2853, .T. ) ;
#992 = FACE_OUTER_BOUND ( 'NONE', #1220, .T. ) ;
#993 = CARTESIAN_POINT ( 'NONE',  ( 1.791613414004579000, 0.2999999999999785600, 0.6987619936536921800 ) ) ;
#994 = DIRECTION ( 'NONE',  ( -0.7071067811865441300, -2.011595308313580100E-029, 0.7071067811865510100 ) ) ;
#995 = CARTESIAN_POINT ( 'NONE',  ( 1.149999999999999000, 0.5499999999999828400, -0.07536880949310473300 ) ) ;
#996 = CIRCLE ( 'NONE', #1297, 3.875000000050477000 ) ;
#997 = ORIENTED_EDGE ( 'NONE', *, *, #341, .T. ) ;
#998 = AXIS2_PLACEMENT_3D ( 'NONE', #3471, #1598, #325 ) ;
#999 = CARTESIAN_POINT ( 'NONE',  ( 1.599999999999998100, 0.3999999999999794800, 0.4999999999999994400 ) ) ;
#1000 = ADVANCED_FACE ( 'NONE', ( #2446 ), #3553, .T. ) ;
#1001 = FACE_OUTER_BOUND ( 'NONE', #3823, .T. ) ;
#1002 = CARTESIAN_POINT ( 'NONE',  ( -1.982316230526865300, 0.2999999999999899400, 0.5701095195372586400 ) ) ;
#1003 = ORIENTED_EDGE ( 'NONE', *, *, #938, .F. ) ;
#1004 = AXIS2_PLACEMENT_3D ( 'NONE', #3685, #3674, #1485 ) ;
#1005 = PLANE ( 'NONE',  #155 ) ;
#1006 = FACE_OUTER_BOUND ( 'NONE', #4097, .T. ) ;
#1007 = ORIENTED_EDGE ( 'NONE', *, *, #562, .T. ) ;
#1008 = CARTESIAN_POINT ( 'NONE',  ( -1.465983806609074500, 0.5748592170297887000, -3.694808306542098900 ) ) ;
#1009 = CARTESIAN_POINT ( 'NONE',  ( 1.953687949456846400, 0.5499999999999700700, 3.511938611729541000 ) ) ;
#1010 = FACE_OUTER_BOUND ( 'NONE', #2893, .T. ) ;
#1011 = ORIENTED_EDGE ( 'NONE', *, *, #2499, .F. ) ;
#1012 = DIRECTION ( 'NONE',  ( 0.0000000000000000000, -2.891205793294683700E-015, 1.000000000000000000 ) ) ;
#1013 = EDGE_CURVE ( 'NONE', #439, #2711, #3097, .T. ) ;
#1014 = CARTESIAN_POINT ( 'NONE',  ( -4.150000000000002100, -5.095750210681870800E-015, 0.9999999999999965600 ) ) ;
#1015 = CIRCLE ( 'NONE', #3424, 0.2000000000000022600 ) ;
#1016 = EDGE_LOOP ( 'NONE', ( #2269, #3784, #2857, #2976 ) ) ;
#1017 = FILL_AREA_STYLE ('',( #3801 ) ) ;
#1018 = EDGE_CURVE ( 'NONE', #2550, #2817, #3188, .T. ) ;
#1019 = CARTESIAN_POINT ( 'NONE',  ( 2.349999999999998800, 0.2999999999999790100, -9.757819552369539900E-016 ) ) ;
#1020 = ORIENTED_EDGE ( 'NONE', *, *, #1117, .F. ) ;
#1021 = FACE_OUTER_BOUND ( 'NONE', #1437, .T. ) ;
#1022 = AXIS2_PLACEMENT_3D ( 'NONE', #2078, #177, #3002 ) ;
#1023 = EDGE_LOOP ( 'NONE', ( #1568, #1776, #3950, #1632 ) ) ;
#1024 = DIRECTION ( 'NONE',  ( -2.891205793294683700E-015, -1.000000000000000000, -2.891205793294683700E-015 ) ) ;
#1025 = DIRECTION ( 'NONE',  ( 1.000000000000000000, -2.710505431213765800E-015, 0.0000000000000000000 ) ) ;
#1026 = LINE ( 'NONE', #2384, #622 ) ;
#1027 = FILL_AREA_STYLE ('',( #2887 ) ) ;
#1028 = ORIENTED_EDGE ( 'NONE', *, *, #4033, .F. ) ;
#1029 = CARTESIAN_POINT ( 'NONE',  ( -5.558075425960119300, 1.049999999999997600, 1.472182072207401300 ) ) ;
#1030 = VERTEX_POINT ( 'NONE', #2014 ) ;
#1031 = CARTESIAN_POINT ( 'NONE',  ( 1.800025144070347000, 1.649999999999991300, -3.544271395952439900 ) ) ;
#1032 = VERTEX_POINT ( 'NONE', #3289 ) ;
#1033 = CARTESIAN_POINT ( 'NONE',  ( -4.150000000000000400, 0.3000000000000097600, -4.150000000000002100 ) ) ;
#1034 = CARTESIAN_POINT ( 'NONE',  ( 1.899999999999999700, 0.5499999999999788400, 0.4999999999999994400 ) ) ;
#1035 = CARTESIAN_POINT ( 'NONE',  ( -1.791613414004580700, -1.095044194210359500E-014, 0.6987619936536905200 ) ) ;
#1036 = ORIENTED_EDGE ( 'NONE', *, *, #875, .F. ) ;
#1037 = PLANE ( 'NONE',  #2037 ) ;
#1038 = DIRECTION ( 'NONE',  ( -0.9982314195052755000, 2.714216829338415800E-015, 0.05944773429225563800 ) ) ;
#1039 = EDGE_CURVE ( 'NONE', #1674, #3381, #665, .T. ) ;
#1040 = TOROIDAL_SURFACE ( 'NONE', #2131, 3.775000000000000400, 0.1999999999999998200 ) ;
#1041 = CARTESIAN_POINT ( 'NONE',  ( 4.150000000000005700, 1.649999999999986100, -4.149999999999998600 ) ) ;
#1042 = ORIENTED_EDGE ( 'NONE', *, *, #1886, .F. ) ;
#1043 = B_SPLINE_CURVE_WITH_KNOTS ( 'NONE', 2,
 ( #851, #2136, #2806, #583, #556, #4057, #4071 ),
 .UNSPECIFIED., .F., .F.,
 ( 3, 2, 2, 3 ),
 ( 0.0000000000000000000, 0.0007635049859132385500, 0.001978406340184247800, 0.002656924082956872900 ),
 .UNSPECIFIED. ) ;
#1044 = EDGE_CURVE ( 'NONE', #3386, #697, #966, .T. ) ;
#1045 = DIRECTION ( 'NONE',  ( 0.0000000000000000000, -2.891205793294683700E-015, 1.000000000000000000 ) ) ;
#1046 = VECTOR ( 'NONE', #1270, 1000.000000000000000 ) ;
#1047 = VERTEX_POINT ( 'NONE', #3261 ) ;
#1048 = CARTESIAN_POINT ( 'NONE',  ( 1.500000000000002200, 0.6499999999999918100, -3.681146824039681000 ) ) ;
#1049 = CARTESIAN_POINT ( 'NONE',  ( 1.982316230526863800, 0.2999999999999817800, -0.5701095195372623000 ) ) ;
#1050 = AXIS2_PLACEMENT_3D ( 'NONE', #814, #3021, #3035 ) ;
#1051 = FACE_OUTER_BOUND ( 'NONE', #413, .T. ) ;
#1052 = VERTEX_POINT ( 'NONE', #3875 ) ;
#1053 = CARTESIAN_POINT ( 'NONE',  ( -3.564804882272599100, 0.5500000000000014900, -1.834226773207892300 ) ) ;
#1054 = CARTESIAN_POINT ( 'NONE',  ( -1.959102538727270900, 0.2999999999999926600, -0.5000000000000014400 ) ) ;
#1055 = VERTEX_POINT ( 'NONE', #120 ) ;
#1056 = AXIS2_PLACEMENT_3D ( 'NONE', #863, #3993, #1821 ) ;
#1057 = CIRCLE ( 'NONE', #2480, 0.09999999999999982500 ) ;
#1058 = ORIENTED_EDGE ( 'NONE', *, *, #2873, .F. ) ;
#1059 = MANIFOLD_SOLID_BREP ( 'Body-Move/Copy1[1]', #1912 ) ;
#1060 = CARTESIAN_POINT ( 'NONE',  ( 3.802569123242173000, 0.5499999999999782800, -1.158055725328119400 ) ) ;
#1061 = VECTOR ( 'NONE', #221, 1000.000000000000100 ) ;
#1062 = CARTESIAN_POINT ( 'NONE',  ( -4.500000000000000000, 0.2999999999999965500, 0.4999999999999994400 ) ) ;
#1063 = EDGE_CURVE ( 'NONE', #1885, #426, #864, .T. ) ;
#1064 =( NAMED_UNIT ( * ) SI_UNIT ( $, .STERADIAN. ) SOLID_ANGLE_UNIT ( ) );
#1065 = VERTEX_POINT ( 'NONE', #1034 ) ;
#1066 = DIRECTION ( 'NONE',  ( 2.891205793294683700E-015, 1.000000000000000000, 2.891205793294683700E-015 ) ) ;
#1067 = ORIENTED_EDGE ( 'NONE', *, *, #3881, .F. ) ;
#1068 = EDGE_CURVE ( 'NONE', #1431, #1850, #3236, .T. ) ;
#1069 = PLANE ( 'NONE',  #3372 ) ;
#1070 = B_SPLINE_CURVE_WITH_KNOTS ( 'NONE', 2,
 ( #1233, #3750, #2564, #647, #1262 ),
 .UNSPECIFIED., .F., .F.,
 ( 3, 2, 3 ),
 ( -0.001333283035680367500, -0.0001413046057952187600, 0.0001049617059067562100 ),
 .UNSPECIFIED. ) ;
#1071 = ORIENTED_EDGE ( 'NONE', *, *, #3585, .T. ) ;
#1072 = VERTEX_POINT ( 'NONE', #434 ) ;
#1073 = AXIS2_PLACEMENT_3D ( 'NONE', #532, #4035, #1157 ) ;
#1074 = DIRECTION ( 'NONE',  ( 2.891205793294683700E-015, 1.000000000000000000, 2.891205793294683700E-015 ) ) ;
#1075 = ORIENTED_EDGE ( 'NONE', *, *, #2846, .F. ) ;
#1076 = CARTESIAN_POINT ( 'NONE',  ( 2.914811819903510200, 1.649999999999969500, 2.773048054569414900 ) ) ;
#1077 = ORIENTED_EDGE ( 'NONE', *, *, #3763, .F. ) ;
#1078 = DIRECTION ( 'NONE',  ( 0.0000000000000000000, 2.780005570479343400E-015, -1.000000000000000000 ) ) ;
#1079 = ADVANCED_FACE ( 'NONE', ( #3772 ), #3568, .F. ) ;
#1080 = ORIENTED_EDGE ( 'NONE', *, *, #3418, .F. ) ;
#1081 = PLANE ( 'NONE',  #3591 ) ;
#1082 = CARTESIAN_POINT ( 'NONE',  ( 4.150000000000008300, 0.9999999999999624700, 4.150000000000001200 ) ) ;
#1083 = CIRCLE ( 'NONE', #3384, 0.2999999999999999300 ) ;
#1084 = EDGE_CURVE ( 'NONE', #2139, #119, #1705, .T. ) ;
#1085 = CARTESIAN_POINT ( 'NONE',  ( 2.128423919564234700, 1.649999999999988100, -3.377730225817908000 ) ) ;
#1086 = CARTESIAN_POINT ( 'NONE',  ( 1.149999999999999000, 0.2999999999999824500, -9.757819552369539900E-016 ) ) ;
#1087 = FACE_OUTER_BOUND ( 'NONE', #1023, .T. ) ;
#1088 = DIRECTION ( 'NONE',  ( 2.891205793294683700E-015, 1.000000000000000000, 2.835605681885097100E-015 ) ) ;
#1089 = EDGE_CURVE ( 'NONE', #1334, #1047, #1613, .T. ) ;
#1090 = DIRECTION ( 'NONE',  ( 2.934573880194103900E-015, 1.000000000000000000, 2.891205793294683700E-015 ) ) ;
#1091 = FACE_OUTER_BOUND ( 'NONE', #3551, .T. ) ;
#1092 = VERTEX_POINT ( 'NONE', #2970 ) ;
#1093 = CARTESIAN_POINT ( 'NONE',  ( 1.959102538727272700, 0.2999999999999784500, 0.4999999999999994400 ) ) ;
#1094 = SURFACE_STYLE_USAGE ( .BOTH. , #147 ) ;
#1095 = DIRECTION ( 'NONE',  ( 1.000000000000000000, -2.710505431213765800E-015, 7.669517010584739700E-017 ) ) ;
#1096 = B_SPLINE_CURVE_WITH_KNOTS ( 'NONE', 3,
 ( #550, #2800, #2433, #1817, #2186, #3731 ),
 .UNSPECIFIED., .F., .F.,
 ( 4, 2, 4 ),
 ( 7.632852596679017600E-019, 0.0002465345585049622400, 0.0004930691170099237300 ),
 .UNSPECIFIED. ) ;
#1097 = FACE_OUTER_BOUND ( 'NONE', #2262, .T. ) ;
#1098 = MECHANICAL_DESIGN_GEOMETRIC_PRESENTATION_REPRESENTATION (  '', ( #1179 ), #2120 ) ;
#1099 = DIRECTION ( 'NONE',  ( -2.891205793294683700E-015, -1.000000000000000000, -2.891205793294683700E-015 ) ) ;
#1100 = DIRECTION ( 'NONE',  ( -2.891205793294683700E-015, -1.000000000000000000, -2.891205793294683700E-015 ) ) ;
#1101 = VECTOR ( 'NONE', #1387, 1000.000000000000000 ) ;
#1102 = VERTEX_POINT ( 'NONE', #2100 ) ;
#1103 = CARTESIAN_POINT ( 'NONE',  ( -1.954193632914738700, 1.004499999999982900, 3.511748316048446400 ) ) ;
#1104 = AXIS2_PLACEMENT_3D ( 'NONE', #1848, #2494, #1227 ) ;
#1105 = CARTESIAN_POINT ( 'NONE',  ( -2.423122109179570500, 0.9999999999999986700, -3.151048118325889800 ) ) ;
#1106 = LINE ( 'NONE', #2231, #3977 ) ;
#1107 = ORIENTED_EDGE ( 'NONE', *, *, #2116, .T. ) ;
#1108 = CARTESIAN_POINT ( 'NONE',  ( 3.715985910821689100, 0.9500029210494923500, -1.411885170753854000 ) ) ;
#1109 = CARTESIAN_POINT ( 'NONE',  ( -3.774999999999999900, 0.5499999999999967100, -9.757819552369539900E-016 ) ) ;
#1110 = CYLINDRICAL_SURFACE ( 'NONE', #944, 0.2999999999999999300 ) ;
#1111 = DIRECTION ( 'NONE',  ( 1.000000000000000000, -2.891205793294683400E-015, -1.119571596451768700E-016 ) ) ;
#1112 = ORIENTED_EDGE ( 'NONE', *, *, #3887, .T. ) ;
#1113 = CARTESIAN_POINT ( 'NONE',  ( -1.499999999999905000, 0.7835693096772405900, -3.681144261968265500 ) ) ;
#1114 = CARTESIAN_POINT ( 'NONE',  ( -1.517683769473136000, 0.2999999999999918800, -0.5701095195372623000 ) ) ;
#1115 = DIRECTION ( 'NONE',  ( -2.891205793294683700E-015, -1.000000000000000000, -2.891205793294683700E-015 ) ) ;
#1116 = VERTEX_POINT ( 'NONE', #1145 ) ;
#1117 = EDGE_CURVE ( 'NONE', #1861, #3652, #962, .T. ) ;
#1118 = CIRCLE ( 'NONE', #1870, 0.1000000000000000500 ) ;
#1119 = CARTESIAN_POINT ( 'NONE',  ( -2.349999999999998800, 0.4249999999999926600, -9.757819552369539900E-016 ) ) ;
#1120 = ORIENTED_EDGE ( 'NONE', *, *, #1663, .F. ) ;
#1121 = ORIENTED_EDGE ( 'NONE', *, *, #195, .F. ) ;
#1122 = ORIENTED_EDGE ( 'NONE', *, *, #2141, .T. ) ;
#1123 = DIRECTION ( 'NONE',  ( 1.000000000000000000, -2.865391455854548100E-015, -8.253985475945298900E-030 ) ) ;
#1124 = ORIENTED_EDGE ( 'NONE', *, *, #644, .F. ) ;
#1125 = EDGE_CURVE ( 'NONE', #1981, #3012, #763, .T. ) ;
#1126 = CARTESIAN_POINT ( 'NONE',  ( 1.399999999999999200, 0.5499999999999818400, -9.757819552369539900E-016 ) ) ;
#1127 = EDGE_LOOP ( 'NONE', ( #1432, #3088, #3180, #88, #2399 ) ) ;
#1128 = ORIENTED_EDGE ( 'NONE', *, *, #1044, .T. ) ;
#1129 = DIRECTION ( 'NONE',  ( -2.891205793294683700E-015, -1.000000000000000000, -2.891205793294683700E-015 ) ) ;
#1130 = AXIS2_PLACEMENT_3D ( 'NONE', #2818, #2437, #592 ) ;
#1131 = CARTESIAN_POINT ( 'NONE',  ( 6.071532165918824800E-015, 2.249999999999985800, 4.228388472693467300E-015 ) ) ;
#1132 = EDGE_LOOP ( 'NONE', ( #3068, #3249, #788, #3613, #1077, #3262, #173, #3306, #1277, #3743, #1177, #844, #1530, #2161, #1614, #1697, #1559, #3284, #3849, #3450 ) ) ;
#1133 = CARTESIAN_POINT ( 'NONE',  ( -2.914811819903504900, 0.9999999999999991100, -2.773048054569412700 ) ) ;
#1134 = EDGE_LOOP ( 'NONE', ( #3578, #3584, #3195, #1769 ) ) ;
#1135 = AXIS2_PLACEMENT_3D ( 'NONE', #2972, #2041, #105 ) ;
#1136 = CARTESIAN_POINT ( 'NONE',  ( -1.899999999999999700, 0.3999999999999910800, -9.757819552369539900E-016 ) ) ;
#1137 = CARTESIAN_POINT ( 'NONE',  ( -1.929289321881344300, 0.3292893218813378600, -0.5000000000000014400 ) ) ;
#1138 = PLANE ( 'NONE',  #117 ) ;
#1139 = CARTESIAN_POINT ( 'NONE',  ( 1.954193632914742200, 0.5499999999920937000, -3.511748316048447300 ) ) ;
#1140 = FACE_OUTER_BOUND ( 'NONE', #84, .T. ) ;
#1141 = ORIENTED_EDGE ( 'NONE', *, *, #804, .F. ) ;
#1142 = DIRECTION ( 'NONE',  ( -2.891205793294683700E-015, -1.000000000000000000, -2.891205793294683700E-015 ) ) ;
#1143 = EDGE_CURVE ( 'NONE', #2969, #3627, #4076, .T. ) ;
#1144 = CIRCLE ( 'NONE', #1878, 3.775000000000000400 ) ;
#1145 = CARTESIAN_POINT ( 'NONE',  ( -4.150000000000000400, 0.9999999999999931200, 1.665831239517772300 ) ) ;
#1146 = CARTESIAN_POINT ( 'NONE',  ( 3.975000000000000100, 0.7499999999999742400, -9.757819552369539900E-016 ) ) ;
#1147 = EDGE_LOOP ( 'NONE', ( #2060, #2106, #2621, #2696, #2123, #2666, #1987, #528 ) ) ;
#1148 = EDGE_CURVE ( 'NONE', #1782, #737, #3162, .T. ) ;
#1149 = DIRECTION ( 'NONE',  ( -2.891205793294683700E-015, -1.000000000000000000, -2.891205793294683700E-015 ) ) ;
#1150 = FACE_OUTER_BOUND ( 'NONE', #1475, .T. ) ;
#1151 = ORIENTED_EDGE ( 'NONE', *, *, #3126, .F. ) ;
#1152 = CARTESIAN_POINT ( 'NONE',  ( -1.982316230526865300, 0.2999999999999892800, 0.5701095195372586400 ) ) ;
#1153 = LINE ( 'NONE', #2836, #2594 ) ;
#1154 = CARTESIAN_POINT ( 'NONE',  ( 3.549999999999998500, 0.2999999999999784500, -1.000000000000001800 ) ) ;
#1155 = ORIENTED_EDGE ( 'NONE', *, *, #562, .F. ) ;
#1156 = CARTESIAN_POINT ( 'NONE',  ( -1.150000000000000800, 0.2999999999999893900, -0.07536880949310473300 ) ) ;
#1157 = DIRECTION ( 'NONE',  ( -1.000000000000000000, 2.891205793294686900E-015, 0.0000000000000000000 ) ) ;
#1158 = VECTOR ( 'NONE', #2182, 1000.000000000000000 ) ;
#1159 = ORIENTED_EDGE ( 'NONE', *, *, #1761, .T. ) ;
#1160 = MECHANICAL_DESIGN_GEOMETRIC_PRESENTATION_REPRESENTATION (  '', ( #2381 ), #3573 ) ;
#1161 = DIRECTION ( 'NONE',  ( 0.0000000000000000000, -2.891205793294683700E-015, 1.000000000000000000 ) ) ;
#1162 = CARTESIAN_POINT ( 'NONE',  ( 1.929289321881346100, 0.3292893218813238700, 0.4999999999999994400 ) ) ;
#1163 = CARTESIAN_POINT ( 'NONE',  ( 1.458264180369991400, 0.5687270937777275700, -3.697860180590769800 ) ) ;
#1164 = ORIENTED_EDGE ( 'NONE', *, *, #2960, .F. ) ;
#1165 = CARTESIAN_POINT ( 'NONE',  ( 3.621963417081473400, 0.5499999999920838200, -1.751372165967311200 ) ) ;
#1166 = FACE_OUTER_BOUND ( 'NONE', #1831, .T. ) ;
#1167 = EDGE_CURVE ( 'NONE', #2026, #2739, #68, .T. ) ;
#1168 = VERTEX_POINT ( 'NONE', #192 ) ;
#1169 = DIRECTION ( 'NONE',  ( 4.624620637705054000E-016, 2.891205793294682600E-015, -1.000000000000000000 ) ) ;
#1170 = DIRECTION ( 'NONE',  ( 0.0000000000000000000, -2.891205793294683700E-015, 1.000000000000000000 ) ) ;
#1171 = CIRCLE ( 'NONE', #2882, 4.000000000000000900 ) ;
#1172 = CARTESIAN_POINT ( 'NONE',  ( 1.791613414004579000, 0.2999999999999825600, -0.6987619936536941800 ) ) ;
#1173 = ORIENTED_EDGE ( 'NONE', *, *, #3113, .T. ) ;
#1174 = EDGE_LOOP ( 'NONE', ( #2929, #2432, #3955, #2971 ) ) ;
#1175 = EDGE_CURVE ( 'NONE', #3719, #2678, #1666, .T. ) ;
#1176 = PLANE ( 'NONE',  #1295 ) ;
#1177 = ORIENTED_EDGE ( 'NONE', *, *, #3804, .F. ) ;
#1178 = CARTESIAN_POINT ( 'NONE',  ( -3.746818164228536800, 0.9499999999916255400, 1.327649452810246900 ) ) ;
#1179 = STYLED_ITEM ( 'NONE', ( #2759 ), #154 ) ;
#1180 = PLANE ( 'NONE',  #4066 ) ;
#1181 = VERTEX_POINT ( 'NONE', #3654 ) ;
#1182 = CARTESIAN_POINT ( 'NONE',  ( 3.974920345072964000, 1.649999999999972600, 0.5923965400514038500 ) ) ;
#1183 = CARTESIAN_POINT ( 'NONE',  ( 2.350000000000002300, 0.5499999999999790600, -9.757819552369539900E-016 ) ) ;
#1184 = CARTESIAN_POINT ( 'NONE',  ( 1.500000000000002200, 0.6499999999999929200, -4.149999999999989700 ) ) ;
#1185 = ORIENTED_EDGE ( 'NONE', *, *, #3411, .T. ) ;
#1186 = AXIS2_PLACEMENT_3D ( 'NONE', #3378, #2401, #1797 ) ;
#1187 = VECTOR ( 'NONE', #3579, 1000.000000000000100 ) ;
#1188 = ORIENTED_EDGE ( 'NONE', *, *, #1481, .F. ) ;
#1189 = EDGE_CURVE ( 'NONE', #3443, #1861, #711, .T. ) ;
#1190 = FACE_OUTER_BOUND ( 'NONE', #3280, .T. ) ;
#1191 = ADVANCED_FACE ( 'NONE', ( #1510 ), #3889, .F. ) ;
#1192 = EDGE_LOOP ( 'NONE', ( #1028, #1141, #2967, #3109 ) ) ;
#1193 = DIRECTION ( 'NONE',  ( 1.000000000000000000, -2.909858733858675000E-015, -8.349838210395893400E-030 ) ) ;
#1194 = DIRECTION ( 'NONE',  ( 2.891205793294683700E-015, 1.000000000000000000, 2.891205793294683700E-015 ) ) ;
#1195 = CIRCLE ( 'NONE', #2807, 0.2000000000000005100 ) ;
#1196 = CARTESIAN_POINT ( 'NONE',  ( 3.681347139411557100, 1.433581030884645100, -1.499999999999920300 ) ) ;
#1197 = EDGE_CURVE ( 'NONE', #3853, #3438, #3983, .T. ) ;
#1198 = DIRECTION ( 'NONE',  ( 0.0000000000000000000, -2.891205793294683700E-015, 1.000000000000000000 ) ) ;
#1199 = CIRCLE ( 'NONE', #1266, 3.799999999999999800 ) ;
#1200 = LINE ( 'NONE', #394, #2294 ) ;
#1201 = ORIENTED_EDGE ( 'NONE', *, *, #59, .F. ) ;
#1202 = EDGE_CURVE ( 'NONE', #3742, #165, #3682, .T. ) ;
#1203 = DIRECTION ( 'NONE',  ( 1.224646799147301400E-016, -2.891205793294681400E-015, 1.000000000000000000 ) ) ;
#1204 = VECTOR ( 'NONE', #3131, 1000.000000000000000 ) ;
#1205 = CARTESIAN_POINT ( 'NONE',  ( -2.349999999999998800, 0.2999999999999922700, -0.07536880949310473300 ) ) ;
#1206 = ORIENTED_EDGE ( 'NONE', *, *, #4055, .T. ) ;
#1207 = CARTESIAN_POINT ( 'NONE',  ( 3.975079512001670400, 0.5499999999920793800, -0.5913335989463998100 ) ) ;
#1208 = AXIS2_PLACEMENT_3D ( 'NONE', #787, #3623, #3005 ) ;
#1209 = CARTESIAN_POINT ( 'NONE',  ( -1.953687949456844700, 1.000000000000002400, -3.511938611729541900 ) ) ;
#1210 = CARTESIAN_POINT ( 'NONE',  ( -4.150000000000000400, 0.3000000000000006600, -1.000000000000001800 ) ) ;
#1211 = CYLINDRICAL_SURFACE ( 'NONE', #3140, 0.1000000000000000500 ) ;
#1212 = VERTEX_POINT ( 'NONE', #2705 ) ;
#1213 = ADVANCED_FACE ( 'NONE', ( #3184 ), #2850, .T. ) ;
#1214 = PLANE ( 'NONE',  #1646 ) ;
#1215 = DIRECTION ( 'NONE',  ( 0.0000000000000000000, -4.336808689942015400E-015, 1.000000000000000000 ) ) ;
#1216 = AXIS2_PLACEMENT_3D ( 'NONE', #2540, #933, #4095 ) ;
#1217 = EDGE_LOOP ( 'NONE', ( #4079, #2277, #610, #203 ) ) ;
#1218 = CARTESIAN_POINT ( 'NONE',  ( 1.999999999999999100, 0.2999999999999782300, 0.4999999999999994400 ) ) ;
#1219 = VECTOR ( 'NONE', #1517, 1000.000000000000000 ) ;
#1220 = EDGE_LOOP ( 'NONE', ( #3202, #2133, #3253, #2826 ) ) ;
#1221 = CARTESIAN_POINT ( 'NONE',  ( -5.558075425960117500, 1.350000000000006500, -1.499999999999998700 ) ) ;
#1222 = EDGE_LOOP ( 'NONE', ( #1489, #1604, #3066, #3407, #3837, #1345 ) ) ;
#1223 = CARTESIAN_POINT ( 'NONE',  ( 3.802569123242180100, 1.661000000000050400, 1.158055725328121200 ) ) ;
#1224 = EDGE_CURVE ( 'NONE', #3294, #2034, #12, .T. ) ;
#1225 = CARTESIAN_POINT ( 'NONE',  ( 3.775000000000004800, 1.658215974080611100, 2.493664996716660200E-015 ) ) ;
#1226 = ORIENTED_EDGE ( 'NONE', *, *, #242, .F. ) ;
#1227 = DIRECTION ( 'NONE',  ( 1.000000000000000000, -3.252606517456511700E-015, -1.224646799147442400E-016 ) ) ;
#1228 = CARTESIAN_POINT ( 'NONE',  ( 4.000000000000004400, 0.5499999999999742900, -9.757819552369539900E-016 ) ) ;
#1229 = ORIENTED_EDGE ( 'NONE', *, *, #167, .F. ) ;
#1230 = EDGE_CURVE ( 'NONE', #2048, #1527, #1371, .T. ) ;
#1231 = PLANE ( 'NONE',  #2754 ) ;
#1232 = ADVANCED_FACE ( 'NONE', ( #2749 ), #2346, .T. ) ;
#1233 = CARTESIAN_POINT ( 'NONE',  ( 3.975000000000000100, 0.9499999999999744200, 7.589415207398531000E-016 ) ) ;
#1234 = ADVANCED_FACE ( 'NONE', ( #511 ), #3337, .T. ) ;
#1235 = STYLED_ITEM ( 'NONE', ( #2405 ), #576 ) ;
#1236 = CARTESIAN_POINT ( 'NONE',  ( -5.558075425960119300, 0.9625000000000063500, -1.520594364034992400 ) ) ;
#1237 = CARTESIAN_POINT ( 'NONE',  ( 3.621493654927685900, 0.5499999999920736100, 1.752348012857926500 ) ) ;
#1238 = CARTESIAN_POINT ( 'NONE',  ( -2.423122109179570500, 1.004499999999985100, 3.151048118325892500 ) ) ;
#1239 = CARTESIAN_POINT ( 'NONE',  ( -3.564804882272599100, 1.000000000000002200, -1.834226773207892300 ) ) ;
#1240 = CARTESIAN_POINT ( 'NONE',  ( 3.616560765876589000, 1.622454411333923900, -1.651470585410052600 ) ) ;
#1241 = CYLINDRICAL_SURFACE ( 'NONE', #2868, 0.1000000000000000500 ) ;
#1242 = AXIS2_PLACEMENT_3D ( 'NONE', #122, #1421, #760 ) ;
#1243 = CARTESIAN_POINT ( 'NONE',  ( -3.875000000042666300, 1.831421054782598000, 2.493664996716660200E-015 ) ) ;
#1244 = CARTESIAN_POINT ( 'NONE',  ( -1.399999999999999200, 0.5499999999999790600, 3.720299047119733200 ) ) ;
#1245 = ORIENTED_EDGE ( 'NONE', *, *, #2371, .T. ) ;
#1246 = CARTESIAN_POINT ( 'NONE',  ( -3.450000000000000600, 0.2999999999999986000, -1.000000000000001800 ) ) ;
#1247 = VECTOR ( 'NONE', #4106, 1000.000000000000000 ) ;
#1248 = CARTESIAN_POINT ( 'NONE',  ( 3.650000000000001200, -1.268516541808040200E-014, -4.150000000000003900 ) ) ;
#1249 = DIRECTION ( 'NONE',  ( 2.891205793294683700E-015, 1.000000000000000000, 2.891205793294683700E-015 ) ) ;
#1250 = CARTESIAN_POINT ( 'NONE',  ( -3.739982903179928500, 0.5500000000000006000, -1.346736777427785600 ) ) ;
#1251 = CIRCLE ( 'NONE', #1824, 3.982722578766456000 ) ;
#1252 = CARTESIAN_POINT ( 'NONE',  ( -2.914811819903504900, 1.000000000000003100, -2.773048054569412700 ) ) ;
#1253 = ORIENTED_EDGE ( 'NONE', *, *, #776, .T. ) ;
#1254 = EDGE_CURVE ( 'NONE', #1047, #2900, #1469, .T. ) ;
#1255 = ADVANCED_FACE ( 'NONE', ( #2495 ), #1488, .F. ) ;
#1256 = LINE ( 'NONE', #3146, #2794 ) ;
#1257 = EDGE_LOOP ( 'NONE', ( #3997, #1401, #3762, #2810 ) ) ;
#1258 = CARTESIAN_POINT ( 'NONE',  ( 1.313754311186435400, 0.5499999999999833900, -0.4362456888135662300 ) ) ;
#1259 = EDGE_CURVE ( 'NONE', #1722, #1334, #609, .T. ) ;
#1260 = LINE ( 'NONE', #839, #2547 ) ;
#1261 = ORIENTED_EDGE ( 'NONE', *, *, #2604, .T. ) ;
#1262 = CARTESIAN_POINT ( 'NONE',  ( 3.720382199914080300, 0.9499999999999712000, 1.400009513411365300 ) ) ;
#1263 = CARTESIAN_POINT ( 'NONE',  ( 1.419306201871012500, 0.5514089374985239300, -3.712990746711113800 ) ) ;
#1264 = CARTESIAN_POINT ( 'NONE',  ( 3.684691580952333700, 1.008705604100401000, 1.491678914431828500 ) ) ;
#1265 = CIRCLE ( 'NONE', #1590, 3.982722578766456000 ) ;
#1266 = AXIS2_PLACEMENT_3D ( 'NONE', #3148, #1894, #3506 ) ;
#1267 = CARTESIAN_POINT ( 'NONE',  ( -3.576985430551877300, 0.9999999999999922300, 1.816374216024429200 ) ) ;
#1268 = EDGE_LOOP ( 'NONE', ( #3022, #2407, #2909, #666 ) ) ;
#1269 = CARTESIAN_POINT ( 'NONE',  ( -1.953687949456844700, 1.004500000000081200, -3.511938611729541900 ) ) ;
#1270 = DIRECTION ( 'NONE',  ( 0.0000000000000000000, -2.891205793294683700E-015, 1.000000000000000000 ) ) ;
#1271 = SURFACE_STYLE_FILL_AREA ( #1027 ) ;
#1272 = DIRECTION ( 'NONE',  ( 0.0000000000000000000, 2.168404344971007700E-015, -1.000000000000000000 ) ) ;
#1273 = EDGE_LOOP ( 'NONE', ( #973, #729, #1438, #2104, #1896, #4070, #169, #26, #3884 ) ) ;
#1274 = CARTESIAN_POINT ( 'NONE',  ( 1.982316230526863800, 0.2999999999999817300, -0.5701095195372623000 ) ) ;
#1275 = ORIENTED_EDGE ( 'NONE', *, *, #804, .T. ) ;
#1276 = DIRECTION ( 'NONE',  ( -1.000000000000000000, 2.891205793294683000E-015, 3.097720492815810500E-016 ) ) ;
#1277 = ORIENTED_EDGE ( 'NONE', *, *, #3782, .F. ) ;
#1278 = DIRECTION ( 'NONE',  ( -2.891205793294683700E-015, -1.000000000000000000, -2.891205793294683700E-015 ) ) ;
#1279 = ADVANCED_FACE ( 'NONE', ( #3091 ), #1214, .F. ) ;
#1280 = PLANE ( 'NONE',  #1512 ) ;
#1281 = ORIENTED_EDGE ( 'NONE', *, *, #3763, .T. ) ;
#1282 = DIRECTION ( 'NONE',  ( -1.000000000000000000, 2.891205793294683700E-015, 8.359070939180741200E-030 ) ) ;
#1283 = EDGE_CURVE ( 'NONE', #737, #688, #3472, .T. ) ;
#1284 = CARTESIAN_POINT ( 'NONE',  ( -2.349999999999997000, 0.5499999999999926100, -9.757819552369539900E-016 ) ) ;
#1285 = CARTESIAN_POINT ( 'NONE',  ( -3.692479924308538700, 0.9499999999958085300, 1.472199991793121200 ) ) ;
#1286 = ORIENTED_EDGE ( 'NONE', *, *, #3321, .F. ) ;
#1287 = DIRECTION ( 'NONE',  ( 1.000000000000000000, -2.891205793294678600E-015, -8.382034726515516200E-030 ) ) ;
#1288 = EDGE_CURVE ( 'NONE', #577, #3925, #643, .T. ) ;
#1289 = ORIENTED_EDGE ( 'NONE', *, *, #2444, .F. ) ;
#1290 = CARTESIAN_POINT ( 'NONE',  ( 1.149999999999999000, 0.5499999999999826100, -9.757819552369539900E-016 ) ) ;
#1291 = CARTESIAN_POINT ( 'NONE',  ( 3.650000000000001200, -3.675445364725860000E-014, 4.149999999999997700 ) ) ;
#1292 = FACE_OUTER_BOUND ( 'NONE', #1016, .T. ) ;
#1293 = ORIENTED_EDGE ( 'NONE', *, *, #3245, .T. ) ;
#1294 = CARTESIAN_POINT ( 'NONE',  ( -3.450000000000000600, 0.2999999999999940500, 0.5999999999999988700 ) ) ;
#1295 = AXIS2_PLACEMENT_3D ( 'NONE', #3778, #522, #885 ) ;
#1296 = DIRECTION ( 'NONE',  ( 1.000000000000000000, -2.739037067331800400E-015, -8.109178713209413400E-030 ) ) ;
#1297 = AXIS2_PLACEMENT_3D ( 'NONE', #3999, #830, #1193 ) ;
#1298 = CARTESIAN_POINT ( 'NONE',  ( 1.411862219969657300, 0.5499999999999710700, 3.715835129636976500 ) ) ;
#1299 = CYLINDRICAL_SURFACE ( 'NONE', #3775, 0.1000000000000000500 ) ;
#1300 = EDGE_LOOP ( 'NONE', ( #3203, #3305, #385, #1955 ) ) ;
#1301 = CARTESIAN_POINT ( 'NONE',  ( 2.349999999999998800, 0.2999999999999790100, -9.757819552369539900E-016 ) ) ;
#1302 = TOROIDAL_SURFACE ( 'NONE', #2125, 3.950000000000000200, 0.3999999999999999700 ) ;
#1303 = ORIENTED_EDGE ( 'NONE', *, *, #3651, .F. ) ;
#1304 = CARTESIAN_POINT ( 'NONE',  ( 0.008117838649227514200, 0.5499999999999858300, 4.455913574826896700E-005 ) ) ;
#1305 = EDGE_CURVE ( 'NONE', #957, #1981, #3136, .T. ) ;
#1306 = LINE ( 'NONE', #2302, #2895 ) ;
#1307 = CARTESIAN_POINT ( 'NONE',  ( 3.549999999999998500, 0.2999999999999727300, 0.9999999999999983300 ) ) ;
#1308 = ORIENTED_EDGE ( 'NONE', *, *, #3348, .T. ) ;
#1309 = CARTESIAN_POINT ( 'NONE',  ( 3.713123136738098100, 0.9514092873824847600, 1.419302038536513400 ) ) ;
#1310 =( LENGTH_UNIT ( ) NAMED_UNIT ( * ) SI_UNIT ( .MILLI., .METRE. ) );
#1311 = LINE ( 'NONE', #1416, #2488 ) ;
#1312 = ORIENTED_EDGE ( 'NONE', *, *, #4103, .F. ) ;
#1313 = EDGE_CURVE ( 'NONE', #3107, #1839, #1057, .T. ) ;
#1314 = CARTESIAN_POINT ( 'NONE',  ( 2.186245688813565700, 0.5499999999999784000, 0.4362456888135660100 ) ) ;
#1315 = DIRECTION ( 'NONE',  ( 0.0000000000000000000, -2.168404344971007700E-015, 1.000000000000000000 ) ) ;
#1316 = ADVANCED_FACE ( 'NONE', ( #2254 ), #559, .T. ) ;
#1317 = FACE_OUTER_BOUND ( 'NONE', #3171, .T. ) ;
#1318 = ORIENTED_EDGE ( 'NONE', *, *, #2419, .F. ) ;
#1319 = CARTESIAN_POINT ( 'NONE',  ( -1.456848152745569700, 0.5668368729185233600, -3.698429811118571400 ) ) ;
#1320 = AXIS2_PLACEMENT_3D ( 'NONE', #1857, #1575, #3115 ) ;
#1321 = CARTESIAN_POINT ( 'NONE',  ( 2.423122109179572300, 0.5499999999999697400, 3.151048118325888900 ) ) ;
#1322 = DIRECTION ( 'NONE',  ( 2.891205793294683700E-015, 1.000000000000000000, 2.891205793294683700E-015 ) ) ;
#1323 = VECTOR ( 'NONE', #1355, 1000.000000000000000 ) ;
#1324 = DIRECTION ( 'NONE',  ( 2.891205793294683700E-015, 1.000000000000000000, 2.891205793294683700E-015 ) ) ;
#1325 = DIRECTION ( 'NONE',  ( 2.891205793294683700E-015, 1.000000000000000000, 2.891205793294683700E-015 ) ) ;
#1326 = ORIENTED_EDGE ( 'NONE', *, *, #3913, .F. ) ;
#1327 = VECTOR ( 'NONE', #261, 1000.000000000000000 ) ;
#1328 = AXIS2_PLACEMENT_3D ( 'NONE', #1728, #2624, #2950 ) ;
#1329 = VERTEX_POINT ( 'NONE', #4059 ) ;
#1330 = DIRECTION ( 'NONE',  ( 1.000000000000000000, -2.891205793294683700E-015, -8.382034726515531700E-030 ) ) ;
#1331 = ORIENTED_EDGE ( 'NONE', *, *, #1448, .F. ) ;
#1332 = CARTESIAN_POINT ( 'NONE',  ( 1.493503707336396100, 0.6128085301783263700, 3.683785984888768600 ) ) ;
#1333 = VERTEX_POINT ( 'NONE', #2742 ) ;
#1334 = VERTEX_POINT ( 'NONE', #4018 ) ;
#1335 = CARTESIAN_POINT ( 'NONE',  ( -1.493503707336392800, 0.6128085301783547900, -3.683785984888769500 ) ) ;
#1336 = CARTESIAN_POINT ( 'NONE',  ( 1.999999999999999100, 0.2999999999999810600, -0.5000000000000014400 ) ) ;
#1337 = EDGE_LOOP ( 'NONE', ( #3129, #3501, #3906, #3937 ) ) ;
#1338 = DIRECTION ( 'NONE',  ( -0.0000000000000000000, 2.891205793294683700E-015, -1.000000000000000000 ) ) ;
#1339 = CARTESIAN_POINT ( 'NONE',  ( -3.692479924308538700, 0.9499999999958085300, 1.472199991793121200 ) ) ;
#1340 = CARTESIAN_POINT ( 'NONE',  ( -3.609318653904704200, 1.000000000000001600, -1.665860148539369100 ) ) ;
#1341 = CARTESIAN_POINT ( 'NONE',  ( -3.550000000000000300, -6.396792817664476200E-015, 0.8999999999999970200 ) ) ;
#1342 = EDGE_CURVE ( 'NONE', #2730, #3147, #2951, .T. ) ;
#1343 =( LENGTH_UNIT ( ) NAMED_UNIT ( * ) SI_UNIT ( .MILLI., .METRE. ) );
#1344 = CARTESIAN_POINT ( 'NONE',  ( 3.544311629470617000, 1.649999999999980800, -1.800030990033822500 ) ) ;
#1345 = ORIENTED_EDGE ( 'NONE', *, *, #661, .F. ) ;
#1346 = PLANE ( 'NONE',  #2224 ) ;
#1347 = B_SPLINE_CURVE_WITH_KNOTS ( 'NONE', 3,
 ( #1183, #876, #4015, #541, #4029, #2149, #2452, #3096, #3401, #949, #2203 ),
 .UNSPECIFIED., .F., .F.,
 ( 4, 1, 1, 1, 1, 1, 1, 1, 4 ),
 ( 0.0000000000000000000, 0.0002251851762735416700, 0.0004689238546934907300, 0.0007126625331134397600, 0.0009378477093869814600, 0.001163032885660523000, 0.001406771564080472200, 0.001650510242500421700, 0.001875695418773962900 ),
 .UNSPECIFIED. ) ;
#1348 = EDGE_CURVE ( 'NONE', #3880, #601, #1260, .T. ) ;
#1349 = CARTESIAN_POINT ( 'NONE',  ( -1.499630022917161300, 0.6400875409064884500, -3.681294903238979000 ) ) ;
#1350 = CIRCLE ( 'NONE', #3923, 0.5000000000000000000 ) ;
#1351 = CARTESIAN_POINT ( 'NONE',  ( 1.954193632914742200, 0.5499999999999903900, -3.511748316048447300 ) ) ;
#1352 = CARTESIAN_POINT ( 'NONE',  ( 1.800000000000003800, 1.649999999999993000, -4.149999999999995000 ) ) ;
#1353 = VECTOR ( 'NONE', #551, 1000.000000000000000 ) ;
#1354 = AXIS2_PLACEMENT_3D ( 'NONE', #1890, #1523, #3726 ) ;
#1355 = DIRECTION ( 'NONE',  ( -1.000000000000000000, 2.891205793294683700E-015, 8.359070939180741200E-030 ) ) ;
#1356 = LINE ( 'NONE', #3456, #103 ) ;
#1357 = ORIENTED_EDGE ( 'NONE', *, *, #3981, .T. ) ;
#1358 = CARTESIAN_POINT ( 'NONE',  ( -3.672812549211315500, 0.9624995460757572700, -1.520612597141279400 ) ) ;
#1359 = AXIS2_PLACEMENT_3D ( 'NONE', #3046, #475, #823 ) ;
#1360 = VECTOR ( 'NONE', #2065, 1000.000000000000000 ) ;
#1361 = VERTEX_POINT ( 'NONE', #558 ) ;
#1362 = DIRECTION ( 'NONE',  ( -2.090028284309406700E-016, -2.891205793294683000E-015, 1.000000000000000000 ) ) ;
#1363 = CARTESIAN_POINT ( 'NONE',  ( 1.399999999999999200, 0.5499999999999926100, -3.720299047119734100 ) ) ;
#1364 = LINE ( 'NONE', #2307, #308 ) ;
#1365 = ORIENTED_EDGE ( 'NONE', *, *, #3913, .T. ) ;
#1366 = DIRECTION ( 'NONE',  ( 1.000000000000000000, -2.891205793294684500E-015, -8.253985475945298900E-030 ) ) ;
#1367 = DIRECTION ( 'NONE',  ( 1.000000000000000000, -2.865391455854548100E-015, -8.253985475945298900E-030 ) ) ;
#1368 = EDGE_CURVE ( 'NONE', #1055, #2725, #3583, .T. ) ;
#1369 = CARTESIAN_POINT ( 'NONE',  ( -3.654074014054478500, 0.9876633719661613900, -1.566086465978884200 ) ) ;
#1370 = CARTESIAN_POINT ( 'NONE',  ( -3.749999999933489600, 1.903589838423096500, 2.493664996716660200E-015 ) ) ;
#1371 = CIRCLE ( 'NONE', #2148, 3.875000000050477000 ) ;
#1372 = ORIENTED_EDGE ( 'NONE', *, *, #2338, .F. ) ;
#1373 = CARTESIAN_POINT ( 'NONE',  ( -1.899999999999999700, 0.3999999999999895900, 0.4999999999999994400 ) ) ;
#1374 = EDGE_CURVE ( 'NONE', #1676, #4020, #2010, .T. ) ;
#1375 = VECTOR ( 'NONE', #1898, 1000.000000000000000 ) ;
#1376 = CARTESIAN_POINT ( 'NONE',  ( 3.549999999999998500, 0.2999999999999729000, 0.8999999999999988000 ) ) ;
#1377 = ORIENTED_EDGE ( 'NONE', *, *, #129, .F. ) ;
#1378 = CARTESIAN_POINT ( 'NONE',  ( -4.150000000000002100, -2.059984127722458400E-015, -2.710505431213761100E-015 ) ) ;
#1379 = CONICAL_SURFACE ( 'NONE', #1320, 3.874999999879946700, 1.047197551721114100 ) ;
#1380 = CARTESIAN_POINT ( 'NONE',  ( 3.450000000000002400, 0.2999999999999775600, -0.6000000000000008700 ) ) ;
#1381 = ORIENTED_EDGE ( 'NONE', *, *, #4024, .F. ) ;
#1382 = CARTESIAN_POINT ( 'NONE',  ( -1.599999999999999900, 0.3999999999999888100, 0.4999999999999994400 ) ) ;
#1383 = CARTESIAN_POINT ( 'NONE',  ( -1.499999999999998700, 0.6999999999999820800, 3.681146824039680100 ) ) ;
#1384 = ORIENTED_EDGE ( 'NONE', *, *, #3556, .T. ) ;
#1385 = DIRECTION ( 'NONE',  ( -2.891205793294683700E-015, -1.000000000000000000, -2.891205793294683700E-015 ) ) ;
#1386 = ORIENTED_EDGE ( 'NONE', *, *, #3418, .T. ) ;
#1387 = DIRECTION ( 'NONE',  ( 4.624620637705054000E-016, 2.891205793294682600E-015, -1.000000000000000000 ) ) ;
#1388 = ADVANCED_FACE ( 'NONE', ( #3051 ), #412, .T. ) ;
#1389 = ORIENTED_EDGE ( 'NONE', *, *, #1399, .F. ) ;
#1390 = AXIS2_PLACEMENT_3D ( 'NONE', #127, #3628, #1763 ) ;
#1391 = DIRECTION ( 'NONE',  ( 1.000000000000000000, -3.252606517456511700E-015, 0.0000000000000000000 ) ) ;
#1392 = CARTESIAN_POINT ( 'NONE',  ( -2.000000000000000900, 0.2999999999999898300, 0.4999999999999994400 ) ) ;
#1393 = ORIENTED_EDGE ( 'NONE', *, *, #2213, .F. ) ;
#1394 = ORIENTED_EDGE ( 'NONE', *, *, #59, .T. ) ;
#1395 = DIRECTION ( 'NONE',  ( 1.224646799147353700E-016, -2.891205793294684500E-015, 1.000000000000000000 ) ) ;
#1396 = CARTESIAN_POINT ( 'NONE',  ( 3.422869005394122900, 1.649999999999970200, 2.039232687142650000 ) ) ;
#1397 = VERTEX_POINT ( 'NONE', #2195 ) ;
#1398 = DIRECTION ( 'NONE',  ( 2.891205793294683700E-015, 1.000000000000000000, 2.891205793294683700E-015 ) ) ;
#1399 = EDGE_CURVE ( 'NONE', #3590, #928, #2650, .T. ) ;
#1400 = VECTOR ( 'NONE', #138, 1000.000000000000000 ) ;
#1401 = ORIENTED_EDGE ( 'NONE', *, *, #2604, .F. ) ;
#1402 = CARTESIAN_POINT ( 'NONE',  ( 7.806255641895631900E-015, 2.683012701790434400, 5.963111948670274400E-015 ) ) ;
#1403 = CARTESIAN_POINT ( 'NONE',  ( -1.899999999999998100, 0.5499999999999899400, 0.4999999999999994400 ) ) ;
#1404 = DIRECTION ( 'NONE',  ( -0.0000000000000000000, -2.891205793294683700E-015, 1.000000000000000000 ) ) ;
#1405 = FACE_OUTER_BOUND ( 'NONE', #3371, .T. ) ;
#1406 = B_SPLINE_CURVE_WITH_KNOTS ( 'NONE', 3,
 ( #1285, #3531, #3832, #3852, #1950, #3157, #2554 ),
 .UNSPECIFIED., .F., .F.,
 ( 4, 3, 4 ),
 ( 2.235140038340936300E-019, 3.850636765452750300E-005, 5.384722801360439100E-005 ),
 .UNSPECIFIED. ) ;
#1407 = PRESENTATION_LAYER_ASSIGNMENT (  '', '', ( #3720 ) ) ;
#1408 = ADVANCED_FACE ( 'NONE', ( #313 ), #3822, .T. ) ;
#1409 = FACE_OUTER_BOUND ( 'NONE', #13, .T. ) ;
#1410 = ORIENTED_EDGE ( 'NONE', *, *, #2236, .F. ) ;
#1411 = LINE ( 'NONE', #732, #213 ) ;
#1412 = DIRECTION ( 'NONE',  ( 4.624620637705054000E-016, 2.891205793294682600E-015, -1.000000000000000000 ) ) ;
#1413 = DIRECTION ( 'NONE',  ( 2.891205793294683700E-015, 1.000000000000000000, 2.891205793294683700E-015 ) ) ;
#1414 = TOROIDAL_SURFACE ( 'NONE', #838, 3.775000000000000400, 0.2000000000000003400 ) ;
#1415 = EDGE_LOOP ( 'NONE', ( #218, #3015, #2784, #1036 ) ) ;
#1416 = CARTESIAN_POINT ( 'NONE',  ( -4.500000000000000000, 0.3999999999999999700, -0.5000000000000014400 ) ) ;
#1417 = ORIENTED_EDGE ( 'NONE', *, *, #3556, .F. ) ;
#1418 = CARTESIAN_POINT ( 'NONE',  ( 3.382710778154773800E-014, 11.89999999999998800, 3.198396408832238100E-014 ) ) ;
#1419 = CARTESIAN_POINT ( 'NONE',  ( 499000.0000000008700, 288098.2156960630700, 8.940581565017313700E-010 ) ) ;
#1420 = VECTOR ( 'NONE', #1074, 1000.000000000000000 ) ;
#1421 = DIRECTION ( 'NONE',  ( 2.891205793294684100E-015, 1.000000000000000000, 2.835605681885097400E-015 ) ) ;
#1422 = ORIENTED_EDGE ( 'NONE', *, *, #2031, .F. ) ;
#1423 = EDGE_CURVE ( 'NONE', #4032, #3107, #118, .T. ) ;
#1424 = DIRECTION ( 'NONE',  ( 1.000000000000000000, -2.891205793294683700E-015, -8.359070939180741200E-030 ) ) ;
#1425 = ORIENTED_EDGE ( 'NONE', *, *, #377, .F. ) ;
#1426 = EDGE_CURVE ( 'NONE', #3657, #4050, #1106, .T. ) ;
#1427 = CARTESIAN_POINT ( 'NONE',  ( -1.149999999999999000, 0.5499999999999895000, -0.07536880949310473300 ) ) ;
#1428 = CARTESIAN_POINT ( 'NONE',  ( -3.550000000000000300, -9.757819552369539900E-016, -1.000000000000001800 ) ) ;
#1429 = VECTOR ( 'NONE', #2145, 1000.000000000000000 ) ;
#1430 = B_SPLINE_CURVE_WITH_KNOTS ( 'NONE', 3,
 ( #3499, #2253, #3814, #1622, #2290, #3223, #2892, #374, #3800, #3831, #1919 ),
 .UNSPECIFIED., .F., .F.,
 ( 4, 1, 1, 1, 1, 1, 1, 1, 4 ),
 ( 0.0000000000000000000, 0.0002251851762735418300, 0.0004689238546934908900, 0.0007126625331134408500, 0.0009378477093869828700, 0.001163032885660525000, 0.001406771564080474800, 0.001650510242500424300, 0.001875695418773966200 ),
 .UNSPECIFIED. ) ;
#1431 = VERTEX_POINT ( 'NONE', #268 ) ;
#1432 = ORIENTED_EDGE ( 'NONE', *, *, #222, .T. ) ;
#1433 = DIRECTION ( 'NONE',  ( 0.0000000000000000000, 2.891205793294683700E-015, -1.000000000000000000 ) ) ;
#1434 = CARTESIAN_POINT ( 'NONE',  ( -1.749999999999998900, 0.2999999999999926600, -0.6143539149150421000 ) ) ;
#1435 = AXIS2_PLACEMENT_3D ( 'NONE', #2767, #230, #3379 ) ;
#1436 = DIRECTION ( 'NONE',  ( -0.9982314195052755000, 3.057968096906440800E-015, -0.05944773429225563800 ) ) ;
#1437 = EDGE_LOOP ( 'NONE', ( #811, #1725, #2461, #1112 ) ) ;
#1438 = ORIENTED_EDGE ( 'NONE', *, *, #2270, .F. ) ;
#1439 = CARTESIAN_POINT ( 'NONE',  ( -2.423122109179570500, 0.5499999999999837200, 3.151048118325890700 ) ) ;
#1440 = CARTESIAN_POINT ( 'NONE',  ( -5.558075425960119300, 0.9999999999999970000, 1.665831239517772300 ) ) ;
#1441 = EDGE_LOOP ( 'NONE', ( #2390, #1275, #3777, #1384, #2994, #2166 ) ) ;
#1442 = DIRECTION ( 'NONE',  ( 1.000000000000000000, -2.696049402247293000E-015, -7.794833650786041800E-030 ) ) ;
#1443 = DIRECTION ( 'NONE',  ( 0.7071067811865441300, 2.011595308313580100E-029, -0.7071067811865510100 ) ) ;
#1444 = ORIENTED_EDGE ( 'NONE', *, *, #534, .T. ) ;
#1445 = CARTESIAN_POINT ( 'NONE',  ( 2.915559687887051800, 0.5499999999920888200, -2.772264698260164200 ) ) ;
#1446 = PLANE ( 'NONE',  #159 ) ;
#1447 = CARTESIAN_POINT ( 'NONE',  ( -1.313754311186433600, 0.5499999999999909400, -0.4362456888135662300 ) ) ;
#1448 = EDGE_CURVE ( 'NONE', #338, #697, #3767, .T. ) ;
#1449 = DIRECTION ( 'NONE',  ( -1.000000000000000000, 1.084202172485503800E-015, 0.0000000000000000000 ) ) ;
#1450 = VECTOR ( 'NONE', #3127, 1000.000000000000000 ) ;
#1451 = CARTESIAN_POINT ( 'NONE',  ( -3.268457204859807500, 0.9999999999999986700, -2.262258274379828300 ) ) ;
#1452 = EDGE_CURVE ( 'NONE', #3244, #2598, #3532, .T. ) ;
#1453 = LINE ( 'NONE', #2118, #1353 ) ;
#1454 = CARTESIAN_POINT ( 'NONE',  ( 1.500000000000002200, 1.349999999999971000, 3.681144261968248200 ) ) ;
#1455 = CARTESIAN_POINT ( 'NONE',  ( -1.999999999999999100, 0.3999999999999898600, 0.4999999999999994400 ) ) ;
#1456 = FACE_OUTER_BOUND ( 'NONE', #825, .T. ) ;
#1457 = ORIENTED_EDGE ( 'NONE', *, *, #1982, .T. ) ;
#1458 = PRESENTATION_LAYER_ASSIGNMENT (  '', '', ( #1179 ) ) ;
#1459 = CARTESIAN_POINT ( 'NONE',  ( -2.000000000000000900, -1.008308020411519100E-014, 0.4999999999999977200 ) ) ;
#1460 = CARTESIAN_POINT ( 'NONE',  ( 6.071532165918824800E-015, 2.249999999999985800, 4.228388472693467300E-015 ) ) ;
#1461 = CARTESIAN_POINT ( 'NONE',  ( 2.423122109179575800, 1.649999999999986600, -3.151048118325889800 ) ) ;
#1462 = LINE ( 'NONE', #999, #3629 ) ;
#1463 = VERTEX_POINT ( 'NONE', #936 ) ;
#1464 = AXIS2_PLACEMENT_3D ( 'NONE', #3850, #3221, #706 ) ;
#1465 = PLANE ( 'NONE',  #808 ) ;
#1466 = LINE ( 'NONE', #753, #3883 ) ;
#1467 = ORIENTED_EDGE ( 'NONE', *, *, #2981, .F. ) ;
#1468 = CARTESIAN_POINT ( 'NONE',  ( -3.450000000000000600, 0.2999999999999940500, 0.5999999999999988700 ) ) ;
#1469 = LINE ( 'NONE', #1747, #2597 ) ;
#1470 = DIRECTION ( 'NONE',  ( 0.0000000000000000000, -2.891205793294683700E-015, 1.000000000000000000 ) ) ;
#1471 = VERTEX_POINT ( 'NONE', #642 ) ;
#1472 = CARTESIAN_POINT ( 'NONE',  ( 3.681347139411540200, 1.349999999999979700, -1.499999999999998700 ) ) ;
#1473 = CARTESIAN_POINT ( 'NONE',  ( 4.150000000000005700, 1.649999999999986100, -4.149999999999998600 ) ) ;
#1474 = CARTESIAN_POINT ( 'NONE',  ( 1.500000000000002200, 0.6499999999999696000, 4.149999999999995900 ) ) ;
#1475 = EDGE_LOOP ( 'NONE', ( #703, #683, #832, #2655 ) ) ;
#1476 = EDGE_CURVE ( 'NONE', #853, #1483, #1849, .T. ) ;
#1477 = LINE ( 'NONE', #1843, #1327 ) ;
#1478 = ORIENTED_EDGE ( 'NONE', *, *, #718, .T. ) ;
#1479 = LINE ( 'NONE', #2436, #2360 ) ;
#1480 = ORIENTED_EDGE ( 'NONE', *, *, #1553, .T. ) ;
#1481 = EDGE_CURVE ( 'NONE', #114, #1168, #3633, .T. ) ;
#1482 = DIRECTION ( 'NONE',  ( -0.0000000000000000000, 2.891205793294683700E-015, -1.000000000000000000 ) ) ;
#1483 = VERTEX_POINT ( 'NONE', #1909 ) ;
#1484 = CARTESIAN_POINT ( 'NONE',  ( 1.954193632914745800, 1.649999999999990400, -3.511748316048443700 ) ) ;
#1485 = DIRECTION ( 'NONE',  ( 1.000000000000000000, -3.252606517456511700E-015, -7.703719777548939200E-030 ) ) ;
#1486 = ORIENTED_EDGE ( 'NONE', *, *, #2392, .F. ) ;
#1487 = AXIS2_PLACEMENT_3D ( 'NONE', #3142, #1249, #1887 ) ;
#1488 = PLANE ( 'NONE',  #1435 ) ;
#1489 = ORIENTED_EDGE ( 'NONE', *, *, #530, .F. ) ;
#1490 = DIRECTION ( 'NONE',  ( 1.000000000000000000, -2.891205793294678600E-015, -8.382034726515516200E-030 ) ) ;
#1491 = DIRECTION ( 'NONE',  ( 2.891205793294683700E-015, 1.000000000000000000, 2.891205793294683700E-015 ) ) ;
#1492 = CARTESIAN_POINT ( 'NONE',  ( -1.150000000000000800, 0.2999999999999891600, -9.757819552369539900E-016 ) ) ;
#1493 = LINE ( 'NONE', #2376, #640 ) ;
#1494 = CARTESIAN_POINT ( 'NONE',  ( 4.150000000000002100, 0.5499999999999858300, -4.150000000000002100 ) ) ;
#1495 = EDGE_CURVE ( 'NONE', #533, #2730, #1256, .T. ) ;
#1496 = FACE_OUTER_BOUND ( 'NONE', #1273, .T. ) ;
#1497 = CARTESIAN_POINT ( 'NONE',  ( 3.042313565593084900, 1.649999999999984400, -2.558651890977374800 ) ) ;
#1498 = ORIENTED_EDGE ( 'NONE', *, *, #3043, .F. ) ;
#1499 = EDGE_CURVE ( 'NONE', #2602, #2352, #1153, .T. ) ;
#1500 = FACE_OUTER_BOUND ( 'NONE', #1653, .T. ) ;
#1501 = ORIENTED_EDGE ( 'NONE', *, *, #3938, .F. ) ;
#1502 = DIRECTION ( 'NONE',  ( -0.0000000000000000000, 2.891205793294683700E-015, -1.000000000000000000 ) ) ;
#1503 = CARTESIAN_POINT ( 'NONE',  ( 8.673617379884037400E-016, 0.9499999999999858600, -9.757819552369539900E-016 ) ) ;
#1504 = AXIS2_PLACEMENT_3D ( 'NONE', #842, #233, #869 ) ;
#1505 = FACE_OUTER_BOUND ( 'NONE', #1132, .T. ) ;
#1506 = CARTESIAN_POINT ( 'NONE',  ( -1.499999999999972700, 9.712777972610096500, -4.149999999999963900 ) ) ;
#1507 = ORIENTED_EDGE ( 'NONE', *, *, #3067, .F. ) ;
#1508 = DIRECTION ( 'NONE',  ( 0.0000000000000000000, -2.891205793294683700E-015, 1.000000000000000000 ) ) ;
#1509 = CARTESIAN_POINT ( 'NONE',  ( 2.913432619351090200, 1.649999999999985000, -2.712079161755687600 ) ) ;
#1510 = FACE_OUTER_BOUND ( 'NONE', #2922, .T. ) ;
#1511 = EDGE_LOOP ( 'NONE', ( #49, #2713, #3055, #2595 ) ) ;
#1512 = AXIS2_PLACEMENT_3D ( 'NONE', #2284, #64, #2577 ) ;
#1513 = CARTESIAN_POINT ( 'NONE',  ( -3.609318653904704200, 1.000000000000001600, -1.665860148539369100 ) ) ;
#1514 = VECTOR ( 'NONE', #2046, 1000.000000000000000 ) ;
#1515 = ORIENTED_EDGE ( 'NONE', *, *, #3238, .F. ) ;
#1516 = CARTESIAN_POINT ( 'NONE',  ( 1.500000000000002200, 0.6394042051203187000, -3.681146824039681000 ) ) ;
#1517 = DIRECTION ( 'NONE',  ( -2.891205793294683700E-015, -1.000000000000000000, -2.891205793294683700E-015 ) ) ;
#1518 = CARTESIAN_POINT ( 'NONE',  ( 4.499999999999998200, 0.2999999999999734500, -0.5000000000000014400 ) ) ;
#1519 = LINE ( 'NONE', #437, #3434 ) ;
#1520 = EDGE_CURVE ( 'NONE', #3257, #1799, #3727, .T. ) ;
#1521 = EDGE_LOOP ( 'NONE', ( #2612, #2582, #1185, #806 ) ) ;
#1522 = DIRECTION ( 'NONE',  ( 1.000000000000000000, -2.909858733986731600E-015, -8.349838210763351700E-030 ) ) ;
#1523 = DIRECTION ( 'NONE',  ( -1.000000000000000000, 2.891205793294683700E-015, 8.359070939180741200E-030 ) ) ;
#1524 = TOROIDAL_SURFACE ( 'NONE', #1668, 3.799999999999997600, 0.2000000000000020400 ) ;
#1525 = CARTESIAN_POINT ( 'NONE',  ( 2.773415015679931100, 1.649999999999985900, -2.855033557417844900 ) ) ;
#1526 = ORIENTED_EDGE ( 'NONE', *, *, #1143, .F. ) ;
#1527 = VERTEX_POINT ( 'NONE', #1243 ) ;
#1528 = EDGE_CURVE ( 'NONE', #3575, #3403, #260, .T. ) ;
#1529 = PLANE ( 'NONE',  #3099 ) ;
#1530 = ORIENTED_EDGE ( 'NONE', *, *, #4, .F. ) ;
#1531 = ORIENTED_EDGE ( 'NONE', *, *, #691, .F. ) ;
#1532 = DIRECTION ( 'NONE',  ( 2.891205793294683700E-015, 1.000000000000000000, 2.891205793294683700E-015 ) ) ;
#1533 = ADVANCED_FACE ( 'NONE', ( #1801 ), #3776, .T. ) ;
#1534 = CARTESIAN_POINT ( 'NONE',  ( 3.544311629470617000, 1.649999999999980800, -1.800030990033822500 ) ) ;
#1535 = CARTESIAN_POINT ( 'NONE',  ( 1.399999999999999200, 0.6499999999999938000, -4.150000000000002100 ) ) ;
#1536 = ORIENTED_EDGE ( 'NONE', *, *, #3615, .F. ) ;
#1537 = CARTESIAN_POINT ( 'NONE',  ( 1.500000000000002200, 1.349999999999992300, -3.681146824039679200 ) ) ;
#1538 = DIRECTION ( 'NONE',  ( 1.000000000000000000, -2.891205793294683700E-015, -8.382034726515531700E-030 ) ) ;
#1539 = AXIS2_PLACEMENT_3D ( 'NONE', #4025, #236, #1490 ) ;
#1540 = CARTESIAN_POINT ( 'NONE',  ( 1.179890480462739300, 0.2999999999999818900, 0.2323162305268637600 ) ) ;
#1541 = VECTOR ( 'NONE', #4069, 1000.000000000000000 ) ;
#1542 = VERTEX_POINT ( 'NONE', #1555 ) ;
#1543 = DIRECTION ( 'NONE',  ( 2.891205793294683700E-015, 1.000000000000000000, 2.891205793294683700E-015 ) ) ;
#1544 = VECTOR ( 'NONE', #994, 1000.000000000000000 ) ;
#1545 = DIRECTION ( 'NONE',  ( -2.891205793294683700E-015, -1.000000000000000000, -2.891205793294683700E-015 ) ) ;
#1546 = CARTESIAN_POINT ( 'NONE',  ( -1.179890480462739300, 0.2999999999999893300, -0.2323162305268657000 ) ) ;
#1547 = CARTESIAN_POINT ( 'NONE',  ( 2.423122109179572300, 0.5499999999920730500, 3.151048118325888900 ) ) ;
#1548 = ADVANCED_FACE ( 'NONE', ( #1958 ), #809, .T. ) ;
#1549 = FACE_OUTER_BOUND ( 'NONE', #2007, .T. ) ;
#1550 = VERTEX_POINT ( 'NONE', #3186 ) ;
#1551 = CARTESIAN_POINT ( 'NONE',  ( -3.753811778384825300, 0.9999999999999943400, 1.307701275241024900 ) ) ;
#1552 = CARTESIAN_POINT ( 'NONE',  ( -1.399999999999997700, 1.004500000000080300, -3.720299047119732400 ) ) ;
#1553 = EDGE_CURVE ( 'NONE', #1864, #1782, #2244, .T. ) ;
#1554 = ADVANCED_FACE ( 'NONE', ( #3425 ), #1346, .F. ) ;
#1555 = CARTESIAN_POINT ( 'NONE',  ( -3.900000000025677100, 2.683012701898542100, 5.963111948670274400E-015 ) ) ;
#1556 = CONICAL_SURFACE ( 'NONE', #3145, 3.899999999873671200, 1.047197551324935000 ) ;
#1557 = B_SPLINE_CURVE_WITH_KNOTS ( 'NONE', 3,
 ( #3322, #1711, #2343, #1694, #2372, #2021, #130, #442, #2671, #1427, #1726 ),
 .UNSPECIFIED., .F., .F.,
 ( 4, 1, 1, 1, 1, 1, 1, 1, 4 ),
 ( 0.0000000000000000000, 0.0002251851762735424500, 0.0004689238546934916500, 0.0007126625331134417100, 0.0009378477093869837300, 0.001163032885660526100, 0.001406771564080475700, 0.001650510242500425300, 0.001875695418773967500 ),
 .UNSPECIFIED. ) ;
#1558 = FACE_OUTER_BOUND ( 'NONE', #967, .T. ) ;
#1559 = ORIENTED_EDGE ( 'NONE', *, *, #3245, .F. ) ;
#1560 = EDGE_CURVE ( 'NONE', #697, #3112, #2899, .T. ) ;
#1561 = CARTESIAN_POINT ( 'NONE',  ( -1.899999999999998100, 0.5499999999999899400, 0.4999999999999994400 ) ) ;
#1562 = LINE ( 'NONE', #1755, #3473 ) ;
#1563 = ORIENTED_EDGE ( 'NONE', *, *, #1840, .F. ) ;
#1564 = AXIS2_PLACEMENT_3D ( 'NONE', #3785, #2845, #2875 ) ;
#1565 = DIRECTION ( 'NONE',  ( -0.9982314195052755000, 2.714216829338415800E-015, 0.05944773429225551400 ) ) ;
#1566 = CARTESIAN_POINT ( 'NONE',  ( -3.268457204859807500, 1.004500000000081700, -2.262258274379828300 ) ) ;
#1567 = VECTOR ( 'NONE', #2403, 1000.000000000000200 ) ;
#1568 = ORIENTED_EDGE ( 'NONE', *, *, #2823, .F. ) ;
#1569 = CARTESIAN_POINT ( 'NONE',  ( -2.000000000000000900, 0.2999999999999898300, 0.4999999999999994400 ) ) ;
#1570 = AXIS2_PLACEMENT_3D ( 'NONE', #1607, #40, #337 ) ;
#1571 = ORIENTED_EDGE ( 'NONE', *, *, #51, .T. ) ;
#1572 = PLANE ( 'NONE',  #3702 ) ;
#1573 = FACE_OUTER_BOUND ( 'NONE', #2144, .T. ) ;
#1574 = ADVANCED_FACE ( 'NONE', ( #172 ), #2159, .F. ) ;
#1575 = DIRECTION ( 'NONE',  ( -2.891205793294683700E-015, -1.000000000000000000, -2.891205793294683700E-015 ) ) ;
#1576 = ORIENTED_EDGE ( 'NONE', *, *, #2491, .F. ) ;
#1577 = CARTESIAN_POINT ( 'NONE',  ( 1.499999999999911000, 1.433569309677210000, 3.681144261968266400 ) ) ;
#1578 = EDGE_CURVE ( 'NONE', #2952, #3666, #2556, .T. ) ;
#1579 = ORIENTED_EDGE ( 'NONE', *, *, #2193, .T. ) ;
#1580 = CARTESIAN_POINT ( 'NONE',  ( 3.720382199914080300, 0.9499999999999712000, 1.400009513411365300 ) ) ;
#1581 = CARTESIAN_POINT ( 'NONE',  ( 8.673617379884037400E-016, 0.7499999999999856800, -9.757819552369539900E-016 ) ) ;
#1582 = VERTEX_POINT ( 'NONE', #2908 ) ;
#1583 = B_SPLINE_SURFACE_WITH_KNOTS ( 'NONE', 2, 1, ( 
 ( #3989, #201, #3323 ),
 ( #1139, #1484, #3684 ),
 ( #833, #3057, #3362 ),
 ( #1445, #1793, #4001 ),
 ( #215, #2751, #847 ),
 ( #1165, #3374, #471 ),
 ( #795, #3018, #3734 ),
 ( #1207, #1858, #3410 ),
 ( #4012, #4067, #2773 ),
 ( #916, #1182, #3754 ),
 ( #2188, #3106, #1223 ),
 ( #1237, #3428, #250 ),
 ( #279, #4028, #3125 ),
 ( #2803, #3439, #3094 ),
 ( #1547, #3400, #2134 ),
 ( #1820, #861, #2465 ),
 ( #226, #3722, #1844 ) ),
 .UNSPECIFIED., .F., .F., .F.,
 ( 3, 2, 2, 2, 2, 2, 2, 2, 3 ),
 ( 2, 1, 2 ),
 ( 0.0000000000000000000, 0.1250000000000000000, 0.2500000000000000000, 0.3750000000000000000, 0.5000000000000000000, 0.6250000000000000000, 0.7500000000000000000, 0.8750000000000000000, 1.000000000000000000 ),
 ( 0.0000000000000000000, 1.000000000000000000, 1.010000000000000000 ),
 .UNSPECIFIED. ) ;
#1584 = B_SPLINE_CURVE_WITH_KNOTS ( 'NONE', 2,
 ( #171, #2353, #1451, #1133, #1105, #3317, #3642 ),
 .UNSPECIFIED., .F., .F.,
 ( 3, 2, 2, 3 ),
 ( 0.0000000000000000000, 0.0006790540537298024100, 0.001893972415996504700, 0.002657220724354226400 ),
 .UNSPECIFIED. ) ;
#1585 = EDGE_LOOP ( 'NONE', ( #1515, #3974 ) ) ;
#1586 = EDGE_CURVE ( 'NONE', #1168, #1676, #3230, .T. ) ;
#1587 = CARTESIAN_POINT ( 'NONE',  ( 1.149999999999999000, 0.2999999999999826700, -0.07536880949310473300 ) ) ;
#1588 = DIRECTION ( 'NONE',  ( -4.624620637705054000E-016, -2.891205793294682600E-015, 1.000000000000000000 ) ) ;
#1589 = ORIENTED_EDGE ( 'NONE', *, *, #1943, .T. ) ;
#1590 = AXIS2_PLACEMENT_3D ( 'NONE', #3793, #2898, #2871 ) ;
#1591 = CARTESIAN_POINT ( 'NONE',  ( 3.382710778154773800E-014, 11.89999999999998800, 3.198396408832238100E-014 ) ) ;
#1592 = CARTESIAN_POINT ( 'NONE',  ( 4.336808689942017700E-015, 1.649999999999980400, 1.800000000000003800 ) ) ;
#1593 = ADVANCED_FACE ( 'NONE', ( #3577 ), #2701, .T. ) ;
#1594 = CARTESIAN_POINT ( 'NONE',  ( -498999.9999999991300, 288098.2156960659200, 8.329490526134963900E-010 ) ) ;
#1595 = CIRCLE ( 'NONE', #2710, 0.09999999999999982500 ) ;
#1596 = ADVANCED_FACE ( 'NONE', ( #2998 ), #1005, .T. ) ;
#1597 = AXIS2_PLACEMENT_3D ( 'NONE', #3359, #3972, #3040 ) ;
#1598 = DIRECTION ( 'NONE',  ( 1.119571596451685100E-016, -2.891205793294684100E-015, 1.000000000000000000 ) ) ;
#1599 = DIRECTION ( 'NONE',  ( -2.891205793294683700E-015, -1.000000000000000000, -2.891205793294683700E-015 ) ) ;
#1600 = CIRCLE ( 'NONE', #1937, 3.775000000000000400 ) ;
#1601 = CARTESIAN_POINT ( 'NONE',  ( 3.349999999999999600, -2.157562323246153800E-014, -0.7061324772583639200 ) ) ;
#1602 = EDGE_CURVE ( 'NONE', #1483, #2990, #3132, .T. ) ;
#1603 = COLOUR_RGB ( '',0.7921568627450980000, 0.8196078431372548800, 0.9333333333333333500 ) ;
#1604 = ORIENTED_EDGE ( 'NONE', *, *, #587, .T. ) ;
#1605 = DIRECTION ( 'NONE',  ( 2.891205793294683700E-015, 1.000000000000000000, 2.891205793294683700E-015 ) ) ;
#1606 = FACE_OUTER_BOUND ( 'NONE', #1795, .T. ) ;
#1607 = CARTESIAN_POINT ( 'NONE',  ( 0.0000000000000000000, 0.0000000000000000000, 0.0000000000000000000 ) ) ;
#1608 = ORIENTED_EDGE ( 'NONE', *, *, #2954, .T. ) ;
#1609 = EDGE_CURVE ( 'NONE', #375, #30, #2059, .T. ) ;
#1610 = LINE ( 'NONE', #2888, #504 ) ;
#1611 = VERTEX_POINT ( 'NONE', #2293 ) ;
#1612 = CARTESIAN_POINT ( 'NONE',  ( -3.746818157921613300, 0.5499999999999928300, 1.327649470648460500 ) ) ;
#1613 = LINE ( 'NONE', #1380, #657 ) ;
#1614 = ORIENTED_EDGE ( 'NONE', *, *, #3585, .F. ) ;
#1615 = CARTESIAN_POINT ( 'NONE',  ( -1.498260874298508600, 0.6286624652872725400, 3.681855774323363300 ) ) ;
#1616 = ADVANCED_FACE ( 'NONE', ( #1010 ), #113, .T. ) ;
#1617 = CARTESIAN_POINT ( 'NONE',  ( 1.149999999999999000, 0.5499999999999826100, -9.757819552369539900E-016 ) ) ;
#1618 = CARTESIAN_POINT ( 'NONE',  ( 3.800000000000030000, 11.69999999999997600, 3.024924061234557400E-014 ) ) ;
#1619 = CARTESIAN_POINT ( 'NONE',  ( 1.536204427969421400, 1.513409796010912500, 3.666739732464735700 ) ) ;
#1620 = AXIS2_PLACEMENT_3D ( 'NONE', #3872, #2309, #713 ) ;
#1621 = DIRECTION ( 'NONE',  ( 1.000000000000000000, -2.891205793294684100E-015, 1.119571596451601500E-016 ) ) ;
#1622 = CARTESIAN_POINT ( 'NONE',  ( -1.313754311186433600, 0.5499999999999883900, 0.4362456888135660100 ) ) ;
#1623 = DIRECTION ( 'NONE',  ( 2.891205793294684100E-015, 1.000000000000000000, 2.835605681885097400E-015 ) ) ;
#1624 = CARTESIAN_POINT ( 'NONE',  ( 1.482526671093410400, 0.5922492954023383900, 3.688213156516012800 ) ) ;
#1625 = ORIENTED_EDGE ( 'NONE', *, *, #1084, .T. ) ;
#1626 = ORIENTED_EDGE ( 'NONE', *, *, #1602, .F. ) ;
#1627 = DIRECTION ( 'NONE',  ( -2.891205793294683700E-015, -1.000000000000000000, -2.891205793294683700E-015 ) ) ;
#1628 = VERTEX_POINT ( 'NONE', #1428 ) ;
#1629 = CARTESIAN_POINT ( 'NONE',  ( -2.349999999999988500, 4.662069341687669100E-015, -4.150000000000003900 ) ) ;
#1630 = CARTESIAN_POINT ( 'NONE',  ( 1.982316230526867100, 0.5499999999999818400, -0.5701095195372606300 ) ) ;
#1631 = DIRECTION ( 'NONE',  ( 1.000000000000000000, -2.710505431213765800E-015, 0.0000000000000000000 ) ) ;
#1632 = ORIENTED_EDGE ( 'NONE', *, *, #1609, .F. ) ;
#1633 = ADVANCED_FACE ( 'NONE', ( #2298 ), #1757, .F. ) ;
#1634 = ORIENTED_EDGE ( 'NONE', *, *, #395, .F. ) ;
#1635 = EDGE_CURVE ( 'NONE', #3711, #178, #1364, .T. ) ;
#1636 = ORIENTED_EDGE ( 'NONE', *, *, #3845, .T. ) ;
#1637 = DIRECTION ( 'NONE',  ( 1.000000000000000000, -2.891205793294683000E-015, -3.097720492815810500E-016 ) ) ;
#1638 = CARTESIAN_POINT ( 'NONE',  ( 1.498899103381351000, 0.6352024545830589100, 3.681592132241172000 ) ) ;
#1639 = EDGE_CURVE ( 'NONE', #1869, #2026, #2947, .T. ) ;
#1640 = DIRECTION ( 'NONE',  ( -2.891205793294683700E-015, -1.000000000000000000, -2.891205793294683700E-015 ) ) ;
#1641 = CARTESIAN_POINT ( 'NONE',  ( 3.268457204859809300, 0.5499999999999698500, 2.262258274379826500 ) ) ;
#1642 = CARTESIAN_POINT ( 'NONE',  ( -3.799999999999993600, 2.856217782649102400, 5.963111948670274400E-015 ) ) ;
#1643 = LINE ( 'NONE', #1459, #4054 ) ;
#1644 = EDGE_LOOP ( 'NONE', ( #1563, #1727, #3979, #943 ) ) ;
#1645 = DIRECTION ( 'NONE',  ( -1.000000000000000000, 2.710505431213765800E-015, 0.0000000000000000000 ) ) ;
#1646 = AXIS2_PLACEMENT_3D ( 'NONE', #3072, #2468, #1198 ) ;
#1647 = FACE_OUTER_BOUND ( 'NONE', #252, .T. ) ;
#1648 = CARTESIAN_POINT ( 'NONE',  ( -2.349999999999998800, 0.5499999999999924900, 0.07536880949310279000 ) ) ;
#1649 = DIRECTION ( 'NONE',  ( -2.696049402247293000E-015, -1.000000000000000000, -2.891205793294683700E-015 ) ) ;
#1650 = LINE ( 'NONE', #971, #392 ) ;
#1651 = ORIENTED_EDGE ( 'NONE', *, *, #222, .F. ) ;
#1652 = SURFACE_STYLE_FILL_AREA ( #1017 ) ;
#1653 = EDGE_LOOP ( 'NONE', ( #819, #1576, #2185, #877, #2418, #1245 ) ) ;
#1654 = DIRECTION ( 'NONE',  ( -3.097720492815726700E-016, 2.891205793294684500E-015, -1.000000000000000000 ) ) ;
#1655 = CARTESIAN_POINT ( 'NONE',  ( 3.681347139411540200, 1.349999999999979700, -1.499999999999998700 ) ) ;
#1656 = DIRECTION ( 'NONE',  ( 0.7071067811865483500, -4.088782444489004800E-015, 0.7071067811865468000 ) ) ;
#1657 = EDGE_CURVE ( 'NONE', #979, #3267, #3333, .T. ) ;
#1658 = VECTOR ( 'NONE', #411, 1000.000000000000000 ) ;
#1659 = ORIENTED_EDGE ( 'NONE', *, *, #4037, .F. ) ;
#1660 = CARTESIAN_POINT ( 'NONE',  ( -1.982316230526865300, 0.5499999999999899400, 0.5701095195372604100 ) ) ;
#1661 = LINE ( 'NONE', #3956, #708 ) ;
#1662 = EDGE_LOOP ( 'NONE', ( #2030, #2183, #2447, #2312 ) ) ;
#1663 = EDGE_CURVE ( 'NONE', #2598, #3326, #1311, .T. ) ;
#1664 = CARTESIAN_POINT ( 'NONE',  ( 2.320109519537262100, 0.2999999999999784500, 0.2323162305268637600 ) ) ;
#1665 = CARTESIAN_POINT ( 'NONE',  ( 1.399999999999999200, 0.5499999999999710700, 3.720299047119733200 ) ) ;
#1666 = LINE ( 'NONE', #3637, #2442 ) ;
#1667 = ORIENTED_EDGE ( 'NONE', *, *, #2796, .F. ) ;
#1668 = AXIS2_PLACEMENT_3D ( 'NONE', #2132, #1766, #3077 ) ;
#1669 = DIRECTION ( 'NONE',  ( 1.000000000000000000, -2.891205793294683700E-015, -8.359070939180741200E-030 ) ) ;
#1670 = ORIENTED_EDGE ( 'NONE', *, *, #3269, .F. ) ;
#1671 = FACE_OUTER_BOUND ( 'NONE', #2222, .T. ) ;
#1672 = AXIS2_PLACEMENT_3D ( 'NONE', #3939, #1413, #766 ) ;
#1673 = CARTESIAN_POINT ( 'NONE',  ( 3.681316888052934600, 1.349999999999971000, 1.500000000000002200 ) ) ;
#1674 = VERTEX_POINT ( 'NONE', #771 ) ;
#1675 = CARTESIAN_POINT ( 'NONE',  ( -3.677225085961656400, 0.9566701065283999000, -1.510065819462343100 ) ) ;
#1676 = VERTEX_POINT ( 'NONE', #3928 ) ;
#1677 = ORIENTED_EDGE ( 'NONE', *, *, #3391, .T. ) ;
#1678 = DIRECTION ( 'NONE',  ( 1.000000000000000000, -2.891205793294683700E-015, -8.323559299880482900E-030 ) ) ;
#1679 = DIRECTION ( 'NONE',  ( 4.624620637705054000E-016, -2.891205793294684900E-015, 1.000000000000000000 ) ) ;
#1680 = VERTEX_POINT ( 'NONE', #2344 ) ;
#1681 = CARTESIAN_POINT ( 'NONE',  ( -4.150000000000003900, 0.6999999999999930700, 1.665831239517770600 ) ) ;
#1682 = DIRECTION ( 'NONE',  ( 0.0000000000000000000, -2.891205793294683700E-015, 1.000000000000000000 ) ) ;
#1683 = SURFACE_STYLE_USAGE ( .BOTH. , #2313 ) ;
#1684 = EDGE_CURVE ( 'NONE', #680, #474, #4074, .T. ) ;
#1685 = CARTESIAN_POINT ( 'NONE',  ( -1.899999999999999700, 0.3999999999999924700, -0.5000000000000014400 ) ) ;
#1686 = CARTESIAN_POINT ( 'NONE',  ( -4.149999999999998600, 1.000000000000005300, -2.349999999999969400 ) ) ;
#1687 = EDGE_CURVE ( 'NONE', #3147, #3590, #62, .T. ) ;
#1688 = VECTOR ( 'NONE', #2691, 1000.000000000000000 ) ;
#1689 = DIRECTION ( 'NONE',  ( 1.000000000000000000, -2.891205793294684500E-015, 3.097720492815642900E-016 ) ) ;
#1690 = AXIS2_PLACEMENT_3D ( 'NONE', #400, #2321, #3605 ) ;
#1691 = DIRECTION ( 'NONE',  ( -4.624620637705054000E-016, -2.891205793294682600E-015, 1.000000000000000000 ) ) ;
#1692 = ORIENTED_EDGE ( 'NONE', *, *, #199, .T. ) ;
#1693 = CARTESIAN_POINT ( 'NONE',  ( -2.000000000000000900, 0.2999999999999927700, -0.5000000000000014400 ) ) ;
#1694 = CARTESIAN_POINT ( 'NONE',  ( -2.186245688813565700, 0.5499999999999934900, -0.4362456888135680100 ) ) ;
#1695 = AXIS2_PLACEMENT_3D ( 'NONE', #1642, #47, #2274 ) ;
#1696 = VECTOR ( 'NONE', #2791, 1000.000000000000000 ) ;
#1697 = ORIENTED_EDGE ( 'NONE', *, *, #668, .F. ) ;
#1698 = CARTESIAN_POINT ( 'NONE',  ( -1.750000000000000700, -8.998878031629686800E-015, -2.710505431213761100E-015 ) ) ;
#1699 = DIRECTION ( 'NONE',  ( 1.000000000000000000, -3.252606517456511700E-015, -1.224646799147442400E-016 ) ) ;
#1700 = LINE ( 'NONE', #3101, #855 ) ;
#1701 = ORIENTED_EDGE ( 'NONE', *, *, #3004, .F. ) ;
#1702 = DIRECTION ( 'NONE',  ( -0.0000000000000000000, 2.891205793294683700E-015, -1.000000000000000000 ) ) ;
#1703 = EDGE_CURVE ( 'NONE', #4086, #3175, #1661, .T. ) ;
#1704 = DIRECTION ( 'NONE',  ( 2.891205793294683700E-015, 1.000000000000000000, 2.891205793294683700E-015 ) ) ;
#1705 = CIRCLE ( 'NONE', #3766, 0.4000000000000001900 ) ;
#1706 = ORIENTED_EDGE ( 'NONE', *, *, #724, .F. ) ;
#1707 = CARTESIAN_POINT ( 'NONE',  ( -1.149999999999999000, 0.5499999999999891600, -9.757819552369539900E-016 ) ) ;
#1708 = DIRECTION ( 'NONE',  ( 1.000000000000000000, -2.891205793294684100E-015, 1.119571596451601500E-016 ) ) ;
#1709 = EDGE_CURVE ( 'NONE', #3630, #533, #1466, .T. ) ;
#1710 = CYLINDRICAL_SURFACE ( 'NONE', #180, 0.1000000000000000500 ) ;
#1711 = CARTESIAN_POINT ( 'NONE',  ( -2.349999999999997000, 0.5499999999999929400, -0.07536880949310473300 ) ) ;
#1712 = VERTEX_POINT ( 'NONE', #1686 ) ;
#1713 = CARTESIAN_POINT ( 'NONE',  ( 3.450000000000002400, 0.2999999999999729000, 0.9999999999999983300 ) ) ;
#1714 = B_SPLINE_CURVE_WITH_KNOTS ( 'NONE', 2,
 ( #818, #2049, #1137, #162, #3026 ),
 .UNSPECIFIED., .F., .F.,
 ( 3, 2, 3 ),
 ( 0.0000000000000000000, 7.830626321863017900E-005, 0.0001566125264372603600 ),
 .UNSPECIFIED. ) ;
#1715 = ORIENTED_EDGE ( 'NONE', *, *, #3790, .T. ) ;
#1716 = DIRECTION ( 'NONE',  ( 2.891205793294683700E-015, 1.000000000000000000, 2.891205793294683700E-015 ) ) ;
#1717 = CARTESIAN_POINT ( 'NONE',  ( 0.008117838649229249000, 0.9499999999832511300, 4.455913574826896700E-005 ) ) ;
#1718 = LINE ( 'NONE', #125, #227 ) ;
#1719 = DIRECTION ( 'NONE',  ( 2.891205793294683700E-015, 1.000000000000000000, 2.891205793294683700E-015 ) ) ;
#1720 = ORIENTED_EDGE ( 'NONE', *, *, #1305, .T. ) ;
#1721 = SURFACE_STYLE_FILL_AREA ( #3941 ) ;
#1722 = VERTEX_POINT ( 'NONE', #2035 ) ;
#1723 = VERTEX_POINT ( 'NONE', #458 ) ;
#1724 = AXIS2_PLACEMENT_3D ( 'NONE', #1304, #649, #3178 ) ;
#1725 = ORIENTED_EDGE ( 'NONE', *, *, #3036, .T. ) ;
#1726 = CARTESIAN_POINT ( 'NONE',  ( -1.149999999999999000, 0.5499999999999891600, -9.757819552369539900E-016 ) ) ;
#1727 = ORIENTED_EDGE ( 'NONE', *, *, #110, .F. ) ;
#1728 = CARTESIAN_POINT ( 'NONE',  ( -3.550000000000000300, 0.2999999999999986000, -0.9000000000000024600 ) ) ;
#1729 = ADVANCED_FACE ( 'NONE', ( #3045 ), #407, .F. ) ;
#1730 = CARTESIAN_POINT ( 'NONE',  ( 1.600000000000032700, 11.89999999999999100, -3.446737587922786200 ) ) ;
#1731 = ORIENTED_EDGE ( 'NONE', *, *, #377, .T. ) ;
#1732 = DIRECTION ( 'NONE',  ( -1.000000000000000000, 2.885599687414296800E-015, 8.881784599486655200E-016 ) ) ;
#1733 = EDGE_CURVE ( 'NONE', #2026, #153, #216, .T. ) ;
#1734 = DIRECTION ( 'NONE',  ( 1.000000000000000000, -2.909858733858675000E-015, -8.349838210395893400E-030 ) ) ;
#1735 = DIRECTION ( 'NONE',  ( -1.000000000000000000, 2.891205793294684100E-015, -1.119571596451601500E-016 ) ) ;
#1736 = DIRECTION ( 'NONE',  ( -1.000000000000000000, 2.900779322411548100E-015, 8.366953930582957400E-030 ) ) ;
#1737 = CARTESIAN_POINT ( 'NONE',  ( 4.499999999999998200, 0.2999999999999705100, 0.4999999999999994400 ) ) ;
#1738 = EDGE_CURVE ( 'NONE', #3902, #1680, #2611, .T. ) ;
#1739 = LINE ( 'NONE', #1048, #1400 ) ;
#1740 = VERTEX_POINT ( 'NONE', #3963 ) ;
#1741 = CARTESIAN_POINT ( 'NONE',  ( -3.450000000000000600, 0.2999999999999983800, -0.9000000000000024600 ) ) ;
#1742 = DIRECTION ( 'NONE',  ( 0.0000000000000000000, -2.891205793294683700E-015, 1.000000000000000000 ) ) ;
#1743 = CARTESIAN_POINT ( 'NONE',  ( -3.450000000000000600, -4.228388472693467300E-015, -2.710505431213761100E-015 ) ) ;
#1744 = LINE ( 'NONE', #2190, #3215 ) ;
#1745 = AXIS2_PLACEMENT_3D ( 'NONE', #1591, #1946, #1296 ) ;
#1746 = VECTOR ( 'NONE', #1656, 1000.000000000000000 ) ;
#1747 = CARTESIAN_POINT ( 'NONE',  ( 3.344055226570775500, 0.2999999999999779000, -0.6063093353078356000 ) ) ;
#1748 = DIRECTION ( 'NONE',  ( 2.891205793294683700E-015, 1.000000000000000000, 2.891205793294683700E-015 ) ) ;
#1749 = AXIS2_PLACEMENT_3D ( 'NONE', #2946, #1708, #2306 ) ;
#1750 = LINE ( 'NONE', #1882, #3174 ) ;
#1751 = VERTEX_POINT ( 'NONE', #1472 ) ;
#1752 = DIRECTION ( 'NONE',  ( -0.0000000000000000000, -2.891205793294683700E-015, 1.000000000000000000 ) ) ;
#1753 = ORIENTED_EDGE ( 'NONE', *, *, #3707, .T. ) ;
#1754 = CARTESIAN_POINT ( 'NONE',  ( -3.549999999999994500, 2.249999999999985800, 4.179402600727539200E-015 ) ) ;
#1755 = CARTESIAN_POINT ( 'NONE',  ( -3.450000000000000600, 0.2999999999999928800, 0.9999999999999983300 ) ) ;
#1756 = B_SPLINE_SURFACE_WITH_KNOTS ( 'NONE', 2, 1, ( 
 ( #1373, #1685 ),
 ( #2319, #415 ),
 ( #2637, #2962 ),
 ( #3912, #1054 ),
 ( #1392, #1693 ) ),
 .UNSPECIFIED., .F., .F., .F.,
 ( 3, 2, 3 ),
 ( 2, 2 ),
 ( 0.0000000000000000000, 0.5000000000000000000, 1.000000000000000000 ),
 ( 0.0000000000000000000, 1.000000000000000000 ),
 .UNSPECIFIED. ) ;
#1757 = CYLINDRICAL_SURFACE ( 'NONE', #1690, 0.6999999999999998400 ) ;
#1758 = ORIENTED_EDGE ( 'NONE', *, *, #3315, .T. ) ;
#1759 = VECTOR ( 'NONE', #3111, 1000.000000000000000 ) ;
#1760 = ORIENTED_EDGE ( 'NONE', *, *, #1528, .T. ) ;
#1761 = EDGE_CURVE ( 'NONE', #1676, #1168, #2006, .T. ) ;
#1762 = DIRECTION ( 'NONE',  ( -3.042994097442654400E-015, -1.000000000000000000, -2.891205793294683700E-015 ) ) ;
#1763 = DIRECTION ( 'NONE',  ( -1.000000000000000000, 2.885599687414296800E-015, 0.0000000000000000000 ) ) ;
#1764 = ORIENTED_EDGE ( 'NONE', *, *, #146, .F. ) ;
#1765 = EDGE_CURVE ( 'NONE', #3971, #1740, #2674, .T. ) ;
#1766 = DIRECTION ( 'NONE',  ( -2.891205793294683700E-015, -1.000000000000000000, -2.891205793294683700E-015 ) ) ;
#1767 = CARTESIAN_POINT ( 'NONE',  ( -1.499999999999998700, 0.7000000000000030600, -4.149999999999987900 ) ) ;
#1768 = LINE ( 'NONE', #2590, #3593 ) ;
#1769 = ORIENTED_EDGE ( 'NONE', *, *, #1663, .T. ) ;
#1770 = CARTESIAN_POINT ( 'NONE',  ( -4.150000000000000400, 0.9500000000000098400, -4.150000000000002100 ) ) ;
#1771 = VECTOR ( 'NONE', #1111, 1000.000000000000000 ) ;
#1772 = AXIS2_PLACEMENT_3D ( 'NONE', #1569, #1649, #2373 ) ;
#1773 = CARTESIAN_POINT ( 'NONE',  ( 4.150000000000002100, -1.572093150103981400E-014, -3.650000000000003000 ) ) ;
#1774 = ORIENTED_EDGE ( 'NONE', *, *, #3932, .F. ) ;
#1775 = PLANE ( 'NONE',  #623 ) ;
#1776 = ORIENTED_EDGE ( 'NONE', *, *, #1476, .T. ) ;
#1777 = CARTESIAN_POINT ( 'NONE',  ( -1.899999999999998100, 0.5499999999999899400, 0.4999999999999994400 ) ) ;
#1778 = DIRECTION ( 'NONE',  ( -1.000000000000000000, 2.891205793294683400E-015, 1.119571596451768700E-016 ) ) ;
#1779 = ORIENTED_EDGE ( 'NONE', *, *, #2291, .T. ) ;
#1780 = PRODUCT_RELATED_PRODUCT_CATEGORY ( 'part', '', ( #488 ) ) ;
#1781 = DIRECTION ( 'NONE',  ( 0.0000000000000000000, 2.891205793294683700E-015, -1.000000000000000000 ) ) ;
#1782 = VERTEX_POINT ( 'NONE', #2400 ) ;
#1783 = CARTESIAN_POINT ( 'NONE',  ( -2.320109519537262100, 0.2999999999999912700, 0.2323162305268637600 ) ) ;
#1784 = CARTESIAN_POINT ( 'NONE',  ( -4.150000000000003900, -5.095750210681870800E-015, 0.9999999999999965600 ) ) ;
#1785 = EDGE_CURVE ( 'NONE', #2179, #577, #2843, .T. ) ;
#1786 = CARTESIAN_POINT ( 'NONE',  ( -1.999999999999999100, 0.5499999999999930500, -0.5000000000000014400 ) ) ;
#1787 = FACE_OUTER_BOUND ( 'NONE', #925, .T. ) ;
#1788 = ORIENTED_EDGE ( 'NONE', *, *, #423, .F. ) ;
#1789 = EDGE_CURVE ( 'NONE', #2817, #3291, #2746, .T. ) ;
#1790 = ORIENTED_EDGE ( 'NONE', *, *, #2526, .F. ) ;
#1791 = CARTESIAN_POINT ( 'NONE',  ( -1.050000000000001400, -1.116728237660069600E-014, -2.710505431213761100E-015 ) ) ;
#1792 = DIRECTION ( 'NONE',  ( 1.000000000000000000, -2.739037067331800400E-015, -8.109178713209413400E-030 ) ) ;
#1793 = CARTESIAN_POINT ( 'NONE',  ( 2.915559687887055300, 1.649999999999985700, -2.772264698260162400 ) ) ;
#1794 = VECTOR ( 'NONE', #1066, 1000.000000000000000 ) ;
#1795 = EDGE_LOOP ( 'NONE', ( #2370, #865, #2174, #3847, #2357, #2314, #1760, #1365, #69, #3803, #3809, #927, #2560, #1261 ) ) ;
#1796 = DIRECTION ( 'NONE',  ( 1.000000000000000000, -2.891205793294684900E-015, 4.624620637704970200E-016 ) ) ;
#1797 = DIRECTION ( 'NONE',  ( 1.000000000000000000, -2.891205793294679000E-015, 0.0000000000000000000 ) ) ;
#1798 = VECTOR ( 'NONE', #2453, 1000.000000000000000 ) ;
#1799 = VERTEX_POINT ( 'NONE', #3648 ) ;
#1800 = CARTESIAN_POINT ( 'NONE',  ( -1.399999999999999200, 0.5499999999999899400, -9.757819552369539900E-016 ) ) ;
#1801 = FACE_OUTER_BOUND ( 'NONE', #1927, .T. ) ;
#1802 = ORIENTED_EDGE ( 'NONE', *, *, #1684, .T. ) ;
#1803 = CARTESIAN_POINT ( 'NONE',  ( 3.450000000000002400, 0.2999999999999775600, -0.6000000000000008700 ) ) ;
#1804 = VECTOR ( 'NONE', #628, 1000.000000000000000 ) ;
#1805 = DIRECTION ( 'NONE',  ( 2.891205793294683700E-015, 1.000000000000000000, 2.891205793294683700E-015 ) ) ;
#1806 = ORIENTED_EDGE ( 'NONE', *, *, #3668, .F. ) ;
#1807 = EDGE_CURVE ( 'NONE', #2725, #531, #1562, .T. ) ;
#1808 = DIRECTION ( 'NONE',  ( -1.000000000000000000, 2.891205793294683700E-015, 8.359070939180741200E-030 ) ) ;
#1809 = CARTESIAN_POINT ( 'NONE',  ( 3.650000000000008300, 1.649999999999964800, 3.650000000000001200 ) ) ;
#1810 = LINE ( 'NONE', #2757, #3639 ) ;
#1811 = ORIENTED_EDGE ( 'NONE', *, *, #199, .F. ) ;
#1812 = CARTESIAN_POINT ( 'NONE',  ( -3.349999999999999600, 0.2999999999999934400, 0.7061324772583584800 ) ) ;
#1813 = ORIENTED_EDGE ( 'NONE', *, *, #3468, .F. ) ;
#1814 = EDGE_CURVE ( 'NONE', #1680, #1102, #3973, .T. ) ;
#1815 = CARTESIAN_POINT ( 'NONE',  ( 3.450000000000002400, 0.2999999999999784500, -0.9000000000000024600 ) ) ;
#1816 = EDGE_LOOP ( 'NONE', ( #2223, #2921, #3562, #3334 ) ) ;
#1817 = CARTESIAN_POINT ( 'NONE',  ( -1.650530687313464000, 0.9716907248607560300, 3.616798609118055700 ) ) ;
#1818 = AXIS2_PLACEMENT_3D ( 'NONE', #3669, #2422, #3658 ) ;
#1819 = CARTESIAN_POINT ( 'NONE',  ( 4.499999999999998200, -2.938187887435717000E-014, 0.4999999999999977200 ) ) ;
#1820 = CARTESIAN_POINT ( 'NONE',  ( 1.953687949456846400, 0.5499999999920733900, 3.511938611729541000 ) ) ;
#1821 = DIRECTION ( 'NONE',  ( -1.000000000000000000, 2.710505431213765800E-015, 0.0000000000000000000 ) ) ;
#1822 = ORIENTED_EDGE ( 'NONE', *, *, #2444, .T. ) ;
#1823 = ORIENTED_EDGE ( 'NONE', *, *, #875, .T. ) ;
#1824 = AXIS2_PLACEMENT_3D ( 'NONE', #1717, #135, #1732 ) ;
#1825 = CARTESIAN_POINT ( 'NONE',  ( -3.350000000000001400, -2.493664996716660200E-015, -0.7061324772583639200 ) ) ;
#1826 = ORIENTED_EDGE ( 'NONE', *, *, #1259, .F. ) ;
#1827 = DIRECTION ( 'NONE',  ( 2.891205793294683700E-015, 1.000000000000000000, 2.891205793294683700E-015 ) ) ;
#1828 = CARTESIAN_POINT ( 'NONE',  ( -3.974604740117226900, 0.9499999999916299800, 4.455913574826896700E-005 ) ) ;
#1829 = CARTESIAN_POINT ( 'NONE',  ( -1.749999999999998900, 0.2999999999999920500, -0.6143539149150421000 ) ) ;
#1830 = VECTOR ( 'NONE', #3569, 1000.000000000000000 ) ;
#1831 = EDGE_LOOP ( 'NONE', ( #3704, #4046, #1381, #473 ) ) ;
#1832 = CARTESIAN_POINT ( 'NONE',  ( 1.929289321881346100, 0.5499999999999788400, 0.4999999999999994400 ) ) ;
#1833 = DIRECTION ( 'NONE',  ( -2.891205793294683700E-015, -1.000000000000000000, -2.891205793294683700E-015 ) ) ;
#1834 = EDGE_CURVE ( 'NONE', #4077, #2557, #3817, .T. ) ;
#1835 = LINE ( 'NONE', #2819, #1450 ) ;
#1836 = ADVANCED_FACE ( 'NONE', ( #1505 ), #1583, .T. ) ;
#1837 = DIRECTION ( 'NONE',  ( 4.624620637705054000E-016, -2.891205793294684900E-015, 1.000000000000000000 ) ) ;
#1838 = LINE ( 'NONE', #2076, #2632 ) ;
#1839 = VERTEX_POINT ( 'NONE', #2726 ) ;
#1840 = EDGE_CURVE ( 'NONE', #3659, #4023, #654, .T. ) ;
#1841 = CARTESIAN_POINT ( 'NONE',  ( 1.800022025330448900, 1.649999999999970600, 3.544249763321266000 ) ) ;
#1842 = CYLINDRICAL_SURFACE ( 'NONE', #1186, 0.2999999999999999300 ) ;
#1843 = CARTESIAN_POINT ( 'NONE',  ( 3.549999999999998500, 0.2999999999999784500, -1.000000000000001800 ) ) ;
#1844 = CARTESIAN_POINT ( 'NONE',  ( 1.400000000000006400, 1.661000000000050000, 3.720299047119735900 ) ) ;
#1845 = AXIS2_PLACEMENT_3D ( 'NONE', #307, #2528, #1272 ) ;
#1846 = CARTESIAN_POINT ( 'NONE',  ( -1.179890480462739300, 0.2999999999999886600, 0.2323162305268637600 ) ) ;
#1847 = ORIENTED_EDGE ( 'NONE', *, *, #1368, .T. ) ;
#1848 = CARTESIAN_POINT ( 'NONE',  ( -3.949999999999994400, 2.249999999999997800, 4.228388472693467300E-015 ) ) ;
#1849 = CIRCLE ( 'NONE', #3826, 3.975000000000000100 ) ;
#1850 = VERTEX_POINT ( 'NONE', #1518 ) ;
#1851 = B_SPLINE_SURFACE_WITH_KNOTS ( 'NONE', 2, 1, ( 
 ( #3376, #264, #3771 ),
 ( #906, #1239, #4080 ),
 ( #291, #3787, #1566 ),
 ( #2865, #1252, #1905 ),
 ( #608, #2508, #3156 ),
 ( #4105, #1209, #1269 ),
 ( #2834, #322, #1552 ) ),
 .UNSPECIFIED., .F., .F., .F.,
 ( 3, 2, 2, 3 ),
 ( 2, 1, 2 ),
 ( 0.6450718554147117900, 0.7500000000000000000, 0.8750000000000000000, 1.000000000000000000 ),
 ( 0.0000000000000000000, 1.000000000000000000, 1.010000000000000000 ),
 .UNSPECIFIED. ) ;
#1852 = PRODUCT_DEFINITION ( 'UNKNOWN', '', #2408, #2358 ) ;
#1853 = VECTOR ( 'NONE', #733, 1000.000000000000000 ) ;
#1854 = ORIENTED_EDGE ( 'NONE', *, *, #1068, .F. ) ;
#1855 = CARTESIAN_POINT ( 'NONE',  ( -3.692479924308538700, 0.9499999999958085300, 1.472199991793121200 ) ) ;
#1856 = ADVANCED_FACE ( 'NONE', ( #1006, #1954, #168 ), #2763, .T. ) ;
#1857 = CARTESIAN_POINT ( 'NONE',  ( 4.336808689942017700E-015, 1.831421054841288800, 2.493664996716660200E-015 ) ) ;
#1858 = CARTESIAN_POINT ( 'NONE',  ( 3.975079512001670400, 1.649999999999976200, -0.5913335989463963700 ) ) ;
#1859 = FACE_OUTER_BOUND ( 'NONE', #2011, .T. ) ;
#1860 = EDGE_CURVE ( 'NONE', #3659, #114, #2697, .T. ) ;
#1861 = VERTEX_POINT ( 'NONE', #4043 ) ;
#1862 = LINE ( 'NONE', #635, #183 ) ;
#1863 = CARTESIAN_POINT ( 'NONE',  ( -8.673617379884033500E-016, -1.702197410802242000E-014, 0.9999999999999965600 ) ) ;
#1864 = VERTEX_POINT ( 'NONE', #1537 ) ;
#1865 = EDGE_CURVE ( 'NONE', #2744, #1864, #3330, .T. ) ;
#1866 = DIRECTION ( 'NONE',  ( 1.000000000000000000, -2.891205793294683700E-015, -8.359070939180741200E-030 ) ) ;
#1867 = FACE_OUTER_BOUND ( 'NONE', #1990, .T. ) ;
#1868 = EDGE_LOOP ( 'NONE', ( #1636, #77, #1394, #2411, #342, #3942, #2689, #2219, #564, #81, #750, #3818, #986, #1308, #235, #977 ) ) ;
#1869 = VERTEX_POINT ( 'NONE', #2477 ) ;
#1870 = AXIS2_PLACEMENT_3D ( 'NONE', #567, #3753, #1871 ) ;
#1871 = DIRECTION ( 'NONE',  ( -1.000000000000000000, 3.252606517456511700E-015, 0.0000000000000000000 ) ) ;
#1872 = EDGE_LOOP ( 'NONE', ( #912, #2948, #3798, #3898, #3465, #4048, #2209, #2348 ) ) ;
#1873 = CARTESIAN_POINT ( 'NONE',  ( -3.746818157921613300, 0.5499999999999928300, 1.327649470648460500 ) ) ;
#1874 = ADVANCED_FACE ( 'NONE', ( #4068 ), #539, .T. ) ;
#1875 = DIRECTION ( 'NONE',  ( -2.891205793294683700E-015, -1.000000000000000000, -2.891205793294683700E-015 ) ) ;
#1876 = ORIENTED_EDGE ( 'NONE', *, *, #2786, .F. ) ;
#1877 = ADVANCED_FACE ( 'NONE', ( #3179 ), #2225, .F. ) ;
#1878 = AXIS2_PLACEMENT_3D ( 'NONE', #735, #2980, #79 ) ;
#1879 = CARTESIAN_POINT ( 'NONE',  ( 1.800000000000003800, 1.349999999999980500, 2.493664996716660200E-015 ) ) ;
#1880 = VECTOR ( 'NONE', #3119, 1000.000000000000000 ) ;
#1881 = ORIENTED_EDGE ( 'NONE', *, *, #351, .F. ) ;
#1882 = CARTESIAN_POINT ( 'NONE',  ( -1.599999999999999900, 0.3999999999999916400, -0.5000000000000014400 ) ) ;
#1883 = CARTESIAN_POINT ( 'NONE',  ( -1.491680388911725800, 0.6087091331386614800, 3.684523330610347100 ) ) ;
#1884 = FACE_OUTER_BOUND ( 'NONE', #2299, .T. ) ;
#1885 = VERTEX_POINT ( 'NONE', #1873 ) ;
#1886 = EDGE_CURVE ( 'NONE', #3112, #3257, #2389, .T. ) ;
#1887 = DIRECTION ( 'NONE',  ( -1.000000000000000000, 2.891205793231569700E-015, 8.422733623269661600E-030 ) ) ;
#1888 = LINE ( 'NONE', #3645, #1944 ) ;
#1889 = CARTESIAN_POINT ( 'NONE',  ( -1.149999999999999000, 0.5499999999999889400, 0.07536880949310279000 ) ) ;
#1890 = CARTESIAN_POINT ( 'NONE',  ( 3.450000000000002400, 0.2999999999999786700, -1.000000000000001800 ) ) ;
#1891 = EDGE_CURVE ( 'NONE', #3544, #2919, #401, .T. ) ;
#1892 = FACE_OUTER_BOUND ( 'NONE', #1222, .T. ) ;
#1893 = ORIENTED_EDGE ( 'NONE', *, *, #3739, .F. ) ;
#1894 = DIRECTION ( 'NONE',  ( -2.891205793294683700E-015, -1.000000000000000000, -2.891205793294683700E-015 ) ) ;
#1895 = CIRCLE ( 'NONE', #895, 0.5000000000000000000 ) ;
#1896 = ORIENTED_EDGE ( 'NONE', *, *, #3812, .F. ) ;
#1897 = AXIS2_PLACEMENT_3D ( 'NONE', #859, #820, #200 ) ;
#1898 = DIRECTION ( 'NONE',  ( -0.0000000000000000000, 2.891205793294683700E-015, -1.000000000000000000 ) ) ;
#1899 = CARTESIAN_POINT ( 'NONE',  ( -1.419306201871046700, 0.5514089374985217100, 3.712990746711097400 ) ) ;
#1900 = ADVANCED_FACE ( 'NONE', ( #3525 ), #1917, .T. ) ;
#1901 = VECTOR ( 'NONE', #2121, 1000.000000000000000 ) ;
#1902 = DIRECTION ( 'NONE',  ( 4.624620637705054000E-016, 2.891205793294682600E-015, -1.000000000000000000 ) ) ;
#1903 = ORIENTED_EDGE ( 'NONE', *, *, #1089, .F. ) ;
#1904 = AXIS2_PLACEMENT_3D ( 'NONE', #1131, #4098, #1911 ) ;
#1905 = CARTESIAN_POINT ( 'NONE',  ( -2.914811819903504900, 1.004500000000082100, -2.773048054569412700 ) ) ;
#1906 = CARTESIAN_POINT ( 'NONE',  ( 4.336808689942017700E-015, 1.649999999999990800, -1.800000000196822200 ) ) ;
#1907 = VECTOR ( 'NONE', #2924, 1000.000000000000000 ) ;
#1908 = ORIENTED_EDGE ( 'NONE', *, *, #3475, .T. ) ;
#1909 = CARTESIAN_POINT ( 'NONE',  ( -3.974999999999998300, 0.7499999999999972200, -9.757819552369539900E-016 ) ) ;
#1910 = VECTOR ( 'NONE', #1161, 1000.000000000000000 ) ;
#1911 = DIRECTION ( 'NONE',  ( 0.0000000000000000000, 2.931927001650941200E-015, -1.000000000000000000 ) ) ;
#1912 = CLOSED_SHELL ( 'NONE', ( #2936, #1316, #3888, #3177, #1633, #2047, #3122, #3592, #1729, #311, #2288, #82, #923, #1213, #3103, #942, #352, #2620, #1232, #3550, #2596, #126, #316, #2543, #39, #1079, #3716, #2517, #1877, #2644, #3160, #3139, #621, #1900, #3504, #772, #2792, #2815, #451, #880, #1596, #3811, #1000, #1574, #1856, #2218, #2199, #3423, #3740, #730, #1874, #3463, #1533, #1593, #2497, #900, #3196, #565, #1408, #2455, #4092, #4051, #2859, #3404, #2897, #3155, #3301, #4034, #1836, #1, #2252, #2235 ) ) ;
#1913 = LINE ( 'NONE', #2160, #2912 ) ;
#1914 = DIRECTION ( 'NONE',  ( -1.000000000000000000, 2.891205793294684100E-015, -1.119571596451601500E-016 ) ) ;
#1915 = CARTESIAN_POINT ( 'NONE',  ( -499000.0000000008700, -288093.7155853198500, -7.718314919483160200E-010 ) ) ;
#1916 = ORIENTED_EDGE ( 'NONE', *, *, #2693, .F. ) ;
#1917 = PLANE ( 'NONE',  #3676 ) ;
#1918 = EDGE_CURVE ( 'NONE', #1030, #3386, #87, .T. ) ;
#1919 = CARTESIAN_POINT ( 'NONE',  ( -2.349999999999997000, 0.5499999999999926100, -9.757819552369539900E-016 ) ) ;
#1920 = ORIENTED_EDGE ( 'NONE', *, *, #776, .F. ) ;
#1921 = CARTESIAN_POINT ( 'NONE',  ( -3.344055226570773700, 0.2999999999999937200, 0.6063093353078319300 ) ) ;
#1922 = ORIENTED_EDGE ( 'NONE', *, *, #2198, .T. ) ;
#1923 = ADVANCED_FACE ( 'NONE', ( #3878 ), #2439, .F. ) ;
#1924 = DIRECTION ( 'NONE',  ( -4.822540926430690800E-032, -2.835605681885097100E-015, 1.000000000000000000 ) ) ;
#1925 = VERTEX_POINT ( 'NONE', #4094 ) ;
#1926 = EDGE_CURVE ( 'NONE', #1799, #3527, #3420, .T. ) ;
#1927 = EDGE_LOOP ( 'NONE', ( #1753, #231, #1774, #997 ) ) ;
#1928 = CARTESIAN_POINT ( 'NONE',  ( -2.000000000000000900, -1.029992063861229200E-014, 0.4999999999999977200 ) ) ;
#1929 = ORIENTED_EDGE ( 'NONE', *, *, #3755, .F. ) ;
#1930 = AXIS2_PLACEMENT_3D ( 'NONE', #388, #2609, #1095 ) ;
#1931 = CARTESIAN_POINT ( 'NONE',  ( -4.150000000000002100, 0.2999999999999949400, 0.9999999999999983300 ) ) ;
#1932 = CARTESIAN_POINT ( 'NONE',  ( 3.681316888052931000, 1.039403305549668500, 1.500000000000000400 ) ) ;
#1933 = ORIENTED_EDGE ( 'NONE', *, *, #1342, .F. ) ;
#1934 = CARTESIAN_POINT ( 'NONE',  ( 8.673617379884037400E-016, 0.7499999999999856800, -9.757819552369539900E-016 ) ) ;
#1935 = FACE_OUTER_BOUND ( 'NONE', #1174, .T. ) ;
#1936 = ORIENTED_EDGE ( 'NONE', *, *, #423, .T. ) ;
#1937 = AXIS2_PLACEMENT_3D ( 'NONE', #465, #1748, #1736 ) ;
#1938 = CARTESIAN_POINT ( 'NONE',  ( 1.400000000000002800, 0.6499999999999818100, -9.757819552369539900E-016 ) ) ;
#1939 = CARTESIAN_POINT ( 'NONE',  ( -3.268457204859809300, 0.5499999999999890500, 2.262258274379826500 ) ) ;
#1940 = LINE ( 'NONE', #1136, #2880 ) ;
#1941 = DIRECTION ( 'NONE',  ( 2.891205793294683700E-015, 1.000000000000000000, 2.891205793294683700E-015 ) ) ;
#1942 = CARTESIAN_POINT ( 'NONE',  ( 2.350000000000002300, 0.5499999999999792800, -0.07536880949310473300 ) ) ;
#1943 = EDGE_CURVE ( 'NONE', #1869, #321, #1610, .T. ) ;
#1944 = VECTOR ( 'NONE', #2986, 1000.000000000000000 ) ;
#1945 = ORIENTED_EDGE ( 'NONE', *, *, #2904, .T. ) ;
#1946 = DIRECTION ( 'NONE',  ( -2.891205793294683700E-015, -1.000000000000000000, -2.891205793294683700E-015 ) ) ;
#1947 = VECTOR ( 'NONE', #2150, 1000.000000000000000 ) ;
#1948 = SURFACE_SIDE_STYLE ('',( #2232 ) ) ;
#1949 = ORIENTED_EDGE ( 'NONE', *, *, #445, .F. ) ;
#1950 = CARTESIAN_POINT ( 'NONE',  ( -3.676467091233244700, 0.9581202284131520300, 1.511949643146976600 ) ) ;
#1951 = EDGE_CURVE ( 'NONE', #3830, #3347, #905, .T. ) ;
#1952 = CARTESIAN_POINT ( 'NONE',  ( 1.149999999999999000, 0.5499999999999826100, -9.757819552369539900E-016 ) ) ;
#1953 = DIRECTION ( 'NONE',  ( -2.891205793294683700E-015, -1.000000000000000000, -2.891205793294683700E-015 ) ) ;
#1954 = FACE_BOUND ( 'NONE', #240, .T. ) ;
#1955 = ORIENTED_EDGE ( 'NONE', *, *, #1789, .T. ) ;
#1956 = CARTESIAN_POINT ( 'NONE',  ( 6.071532165918824800E-015, 2.249999999999985800, 4.228388472693467300E-015 ) ) ;
#1957 = CARTESIAN_POINT ( 'NONE',  ( 3.802569123242173000, 0.5499999999999715100, 1.158055725328119400 ) ) ;
#1958 = FACE_OUTER_BOUND ( 'NONE', #874, .T. ) ;
#1959 = ORIENTED_EDGE ( 'NONE', *, *, #2558, .T. ) ;
#1960 = CARTESIAN_POINT ( 'NONE',  ( 4.150000000000005700, 1.049999999999969800, 1.500000000000002200 ) ) ;
#1961 = CARTESIAN_POINT ( 'NONE',  ( 1.999999999999999100, -2.157562323246153800E-014, 0.4999999999999977200 ) ) ;
#1962 = VECTOR ( 'NONE', #673, 1000.000000000000000 ) ;
#1963 = ORIENTED_EDGE ( 'NONE', *, *, #2062, .F. ) ;
#1964 = AXIS2_PLACEMENT_3D ( 'NONE', #3500, #1623, #348 ) ;
#1965 = CARTESIAN_POINT ( 'NONE',  ( 3.950000000000006400, 2.249999999999974700, 4.228388472693467300E-015 ) ) ;
#1966 = VECTOR ( 'NONE', #1424, 1000.000000000000000 ) ;
#1967 = CARTESIAN_POINT ( 'NONE',  ( 1.982316230526867100, 0.5499999999999785100, 0.5701095195372586400 ) ) ;
#1968 = DIRECTION ( 'NONE',  ( 2.891205793294683700E-015, 1.000000000000000000, 2.891205793294683700E-015 ) ) ;
#1969 = ORIENTED_EDGE ( 'NONE', *, *, #2168, .F. ) ;
#1970 = CARTESIAN_POINT ( 'NONE',  ( -1.446199043652477900, 0.5605131338999754800, -3.702610044984241600 ) ) ;
#1971 = LINE ( 'NONE', #3746, #1219 ) ;
#1972 = ORIENTED_EDGE ( 'NONE', *, *, #2342, .F. ) ;
#1973 = CARTESIAN_POINT ( 'NONE',  ( 3.621493654927685900, 0.5499999999999702900, 1.752348012857926500 ) ) ;
#1974 = VERTEX_POINT ( 'NONE', #2239 ) ;
#1975 = CARTESIAN_POINT ( 'NONE',  ( 3.650000000000001200, -3.523657060577889400E-014, 3.649999999999996800 ) ) ;
#1976 = CARTESIAN_POINT ( 'NONE',  ( -3.450000000000000600, -2.059984127722458400E-015, -0.7061324772583639200 ) ) ;
#1977 = FACE_OUTER_BOUND ( 'NONE', #2903, .T. ) ;
#1978 = CARTESIAN_POINT ( 'NONE',  ( -3.672812549211315500, 0.9624995460757572700, -1.520612597141279400 ) ) ;
#1979 = ORIENTED_EDGE ( 'NONE', *, *, #3636, .F. ) ;
#1980 = DIRECTION ( 'NONE',  ( 2.891205793294683700E-015, 1.000000000000000000, 2.891205793294683700E-015 ) ) ;
#1981 = VERTEX_POINT ( 'NONE', #2211 ) ;
#1982 = EDGE_CURVE ( 'NONE', #2513, #3302, #3934, .T. ) ;
#1983 =( NAMED_UNIT ( * ) PLANE_ANGLE_UNIT ( ) SI_UNIT ( $, .RADIAN. ) );
#1984 = CARTESIAN_POINT ( 'NONE',  ( 1.313754311186435400, 0.5499999999999808400, 0.4362456888135660100 ) ) ;
#1985 = DIRECTION ( 'NONE',  ( 3.064678140892364500E-015, 1.000000000000000000, 2.891205793294683700E-015 ) ) ;
#1986 = EDGE_CURVE ( 'NONE', #3652, #3347, #728, .T. ) ;
#1987 = ORIENTED_EDGE ( 'NONE', *, *, #429, .T. ) ;
#1988 = SURFACE_SIDE_STYLE ('',( #2956 ) ) ;
#1989 = CARTESIAN_POINT ( 'NONE',  ( -5.558075425960153900, -11.05188502892423400, 1.499999999999965800 ) ) ;
#1990 = EDGE_LOOP ( 'NONE', ( #826, #619, #3641, #104 ) ) ;
#1991 = DIRECTION ( 'NONE',  ( 1.000000000000000000, -2.891205793294678600E-015, -8.382034726515516200E-030 ) ) ;
#1992 = DIRECTION ( 'NONE',  ( 0.0000000000000000000, -2.891205793294683700E-015, 1.000000000000000000 ) ) ;
#1993 = CIRCLE ( 'NONE', #2153, 0.09999999999999982500 ) ;
#1994 = DIRECTION ( 'NONE',  ( -1.000000000000000000, 2.891205793294684100E-015, -1.119571596451601500E-016 ) ) ;
#1995 = CARTESIAN_POINT ( 'NONE',  ( -1.500000000000000400, 0.6499999999999902500, -9.757819552369539900E-016 ) ) ;
#1996 = CARTESIAN_POINT ( 'NONE',  ( -3.688654590612809000, 0.9503511013328529400, -1.481836943684377700 ) ) ;
#1997 = CARTESIAN_POINT ( 'NONE',  ( 1.500000000000002200, 0.6450516005784752100, 3.681144261968244600 ) ) ;
#1998 = DIRECTION ( 'NONE',  ( -1.000000000000000000, 2.891205793294684500E-015, -2.090028284309323200E-016 ) ) ;
#1999 = LINE ( 'NONE', #3429, #3 ) ;
#2000 = CARTESIAN_POINT ( 'NONE',  ( 1.517683769473137800, 0.2999999999999830600, -0.5701095195372623000 ) ) ;
#2001 = EDGE_CURVE ( 'NONE', #555, #3443, #3087, .T. ) ;
#2002 = ORIENTED_EDGE ( 'NONE', *, *, #3134, .T. ) ;
#2003 = DIRECTION ( 'NONE',  ( -0.0000000000000000000, -2.891205793294683700E-015, 1.000000000000000000 ) ) ;
#2004 = ADVANCED_FACE ( 'NONE', ( #701 ), #1414, .T. ) ;
#2005 = CARTESIAN_POINT ( 'NONE',  ( 1.791613414004579000, -1.723881454251952100E-014, -0.6987619936536958500 ) ) ;
#2006 = CIRCLE ( 'NONE', #208, 4.000000000000000900 ) ;
#2007 = EDGE_LOOP ( 'NONE', ( #1164, #1467, #2977, #2197 ) ) ;
#2008 = EDGE_CURVE ( 'NONE', #2034, #3291, #1462, .T. ) ;
#2009 = B_SPLINE_CURVE_WITH_KNOTS ( 'NONE', 2,
 ( #2356, #1093, #3350, #2091, #3041 ),
 .UNSPECIFIED., .F., .F.,
 ( 3, 2, 3 ),
 ( 0.0000000000000000000, 7.827609628266473700E-005, 0.0001565521925653294700 ),
 .UNSPECIFIED. ) ;
#2010 = LINE ( 'NONE', #881, #1158 ) ;
#2011 = EDGE_LOOP ( 'NONE', ( #2812, #1972, #526, #3959, #3794, #903, #2412, #785, #2020, #3042, #969, #505, #2428 ) ) ;
#2012 = CARTESIAN_POINT ( 'NONE',  ( -1.474834670492159300, 0.5826314768825537900, -3.691299696809589900 ) ) ;
#2013 = AXIS2_PLACEMENT_3D ( 'NONE', #3242, #1953, #3535 ) ;
#2014 = CARTESIAN_POINT ( 'NONE',  ( 3.681316888052931000, 1.049999999999971600, 1.500000000000000400 ) ) ;
#2015 = FACE_OUTER_BOUND ( 'NONE', #1192, .T. ) ;
#2016 = CARTESIAN_POINT ( 'NONE',  ( 4.499999999999998200, 0.2999999999999705100, 0.4999999999999994400 ) ) ;
#2017 = ORIENTED_EDGE ( 'NONE', *, *, #1423, .F. ) ;
#2018 = LINE ( 'NONE', #317, #373 ) ;
#2019 = CARTESIAN_POINT ( 'NONE',  ( 2.602085213965210600E-015, 0.9999999999999909000, -1.665831239517770600 ) ) ;
#2020 = ORIENTED_EDGE ( 'NONE', *, *, #85, .T. ) ;
#2021 = CARTESIAN_POINT ( 'NONE',  ( -1.749999999999999100, 0.5499999999999928300, -0.6143539149150403200 ) ) ;
#2022 = DIRECTION ( 'NONE',  ( -1.000000000000000000, 2.891205793294684500E-015, -3.097720492815642900E-016 ) ) ;
#2023 = CIRCLE ( 'NONE', #1022, 0.6999999999999998400 ) ;
#2024 = ORIENTED_EDGE ( 'NONE', *, *, #4055, .F. ) ;
#2025 = EDGE_CURVE ( 'NONE', #1212, #4086, #554, .T. ) ;
#2026 = VERTEX_POINT ( 'NONE', #94 ) ;
#2027 = DIRECTION ( 'NONE',  ( 2.891205793294683700E-015, 1.000000000000000000, 2.891205793294683700E-015 ) ) ;
#2028 = CARTESIAN_POINT ( 'NONE',  ( 8.673617379884037400E-016, 0.9499999999999901900, -1.472182072312222100 ) ) ;
#2029 =( NAMED_UNIT ( * ) SI_UNIT ( $, .STERADIAN. ) SOLID_ANGLE_UNIT ( ) );
#2030 = ORIENTED_EDGE ( 'NONE', *, *, #2363, .F. ) ;
#2031 = EDGE_CURVE ( 'NONE', #1361, #1032, #2993, .T. ) ;
#2032 = DIRECTION ( 'NONE',  ( 2.891205793294683700E-015, 1.000000000000000000, 2.891205793294683700E-015 ) ) ;
#2033 = DIRECTION ( 'NONE',  ( 0.9982314195052755000, -2.714216829338415800E-015, -0.05944773429225563800 ) ) ;
#2034 = VERTEX_POINT ( 'NONE', #3572 ) ;
#2035 = CARTESIAN_POINT ( 'NONE',  ( 1.791613414004579000, -1.723881454251952100E-014, -0.6987619936536958500 ) ) ;
#2036 = B_SPLINE_CURVE_WITH_KNOTS ( 'NONE', 2,
 ( #140, #2679, #3597, #3936, #2940 ),
 .UNSPECIFIED., .F., .F.,
 ( 3, 2, 3 ),
 ( -0.0001250875535552195000, 0.0001193192688081803300, 0.001135383379921861800 ),
 .UNSPECIFIED. ) ;
#2037 = AXIS2_PLACEMENT_3D ( 'NONE', #3571, #3599, #2958 ) ;
#2038 = CARTESIAN_POINT ( 'NONE',  ( 3.344055226570775500, 0.2999999999999744500, 0.6063093353078319300 ) ) ;
#2039 = LINE ( 'NONE', #1419, #3312 ) ;
#2040 = FILL_AREA_STYLE_COLOUR ( '', #2212 ) ;
#2041 = DIRECTION ( 'NONE',  ( -2.891205793294683700E-015, -1.000000000000000000, -2.891205793294683700E-015 ) ) ;
#2042 = CARTESIAN_POINT ( 'NONE',  ( 1.749999999999998900, 0.2999999999999826100, -0.6143539149150421000 ) ) ;
#2043 = CYLINDRICAL_SURFACE ( 'NONE', #1539, 3.975000000000000100 ) ;
#2044 = VERTEX_POINT ( 'NONE', #1961 ) ;
#2045 = AXIS2_PLACEMENT_3D ( 'NONE', #568, #238, #890 ) ;
#2046 = DIRECTION ( 'NONE',  ( 2.891205793294683700E-015, 1.000000000000000000, 2.891205793294683700E-015 ) ) ;
#2047 = ADVANCED_FACE ( 'NONE', ( #3226 ), #736, .F. ) ;
#2048 = VERTEX_POINT ( 'NONE', #2315 ) ;
#2049 = CARTESIAN_POINT ( 'NONE',  ( -1.899999999999999700, 0.3580639549812303400, -0.5000000000000014400 ) ) ;
#2050 = CARTESIAN_POINT ( 'NONE',  ( 4.150000000000008300, 1.649999999999979700, -1.800000000098411300 ) ) ;
#2051 = CIRCLE ( 'NONE', #1904, 3.550000000000000300 ) ;
#2052 = CARTESIAN_POINT ( 'NONE',  ( 2.349999999999998800, 0.2999999999999790100, -9.757819552369539900E-016 ) ) ;
#2053 = DIRECTION ( 'NONE',  ( 1.000000000000000000, -2.891205793294684500E-015, -8.253985475945298900E-030 ) ) ;
#2054 = CARTESIAN_POINT ( 'NONE',  ( -1.799999999999998700, 0.9999999999999911200, 7.589415207398531000E-016 ) ) ;
#2055 = VECTOR ( 'NONE', #2927, 1000.000000000000000 ) ;
#2056 = VERTEX_POINT ( 'NONE', #38 ) ;
#2057 = DIRECTION ( 'NONE',  ( 2.891205793294683700E-015, 1.000000000000000000, 2.891205793294683700E-015 ) ) ;
#2058 = EDGE_CURVE ( 'NONE', #1431, #548, #2589, .T. ) ;
#2059 = CIRCLE ( 'NONE', #3193, 3.975000000000001000 ) ;
#2060 = ORIENTED_EDGE ( 'NONE', *, *, #3182, .T. ) ;
#2061 = DIRECTION ( 'NONE',  ( 2.891205793294683700E-015, 1.000000000000000000, 2.891205793294683700E-015 ) ) ;
#2062 = EDGE_CURVE ( 'NONE', #3267, #1055, #3128, .T. ) ;
#2063 = LINE ( 'NONE', #1291, #1962 ) ;
#2064 = ORIENTED_EDGE ( 'NONE', *, *, #748, .F. ) ;
#2065 = DIRECTION ( 'NONE',  ( -2.891205793294683700E-015, -1.000000000000000000, -2.891205793294683700E-015 ) ) ;
#2066 = DIRECTION ( 'NONE',  ( 0.0000000000000000000, -2.891205793294683700E-015, 1.000000000000000000 ) ) ;
#2067 = VECTOR ( 'NONE', #108, 1000.000000000000000 ) ;
#2068 = AXIS2_PLACEMENT_3D ( 'NONE', #76, #3919, #1679 ) ;
#2069 = CARTESIAN_POINT ( 'NONE',  ( 3.349999999999999600, 0.2999999999999781200, -0.7061324772583639200 ) ) ;
#2070 = VERTEX_POINT ( 'NONE', #2603 ) ;
#2071 = CARTESIAN_POINT ( 'NONE',  ( 1.600000000000001600, 0.5499999999999797300, 0.4999999999999994400 ) ) ;
#2072 = DIRECTION ( 'NONE',  ( 0.0000000000000000000, -2.891205793294683700E-015, 1.000000000000000000 ) ) ;
#2073 = ORIENTED_EDGE ( 'NONE', *, *, #1288, .F. ) ;
#2074 = STYLED_ITEM ( 'NONE', ( #2089 ), #271 ) ;
#2075 = CARTESIAN_POINT ( 'NONE',  ( 3.698613352382815300, 0.9668440919640948200, -1.456857863810830500 ) ) ;
#2076 = CARTESIAN_POINT ( 'NONE',  ( -3.450000000000000600, 0.2999999999999937200, 0.7061324772583584800 ) ) ;
#2077 = ORIENTED_EDGE ( 'NONE', *, *, #1197, .T. ) ;
#2078 = CARTESIAN_POINT ( 'NONE',  ( -1.750000000000000700, 0.2999999999999908300, -9.757819552369539900E-016 ) ) ;
#2079 = ORIENTED_EDGE ( 'NONE', *, *, #2137, .F. ) ;
#2080 = CARTESIAN_POINT ( 'NONE',  ( 3.209238430557093100E-014, 11.69999999999998300, 3.024924061234557400E-014 ) ) ;
#2081 = DIRECTION ( 'NONE',  ( -0.05944773429225563800, -2.714216829338415400E-015, 0.9982314195052755000 ) ) ;
#2082 = VERTEX_POINT ( 'NONE', #1014 ) ;
#2083 = EDGE_CURVE ( 'NONE', #3443, #1102, #3283, .T. ) ;
#2084 = CARTESIAN_POINT ( 'NONE',  ( -1.791613414004580700, -1.095044194210359500E-014, 0.6987619936536905200 ) ) ;
#2085 = DIRECTION ( 'NONE',  ( -1.000000000000000000, 2.891205793231569700E-015, 8.422733623269661600E-030 ) ) ;
#2086 = ORIENTED_EDGE ( 'NONE', *, *, #3909, .F. ) ;
#2087 = CARTESIAN_POINT ( 'NONE',  ( 7.806255641895631900E-015, 2.856217782649091800, 5.963111948670274400E-015 ) ) ;
#2088 = EDGE_CURVE ( 'NONE', #2128, #1712, #2248, .T. ) ;
#2089 = PRESENTATION_STYLE_ASSIGNMENT (( #2569 ) ) ;
#2090 = CARTESIAN_POINT ( 'NONE',  ( 3.681794524251301500, 1.035205953312787500, -1.498899626807269800 ) ) ;
#2091 = CARTESIAN_POINT ( 'NONE',  ( 1.899999999999999700, 0.3580639549812164600, 0.4999999999999994400 ) ) ;
#2092 = CARTESIAN_POINT ( 'NONE',  ( -3.344055226570775500, -6.396792817664476200E-015, 0.6063093353078319300 ) ) ;
#2093 = DIRECTION ( 'NONE',  ( -2.891205793294683700E-015, -1.000000000000000000, -2.891205793294683700E-015 ) ) ;
#2094 = LINE ( 'NONE', #2630, #390 ) ;
#2095 = ORIENTED_EDGE ( 'NONE', *, *, #2310, .T. ) ;
#2096 = B_SPLINE_CURVE_WITH_KNOTS ( 'NONE', 3,
 ( #645, #2245, #2923, #101, #1970, #1319, #1008, #2012, #3260, #2575, #1335, #3204, #3539, #1349, #2280, #3246 ),
 .UNSPECIFIED., .F., .F.,
 ( 4, 3, 3, 3, 3, 4 ),
 ( 0.0000000000000000000, 3.802301141562194500E-005, 7.611075619444251500E-005, 0.0001130323475983527300, 0.0001473462318054927100, 0.0001619983477328922300 ),
 .UNSPECIFIED. ) ;
#2097 = AXIS2_PLACEMENT_3D ( 'NONE', #37, #3512, #1631 ) ;
#2098 = FACE_OUTER_BOUND ( 'NONE', #574, .T. ) ;
#2099 = ORIENTED_EDGE ( 'NONE', *, *, #2310, .F. ) ;
#2100 = CARTESIAN_POINT ( 'NONE',  ( -1.499999999999998700, 0.7000000000000030600, -4.149999999999987900 ) ) ;
#2101 = AXIS2_PLACEMENT_3D ( 'NONE', #3901, #2668, #454 ) ;
#2102 = FACE_OUTER_BOUND ( 'NONE', #3650, .T. ) ;
#2103 = CARTESIAN_POINT ( 'NONE',  ( 4.150000000000002100, 0.2999999999999709600, 0.9999999999999983300 ) ) ;
#2104 = ORIENTED_EDGE ( 'NONE', *, *, #1063, .T. ) ;
#2105 = VECTOR ( 'NONE', #4016, 1000.000000000000000 ) ;
#2106 = ORIENTED_EDGE ( 'NONE', *, *, #3909, .T. ) ;
#2107 = CARTESIAN_POINT ( 'NONE',  ( -1.651433542346097300, 0.9724314095611064100, -3.616386068321968800 ) ) ;
#2108 = EDGE_CURVE ( 'NONE', #4102, #3575, #3764, .T. ) ;
#2109 = VECTOR ( 'NONE', #418, 1000.000000000000000 ) ;
#2110 = CARTESIAN_POINT ( 'NONE',  ( -3.450000000000000600, -1.626303258728256700E-015, -0.9000000000000024600 ) ) ;
#2111 = EDGE_LOOP ( 'NONE', ( #781, #2257, #432 ) ) ;
#2112 = CARTESIAN_POINT ( 'NONE',  ( -1.150000000000000800, 0.2999999999999891600, -9.757819552369539900E-016 ) ) ;
#2113 = DIRECTION ( 'NONE',  ( -4.624620637705054000E-016, -2.891205793294682600E-015, 1.000000000000000000 ) ) ;
#2114 = VECTOR ( 'NONE', #3100, 1000.000000000000000 ) ;
#2115 = VERTEX_POINT ( 'NONE', #3234 ) ;
#2116 = EDGE_CURVE ( 'NONE', #3093, #1181, #1306, .T. ) ;
#2117 = LINE ( 'NONE', #3038, #1514 ) ;
#2118 = CARTESIAN_POINT ( 'NONE',  ( -3.344055226570773700, 0.2999999999999972100, -0.6063093353078356000 ) ) ;
#2119 = VERTEX_POINT ( 'NONE', #2619 ) ;
#2120 =( GEOMETRIC_REPRESENTATION_CONTEXT ( 3 ) GLOBAL_UNCERTAINTY_ASSIGNED_CONTEXT ( ( #3095 ) ) GLOBAL_UNIT_ASSIGNED_CONTEXT ( ( #457, #3309, #3954 ) ) REPRESENTATION_CONTEXT ( 'NONE', 'WORKASPACE' ) );
#2121 = DIRECTION ( 'NONE',  ( -2.891205793294683700E-015, -1.000000000000000000, -2.891205793294683700E-015 ) ) ;
#2122 = CYLINDRICAL_SURFACE ( 'NONE', #459, 0.09999999999999982500 ) ;
#2123 = ORIENTED_EDGE ( 'NONE', *, *, #445, .T. ) ;
#2124 = DIRECTION ( 'NONE',  ( -1.000000000000000000, 3.035766082959412400E-015, 0.0000000000000000000 ) ) ;
#2125 = AXIS2_PLACEMENT_3D ( 'NONE', #1956, #3228, #1678 ) ;
#2126 = CARTESIAN_POINT ( 'NONE',  ( 1.749999999999998900, 0.2999999999999791700, 0.6143539149150383200 ) ) ;
#2127 = ORIENTED_EDGE ( 'NONE', *, *, #273, .F. ) ;
#2128 = VERTEX_POINT ( 'NONE', #3899 ) ;
#2129 = CARTESIAN_POINT ( 'NONE',  ( -3.450000000000000600, 0.2999999999999975500, -0.6000000000000008700 ) ) ;
#2130 = VERTEX_POINT ( 'NONE', #67 ) ;
#2131 = AXIS2_PLACEMENT_3D ( 'NONE', #1581, #582, #1538 ) ;
#2132 = CARTESIAN_POINT ( 'NONE',  ( 3.209238430557093100E-014, 11.69999999999998700, 3.024924061234557400E-014 ) ) ;
#2133 = ORIENTED_EDGE ( 'NONE', *, *, #4003, .F. ) ;
#2134 = CARTESIAN_POINT ( 'NONE',  ( 2.423122109179575800, 1.661000000000048700, 3.151048118325892500 ) ) ;
#2135 = DIRECTION ( 'NONE',  ( -2.891205793294683700E-015, -1.000000000000000000, -2.891205793294683700E-015 ) ) ;
#2136 = CARTESIAN_POINT ( 'NONE',  ( -2.128423919564225800, 0.9999999999999822400, 3.377730225817912000 ) ) ;
#2137 = EDGE_CURVE ( 'NONE', #1611, #2128, #2788, .T. ) ;
#2138 = VECTOR ( 'NONE', #217, 1000.000000000000000 ) ;
#2139 = VERTEX_POINT ( 'NONE', #1370 ) ;
#2140 = DIRECTION ( 'NONE',  ( -4.624620637705054000E-016, 2.891205793294684900E-015, -1.000000000000000000 ) ) ;
#2141 = EDGE_CURVE ( 'NONE', #2550, #1065, #1200, .T. ) ;
#2142 = DIRECTION ( 'NONE',  ( -1.000000000000000000, 2.891205793294683400E-015, 1.119571596451768700E-016 ) ) ;
#2143 = LINE ( 'NONE', #320, #3865 ) ;
#2144 = EDGE_LOOP ( 'NONE', ( #849, #24, #1929, #1457 ) ) ;
#2145 = DIRECTION ( 'NONE',  ( 1.000000000000000000, -2.891205793294683700E-015, -8.359070939180741200E-030 ) ) ;
#2146 = FACE_OUTER_BOUND ( 'NONE', #829, .T. ) ;
#2147 = EDGE_LOOP ( 'NONE', ( #2435, #2451, #2204, #2755 ) ) ;
#2148 = AXIS2_PLACEMENT_3D ( 'NONE', #3342, #3356, #1734 ) ;
#2149 = CARTESIAN_POINT ( 'NONE',  ( 1.750000000000002400, 0.5499999999999789500, 0.6143539149150401000 ) ) ;
#2150 = DIRECTION ( 'NONE',  ( -2.891205793294683700E-015, -1.000000000000000000, -2.891205793294683700E-015 ) ) ;
#2151 = VECTOR ( 'NONE', #405, 1000.000000000000000 ) ;
#2152 = ORIENTED_EDGE ( 'NONE', *, *, #768, .T. ) ;
#2153 = AXIS2_PLACEMENT_3D ( 'NONE', #3924, #2032, #2983 ) ;
#2154 = CIRCLE ( 'NONE', #2680, 0.1000000000000000500 ) ;
#2155 = VERTEX_POINT ( 'NONE', #2249 ) ;
#2156 = DIRECTION ( 'NONE',  ( 0.05944773429225563800, 2.714216829338415400E-015, -0.9982314195052755000 ) ) ;
#2157 = ADVANCED_FACE ( 'NONE', ( #1558 ), #561, .F. ) ;
#2158 = CARTESIAN_POINT ( 'NONE',  ( 1.494968690661632200, 0.6186799138887472100, -3.683190339274471800 ) ) ;
#2159 = CYLINDRICAL_SURFACE ( 'NONE', #3328, 0.1000000000000000500 ) ;
#2160 = CARTESIAN_POINT ( 'NONE',  ( -2.000000000000000900, 0.2999999999999898300, 0.4999999999999994400 ) ) ;
#2161 = ORIENTED_EDGE ( 'NONE', *, *, #1918, .T. ) ;
#2162 = DIRECTION ( 'NONE',  ( -1.000000000000000000, 2.891205793294683700E-015, 8.359070939180741200E-030 ) ) ;
#2163 = EDGE_CURVE ( 'NONE', #1463, #1611, #2154, .T. ) ;
#2164 = CARTESIAN_POINT ( 'NONE',  ( 3.666951179843930900, 1.513432268496036400, -1.536215453697547000 ) ) ;
#2165 = CIRCLE ( 'NONE', #32, 3.899999999994821800 ) ;
#2166 = ORIENTED_EDGE ( 'NONE', *, *, #2846, .T. ) ;
#2167 = DIRECTION ( 'NONE',  ( 1.000000000000000000, -2.891205793294684900E-015, 0.0000000000000000000 ) ) ;
#2168 = EDGE_CURVE ( 'NONE', #3302, #2513, #257, .T. ) ;
#2169 = VECTOR ( 'NONE', #777, 1000.000000000000000 ) ;
#2170 = ORIENTED_EDGE ( 'NONE', *, *, #2828, .T. ) ;
#2171 = DIRECTION ( 'NONE',  ( -0.9982314195052755000, 3.057968096906440800E-015, -0.05944773429225563800 ) ) ;
#2172 = CYLINDRICAL_SURFACE ( 'NONE', #2322, 0.4000000000000001900 ) ;
#2173 = DIRECTION ( 'NONE',  ( -0.0000000000000000000, -2.891205793294683700E-015, 1.000000000000000000 ) ) ;
#2174 = ORIENTED_EDGE ( 'NONE', *, *, #2392, .T. ) ;
#2175 = CARTESIAN_POINT ( 'NONE',  ( 3.349999999999999600, 0.2999999999999740100, 0.7061324772583584800 ) ) ;
#2176 = DIRECTION ( 'NONE',  ( 2.891205793294681000E-015, 1.000000000000000000, 0.0000000000000000000 ) ) ;
#2177 = CARTESIAN_POINT ( 'NONE',  ( -3.576985430551879100, 0.5499999999999909400, 1.816374216024427400 ) ) ;
#2178 = EDGE_LOOP ( 'NONE', ( #2799, #2721, #1173, #2862 ) ) ;
#2179 = VERTEX_POINT ( 'NONE', #256 ) ;
#2180 = ADVANCED_FACE ( 'NONE', ( #600 ), #1231, .F. ) ;
#2181 = PRESENTATION_LAYER_ASSIGNMENT (  '', '', ( #2381 ) ) ;
#2182 = DIRECTION ( 'NONE',  ( -2.891205793294683700E-015, -1.000000000000000000, -2.891205793294683700E-015 ) ) ;
#2183 = ORIENTED_EDGE ( 'NONE', *, *, #2904, .F. ) ;
#2184 = CARTESIAN_POINT ( 'NONE',  ( 4.499999999999998200, 0.2999999999999705100, 0.4999999999999994400 ) ) ;
#2185 = ORIENTED_EDGE ( 'NONE', *, *, #2638, .F. ) ;
#2186 = CARTESIAN_POINT ( 'NONE',  ( -1.725860333097123600, 1.000012431753433100, 3.581959053106310800 ) ) ;
#2187 = CARTESIAN_POINT ( 'NONE',  ( 3.450000000000002400, 0.2999999999999732300, 0.8999999999999988000 ) ) ;
#2188 = CARTESIAN_POINT ( 'NONE',  ( 3.802569123242173000, 0.5499999999920748300, 1.158055725328119400 ) ) ;
#2189 = ORIENTED_EDGE ( 'NONE', *, *, #3530, .F. ) ;
#2190 = CARTESIAN_POINT ( 'NONE',  ( 3.449999999999999300, -2.417770844642674900E-014, -2.710505431213761100E-015 ) ) ;
#2191 = CARTESIAN_POINT ( 'NONE',  ( -1.150000000000000800, 0.2999999999999891600, -9.757819552369539900E-016 ) ) ;
#2192 = PLANE ( 'NONE',  #306 ) ;
#2193 = EDGE_CURVE ( 'NONE', #1850, #914, #3723, .T. ) ;
#2194 = LINE ( 'NONE', #3509, #796 ) ;
#2195 = CARTESIAN_POINT ( 'NONE',  ( -3.799999999999965600, 11.89999999999999900, 3.198396408832238100E-014 ) ) ;
#2196 = LINE ( 'NONE', #3895, #3665 ) ;
#2197 = ORIENTED_EDGE ( 'NONE', *, *, #2926, .T. ) ;
#2198 = EDGE_CURVE ( 'NONE', #3326, #1212, #1700, .T. ) ;
#2199 = ADVANCED_FACE ( 'NONE', ( #1500 ), #1775, .T. ) ;
#2200 = FACE_OUTER_BOUND ( 'NONE', #2323, .T. ) ;
#2201 = CARTESIAN_POINT ( 'NONE',  ( -1.899999999999999700, 0.3580639549812274500, 0.4999999999999994400 ) ) ;
#2202 = CARTESIAN_POINT ( 'NONE',  ( 1.800022025330448900, 1.649999999999970600, 3.544249763321266000 ) ) ;
#2203 = CARTESIAN_POINT ( 'NONE',  ( 1.149999999999999000, 0.5499999999999826100, -9.757819552369539900E-016 ) ) ;
#2204 = ORIENTED_EDGE ( 'NONE', *, *, #987, .T. ) ;
#2205 = VECTOR ( 'NONE', #2093, 1000.000000000000000 ) ;
#2206 = VERTEX_POINT ( 'NONE', #2184 ) ;
#2207 = AXIS2_PLACEMENT_3D ( 'NONE', #1989, #2955, #3290 ) ;
#2208 = VECTOR ( 'NONE', #156, 1000.000000000000000 ) ;
#2209 = ORIENTED_EDGE ( 'NONE', *, *, #2987, .T. ) ;
#2210 = CARTESIAN_POINT ( 'NONE',  ( -2.186245688813565700, 0.2999999999999928300, -0.4362456888135679600 ) ) ;
#2211 = CARTESIAN_POINT ( 'NONE',  ( -1.799999999999998700, 0.9999999999999792400, 4.149999999999997700 ) ) ;
#2212 = COLOUR_RGB ( '',0.2509803921568627400, 0.2509803921568627400, 0.2509803921568627400 ) ;
#2213 = EDGE_CURVE ( 'NONE', #2490, #2206, #2891, .T. ) ;
#2214 = ORIENTED_EDGE ( 'NONE', *, *, #1259, .T. ) ;
#2215 = CARTESIAN_POINT ( 'NONE',  ( -1.179890480462739300, 0.5499999999999886100, 0.2323162305268637600 ) ) ;
#2216 = CARTESIAN_POINT ( 'NONE',  ( 1.791613414004579000, 0.2999999999999785600, 0.6987619936536921800 ) ) ;
#2217 = VECTOR ( 'NONE', #3141, 1000.000000000000000 ) ;
#2218 = ADVANCED_FACE ( 'NONE', ( #4019, #107 ), #2500, .T. ) ;
#2219 = ORIENTED_EDGE ( 'NONE', *, *, #3368, .T. ) ;
#2220 = EDGE_CURVE ( 'NONE', #210, #119, #2051, .T. ) ;
#2221 = CARTESIAN_POINT ( 'NONE',  ( 2.349999999999998800, 0.2999999999999792300, -0.07536880949310473300 ) ) ;
#2222 = EDGE_LOOP ( 'NONE', ( #2308, #4088, #3064, #3496 ) ) ;
#2223 = ORIENTED_EDGE ( 'NONE', *, *, #3502, .T. ) ;
#2224 = AXIS2_PLACEMENT_3D ( 'NONE', #340, #1985, #3214 ) ;
#2225 = PLANE ( 'NONE',  #1564 ) ;
#2226 = CARTESIAN_POINT ( 'NONE',  ( -3.753811778384827000, 0.5499999999999928300, 1.307701275241021500 ) ) ;
#2227 = CARTESIAN_POINT ( 'NONE',  ( -1.149999999999999000, 0.5499999999999891600, -9.757819552369539900E-016 ) ) ;
#2228 = CARTESIAN_POINT ( 'NONE',  ( 4.150000000000002100, -1.572093150103981400E-014, -3.650000000000003000 ) ) ;
#2229 = VERTEX_POINT ( 'NONE', #270 ) ;
#2230 = AXIS2_PLACEMENT_3D ( 'NONE', #2901, #3844, #1367 ) ;
#2231 = CARTESIAN_POINT ( 'NONE',  ( -4.150000000000002100, -2.059984127722458400E-015, -2.710505431213761100E-015 ) ) ;
#2232 = SURFACE_STYLE_FILL_AREA ( #10 ) ;
#2233 = DIRECTION ( 'NONE',  ( -1.000000000000000000, 2.891205793294683700E-015, 8.359070939180741200E-030 ) ) ;
#2234 = LINE ( 'NONE', #2038, #540 ) ;
#2235 = ADVANCED_FACE ( 'NONE', ( #552 ), #1529, .T. ) ;
#2236 = EDGE_CURVE ( 'NONE', #4086, #2969, #1750, .T. ) ;
#2237 = UNCERTAINTY_MEASURE_WITH_UNIT (LENGTH_MEASURE( 1.000000000000000100E-005 ), #1310, 'distance_accuracy_value', 'NONE');
#2238 = DIRECTION ( 'NONE',  ( 2.090028284309406700E-016, 2.891205793294683000E-015, -1.000000000000000000 ) ) ;
#2239 = CARTESIAN_POINT ( 'NONE',  ( -3.344055226570773700, 0.2999999999999972100, -0.6063093353078356000 ) ) ;
#2240 = CIRCLE ( 'NONE', #738, 3.975000000000001000 ) ;
#2241 = CARTESIAN_POINT ( 'NONE',  ( -2.186245688813564400, 0.5499999999999909400, 0.4362456888135660100 ) ) ;
#2242 = EDGE_CURVE ( 'NONE', #2711, #1334, #3325, .T. ) ;
#2243 = ORIENTED_EDGE ( 'NONE', *, *, #369, .T. ) ;
#2244 = B_SPLINE_CURVE_WITH_KNOTS ( 'NONE', 3,
 ( #710, #2268, #990, #3886, #2279, #1031 ),
 .UNSPECIFIED., .F., .F.,
 ( 4, 2, 4 ),
 ( 2.959296016559688900E-018, 0.0002465345585049664700, 0.0004930691170099299100 ),
 .UNSPECIFIED. ) ;
#2245 = CARTESIAN_POINT ( 'NONE',  ( -1.411862219969656700, 0.5500000000000007100, -3.715835129636977800 ) ) ;
#2246 =( GEOMETRIC_REPRESENTATION_CONTEXT ( 3 ) GLOBAL_UNCERTAINTY_ASSIGNED_CONTEXT ( ( #3049 ) ) GLOBAL_UNIT_ASSIGNED_CONTEXT ( ( #746, #3922, #2029 ) ) REPRESENTATION_CONTEXT ( 'NONE', 'WORKASPACE' ) );
#2247 = CARTESIAN_POINT ( 'NONE',  ( -8.673617379884033500E-016, -1.702197410802242000E-014, 0.9999999999999965600 ) ) ;
#2248 = LINE ( 'NONE', #360, #2055 ) ;
#2249 = CARTESIAN_POINT ( 'NONE',  ( -3.672812549211315500, 0.9624995460757572700, -1.520612597141279400 ) ) ;
#2250 = ORIENTED_EDGE ( 'NONE', *, *, #2583, .F. ) ;
#2251 = CARTESIAN_POINT ( 'NONE',  ( 3.716800857642217800, 0.9500018293828499400, 1.409624354073097300 ) ) ;
#2252 = ADVANCED_FACE ( 'NONE', ( #1150 ), #3027, .F. ) ;
#2253 = CARTESIAN_POINT ( 'NONE',  ( -1.149999999999999000, 0.5499999999999889400, 0.07536880949310279000 ) ) ;
#2254 = FACE_OUTER_BOUND ( 'NONE', #1337, .T. ) ;
#2255 = VERTEX_POINT ( 'NONE', #2732 ) ;
#2256 = CIRCLE ( 'NONE', #3070, 3.975000000000000100 ) ;
#2257 = ORIENTED_EDGE ( 'NONE', *, *, #2264, .F. ) ;
#2258 = CARTESIAN_POINT ( 'NONE',  ( 1.179890480462739300, 0.5499999999999831700, -0.2323162305268657000 ) ) ;
#2259 = DIRECTION ( 'NONE',  ( -2.891205793294683700E-015, -1.000000000000000000, -2.891205793294683700E-015 ) ) ;
#2260 = CONICAL_SURFACE ( 'NONE', #2675, 3.899999999873671200, 1.047197551324935000 ) ;
#2261 = DIRECTION ( 'NONE',  ( 0.0000000000000000000, -2.891205793294683700E-015, 1.000000000000000000 ) ) ;
#2262 = EDGE_LOOP ( 'NONE', ( #450, #2486, #2813, #632, #2647, #1206, #2935, #2470, #1779, #16, #4065, #1720 ) ) ;
#2263 = CARTESIAN_POINT ( 'NONE',  ( -1.499999999999972700, 9.712777972610096500, -4.149999999999963900 ) ) ;
#2264 = EDGE_CURVE ( 'NONE', #3105, #1397, #1199, .T. ) ;
#2265 = ORIENTED_EDGE ( 'NONE', *, *, #1738, .F. ) ;
#2266 = ORIENTED_EDGE ( 'NONE', *, *, #3530, .T. ) ;
#2267 = CARTESIAN_POINT ( 'NONE',  ( 1.749999999999998900, 0.2999999999999790100, 0.6143539149150383200 ) ) ;
#2268 = CARTESIAN_POINT ( 'NONE',  ( 1.500000000000003100, 1.433396019742009300, -3.681146824039677900 ) ) ;
#2269 = ORIENTED_EDGE ( 'NONE', *, *, #1230, .F. ) ;
#2270 = EDGE_CURVE ( 'NONE', #1885, #2548, #3564, .T. ) ;
#2271 = VERTEX_POINT ( 'NONE', #17 ) ;
#2272 = CARTESIAN_POINT ( 'NONE',  ( 3.974920345072956900, 0.5499999999999727300, 0.5923965400514004100 ) ) ;
#2273 = ORIENTED_EDGE ( 'NONE', *, *, #1860, .F. ) ;
#2274 = DIRECTION ( 'NONE',  ( 1.000000000000000000, -2.168404344971012800E-015, 7.669517010584643600E-017 ) ) ;
#2275 = AXIS2_PLACEMENT_3D ( 'NONE', #3816, #3548, #1315 ) ;
#2276 = DIRECTION ( 'NONE',  ( 0.0000000000000000000, 2.891205793294683700E-015, -1.000000000000000000 ) ) ;
#2277 = ORIENTED_EDGE ( 'NONE', *, *, #2220, .T. ) ;
#2278 = AXIS2_PLACEMENT_3D ( 'NONE', #3920, #2027, #2337 ) ;
#2279 = CARTESIAN_POINT ( 'NONE',  ( 1.725860333097132500, 1.650012431753443700, -3.581959053106305500 ) ) ;
#2280 = CARTESIAN_POINT ( 'NONE',  ( -1.500000000000002200, 0.6450516005785046400, -3.681144261968247300 ) ) ;
#2281 = LINE ( 'NONE', #2884, #3409 ) ;
#2282 = CARTESIAN_POINT ( 'NONE',  ( 3.450000000000002400, 0.2999999999999779000, -0.7061324772583639200 ) ) ;
#2283 = CARTESIAN_POINT ( 'NONE',  ( -1.899999999999998100, 0.5499999999999928300, -0.5000000000000014400 ) ) ;
#2284 = CARTESIAN_POINT ( 'NONE',  ( 4.150000000000002100, -1.420304845956010800E-014, -4.150000000000003900 ) ) ;
#2285 = EDGE_CURVE ( 'NONE', #3652, #555, #2096, .T. ) ;
#2286 = LINE ( 'NONE', #2247, #2782 ) ;
#2287 = CARTESIAN_POINT ( 'NONE',  ( 4.150000000000008300, 1.649999999999962200, 4.150000000000001200 ) ) ;
#2288 = ADVANCED_FACE ( 'NONE', ( #1606 ), #3891, .T. ) ;
#2289 = LINE ( 'NONE', #1906, #1247 ) ;
#2290 = CARTESIAN_POINT ( 'NONE',  ( -1.517683769473136000, 0.5499999999999886100, 0.5701095195372604100 ) ) ;
#2291 = EDGE_CURVE ( 'NONE', #3725, #3490, #2587, .T. ) ;
#2292 = CARTESIAN_POINT ( 'NONE',  ( 1.149999999999999000, 0.2999999999999824500, -9.757819552369539900E-016 ) ) ;
#2293 = CARTESIAN_POINT ( 'NONE',  ( -4.150000000000000400, 0.9625000000000022400, -1.520594364034992400 ) ) ;
#2294 = VECTOR ( 'NONE', #1742, 1000.000000000000000 ) ;
#2295 = ORIENTED_EDGE ( 'NONE', *, *, #980, .T. ) ;
#2296 = DIRECTION ( 'NONE',  ( -0.0000000000000000000, -2.891205793294683700E-015, 1.000000000000000000 ) ) ;
#2297 = CARTESIAN_POINT ( 'NONE',  ( 8.673617379884037400E-016, 0.9499999999999817500, 1.399999999999999200 ) ) ;
#2298 = FACE_OUTER_BOUND ( 'NONE', #4091, .T. ) ;
#2299 = EDGE_LOOP ( 'NONE', ( #2099, #2804, #3916, #3541 ) ) ;
#2300 = DIRECTION ( 'NONE',  ( 1.000000000000000000, -3.252606517456511700E-015, 4.624620637704978100E-016 ) ) ;
#2301 = PLANE ( 'NONE',  #756 ) ;
#2302 = CARTESIAN_POINT ( 'NONE',  ( 3.450000000000002400, 0.2999999999999741200, 0.5999999999999988700 ) ) ;
#2303 = VECTOR ( 'NONE', #1100, 1000.000000000000000 ) ;
#2304 = ORIENTED_EDGE ( 'NONE', *, *, #2001, .F. ) ;
#2305 = CARTESIAN_POINT ( 'NONE',  ( -1.499999999999998700, 0.6500000000000020200, -4.149999999999989700 ) ) ;
#2306 = DIRECTION ( 'NONE',  ( 0.0000000000000000000, 2.891205793294679000E-015, -1.000000000000000000 ) ) ;
#2307 = CARTESIAN_POINT ( 'NONE',  ( 1.400000000000002800, 0.5499999999999818400, -9.757819552369539900E-016 ) ) ;
#2308 = ORIENTED_EDGE ( 'NONE', *, *, #3782, .T. ) ;
#2309 = DIRECTION ( 'NONE',  ( 0.0000000000000000000, -2.891205793294683700E-015, 1.000000000000000000 ) ) ;
#2310 = EDGE_CURVE ( 'NONE', #555, #1680, #3813, .T. ) ;
#2311 = ORIENTED_EDGE ( 'NONE', *, *, #3713, .F. ) ;
#2312 = ORIENTED_EDGE ( 'NONE', *, *, #2770, .F. ) ;
#2313 = SURFACE_SIDE_STYLE ('',( #1271 ) ) ;
#2314 = ORIENTED_EDGE ( 'NONE', *, *, #3739, .T. ) ;
#2315 = CARTESIAN_POINT ( 'NONE',  ( 3.875000000041117300, 1.831421054793572100, 2.493664996716660200E-015 ) ) ;
#2316 = VERTEX_POINT ( 'NONE', #2911 ) ;
#2317 = EDGE_CURVE ( 'NONE', #439, #1722, #52, .T. ) ;
#2318 = CARTESIAN_POINT ( 'NONE',  ( -3.344055226570775500, -2.710505431213761100E-015, -0.6063093353078373700 ) ) ;
#2319 = CARTESIAN_POINT ( 'NONE',  ( -1.899999999999999700, 0.3580639549812274500, 0.4999999999999994400 ) ) ;
#2320 = ORIENTED_EDGE ( 'NONE', *, *, #2419, .T. ) ;
#2321 = DIRECTION ( 'NONE',  ( -2.891205793294683700E-015, -1.000000000000000000, -2.891205793294683700E-015 ) ) ;
#2322 = AXIS2_PLACEMENT_3D ( 'NONE', #527, #1781, #846 ) ;
#2323 = EDGE_LOOP ( 'NONE', ( #381, #2702, #371, #2795, #214 ) ) ;
#2324 = DIRECTION ( 'NONE',  ( -1.000000000000000000, 2.891205793294683700E-015, 8.359070939180741200E-030 ) ) ;
#2325 = PLANE ( 'NONE',  #285 ) ;
#2326 = DIRECTION ( 'NONE',  ( -4.624620637705054000E-016, -2.891205793294682600E-015, 1.000000000000000000 ) ) ;
#2327 = AXIS2_PLACEMENT_3D ( 'NONE', #1341, #2959, #3542 ) ;
#2328 = CARTESIAN_POINT ( 'NONE',  ( -3.550000000000000300, 0.2999999999999989300, -1.000000000000001800 ) ) ;
#2329 = ADVANCED_FACE ( 'NONE', ( #353 ), #389, .F. ) ;
#2330 = LINE ( 'NONE', #1082, #3918 ) ;
#2331 = ORIENTED_EDGE ( 'NONE', *, *, #2108, .T. ) ;
#2332 = AXIS2_PLACEMENT_3D ( 'NONE', #3007, #435, #751 ) ;
#2333 = CARTESIAN_POINT ( 'NONE',  ( 3.209238430557093100E-014, 11.69999999999998700, 3.024924061234557400E-014 ) ) ;
#2334 = VECTOR ( 'NONE', #3239, 1000.000000000000200 ) ;
#2335 = LINE ( 'NONE', #1594, #397 ) ;
#2336 = ORIENTED_EDGE ( 'NONE', *, *, #110, .T. ) ;
#2337 = DIRECTION ( 'NONE',  ( 1.000000000000000000, -2.891205793294683700E-015, 1.530808498933355200E-017 ) ) ;
#2338 = EDGE_CURVE ( 'NONE', #2034, #2044, #3626, .T. ) ;
#2339 = FACE_OUTER_BOUND ( 'NONE', #2541, .T. ) ;
#2340 = ORIENTED_EDGE ( 'NONE', *, *, #2491, .T. ) ;
#2341 = ORIENTED_EDGE ( 'NONE', *, *, #3341, .F. ) ;
#2342 = EDGE_CURVE ( 'NONE', #3880, #531, #651, .T. ) ;
#2343 = CARTESIAN_POINT ( 'NONE',  ( -2.320109519537260300, 0.5499999999999933800, -0.2323162305268657300 ) ) ;
#2344 = CARTESIAN_POINT ( 'NONE',  ( -1.499999999999998700, 0.7000000000000017300, -3.681144261968247300 ) ) ;
#2345 = ADVANCED_FACE ( 'NONE', ( #3929 ), #1302, .F. ) ;
#2346 = CYLINDRICAL_SURFACE ( 'NONE', #3275, 0.09999999999999982500 ) ;
#2347 = CARTESIAN_POINT ( 'NONE',  ( 4.336808689942017700E-015, 1.658215974080621900, 2.493664996716660200E-015 ) ) ;
#2348 = ORIENTED_EDGE ( 'NONE', *, *, #2717, .T. ) ;
#2349 = AXIS2_PLACEMENT_3D ( 'NONE', #685, #3563, #2879 ) ;
#2350 = CARTESIAN_POINT ( 'NONE',  ( 3.544320611599449200, 1.649999999999970600, 1.800032280943076900 ) ) ;
#2351 = CIRCLE ( 'NONE', #3991, 0.09999999999999982500 ) ;
#2352 = VERTEX_POINT ( 'NONE', #2625 ) ;
#2353 = CARTESIAN_POINT ( 'NONE',  ( -3.465779790457821400, 0.9999999999999985600, -1.977254243756033900 ) ) ;
#2354 = AXIS2_PLACEMENT_3D ( 'NONE', #2355, #1412, #1391 ) ;
#2355 = CARTESIAN_POINT ( 'NONE',  ( 1.399999999999999200, 0.6499999999999698200, 4.149999999999994100 ) ) ;
#2356 = CARTESIAN_POINT ( 'NONE',  ( 1.999999999999999100, 0.2999999999999781200, 0.4999999999999994400 ) ) ;
#2357 = ORIENTED_EDGE ( 'NONE', *, *, #530, .T. ) ;
#2358 = PRODUCT_DEFINITION_CONTEXT ( 'detailed design', #2593, 'design' ) ;
#2359 = DIRECTION ( 'NONE',  ( -0.0000000000000000000, 2.891205793294683700E-015, -1.000000000000000000 ) ) ;
#2360 = VECTOR ( 'NONE', #2450, 1000.000000000000000 ) ;
#2361 = EDGE_LOOP ( 'NONE', ( #892, #2170, #952, #1501 ) ) ;
#2362 = CARTESIAN_POINT ( 'NONE',  ( -2.186245688813565700, 0.5499999999999933800, -0.4362456888135679600 ) ) ;
#2363 = EDGE_CURVE ( 'NONE', #3377, #1471, #3370, .T. ) ;
#2364 = CARTESIAN_POINT ( 'NONE',  ( 1.800025144070347000, 1.649999999999991300, -3.544271395952439900 ) ) ;
#2365 = ORIENTED_EDGE ( 'NONE', *, *, #3126, .T. ) ;
#2366 = PLANE ( 'NONE',  #2278 ) ;
#2367 = ORIENTED_EDGE ( 'NONE', *, *, #1426, .F. ) ;
#2368 = CARTESIAN_POINT ( 'NONE',  ( -3.750000000043133100, 2.596410161533490200, 5.963111948670274400E-015 ) ) ;
#2369 = CARTESIAN_POINT ( 'NONE',  ( 7.806255641895631900E-015, 2.683012701889213600, 5.963111948670274400E-015 ) ) ;
#2370 = ORIENTED_EDGE ( 'NONE', *, *, #2342, .T. ) ;
#2371 = EDGE_CURVE ( 'NONE', #3544, #3505, #1411, .T. ) ;
#2372 = CARTESIAN_POINT ( 'NONE',  ( -1.982316230526865300, 0.5499999999999933800, -0.5701095195372606300 ) ) ;
#2373 = DIRECTION ( 'NONE',  ( 1.000000000000000000, -2.696049402247293000E-015, -7.794833650786041800E-030 ) ) ;
#2374 = B_SPLINE_CURVE_WITH_KNOTS ( 'NONE', 2,
 ( #2350, #1396, #2660, #1076, #3944, #2509, #11 ),
 .UNSPECIFIED., .F., .F.,
 ( 3, 2, 2, 3 ),
 ( -0.002204143126214186200, -0.001671393958208456300, -0.0004533531452748209100, 0.0003118567806396741100 ),
 .UNSPECIFIED. ) ;
#2375 = AXIS2_PLACEMENT_3D ( 'NONE', #2175, #287, #3733 ) ;
#2376 = CARTESIAN_POINT ( 'NONE',  ( 4.150000000000002100, 0.2999999999999858300, -4.150000000000002100 ) ) ;
#2377 = VECTOR ( 'NONE', #850, 1000.000000000000000 ) ;
#2378 = DIRECTION ( 'NONE',  ( -4.624620637705054000E-016, -2.891205793294682600E-015, 1.000000000000000000 ) ) ;
#2379 = LINE ( 'NONE', #4063, #3710 ) ;
#2380 = ORIENTED_EDGE ( 'NONE', *, *, #347, .F. ) ;
#2381 = STYLED_ITEM ( 'NONE', ( #2738 ), #2787 ) ;
#2382 = CYLINDRICAL_SURFACE ( 'NONE', #3866, 0.09999999999999982500 ) ;
#2383 = PLANE ( 'NONE',  #1672 ) ;
#2384 = CARTESIAN_POINT ( 'NONE',  ( 4.150000000000002100, -2.612927235690065700E-014, -2.710505431213761100E-015 ) ) ;
#2385 = CARTESIAN_POINT ( 'NONE',  ( -2.186245688813565700, 0.2999999999999902700, 0.4362456888135660100 ) ) ;
#2386 = LINE ( 'NONE', #2005, #2635 ) ;
#2387 = CARTESIAN_POINT ( 'NONE',  ( -1.149999999999999000, 0.5499999999999891600, -9.757819552369539900E-016 ) ) ;
#2388 = DIRECTION ( 'NONE',  ( 2.891205793294683700E-015, 1.000000000000000000, 2.891205793294683700E-015 ) ) ;
#2389 = LINE ( 'NONE', #3453, #3375 ) ;
#2390 = ORIENTED_EDGE ( 'NONE', *, *, #743, .T. ) ;
#2391 = DIRECTION ( 'NONE',  ( -1.000000000000000000, 2.891205793294683700E-015, 8.359070939180741200E-030 ) ) ;
#2392 = EDGE_CURVE ( 'NONE', #2082, #3189, #3084, .T. ) ;
#2393 = VECTOR ( 'NONE', #2022, 1000.000000000000000 ) ;
#2394 = VERTEX_POINT ( 'NONE', #3965 ) ;
#2395 = CARTESIAN_POINT ( 'NONE',  ( 2.000000000000002700, 0.3999999999999812000, -0.5000000000000014400 ) ) ;
#2396 = EDGE_CURVE ( 'NONE', #601, #3377, #2743, .T. ) ;
#2397 = VECTOR ( 'NONE', #1719, 1000.000000000000000 ) ;
#2398 = CARTESIAN_POINT ( 'NONE',  ( -1.899999999999999700, 0.3999999999999924700, -0.5000000000000014400 ) ) ;
#2399 = ORIENTED_EDGE ( 'NONE', *, *, #503, .T. ) ;
#2400 = CARTESIAN_POINT ( 'NONE',  ( 1.800025144070347000, 1.649999999999991300, -3.544271395952439900 ) ) ;
#2401 = DIRECTION ( 'NONE',  ( 4.624620637705054000E-016, -2.891205793294684900E-015, 1.000000000000000000 ) ) ;
#2402 = AXIS2_PLACEMENT_3D ( 'NONE', #2333, #86, #3270 ) ;
#2403 = DIRECTION ( 'NONE',  ( -0.9982314195052755000, 3.057968096906440800E-015, -0.05944773429225551400 ) ) ;
#2404 = ORIENTED_EDGE ( 'NONE', *, *, #3394, .F. ) ;
#2405 = PRESENTATION_STYLE_ASSIGNMENT (( #1683 ) ) ;
#2406 = DIRECTION ( 'NONE',  ( 1.000000000000000000, 0.0000000000000000000, -1.224646799147583200E-016 ) ) ;
#2407 = ORIENTED_EDGE ( 'NONE', *, *, #782, .T. ) ;
#2408 = PRODUCT_DEFINITION_FORMATION_WITH_SPECIFIED_SOURCE ( 'ANY', '', #488, .NOT_KNOWN. ) ;
#2409 = CARTESIAN_POINT ( 'NONE',  ( 3.688409915948768900, 0.9922536100281310600, -1.482529394397362800 ) ) ;
#2410 = LINE ( 'NONE', #752, #3297 ) ;
#2411 = ORIENTED_EDGE ( 'NONE', *, *, #1167, .F. ) ;
#2412 = ORIENTED_EDGE ( 'NONE', *, *, #883, .T. ) ;
#2413 = DIRECTION ( 'NONE',  ( 4.624620637705054000E-016, 2.891205793294682600E-015, -1.000000000000000000 ) ) ;
#2414 = DIRECTION ( 'NONE',  ( 1.000000000000000000, -3.614007241618349200E-015, 0.0000000000000000000 ) ) ;
#2415 = ORIENTED_EDGE ( 'NONE', *, *, #581, .F. ) ;
#2416 = CARTESIAN_POINT ( 'NONE',  ( -1.179890480462739300, 0.2999999999999899400, -0.2323162305268657000 ) ) ;
#2417 = EDGE_CURVE ( 'NONE', #2602, #2999, #449, .T. ) ;
#2418 = ORIENTED_EDGE ( 'NONE', *, *, #3804, .T. ) ;
#2419 = EDGE_CURVE ( 'NONE', #3052, #837, #255, .T. ) ;
#2420 = ORIENTED_EDGE ( 'NONE', *, *, #2062, .T. ) ;
#2421 = CARTESIAN_POINT ( 'NONE',  ( 3.686118537355413100, 1.002903429491607000, -1.488215152022483300 ) ) ;
#2422 = DIRECTION ( 'NONE',  ( -2.891205793294683700E-015, -1.000000000000000000, -2.891205793294683700E-015 ) ) ;
#2423 = CARTESIAN_POINT ( 'NONE',  ( -1.150000000000000800, 0.2999999999999883300, 0.07536880949310279000 ) ) ;
#2424 = CYLINDRICAL_SURFACE ( 'NONE', #494, 0.5000000000000000000 ) ;
#2425 = STYLED_ITEM ( 'NONE', ( #15 ), #1059 ) ;
#2426 = CARTESIAN_POINT ( 'NONE',  ( -3.999999999999992500, 2.856217782649103300, 5.963111948670274400E-015 ) ) ;
#2427 = CARTESIAN_POINT ( 'NONE',  ( -3.974604740117228600, 0.5499999999999972700, 4.455913574826896700E-005 ) ) ;
#2428 = ORIENTED_EDGE ( 'NONE', *, *, #3079, .T. ) ;
#2429 = DIRECTION ( 'NONE',  ( 1.000000000000000000, -2.891205793294684500E-015, 3.097720492815642900E-016 ) ) ;
#2430 = AXIS2_PLACEMENT_3D ( 'NONE', #3911, #1090, #3014 ) ;
#2431 = LINE ( 'NONE', #2019, #4013 ) ;
#2432 = ORIENTED_EDGE ( 'NONE', *, *, #1230, .T. ) ;
#2433 = CARTESIAN_POINT ( 'NONE',  ( -1.536648504475541600, 0.8637159589514223900, 3.666545509057884000 ) ) ;
#2434 = CYLINDRICAL_SURFACE ( 'NONE', #918, 0.7000000000000000700 ) ;
#2435 = ORIENTED_EDGE ( 'NONE', *, *, #1520, .F. ) ;
#2436 = CARTESIAN_POINT ( 'NONE',  ( -1.149999999999999000, 0.4249999999999891600, -9.757819552369539900E-016 ) ) ;
#2437 = DIRECTION ( 'NONE',  ( 2.891205793294683700E-015, 1.000000000000000000, 2.891205793294683700E-015 ) ) ;
#2438 = EDGE_CURVE ( 'NONE', #474, #3093, #2989, .T. ) ;
#2439 = TOROIDAL_SURFACE ( 'NONE', #467, 3.950000000000000200, 0.3999999999999999700 ) ;
#2440 = EDGE_LOOP ( 'NONE', ( #1122, #3905, #1318, #3689 ) ) ;
#2441 = CARTESIAN_POINT ( 'NONE',  ( 2.186245688813565700, 0.2999999999999784000, 0.4362456888135642900 ) ) ;
#2442 = VECTOR ( 'NONE', #1436, 1000.000000000000100 ) ;
#2443 = ORIENTED_EDGE ( 'NONE', *, *, #1368, .F. ) ;
#2444 = EDGE_CURVE ( 'NONE', #426, #3059, #1251, .T. ) ;
#2445 = DIRECTION ( 'NONE',  ( 2.891205793294683700E-015, 1.000000000000000000, 2.891205793294683700E-015 ) ) ;
#2446 = FACE_OUTER_BOUND ( 'NONE', #536, .T. ) ;
#2447 = ORIENTED_EDGE ( 'NONE', *, *, #1423, .T. ) ;
#2448 = CARTESIAN_POINT ( 'NONE',  ( -1.800025144070338300, 0.9999999999999817900, 3.544271395952446100 ) ) ;
#2449 = AXIS2_PLACEMENT_3D ( 'NONE', #425, #1704, #468 ) ;
#2450 = DIRECTION ( 'NONE',  ( -2.891205793294683700E-015, -1.000000000000000000, -2.891205793294683700E-015 ) ) ;
#2451 = ORIENTED_EDGE ( 'NONE', *, *, #3110, .T. ) ;
#2452 = CARTESIAN_POINT ( 'NONE',  ( 1.517683769473137800, 0.5499999999999798400, 0.5701095195372586400 ) ) ;
#2453 = DIRECTION ( 'NONE',  ( 4.624620637705054000E-016, -2.891205793294684900E-015, 1.000000000000000000 ) ) ;
#2454 = EDGE_LOOP ( 'NONE', ( #1253, #3047, #403, #314 ) ) ;
#2455 = ADVANCED_FACE ( 'NONE', ( #2339 ), #253, .F. ) ;
#2456 = AXIS2_PLACEMENT_3D ( 'NONE', #3387, #3078, #2176 ) ;
#2457 = CARTESIAN_POINT ( 'NONE',  ( 1.313754311186432000, 0.2999999999999808900, 0.4362456888135642900 ) ) ;
#2458 = ORIENTED_EDGE ( 'NONE', *, *, #2417, .T. ) ;
#2459 = DIRECTION ( 'NONE',  ( -1.000000000000000000, 3.252606517456511700E-015, 4.624620637705131900E-016 ) ) ;
#2460 = ORIENTED_EDGE ( 'NONE', *, *, #2699, .F. ) ;
#2461 = ORIENTED_EDGE ( 'NONE', *, *, #174, .T. ) ;
#2462 = CARTESIAN_POINT ( 'NONE',  ( 3.161762935586633500, 1.649999999999982100, -2.416452509542837300 ) ) ;
#2463 = DIRECTION ( 'NONE',  ( 3.097720492815726700E-016, 2.891205793294683000E-015, -1.000000000000000000 ) ) ;
#2464 = ORIENTED_EDGE ( 'NONE', *, *, #404, .F. ) ;
#2465 = CARTESIAN_POINT ( 'NONE',  ( 1.953687949456850000, 1.661000000000049100, 3.511938611729543700 ) ) ;
#2466 = CARTESIAN_POINT ( 'NONE',  ( -4.150000000000002100, 7.589415207398531000E-016, -1.000000000000001800 ) ) ;
#2467 = EDGE_CURVE ( 'NONE', #119, #210, #3718, .T. ) ;
#2468 = DIRECTION ( 'NONE',  ( -1.000000000000000000, 2.891205793294683700E-015, 8.359070939180741200E-030 ) ) ;
#2469 = VECTOR ( 'NONE', #2135, 1000.000000000000000 ) ;
#2470 = ORIENTED_EDGE ( 'NONE', *, *, #3394, .T. ) ;
#2471 = EDGE_CURVE ( 'NONE', #914, #3052, #3324, .T. ) ;
#2472 = CARTESIAN_POINT ( 'NONE',  ( 1.899999999999999700, 0.3580639549812164600, 0.4999999999999994400 ) ) ;
#2473 = VECTOR ( 'NONE', #259, 1000.000000000000000 ) ;
#2474 = ADVANCED_FACE ( 'NONE', ( #402 ), #2694, .F. ) ;
#2475 = CARTESIAN_POINT ( 'NONE',  ( 1.600000000000032700, 11.89999999999997200, 3.446737587922849200 ) ) ;
#2476 = CARTESIAN_POINT ( 'NONE',  ( -1.150000000000000800, 0.2999999999999888300, -0.07536880949310473300 ) ) ;
#2477 = CARTESIAN_POINT ( 'NONE',  ( 3.650000000000004800, 1.649999999999987500, -4.149999999999998600 ) ) ;
#2478 = LINE ( 'NONE', #3494, #160 ) ;
#2479 = ORIENTED_EDGE ( 'NONE', *, *, #2910, .F. ) ;
#2480 = AXIS2_PLACEMENT_3D ( 'NONE', #1825, #3712, #2167 ) ;
#2481 = DIRECTION ( 'NONE',  ( -4.624620637705054000E-016, -2.891205793294682600E-015, 1.000000000000000000 ) ) ;
#2482 = CIRCLE ( 'NONE', #1104, 0.4000000000000001900 ) ;
#2483 = ORIENTED_EDGE ( 'NONE', *, *, #2242, .T. ) ;
#2484 = CARTESIAN_POINT ( 'NONE',  ( -1.499999999999972700, 9.712777972610073400, 3.681117357542433400 ) ) ;
#2485 = VECTOR ( 'NONE', #1992, 1000.000000000000000 ) ;
#2486 = ORIENTED_EDGE ( 'NONE', *, *, #1709, .T. ) ;
#2487 = CARTESIAN_POINT ( 'NONE',  ( 1.800000000669721700, 1.649999999999968800, 4.149999999999997700 ) ) ;
#2488 = VECTOR ( 'NONE', #2673, 1000.000000000000000 ) ;
#2489 = DIRECTION ( 'NONE',  ( 1.000000000000000000, -3.252606517456511700E-015, 0.0000000000000000000 ) ) ;
#2490 = VERTEX_POINT ( 'NONE', #812 ) ;
#2491 = EDGE_CURVE ( 'NONE', #1925, #2130, #1895, .T. ) ;
#2492 = DIRECTION ( 'NONE',  ( -0.0000000000000000000, 2.891205793294683700E-015, -1.000000000000000000 ) ) ;
#2493 = CARTESIAN_POINT ( 'NONE',  ( -1.313754311186433600, 0.5499999999999883900, 0.4362456888135660100 ) ) ;
#2494 = DIRECTION ( 'NONE',  ( 1.224646799147353700E-016, -2.891205793294684500E-015, 1.000000000000000000 ) ) ;
#2495 = FACE_OUTER_BOUND ( 'NONE', #2440, .T. ) ;
#2496 = ORIENTED_EDGE ( 'NONE', *, *, #1039, .T. ) ;
#2497 = ADVANCED_FACE ( 'NONE', ( #3576 ), #1842, .T. ) ;
#2498 = B_SPLINE_CURVE_WITH_KNOTS ( 'NONE', 2,
 ( #591, #2201, #3479, #2861, #3526 ),
 .UNSPECIFIED., .F., .F.,
 ( 3, 2, 3 ),
 ( 0.0000000000000000000, 7.830626321863017900E-005, 0.0001566125264372603600 ),
 .UNSPECIFIED. ) ;
#2499 = EDGE_CURVE ( 'NONE', #1712, #3657, #2840, .T. ) ;
#2500 = PLANE ( 'NONE',  #1050 ) ;
#2501 = EDGE_LOOP ( 'NONE', ( #2496, #1124, #3227, #2380 ) ) ;
#2502 = CIRCLE ( 'NONE', #2097, 0.09999999999999982500 ) ;
#2503 = AXIS2_PLACEMENT_3D ( 'NONE', #3167, #1902, #3495 ) ;
#2504 = CARTESIAN_POINT ( 'NONE',  ( -1.313754311186433600, 0.2999999999999903300, -0.4362456888135679600 ) ) ;
#2505 = ORIENTED_EDGE ( 'NONE', *, *, #3043, .T. ) ;
#2506 = DIRECTION ( 'NONE',  ( -2.891205793294683700E-015, -1.000000000000000000, -2.891205793294683700E-015 ) ) ;
#2507 = VECTOR ( 'NONE', #1482, 1000.000000000000000 ) ;
#2508 = CARTESIAN_POINT ( 'NONE',  ( -2.423122109179570500, 1.000000000000002700, -3.151048118325889800 ) ) ;
#2509 = CARTESIAN_POINT ( 'NONE',  ( 2.128209430746417200, 1.649999999999969900, 3.377770396256409800 ) ) ;
#2510 = ORIENTED_EDGE ( 'NONE', *, *, #695, .T. ) ;
#2511 = AXIS2_PLACEMENT_3D ( 'NONE', #414, #1994, #3586 ) ;
#2512 = CARTESIAN_POINT ( 'NONE',  ( -3.450000000000000600, -4.228388472693467300E-015, -2.710505431213761100E-015 ) ) ;
#2513 = VERTEX_POINT ( 'NONE', #3031 ) ;
#2514 = DIRECTION ( 'NONE',  ( 2.891205793294683700E-015, 1.000000000000000000, 2.891205793294683700E-015 ) ) ;
#2515 = EDGE_LOOP ( 'NONE', ( #1758, #109, #3199, #3442 ) ) ;
#2516 = CARTESIAN_POINT ( 'NONE',  ( -1.480680392674296600, 0.5909180718161323200, 3.688950637266314100 ) ) ;
#2517 = ADVANCED_FACE ( 'NONE', ( #1097 ), #3048, .T. ) ;
#2518 = EDGE_CURVE ( 'NONE', #2747, #3059, #3521, .T. ) ;
#2519 = CARTESIAN_POINT ( 'NONE',  ( 4.150000000000008300, 1.349999999999978300, -1.499999999999998700 ) ) ;
#2520 = CARTESIAN_POINT ( 'NONE',  ( 3.681316888052931000, 1.049999999999971600, 1.500000000000000400 ) ) ;
#2521 = CIRCLE ( 'NONE', #3335, 0.2000000000000005100 ) ;
#2522 = ORIENTED_EDGE ( 'NONE', *, *, #3086, .T. ) ;
#2523 = CARTESIAN_POINT ( 'NONE',  ( -2.915559687887050000, 0.5499999999999862800, 2.772264698260163300 ) ) ;
#2524 = CARTESIAN_POINT ( 'NONE',  ( -1.313754311186433600, 0.2999999999999884400, 0.4362456888135660100 ) ) ;
#2525 = DIRECTION ( 'NONE',  ( 1.000000000000000000, -3.252606517456511700E-015, -7.703719777548939200E-030 ) ) ;
#2526 = EDGE_CURVE ( 'NONE', #1861, #178, #2539, .T. ) ;
#2527 = LINE ( 'NONE', #1473, #2138 ) ;
#2528 = DIRECTION ( 'NONE',  ( 1.000000000000000000, -2.891205793294684100E-015, 1.119571596451601500E-016 ) ) ;
#2529 = FACE_OUTER_BOUND ( 'NONE', #3546, .T. ) ;
#2530 = AXIS2_PLACEMENT_3D ( 'NONE', #1618, #2261, #3810 ) ;
#2531 = DIRECTION ( 'NONE',  ( 1.000000000000000000, -2.891205793294678600E-015, -8.382034726515516200E-030 ) ) ;
#2532 = CARTESIAN_POINT ( 'NONE',  ( -1.409616547324487000, 0.5499999999999790600, 3.716680207321167600 ) ) ;
#2533 = VECTOR ( 'NONE', #2652, 1000.000000000000000 ) ;
#2534 = ORIENTED_EDGE ( 'NONE', *, *, #611, .F. ) ;
#2535 = CARTESIAN_POINT ( 'NONE',  ( 3.449999999999999300, -2.417770844642674900E-014, -2.710505431213761100E-015 ) ) ;
#2536 = CARTESIAN_POINT ( 'NONE',  ( 3.694689273346535100, 0.9747832912860817700, 1.466713959051788100 ) ) ;
#2537 = AXIS2_PLACEMENT_3D ( 'NONE', #185, #1778, #3200 ) ;
#2538 = CARTESIAN_POINT ( 'NONE',  ( -3.450000000000000600, 0.2999999999999983800, -0.9000000000000024600 ) ) ;
#2539 = LINE ( 'NONE', #1494, #2105 ) ;
#2540 = CARTESIAN_POINT ( 'NONE',  ( 1.800000000000003800, 1.349999999999968300, 4.149999999999995900 ) ) ;
#2541 = EDGE_LOOP ( 'NONE', ( #1764, #3856, #272, #658 ) ) ;
#2542 = CARTESIAN_POINT ( 'NONE',  ( 3.449999999999999300, -2.677979366039196000E-014, 0.8999999999999970200 ) ) ;
#2543 = ADVANCED_FACE ( 'NONE', ( #1001 ), #502, .F. ) ;
#2544 = VECTOR ( 'NONE', #1980, 1000.000000000000000 ) ;
#2545 = CLOSED_SHELL ( 'NONE', ( #2157, #2329, #896, #254, #2835, #276, #3445, #100, #3611, #3774 ) ) ;
#2546 = CARTESIAN_POINT ( 'NONE',  ( 2.350000000000002300, 0.5499999999999790600, -9.757819552369539900E-016 ) ) ;
#2547 = VECTOR ( 'NONE', #2429, 1000.000000000000000 ) ;
#2548 = VERTEX_POINT ( 'NONE', #3675 ) ;
#2549 = CARTESIAN_POINT ( 'NONE',  ( -1.953687949456844700, 0.5500000000000016000, -3.511938611729541900 ) ) ;
#2550 = VERTEX_POINT ( 'NONE', #2716 ) ;
#2551 = EDGE_CURVE ( 'NONE', #3012, #2316, #1043, .T. ) ;
#2552 = EDGE_LOOP ( 'NONE', ( #420, #3395, #2568, #478, #1802, #978, #1107, #2616, #1715, #2483, #3448, #63 ) ) ;
#2553 = APPLICATION_PROTOCOL_DEFINITION ( 'draft international standard', 'automotive_design', 1998, #386 ) ;
#2554 = CARTESIAN_POINT ( 'NONE',  ( -3.672832562714080300, 0.9624999999999450700, 1.520615939849679200 ) ) ;
#2555 = VECTOR ( 'NONE', #3879, 1000.000000000000000 ) ;
#2556 = B_SPLINE_CURVE_WITH_KNOTS ( 'NONE', 3,
 ( #1665, #1298, #364, #3518, #349, #3503, #2573, #669, #1624, #73, #1332, #3201, #1638, #2585, #1997, #3836 ),
 .UNSPECIFIED., .F., .F.,
 ( 4, 3, 3, 3, 3, 4 ),
 ( 0.0000000000000000000, 3.802301141562324000E-005, 7.611075619444368000E-005, 0.0001130323475983542200, 0.0001473462318054942600, 0.0001619983477328923200 ),
 .UNSPECIFIED. ) ;
#2557 = VERTEX_POINT ( 'NONE', #1474 ) ;
#2558 = EDGE_CURVE ( 'NONE', #3006, #2070, #2642, .T. ) ;
#2559 = CARTESIAN_POINT ( 'NONE',  ( 1.750000000000002400, 0.2999999999999807300, -9.757819552369539900E-016 ) ) ;
#2560 = ORIENTED_EDGE ( 'NONE', *, *, #1426, .T. ) ;
#2561 = ORIENTED_EDGE ( 'NONE', *, *, #1789, .F. ) ;
#2562 = CARTESIAN_POINT ( 'NONE',  ( 3.681316888052934600, 1.349999999999971000, 1.500000000000002200 ) ) ;
#2563 = VERTEX_POINT ( 'NONE', #3390 ) ;
#2564 = CARTESIAN_POINT ( 'NONE',  ( 3.802569123242175700, 0.9499999999999715300, 1.158055725328120100 ) ) ;
#2565 = CARTESIAN_POINT ( 'NONE',  ( -1.500000000000000400, 0.6500000000000008000, -3.681144261968247300 ) ) ;
#2566 = ORIENTED_EDGE ( 'NONE', *, *, #932, .T. ) ;
#2567 = CARTESIAN_POINT ( 'NONE',  ( 2.602085213965210600E-015, 0.9999999999999859000, 7.589415207398531000E-016 ) ) ;
#2568 = ORIENTED_EDGE ( 'NONE', *, *, #20, .T. ) ;
#2569 = SURFACE_STYLE_USAGE ( .BOTH. , #1948 ) ;
#2570 = DIRECTION ( 'NONE',  ( -1.000000000000000000, 2.891205793294683700E-015, 8.359070939180741200E-030 ) ) ;
#2571 = ORIENTED_EDGE ( 'NONE', *, *, #1476, .F. ) ;
#2572 = AXIS2_PLACEMENT_3D ( 'NONE', #1294, #660, #676 ) ;
#2573 = CARTESIAN_POINT ( 'NONE',  ( 1.465983806609076000, 0.5748592170297602800, 3.694808306542096200 ) ) ;
#2574 = ORIENTED_EDGE ( 'NONE', *, *, #3062, .T. ) ;
#2575 = CARTESIAN_POINT ( 'NONE',  ( -1.488213707717339200, 0.6029007243074847600, -3.685919505786686900 ) ) ;
#2576 = CARTESIAN_POINT ( 'NONE',  ( 3.666724833753483900, 1.513736416892485200, 1.536659408556908300 ) ) ;
#2577 = DIRECTION ( 'NONE',  ( -2.090028284309406700E-016, 2.891205793294684500E-015, -1.000000000000000000 ) ) ;
#2578 = EDGE_CURVE ( 'NONE', #2851, #1751, #2641, .T. ) ;
#2579 = CARTESIAN_POINT ( 'NONE',  ( 1.999999999999999100, -1.875669758399922700E-014, -0.5000000000000031100 ) ) ;
#2580 = CARTESIAN_POINT ( 'NONE',  ( -3.268457204859807500, 0.5500000000000018200, -2.262258274379830100 ) ) ;
#2581 = LINE ( 'NONE', #2930, #3663 ) ;
#2582 = ORIENTED_EDGE ( 'NONE', *, *, #2613, .T. ) ;
#2583 = EDGE_CURVE ( 'NONE', #3666, #2557, #3469, .T. ) ;
#2584 = CARTESIAN_POINT ( 'NONE',  ( 1.982316230526867100, 0.2999999999999784500, 0.5701095195372586400 ) ) ;
#2585 = CARTESIAN_POINT ( 'NONE',  ( 1.499630022917166200, 0.6400875409064591400, 3.681294903238978100 ) ) ;
#2586 = CARTESIAN_POINT ( 'NONE',  ( -3.450000000000000600, 0.2999999999999986000, -1.000000000000001800 ) ) ;
#2587 = LINE ( 'NONE', #3565, #754 ) ;
#2588 = CARTESIAN_POINT ( 'NONE',  ( 3.974999999999999200, 0.5499999999999744000, -9.757819552120474800E-016 ) ) ;
#2589 = LINE ( 'NONE', #3863, #1658 ) ;
#2590 = CARTESIAN_POINT ( 'NONE',  ( -4.149999999999998600, 1.000000000000010700, -4.150000000000000400 ) ) ;
#2591 = ORIENTED_EDGE ( 'NONE', *, *, #2285, .F. ) ;
#2592 = AXIS2_PLACEMENT_3D ( 'NONE', #2395, #497, #2724 ) ;
#2593 = APPLICATION_CONTEXT ( 'automotive_design' ) ;
#2594 = VECTOR ( 'NONE', #3748, 1000.000000000000000 ) ;
#2595 = ORIENTED_EDGE ( 'NONE', *, *, #452, .T. ) ;
#2596 = ADVANCED_FACE ( 'NONE', ( #1051 ), #2434, .F. ) ;
#2597 = VECTOR ( 'NONE', #3688, 1000.000000000000000 ) ;
#2598 = VERTEX_POINT ( 'NONE', #3108 ) ;
#2599 = SURFACE_STYLE_USAGE ( .BOTH. , #1988 ) ;
#2600 = PRESENTATION_STYLE_ASSIGNMENT (( #2918 ) ) ;
#2601 = PLANE ( 'NONE',  #2572 ) ;
#2602 = VERTEX_POINT ( 'NONE', #3759 ) ;
#2603 = CARTESIAN_POINT ( 'NONE',  ( 1.500000000000002200, 0.6499999999999917000, -3.681146824039681000 ) ) ;
#2604 = EDGE_CURVE ( 'NONE', #4050, #3880, #3278, .T. ) ;
#2605 = VECTOR ( 'NONE', #8, 1000.000000000000000 ) ;
#2606 = CARTESIAN_POINT ( 'NONE',  ( -2.349999999999998800, 0.2999999999999926600, -9.757819552369539900E-016 ) ) ;
#2607 = SURFACE_STYLE_USAGE ( .BOTH. , #2622 ) ;
#2608 = CARTESIAN_POINT ( 'NONE',  ( 1.517683769473137800, 0.5499999999999798400, 0.5701095195372586400 ) ) ;
#2609 = DIRECTION ( 'NONE',  ( -7.669517010585575400E-017, -2.891205793294683000E-015, 1.000000000000000000 ) ) ;
#2610 = FACE_OUTER_BOUND ( 'NONE', #1268, .T. ) ;
#2611 = B_SPLINE_CURVE_WITH_KNOTS ( 'NONE', 3,
 ( #3917, #2654, #2107, #3352, #1113, #514 ),
 .UNSPECIFIED., .F., .F.,
 ( 4, 2, 4 ),
 ( 0.0000000000000000000, 0.0002465132690518720000, 0.0004930265381037440000 ),
 .UNSPECIFIED. ) ;
#2612 = ORIENTED_EDGE ( 'NONE', *, *, #3004, .T. ) ;
#2613 = EDGE_CURVE ( 'NONE', #2048, #3789, #3761, .T. ) ;
#2614 = ORIENTED_EDGE ( 'NONE', *, *, #323, .T. ) ;
#2615 = CARTESIAN_POINT ( 'NONE',  ( 4.499999999999998200, 0.3292893218813193200, -0.5000000000000014400 ) ) ;
#2616 = ORIENTED_EDGE ( 'NONE', *, *, #964, .F. ) ;
#2617 = DIRECTION ( 'NONE',  ( 2.891205793294683700E-015, 1.000000000000000000, 2.891205793294683700E-015 ) ) ;
#2618 = CARTESIAN_POINT ( 'NONE',  ( 2.349999999999998800, 0.2999999999999790100, -9.757819552369539900E-016 ) ) ;
#2619 = CARTESIAN_POINT ( 'NONE',  ( -4.150000000000000400, 0.9999999999999922300, 2.350000000000000500 ) ) ;
#2620 = ADVANCED_FACE ( 'NONE', ( #3080 ), #3402, .F. ) ;
#2621 = ORIENTED_EDGE ( 'NONE', *, *, #3819, .T. ) ;
#2622 = SURFACE_SIDE_STYLE ('',( #1652 ) ) ;
#2623 = ORIENTED_EDGE ( 'NONE', *, *, #1452, .F. ) ;
#2624 = DIRECTION ( 'NONE',  ( 2.891205793294683700E-015, 1.000000000000000000, 2.891205793294683700E-015 ) ) ;
#2625 = CARTESIAN_POINT ( 'NONE',  ( -1.791613414004579000, 0.2999999999999929900, -0.6987619936536941800 ) ) ;
#2626 = LINE ( 'NONE', #3060, #3612 ) ;
#2627 = ORIENTED_EDGE ( 'NONE', *, *, #1189, .T. ) ;
#2628 = CARTESIAN_POINT ( 'NONE',  ( 3.268457204859812800, 0.5499999999999830600, -2.262258274379828300 ) ) ;
#2629 = CARTESIAN_POINT ( 'NONE',  ( -1.399999999999999200, 0.5500000000000007100, -3.720299047119734100 ) ) ;
#2630 = CARTESIAN_POINT ( 'NONE',  ( -1.599999999999999900, 0.3999999999999887500, 0.4999999999999994400 ) ) ;
#2631 = EDGE_CURVE ( 'NONE', #119, #3302, #2482, .T. ) ;
#2632 = VECTOR ( 'NONE', #1491, 1000.000000000000000 ) ;
#2633 = ORIENTED_EDGE ( 'NONE', *, *, #3536, .F. ) ;
#2634 = CARTESIAN_POINT ( 'NONE',  ( -1.750000000000000700, 0.2999999999999908300, -9.757819552369539900E-016 ) ) ;
#2635 = VECTOR ( 'NONE', #693, 1000.000000000000100 ) ;
#2636 = ORIENTED_EDGE ( 'NONE', *, *, #3560, .T. ) ;
#2637 = CARTESIAN_POINT ( 'NONE',  ( -1.929289321881344300, 0.3292893218813350300, 0.4999999999999994400 ) ) ;
#2638 = EDGE_CURVE ( 'NONE', #1799, #1925, #1356, .T. ) ;
#2639 = DIRECTION ( 'NONE',  ( -1.000000000000000000, 2.710505431213765800E-015, 0.0000000000000000000 ) ) ;
#2640 = DIRECTION ( 'NONE',  ( -1.000000000000000000, 3.035766082959412400E-015, 0.0000000000000000000 ) ) ;
#2641 = B_SPLINE_CURVE_WITH_KNOTS ( 'NONE', 3,
 ( #3738, #2778, #1240, #2164, #1196, #908 ),
 .UNSPECIFIED., .F., .F.,
 ( 4, 2, 4 ),
 ( 4.336808689942017700E-019, 0.0002465469484434254100, 0.0004930938968868503800 ),
 .UNSPECIFIED. ) ;
#2642 = LINE ( 'NONE', #1184, #1798 ) ;
#2643 = ORIENTED_EDGE ( 'NONE', *, *, #2526, .T. ) ;
#2644 = ADVANCED_FACE ( 'NONE', ( #2102 ), #2192, .F. ) ;
#2645 = CARTESIAN_POINT ( 'NONE',  ( -3.550000000000000300, 0.2999999999999986000, -0.9000000000000024600 ) ) ;
#2646 = AXIS2_PLACEMENT_3D ( 'NONE', #2808, #3459, #2933 ) ;
#2647 = ORIENTED_EDGE ( 'NONE', *, *, #616, .T. ) ;
#2648 = DIRECTION ( 'NONE',  ( 0.0000000000000000000, 9.035018104045872900E-015, -1.000000000000000000 ) ) ;
#2649 = FILL_AREA_STYLE ('',( #2663 ) ) ;
#2650 = LINE ( 'NONE', #1863, #1804 ) ;
#2651 = ORIENTED_EDGE ( 'NONE', *, *, #611, .T. ) ;
#2652 = DIRECTION ( 'NONE',  ( -2.891205793294683700E-015, -1.000000000000000000, -2.891205793294683700E-015 ) ) ;
#2653 = DIRECTION ( 'NONE',  ( 0.05944773429225563800, -3.057968096906440800E-015, 0.9982314195052755000 ) ) ;
#2654 = CARTESIAN_POINT ( 'NONE',  ( -1.725764073118885900, 1.000010903374619400, -3.581985463904116400 ) ) ;
#2655 = ORIENTED_EDGE ( 'NONE', *, *, #3881, .T. ) ;
#2656 = DIRECTION ( 'NONE',  ( -2.891205793294683700E-015, -1.000000000000000000, -2.891205793294683700E-015 ) ) ;
#2657 = EDGE_CURVE ( 'NONE', #4077, #2919, #1999, .T. ) ;
#2658 =( NAMED_UNIT ( * ) SI_UNIT ( $, .STERADIAN. ) SOLID_ANGLE_UNIT ( ) );
#2659 = ORIENTED_EDGE ( 'NONE', *, *, #1288, .T. ) ;
#2660 = CARTESIAN_POINT ( 'NONE',  ( 3.268457204859812800, 1.649999999999969900, 2.262258274379830100 ) ) ;
#2661 = CARTESIAN_POINT ( 'NONE',  ( 1.149999999999999000, 0.2999999999999827200, -0.07536880949310473300 ) ) ;
#2662 = VECTOR ( 'NONE', #1502, 1000.000000000000000 ) ;
#2663 = FILL_AREA_STYLE_COLOUR ( '', #867 ) ;
#2664 = EDGE_LOOP ( 'NONE', ( #3681, #1706, #882, #3679 ) ) ;
#2665 = ADVANCED_FACE ( 'NONE', ( #696 ), #3808, .T. ) ;
#2666 = ORIENTED_EDGE ( 'NONE', *, *, #4082, .T. ) ;
#2667 = EDGE_CURVE ( 'NONE', #3255, #31, #801, .T. ) ;
#2668 = DIRECTION ( 'NONE',  ( -2.891205793294683700E-015, -1.000000000000000000, -2.862293735361736800E-015 ) ) ;
#2669 = CARTESIAN_POINT ( 'NONE',  ( -5.558075425960119300, 1.050000000000006300, -1.472182072207399700 ) ) ;
#2670 = EDGE_LOOP ( 'NONE', ( #3618, #1393, #2867, #4000 ) ) ;
#2671 = CARTESIAN_POINT ( 'NONE',  ( -1.179890480462737500, 0.5499999999999900500, -0.2323162305268657300 ) ) ;
#2672 = ORIENTED_EDGE ( 'NONE', *, *, #102, .F. ) ;
#2673 = DIRECTION ( 'NONE',  ( -2.891205793294683700E-015, -1.000000000000000000, -2.891205793294683700E-015 ) ) ;
#2674 = B_SPLINE_CURVE_WITH_KNOTS ( 'NONE', 3,
 ( #1492, #2423, #3670, #487, #179, #529, #1152, #2385, #1783, #2700, #2736 ),
 .UNSPECIFIED., .F., .F.,
 ( 4, 1, 1, 1, 1, 1, 1, 1, 4 ),
 ( 0.0000000000000000000, 0.0002251851762735418300, 0.0004689238546934908900, 0.0007126625331134408500, 0.0009378477093869828700, 0.001163032885660525000, 0.001406771564080474800, 0.001650510242500424300, 0.001875695418773966200 ),
 .UNSPECIFIED. ) ;
#2675 = AXIS2_PLACEMENT_3D ( 'NONE', #2942, #1398, #3279 ) ;
#2676 = CARTESIAN_POINT ( 'NONE',  ( 3.549999999999998500, 0.2999999999999729000, 0.8999999999999988000 ) ) ;
#2677 = CARTESIAN_POINT ( 'NONE',  ( 7.806255641895631900E-015, 2.856217782649091800, 5.963111948670274400E-015 ) ) ;
#2678 = VERTEX_POINT ( 'NONE', #1921 ) ;
#2679 = CARTESIAN_POINT ( 'NONE',  ( 3.765204438441785300, 0.9499999999999788600, -1.280804237889770800 ) ) ;
#2680 = AXIS2_PLACEMENT_3D ( 'NONE', #575, #3332, #1215 ) ;
#2681 = CARTESIAN_POINT ( 'NONE',  ( 3.973888496501569300, 0.9499999999999746400, -0.1101604596113436000 ) ) ;
#2682 = TOROIDAL_SURFACE ( 'NONE', #2781, 3.775000000000000400, 0.2000000000000003400 ) ;
#2683 = CARTESIAN_POINT ( 'NONE',  ( 3.344055226570775500, -2.200930410145574000E-014, -0.6063093353078373700 ) ) ;
#2684 = DIRECTION ( 'NONE',  ( 1.000000000000000000, -2.891205793294683700E-015, -8.359070939180741200E-030 ) ) ;
#2685 = CARTESIAN_POINT ( 'NONE',  ( 4.150000000000002100, -2.612927235690065700E-014, -2.710505431213761100E-015 ) ) ;
#2686 = DIRECTION ( 'NONE',  ( 1.000000000000000000, -2.891205793294683700E-015, -8.333583658732205700E-030 ) ) ;
#2687 = CARTESIAN_POINT ( 'NONE',  ( -1.982316230526865300, 0.2999999999999932200, -0.5701095195372623000 ) ) ;
#2688 = CYLINDRICAL_SURFACE ( 'NONE', #1390, 3.982722578766456000 ) ;
#2689 = ORIENTED_EDGE ( 'NONE', *, *, #3932, .T. ) ;
#2690 = CARTESIAN_POINT ( 'NONE',  ( 2.622260754579605700, 1.649999999999987500, -2.987515077963849300 ) ) ;
#2691 = DIRECTION ( 'NONE',  ( -2.891205793294683700E-015, -1.000000000000000000, -2.891205793294683700E-015 ) ) ;
#2692 = CARTESIAN_POINT ( 'NONE',  ( 3.720406576777698600, 0.9499999999994702700, -1.400012300600508100 ) ) ;
#2693 = EDGE_CURVE ( 'NONE', #3533, #4102, #1406, .T. ) ;
#2694 = TOROIDAL_SURFACE ( 'NONE', #336, 3.950000000000000200, 0.3999999999999999700 ) ;
#2695 = PLANE ( 'NONE',  #672 ) ;
#2696 = ORIENTED_EDGE ( 'NONE', *, *, #3293, .T. ) ;
#2697 = CIRCLE ( 'NONE', #1130, 4.000000000000000900 ) ;
#2698 = ORIENTED_EDGE ( 'NONE', *, *, #1657, .F. ) ;
#2699 = EDGE_CURVE ( 'NONE', #2513, #210, #3672, .T. ) ;
#2700 = CARTESIAN_POINT ( 'NONE',  ( -2.349999999999998800, 0.2999999999999917700, 0.07536880949310279000 ) ) ;
#2701 = CYLINDRICAL_SURFACE ( 'NONE', #2349, 0.3000000000000003800 ) ;
#2702 = ORIENTED_EDGE ( 'NONE', *, *, #2737, .T. ) ;
#2703 = CARTESIAN_POINT ( 'NONE',  ( -2.349999999999998800, 0.2999999999999928800, -0.07536880949310473300 ) ) ;
#2704 = AXIS2_PLACEMENT_3D ( 'NONE', #1601, #3191, #982 ) ;
#2705 = CARTESIAN_POINT ( 'NONE',  ( -2.000000000000000900, -7.264154555652879700E-015, -0.5000000000000031100 ) ) ;
#2706 = DIRECTION ( 'NONE',  ( -1.000000000000000000, 2.891205793294683700E-015, 8.359070939180741200E-030 ) ) ;
#2707 = FACE_OUTER_BOUND ( 'NONE', #2111, .T. ) ;
#2708 = ORIENTED_EDGE ( 'NONE', *, *, #27, .T. ) ;
#2709 = CARTESIAN_POINT ( 'NONE',  ( 1.929289321881346100, 0.3292893218813238700, 0.4999999999999994400 ) ) ;
#2710 = AXIS2_PLACEMENT_3D ( 'NONE', #3958, #2995, #477 ) ;
#2711 = VERTEX_POINT ( 'NONE', #2216 ) ;
#2712 = CIRCLE ( 'NONE', #1745, 3.800000000000000300 ) ;
#2713 = ORIENTED_EDGE ( 'NONE', *, *, #1254, .T. ) ;
#2714 = ORIENTED_EDGE ( 'NONE', *, *, #2578, .T. ) ;
#2715 = DIRECTION ( 'NONE',  ( 0.9982314195052755000, -3.057968096906440800E-015, 0.05944773429225563800 ) ) ;
#2716 = CARTESIAN_POINT ( 'NONE',  ( 1.899999999999999700, 0.5499999999999818400, -0.5000000000000014400 ) ) ;
#2717 = EDGE_CURVE ( 'NONE', #2851, #153, #2289, .T. ) ;
#2718 = ORIENTED_EDGE ( 'NONE', *, *, #3713, .T. ) ;
#2719 = VERTEX_POINT ( 'NONE', #2542 ) ;
#2720 = ORIENTED_EDGE ( 'NONE', *, *, #239, .T. ) ;
#2721 = ORIENTED_EDGE ( 'NONE', *, *, #852, .F. ) ;
#2722 = EDGE_CURVE ( 'NONE', #914, #1092, #3037, .T. ) ;
#2723 = CARTESIAN_POINT ( 'NONE',  ( 3.681347139411540200, 1.045052780896270200, -1.500000000000002200 ) ) ;
#2724 = DIRECTION ( 'NONE',  ( -1.000000000000000000, 2.846030702774448000E-015, 0.0000000000000000000 ) ) ;
#2725 = VERTEX_POINT ( 'NONE', #2894 ) ;
#2726 = CARTESIAN_POINT ( 'NONE',  ( -3.344055226570775500, -2.710505431213761100E-015, -0.6063093353078373700 ) ) ;
#2727 = MECHANICAL_DESIGN_GEOMETRIC_PRESENTATION_REPRESENTATION (  '', ( #1235 ), #4010 ) ;
#2728 = CARTESIAN_POINT ( 'NONE',  ( -4.150000000000000400, 0.3000000000000006600, -1.000000000000001800 ) ) ;
#2729 = CARTESIAN_POINT ( 'NONE',  ( 4.150000000000002100, -3.827233668873830700E-014, 4.149999999999997700 ) ) ;
#2730 = VERTEX_POINT ( 'NONE', #3470 ) ;
#2731 = CARTESIAN_POINT ( 'NONE',  ( -1.400000000000001000, 0.5499999999999898300, -9.757819552369539900E-016 ) ) ;
#2732 = CARTESIAN_POINT ( 'NONE',  ( -4.500000000000000000, -2.710505431213761100E-015, 0.4999999999999977200 ) ) ;
#2733 = VECTOR ( 'NONE', #2777, 1000.000000000000000 ) ;
#2734 = EDGE_LOOP ( 'NONE', ( #1326, #2510, #3815, #1822, #3492, #2636, #822 ) ) ;
#2735 = CYLINDRICAL_SURFACE ( 'NONE', #521, 0.1000000000000000500 ) ;
#2736 = CARTESIAN_POINT ( 'NONE',  ( -2.349999999999998800, 0.2999999999999926600, -9.757819552369539900E-016 ) ) ;
#2737 = EDGE_CURVE ( 'NONE', #1542, #3302, #2335, .T. ) ;
#2738 = PRESENTATION_STYLE_ASSIGNMENT (( #2607 ) ) ;
#2739 = VERTEX_POINT ( 'NONE', #2228 ) ;
#2740 = CARTESIAN_POINT ( 'NONE',  ( 2.350000000000002300, 0.5499999999999790600, -9.757819552369539900E-016 ) ) ;
#2741 = DIRECTION ( 'NONE',  ( -2.891205793294683700E-015, -1.000000000000000000, -2.891205793294683700E-015 ) ) ;
#2742 = CARTESIAN_POINT ( 'NONE',  ( 3.344055226570775500, -2.547875105340935400E-014, 0.6063093353078319300 ) ) ;
#2743 = CIRCLE ( 'NONE', #3455, 0.09999999999999982500 ) ;
#2744 = VERTEX_POINT ( 'NONE', #961 ) ;
#2745 = EDGE_CURVE ( 'NONE', #4023, #508, #3222, .T. ) ;
#2746 = LINE ( 'NONE', #3696, #1901 ) ;
#2747 = VERTEX_POINT ( 'NONE', #3788 ) ;
#2748 = CARTESIAN_POINT ( 'NONE',  ( 3.422920092228188600, 1.649999999999980100, -2.039028976863808100 ) ) ;
#2749 = FACE_OUTER_BOUND ( 'NONE', #1511, .T. ) ;
#2750 = ORIENTED_EDGE ( 'NONE', *, *, #1986, .T. ) ;
#2751 = CARTESIAN_POINT ( 'NONE',  ( 3.268457204859812800, 1.649999999999983000, -2.262258274379826500 ) ) ;
#2752 = DIRECTION ( 'NONE',  ( 2.891205793294683700E-015, 1.000000000000000000, 2.891205793294683700E-015 ) ) ;
#2753 = VECTOR ( 'NONE', #4100, 1000.000000000000000 ) ;
#2754 = AXIS2_PLACEMENT_3D ( 'NONE', #3749, #2797, #1866 ) ;
#2755 = ORIENTED_EDGE ( 'NONE', *, *, #1926, .F. ) ;
#2756 = CIRCLE ( 'NONE', #3858, 3.982722578766456000 ) ;
#2757 = CARTESIAN_POINT ( 'NONE',  ( -4.150000000000003900, -8.998878031629686800E-015, 2.349999999999997000 ) ) ;
#2758 = ORIENTED_EDGE ( 'NONE', *, *, #3986, .T. ) ;
#2759 = PRESENTATION_STYLE_ASSIGNMENT (( #1094 ) ) ;
#2760 = CARTESIAN_POINT ( 'NONE',  ( 3.042313565593084900, 1.649999999999984400, -2.558651890977374800 ) ) ;
#2761 = DIRECTION ( 'NONE',  ( 1.000000000000000000, -2.891205793294683700E-015, -8.359070939180741200E-030 ) ) ;
#2762 = EDGE_LOOP ( 'NONE', ( #1372, #277, #2985, #1571 ) ) ;
#2763 = PLANE ( 'NONE',  #2045 ) ;
#2764 = ORIENTED_EDGE ( 'NONE', *, *, #2025, .F. ) ;
#2765 = CARTESIAN_POINT ( 'NONE',  ( -1.149999999999999000, 0.5499999999999893900, -0.07536880949310473300 ) ) ;
#2766 = EDGE_CURVE ( 'NONE', #321, #2937, #2984, .T. ) ;
#2767 = CARTESIAN_POINT ( 'NONE',  ( 1.899999999999999700, 0.3999999999999785900, 0.4999999999999994400 ) ) ;
#2768 = EDGE_LOOP ( 'NONE', ( #3237, #359, #2024, #678 ) ) ;
#2769 = CARTESIAN_POINT ( 'NONE',  ( -5.558075425960119300, 1.049999999999998000, 1.500000000000000400 ) ) ;
#2770 = EDGE_CURVE ( 'NONE', #1471, #3107, #499, .T. ) ;
#2771 = CARTESIAN_POINT ( 'NONE',  ( 7.806255641895631900E-015, 2.856217782649091800, 5.963111948670274400E-015 ) ) ;
#2772 = CARTESIAN_POINT ( 'NONE',  ( -1.791613414004579000, 0.2999999999999889400, 0.6987619936536921800 ) ) ;
#2773 = CARTESIAN_POINT ( 'NONE',  ( 3.975000000000003600, 1.661000000000053500, 2.493664996716660200E-015 ) ) ;
#2774 = FACE_OUTER_BOUND ( 'NONE', #655, .T. ) ;
#2775 = ORIENTED_EDGE ( 'NONE', *, *, #1313, .F. ) ;
#2776 = AXIS2_PLACEMENT_3D ( 'NONE', #406, #3594, #1689 ) ;
#2777 = DIRECTION ( 'NONE',  ( -1.000000000000000000, 2.891205793294683700E-015, 8.359070939180741200E-030 ) ) ;
#2778 = CARTESIAN_POINT ( 'NONE',  ( 3.582117420389549600, 1.650015336874628000, -1.725796201451019300 ) ) ;
#2779 = CYLINDRICAL_SURFACE ( 'NONE', #2511, 0.3000000000000003800 ) ;
#2780 = CARTESIAN_POINT ( 'NONE',  ( -3.550000000000000300, 0.2999999999999932200, 0.9999999999999983300 ) ) ;
#2781 = AXIS2_PLACEMENT_3D ( 'NONE', #2347, #3019, #2686 ) ;
#2782 = VECTOR ( 'NONE', #333, 1000.000000000000000 ) ;
#2783 = VECTOR ( 'NONE', #1362, 1000.000000000000000 ) ;
#2784 = ORIENTED_EDGE ( 'NONE', *, *, #1918, .F. ) ;
#2785 = CARTESIAN_POINT ( 'NONE',  ( 4.150000000000002100, 0.9499999999999779700, -1.400000000000001000 ) ) ;
#2786 = EDGE_CURVE ( 'NONE', #153, #328, #3873, .T. ) ;
#2787 = MANIFOLD_SOLID_BREP ( 'Body-Move/Copy1[2]', #2545 ) ;
#2788 = CIRCLE ( 'NONE', #2537, 0.2999999999999999300 ) ;
#2789 = CARTESIAN_POINT ( 'NONE',  ( -1.150000000000000800, 0.2999999999999891600, -9.757819552369539900E-016 ) ) ;
#2790 = VERTEX_POINT ( 'NONE', #1673 ) ;
#2791 = DIRECTION ( 'NONE',  ( -4.624620637705054000E-016, -2.891205793294682600E-015, 1.000000000000000000 ) ) ;
#2792 = ADVANCED_FACE ( 'NONE', ( #298 ), #3464, .T. ) ;
#2793 = DIRECTION ( 'NONE',  ( 1.000000000000000000, -2.710505431213765800E-015, 0.0000000000000000000 ) ) ;
#2794 = VECTOR ( 'NONE', #596, 1000.000000000000000 ) ;
#2795 = ORIENTED_EDGE ( 'NONE', *, *, #3755, .T. ) ;
#2796 = EDGE_CURVE ( 'NONE', #1722, #2900, #2386, .T. ) ;
#2797 = DIRECTION ( 'NONE',  ( -2.891205793294683700E-015, -1.000000000000000000, -2.891205793294683700E-015 ) ) ;
#2798 = FACE_OUTER_BOUND ( 'NONE', #331, .T. ) ;
#2799 = ORIENTED_EDGE ( 'NONE', *, *, #587, .F. ) ;
#2800 = CARTESIAN_POINT ( 'NONE',  ( -1.500000000000000200, 0.7833960197419952400, 3.681146824039681900 ) ) ;
#2801 = AXIS2_PLACEMENT_3D ( 'NONE', #2634, #719, #66 ) ;
#2802 = CARTESIAN_POINT ( 'NONE',  ( 3.549999999999998500, 0.2999999999999781200, -0.9000000000000024600 ) ) ;
#2803 = CARTESIAN_POINT ( 'NONE',  ( 2.914811819903506700, 0.5499999999920728300, 2.773048054569411800 ) ) ;
#2804 = ORIENTED_EDGE ( 'NONE', *, *, #2001, .T. ) ;
#2805 = CARTESIAN_POINT ( 'NONE',  ( -1.899999999999999700, 0.3999999999999895900, 0.4999999999999994400 ) ) ;
#2806 = CARTESIAN_POINT ( 'NONE',  ( -2.423122109179570500, 0.9999999999999837900, 3.151048118325892500 ) ) ;
#2807 = AXIS2_PLACEMENT_3D ( 'NONE', #525, #1203, #4040 ) ;
#2808 = CARTESIAN_POINT ( 'NONE',  ( 8.673617379884037400E-016, 0.5499999999999858300, -9.757819552369539900E-016 ) ) ;
#2809 = EDGE_LOOP ( 'NONE', ( #1042, #1823, #792, #4008 ) ) ;
#2810 = ORIENTED_EDGE ( 'NONE', *, *, #129, .T. ) ;
#2811 = ADVANCED_FACE ( 'NONE', ( #2200 ), #1556, .T. ) ;
#2812 = ORIENTED_EDGE ( 'NONE', *, *, #1807, .T. ) ;
#2813 = ORIENTED_EDGE ( 'NONE', *, *, #1495, .T. ) ;
#2814 = CARTESIAN_POINT ( 'NONE',  ( 3.544320611599449200, 1.649999999999970600, 1.800032280943076900 ) ) ;
#2815 = ADVANCED_FACE ( 'NONE', ( #1892 ), #739, .T. ) ;
#2816 = DIRECTION ( 'NONE',  ( -1.000000000000000000, 2.696049402247293000E-015, 7.794833650786041800E-030 ) ) ;
#2817 = VERTEX_POINT ( 'NONE', #3256 ) ;
#2818 = CARTESIAN_POINT ( 'NONE',  ( 7.806255641895631900E-015, 2.856217782649091800, 5.963111948670274400E-015 ) ) ;
#2819 = CARTESIAN_POINT ( 'NONE',  ( -3.344055226570773700, 0.2999999999999937200, 0.6063093353078319300 ) ) ;
#2820 = CARTESIAN_POINT ( 'NONE',  ( -1.517683769473136000, 0.5499999999999886100, 0.5701095195372604100 ) ) ;
#2821 = DIRECTION ( 'NONE',  ( 1.000000000000000000, -2.891205793294683000E-015, -3.097720492815810500E-016 ) ) ;
#2822 = ORIENTED_EDGE ( 'NONE', *, *, #479, .T. ) ;
#2823 = EDGE_CURVE ( 'NONE', #853, #375, #4064, .T. ) ;
#2824 = CARTESIAN_POINT ( 'NONE',  ( 4.150000000000002100, 1.349999999999968300, 1.800000000000002000 ) ) ;
#2825 = B_SPLINE_CURVE_WITH_KNOTS ( 'NONE', 3,
 ( #3466, #334, #3194, #972 ),
 .UNSPECIFIED., .F., .F.,
 ( 4, 4 ),
 ( 1.769110993992276600E-018, 0.0001633116238895102300 ),
 .UNSPECIFIED. ) ;
#2826 = ORIENTED_EDGE ( 'NONE', *, *, #141, .F. ) ;
#2827 = CARTESIAN_POINT ( 'NONE',  ( 1.982316230526867100, 0.5499999999999818400, -0.5701095195372606300 ) ) ;
#2828 = EDGE_CURVE ( 'NONE', #305, #31, #597, .T. ) ;
#2829 = LINE ( 'NONE', #2318, #2334 ) ;
#2830 = DIRECTION ( 'NONE',  ( 2.891205793294683700E-015, 1.000000000000000000, 2.891205793294683700E-015 ) ) ;
#2831 = VECTOR ( 'NONE', #2173, 1000.000000000000000 ) ;
#2832 = AXIS2_PLACEMENT_3D ( 'NONE', #50, #372, #1038 ) ;
#2833 = CARTESIAN_POINT ( 'NONE',  ( 3.344055226570775500, -2.547875105340935400E-014, 0.6063093353078319300 ) ) ;
#2834 = CARTESIAN_POINT ( 'NONE',  ( -1.399999999999999200, 0.5499999999921040300, -3.720299047119734100 ) ) ;
#2835 = ADVANCED_FACE ( 'NONE', ( #2146 ), #1756, .F. ) ;
#2836 = CARTESIAN_POINT ( 'NONE',  ( -1.791613414004579000, 0.2999999999999929900, -0.6987619936536941800 ) ) ;
#2837 = ORIENTED_EDGE ( 'NONE', *, *, #883, .F. ) ;
#2838 = CARTESIAN_POINT ( 'NONE',  ( 2.186245688813565700, 0.5499999999999808400, -0.4362456888135679600 ) ) ;
#2839 = AXIS2_PLACEMENT_3D ( 'NONE', #2925, #1024, #1366 ) ;
#2840 = LINE ( 'NONE', #3980, #1947 ) ;
#2841 = EDGE_LOOP ( 'NONE', ( #2659, #286 ) ) ;
#2842 = CARTESIAN_POINT ( 'NONE',  ( -1.474399189115490800, 0.5823406610042389800, 3.691468939012758200 ) ) ;
#2843 = LINE ( 'NONE', #3028, #2205 ) ;
#2844 = ORIENTED_EDGE ( 'NONE', *, *, #1495, .F. ) ;
#2845 = DIRECTION ( 'NONE',  ( 0.7071067811865464600, 6.705317694378600300E-030, -0.7071067811865486800 ) ) ;
#2846 = EDGE_CURVE ( 'NONE', #2128, #898, #2431, .T. ) ;
#2847 = CARTESIAN_POINT ( 'NONE',  ( -2.915559687887048200, 1.004499999999987500, 2.772264698260164200 ) ) ;
#2848 = DIRECTION ( 'NONE',  ( 1.000000000000000000, -3.252606517456505000E-015, -7.703719777548923800E-030 ) ) ;
#2849 = DIRECTION ( 'NONE',  ( -2.891205793294683700E-015, -1.000000000000000000, -2.891205793294683700E-015 ) ) ;
#2850 = CYLINDRICAL_SURFACE ( 'NONE', #300, 0.5000000000000000000 ) ;
#2851 = VERTEX_POINT ( 'NONE', #1344 ) ;
#2852 = DIRECTION ( 'NONE',  ( -2.891205793294683700E-015, -1.000000000000000000, -2.835605681885097100E-015 ) ) ;
#2853 = B_SPLINE_CURVE_WITH_KNOTS ( 'NONE', 2,
 ( #343, #1009, #1321, #3522, #1641, #1973, #1957, #2272, #2588, #3229, #1060, #391, #2628, #3892, #757, #1351, #1363 ),
 .UNSPECIFIED., .F., .F.,
 ( 3, 2, 2, 2, 2, 2, 2, 2, 3 ),
 ( 0.0000000000000000000, 0.001202171266478072400, 0.002404342532956144800, 0.003606513799434217200, 0.004808685065912289600, 0.006010856332390361900, 0.007213027598868434300, 0.008415198865346506700, 0.009617370131824579100 ),
 .UNSPECIFIED. ) ;
#2854 = EDGE_CURVE ( 'NONE', #3291, #548, #749, .T. ) ;
#2855 = LINE ( 'NONE', #1119, #613 ) ;
#2856 = CARTESIAN_POINT ( 'NONE',  ( 1.313754311186435400, 0.2999999999999832200, -0.4362456888135679600 ) ) ;
#2857 = ORIENTED_EDGE ( 'NONE', *, *, #1609, .T. ) ;
#2858 = LINE ( 'NONE', #605, #2217 ) ;
#2859 = ADVANCED_FACE ( 'NONE', ( #1456 ), #1299, .F. ) ;
#2860 = AXIS2_PLACEMENT_3D ( 'NONE', #3690, #3714, #535 ) ;
#2861 = CARTESIAN_POINT ( 'NONE',  ( -1.959102538727270900, 0.2999999999999897200, 0.4999999999999994400 ) ) ;
#2862 = ORIENTED_EDGE ( 'NONE', *, *, #1709, .F. ) ;
#2863 = CARTESIAN_POINT ( 'NONE',  ( -1.399999999999999200, 0.5500000000000007100, -3.720299047119734100 ) ) ;
#2864 = VECTOR ( 'NONE', #1637, 1000.000000000000000 ) ;
#2865 = CARTESIAN_POINT ( 'NONE',  ( -2.914811819903504900, 0.5499999999921055800, -2.773048054569412700 ) ) ;
#2866 = ORIENTED_EDGE ( 'NONE', *, *, #3744, .F. ) ;
#2867 = ORIENTED_EDGE ( 'NONE', *, *, #167, .T. ) ;
#2868 = AXIS2_PLACEMENT_3D ( 'NONE', #1029, #1621, #667 ) ;
#2869 = EDGE_LOOP ( 'NONE', ( #4042, #1120, #860, #1058, #2633, #1526, #1410, #2764 ) ) ;
#2870 = CARTESIAN_POINT ( 'NONE',  ( 1.749999999999998900, 0.2999999999999825600, -0.6143539149150421000 ) ) ;
#2871 = DIRECTION ( 'NONE',  ( -1.000000000000000000, 2.885599687414296800E-015, 0.0000000000000000000 ) ) ;
#2872 = ORIENTED_EDGE ( 'NONE', *, *, #3475, .F. ) ;
#2873 = EDGE_CURVE ( 'NONE', #197, #1361, #1714, .T. ) ;
#2874 = CARTESIAN_POINT ( 'NONE',  ( 1.791613414004579000, -2.135878279796443700E-014, 0.6987619936536905200 ) ) ;
#2875 = DIRECTION ( 'NONE',  ( -0.7071067811865486800, 4.088782444489004800E-015, -0.7071067811865464600 ) ) ;
#2876 = ORIENTED_EDGE ( 'NONE', *, *, #1865, .F. ) ;
#2877 = EDGE_CURVE ( 'NONE', #2352, #2229, #3274, .T. ) ;
#2878 = CYLINDRICAL_SURFACE ( 'NONE', #1135, 4.000000000000000900 ) ;
#2879 = DIRECTION ( 'NONE',  ( -1.119571596451688800E-016, 2.891205793294674700E-015, -1.000000000000000000 ) ) ;
#2880 = VECTOR ( 'NONE', #198, 1000.000000000000000 ) ;
#2881 = B_SPLINE_SURFACE_WITH_KNOTS ( 'NONE', 3, 1, ( 
 ( #3547, #1019 ),
 ( #3561, #3225 ),
 ( #3534, #1664 ),
 ( #1314, #43 ),
 ( #1967, #2584 ),
 ( #55, #2267 ),
 ( #2608, #3869 ),
 ( #1984, #2964 ),
 ( #684, #71 ),
 ( #97, #3517 ),
 ( #1952, #2292 ) ),
 .UNSPECIFIED., .F., .F., .F.,
 ( 4, 1, 1, 1, 1, 1, 1, 1, 4 ),
 ( 2, 2 ),
 ( 0.5000000000000000000, 0.5600271168814637800, 0.6250000000000000000, 0.6899728831185362200, 0.7500000000000000000, 0.8100271168814637800, 0.8750000000000000000, 0.9399728831185363300, 1.000000000000000000 ),
 ( 0.0000000000000000000, 1.000000000000000000 ),
 .UNSPECIFIED. ) ;
#2882 = AXIS2_PLACEMENT_3D ( 'NONE', #794, #3647, #3589 ) ;
#2883 = DIRECTION ( 'NONE',  ( 0.0000000000000000000, 2.891205793294683700E-015, -1.000000000000000000 ) ) ;
#2884 = CARTESIAN_POINT ( 'NONE',  ( 1.600000000000001600, 0.5499999999999797300, 0.4999999999999994400 ) ) ;
#2885 = LINE ( 'NONE', #1741, #3756 ) ;
#2886 = ORIENTED_EDGE ( 'NONE', *, *, #3036, .F. ) ;
#2887 = FILL_AREA_STYLE_COLOUR ( '', #821 ) ;
#2888 = CARTESIAN_POINT ( 'NONE',  ( 3.650000000000001200, -1.268516541808040200E-014, -4.150000000000003900 ) ) ;
#2889 = AXIS2_PLACEMENT_3D ( 'NONE', #2729, #1508, #542 ) ;
#2890 = CARTESIAN_POINT ( 'NONE',  ( -4.150000000000000400, 0.9499999999999936300, 1.472182072207401300 ) ) ;
#2891 = LINE ( 'NONE', #3344, #303 ) ;
#2892 = CARTESIAN_POINT ( 'NONE',  ( -1.982316230526865300, 0.5499999999999899400, 0.5701095195372604100 ) ) ;
#2893 = EDGE_LOOP ( 'NONE', ( #2077, #186, #424, #2064, #723 ) ) ;
#2894 = CARTESIAN_POINT ( 'NONE',  ( -3.550000000000000300, 0.2999999999999932200, 0.9999999999999983300 ) ) ;
#2895 = VECTOR ( 'NONE', #2944, 1000.000000000000000 ) ;
#2896 = ORIENTED_EDGE ( 'NONE', *, *, #2417, .F. ) ;
#2897 = ADVANCED_FACE ( 'NONE', ( #1409 ), #2688, .F. ) ;
#2898 = DIRECTION ( 'NONE',  ( -2.891205793294683700E-015, -1.000000000000000000, -2.891205793294683700E-015 ) ) ;
#2899 = CIRCLE ( 'NONE', #2275, 0.1000000000000000500 ) ;
#2900 = VERTEX_POINT ( 'NONE', #2683 ) ;
#2901 = CARTESIAN_POINT ( 'NONE',  ( -1.750000000000000700, 0.2999999999999908300, -9.757819552369539900E-016 ) ) ;
#2902 = LINE ( 'NONE', #2769, #3001 ) ;
#2903 = EDGE_LOOP ( 'NONE', ( #1417, #3745, #3392, #1011 ) ) ;
#2904 = EDGE_CURVE ( 'NONE', #4032, #3377, #2885, .T. ) ;
#2905 = CARTESIAN_POINT ( 'NONE',  ( -1.750000000000000700, 0.2999999999999890500, 0.6143539149150383200 ) ) ;
#2906 = TOROIDAL_SURFACE ( 'NONE', #590, 3.800000000000000700, 0.1999999999999996500 ) ;
#2907 = DIRECTION ( 'NONE',  ( 2.891205793294683700E-015, 1.000000000000000000, 2.891205793294683700E-015 ) ) ;
#2908 = CARTESIAN_POINT ( 'NONE',  ( 3.449999999999999300, -2.612927235690065700E-014, 0.7061324772583584800 ) ) ;
#2909 = ORIENTED_EDGE ( 'NONE', *, *, #2438, .F. ) ;
#2910 = EDGE_CURVE ( 'NONE', #1092, #837, #2009, .T. ) ;
#2911 = CARTESIAN_POINT ( 'NONE',  ( -3.609325485908992700, 0.9999999999999922300, 1.665861075888840600 ) ) ;
#2912 = VECTOR ( 'NONE', #2816, 1000.000000000000000 ) ;
#2913 = CARTESIAN_POINT ( 'NONE',  ( 3.582071017585402500, 1.650015956087048900, 1.725888634503560400 ) ) ;
#2914 = ORIENTED_EDGE ( 'NONE', *, *, #2220, .F. ) ;
#2915 = CARTESIAN_POINT ( 'NONE',  ( -4.150000000000002100, 4.662069341687669100E-015, -2.349999999999972600 ) ) ;
#2916 = CARTESIAN_POINT ( 'NONE',  ( -1.599999999999999900, 0.3999999999999888100, 0.4999999999999994400 ) ) ;
#2917 = AXIS2_PLACEMENT_3D ( 'NONE', #1418, #1115, #799 ) ;
#2918 = SURFACE_STYLE_USAGE ( .BOTH. , #3581 ) ;
#2919 = VERTEX_POINT ( 'NONE', #1454 ) ;
#2920 = ORIENTED_EDGE ( 'NONE', *, *, #581, .T. ) ;
#2921 = ORIENTED_EDGE ( 'NONE', *, *, #1125, .F. ) ;
#2922 = EDGE_LOOP ( 'NONE', ( #523, #3206, #132, #3660 ) ) ;
#2923 = CARTESIAN_POINT ( 'NONE',  ( -1.423866718967047500, 0.5521615100270579300, -3.711250768654351000 ) ) ;
#2924 = DIRECTION ( 'NONE',  ( 2.891205793294683700E-015, 1.000000000000000000, 2.891205793294683700E-015 ) ) ;
#2925 = CARTESIAN_POINT ( 'NONE',  ( -1.750000000000000700, -8.998878031629686800E-015, -2.710505431213761100E-015 ) ) ;
#2926 = EDGE_CURVE ( 'NONE', #3267, #3673, #3318, .T. ) ;
#2927 = DIRECTION ( 'NONE',  ( 2.090028284309406700E-016, 2.891205793294683000E-015, -1.000000000000000000 ) ) ;
#2928 = VECTOR ( 'NONE', #3824, 1000.000000000000000 ) ;
#2929 = ORIENTED_EDGE ( 'NONE', *, *, #2613, .F. ) ;
#2930 = CARTESIAN_POINT ( 'NONE',  ( -2.349999999999988500, 4.662069341687669100E-015, -4.150000000000003900 ) ) ;
#2931 = CARTESIAN_POINT ( 'NONE',  ( -2.349999999999998800, 0.2999999999999924400, 0.07536880949310279000 ) ) ;
#2932 = EDGE_CURVE ( 'NONE', #2598, #1361, #496, .T. ) ;
#2933 = DIRECTION ( 'NONE',  ( 1.000000000000000000, -2.900240811398723600E-015, -8.377795258084474600E-030 ) ) ;
#2934 = LINE ( 'NONE', #1561, #2831 ) ;
#2935 = ORIENTED_EDGE ( 'NONE', *, *, #1834, .T. ) ;
#2936 = ADVANCED_FACE ( 'NONE', ( #2098 ), #2383, .F. ) ;
#2937 = VERTEX_POINT ( 'NONE', #145 ) ;
#2938 = AXIS2_PLACEMENT_3D ( 'NONE', #493, #158, #762 ) ;
#2939 = FILL_AREA_STYLE ('',( #2040 ) ) ;
#2940 = CARTESIAN_POINT ( 'NONE',  ( 3.971643238490572400, 0.9499999999999749800, -0.1649997695033239000 ) ) ;
#2941 = VECTOR ( 'NONE', #3839, 1000.000000000000000 ) ;
#2942 = CARTESIAN_POINT ( 'NONE',  ( 7.806255641895631900E-015, 2.683012701790434400, 5.963111948670274400E-015 ) ) ;
#2943 = EDGE_LOOP ( 'NONE', ( #674, #1289, #3354, #1155 ) ) ;
#2944 = DIRECTION ( 'NONE',  ( -0.0000000000000000000, 2.891205793294683700E-015, -1.000000000000000000 ) ) ;
#2945 = AXIS2_PLACEMENT_3D ( 'NONE', #1965, #25, #2525 ) ;
#2946 = CARTESIAN_POINT ( 'NONE',  ( -5.558075425960119300, 0.6999999999999971800, 1.665831239517770600 ) ) ;
#2947 = CIRCLE ( 'NONE', #3896, 0.5000000000000000000 ) ;
#2948 = ORIENTED_EDGE ( 'NONE', *, *, #1639, .F. ) ;
#2949 = CARTESIAN_POINT ( 'NONE',  ( 3.681316888052931000, 1.049999999999971200, 1.500000000000000400 ) ) ;
#2950 = DIRECTION ( 'NONE',  ( -1.000000000000000000, 2.710505431213765800E-015, 0.0000000000000000000 ) ) ;
#2951 = CIRCLE ( 'NONE', #1073, 0.5000000000000000000 ) ;
#2952 = VERTEX_POINT ( 'NONE', #441 ) ;
#2953 = DIRECTION ( 'NONE',  ( -1.000000000000000000, 2.846030702774448000E-015, 0.0000000000000000000 ) ) ;
#2954 = EDGE_CURVE ( 'NONE', #2969, #2056, #1888, .T. ) ;
#2955 = DIRECTION ( 'NONE',  ( 1.119571596451685100E-016, 2.891205793294683400E-015, -1.000000000000000000 ) ) ;
#2956 = SURFACE_STYLE_FILL_AREA ( #2939 ) ;
#2957 = CARTESIAN_POINT ( 'NONE',  ( -3.450000000000000600, -6.830473686658677900E-015, 0.8999999999999970200 ) ) ;
#2958 = DIRECTION ( 'NONE',  ( 4.336808689942020100E-015, 1.000000000000000000, 2.891205793294683700E-015 ) ) ;
#2959 = DIRECTION ( 'NONE',  ( -2.891205793294683700E-015, -1.000000000000000000, -2.891205793294683700E-015 ) ) ;
#2960 = EDGE_CURVE ( 'NONE', #1723, #3673, #843, .T. ) ;
#2961 = LINE ( 'NONE', #1221, #275 ) ;
#2962 = CARTESIAN_POINT ( 'NONE',  ( -1.929289321881344300, 0.3292893218813378600, -0.5000000000000014400 ) ) ;
#2963 = ORIENTED_EDGE ( 'NONE', *, *, #1578, .F. ) ;
#2964 = CARTESIAN_POINT ( 'NONE',  ( 1.313754311186432000, 0.2999999999999807300, 0.4362456888135642900 ) ) ;
#2965 = DIRECTION ( 'NONE',  ( -2.891205793294683700E-015, -1.000000000000000000, -2.891205793294683700E-015 ) ) ;
#2966 = LINE ( 'NONE', #2772, #3489 ) ;
#2967 = ORIENTED_EDGE ( 'NONE', *, *, #1738, .T. ) ;
#2968 = AXIS2_PLACEMENT_3D ( 'NONE', #1376, #3240, #2639 ) ;
#2969 = VERTEX_POINT ( 'NONE', #175 ) ;
#2970 = CARTESIAN_POINT ( 'NONE',  ( 1.999999999999999100, 0.2999999999999781200, 0.4999999999999994400 ) ) ;
#2971 = ORIENTED_EDGE ( 'NONE', *, *, #219, .T. ) ;
#2972 = CARTESIAN_POINT ( 'NONE',  ( 8.673617379884037400E-016, 0.5499999999999858300, -9.757819552369539900E-016 ) ) ;
#2973 = DIRECTION ( 'NONE',  ( 7.888609052210118100E-031, -1.000000000000000000, -2.891205793294683700E-015 ) ) ;
#2974 = AXIS2_PLACEMENT_3D ( 'NONE', #1698, #797, #2053 ) ;
#2975 = DIRECTION ( 'NONE',  ( -1.000000000000000000, 2.891205793294684900E-015, -4.624620637704970200E-016 ) ) ;
#2976 = ORIENTED_EDGE ( 'NONE', *, *, #3062, .F. ) ;
#2977 = ORIENTED_EDGE ( 'NONE', *, *, #1657, .T. ) ;
#2978 = CIRCLE ( 'NONE', #1004, 0.4000000000000001900 ) ;
#2979 = EDGE_LOOP ( 'NONE', ( #2189, #1531, #1478, #3683 ) ) ;
#2980 = DIRECTION ( 'NONE',  ( 2.891205793294683700E-015, 1.000000000000000000, 2.891205793294683700E-015 ) ) ;
#2981 = EDGE_CURVE ( 'NONE', #979, #1723, #1838, .T. ) ;
#2982 = CARTESIAN_POINT ( 'NONE',  ( 8.673617379884037400E-016, 0.9499999999999815300, 1.472182072207401300 ) ) ;
#2983 = DIRECTION ( 'NONE',  ( 1.000000000000000000, -2.891205793294681000E-015, 0.0000000000000000000 ) ) ;
#2984 = LINE ( 'NONE', #3483, #3369 ) ;
#2985 = ORIENTED_EDGE ( 'NONE', *, *, #2854, .T. ) ;
#2986 = DIRECTION ( 'NONE',  ( 0.0000000000000000000, -2.891205793294683700E-015, 1.000000000000000000 ) ) ;
#2987 = EDGE_CURVE ( 'NONE', #688, #2851, #431, .T. ) ;
#2988 = DIRECTION ( 'NONE',  ( -2.891205793294683700E-015, -1.000000000000000000, -2.891205793294683700E-015 ) ) ;
#2989 = CIRCLE ( 'NONE', #124, 0.09999999999999982500 ) ;
#2990 = VERTEX_POINT ( 'NONE', #1109 ) ;
#2991 = CARTESIAN_POINT ( 'NONE',  ( -2.349999999999998800, 0.2999999999999926600, -9.757819552369539900E-016 ) ) ;
#2992 = DIRECTION ( 'NONE',  ( -2.891205793294683700E-015, -1.000000000000000000, -2.835605681885097100E-015 ) ) ;
#2993 = LINE ( 'NONE', #690, #2485 ) ;
#2994 = ORIENTED_EDGE ( 'NONE', *, *, #2088, .F. ) ;
#2995 = DIRECTION ( 'NONE',  ( -2.891205793294683700E-015, -1.000000000000000000, -2.891205793294683700E-015 ) ) ;
#2996 = CARTESIAN_POINT ( 'NONE',  ( 2.349999999999998800, 0.2999999999999792800, -0.07536880949310473300 ) ) ;
#2997 = CARTESIAN_POINT ( 'NONE',  ( 3.042313565593084900, 1.649999999999984400, -2.558651890977374800 ) ) ;
#2998 = FACE_OUTER_BOUND ( 'NONE', #1872, .T. ) ;
#2999 = VERTEX_POINT ( 'NONE', #1791 ) ;
#3000 = CARTESIAN_POINT ( 'NONE',  ( 1.500000000000002200, 0.6499999999999932500, -4.150000000000002100 ) ) ;
#3001 = VECTOR ( 'NONE', #4005, 1000.000000000000000 ) ;
#3002 = DIRECTION ( 'NONE',  ( 1.000000000000000000, -2.865391455854548100E-015, -8.253985475945298900E-030 ) ) ;
#3003 = ORIENTED_EDGE ( 'NONE', *, *, #938, .T. ) ;
#3004 = EDGE_CURVE ( 'NONE', #1527, #2048, #996, .T. ) ;
#3005 = DIRECTION ( 'NONE',  ( 1.000000000000000000, -2.891205793294683700E-015, -8.323559299880482900E-030 ) ) ;
#3006 = VERTEX_POINT ( 'NONE', #3000 ) ;
#3007 = CARTESIAN_POINT ( 'NONE',  ( 1.800000000000003800, 1.349999999999980500, 7.589415207398531000E-016 ) ) ;
#3008 = CARTESIAN_POINT ( 'NONE',  ( -1.954193632914738700, 0.9999999999999826800, 3.511748316048446400 ) ) ;
#3009 = FACE_OUTER_BOUND ( 'NONE', #3874, .T. ) ;
#3010 = DIRECTION ( 'NONE',  ( -1.000000000000000000, 2.891205793294684100E-015, -1.119571596451601500E-016 ) ) ;
#3011 = ORIENTED_EDGE ( 'NONE', *, *, #4037, .T. ) ;
#3012 = VERTEX_POINT ( 'NONE', #2448 ) ;
#3013 = EDGE_CURVE ( 'NONE', #1974, #1471, #3218, .T. ) ;
#3014 = DIRECTION ( 'NONE',  ( -1.000000000000000000, 2.934573880194103900E-015, 8.484457003268452800E-030 ) ) ;
#3015 = ORIENTED_EDGE ( 'NONE', *, *, #1044, .F. ) ;
#3016 = CARTESIAN_POINT ( 'NONE',  ( 3.450000000000002400, 0.2999999999999741200, 0.5999999999999988700 ) ) ;
#3017 = ORIENTED_EDGE ( 'NONE', *, *, #2317, .T. ) ;
#3018 = CARTESIAN_POINT ( 'NONE',  ( 3.802569123242180100, 1.649999999999978400, -1.158055725328116100 ) ) ;
#3019 = DIRECTION ( 'NONE',  ( -2.891205793294683700E-015, -1.000000000000000000, -2.891205793294683700E-015 ) ) ;
#3020 = CARTESIAN_POINT ( 'NONE',  ( -2.186245688813565700, 0.2999999999999934400, -0.4362456888135679600 ) ) ;
#3021 = DIRECTION ( 'NONE',  ( -2.891205793294683700E-015, -1.000000000000000000, -2.891205793294683700E-015 ) ) ;
#3022 = ORIENTED_EDGE ( 'NONE', *, *, #3744, .T. ) ;
#3023 = AXIS2_PLACEMENT_3D ( 'NONE', #3717, #1149, #845 ) ;
#3024 = SHAPE_DEFINITION_REPRESENTATION ( #3285, #271 ) ;
#3025 = ORIENTED_EDGE ( 'NONE', *, *, #1860, .T. ) ;
#3026 = CARTESIAN_POINT ( 'NONE',  ( -2.000000000000000900, 0.2999999999999927700, -0.5000000000000014400 ) ) ;
#3027 = B_SPLINE_SURFACE_WITH_KNOTS ( 'NONE', 3, 1, ( 
 ( #1290, #4087 ),
 ( #939, #1587 ),
 ( #2258, #981 ),
 ( #1258, #2856 ),
 ( #3163, #614 ),
 ( #296, #2870 ),
 ( #2827, #1274 ),
 ( #2838, #3190 ),
 ( #968, #926 ),
 ( #3172, #2221 ),
 ( #2546, #1301 ) ),
 .UNSPECIFIED., .F., .F., .F.,
 ( 4, 1, 1, 1, 1, 1, 1, 1, 4 ),
 ( 2, 2 ),
 ( 0.0000000000000000000, 0.06002711688146381700, 0.1250000000000000300, 0.1899728831185361100, 0.2499999999999999700, 0.3100271168814636700, 0.3750000000000000000, 0.4399728831185362700, 0.5000000000000000000 ),
 ( 0.0000000000000000000, 1.000000000000000000 ),
 .UNSPECIFIED. ) ;
#3028 = CARTESIAN_POINT ( 'NONE',  ( 1.149999999999999000, 0.4249999999999825000, -9.757819552369539900E-016 ) ) ;
#3029 = LINE ( 'NONE', #1655, #1830 ) ;
#3030 = CARTESIAN_POINT ( 'NONE',  ( 4.336808689942017700E-015, 1.831421054841288800, 2.493664996716660200E-015 ) ) ;
#3031 = CARTESIAN_POINT ( 'NONE',  ( 3.750000000043146800, 2.596410161533468500, 4.228388472693467300E-015 ) ) ;
#3032 = FACE_OUTER_BOUND ( 'NONE', #879, .T. ) ;
#3033 = EDGE_LOOP ( 'NONE', ( #2720, #244, #2152, #1312 ) ) ;
#3034 = DIRECTION ( 'NONE',  ( -2.891205793294683700E-015, -1.000000000000000000, -2.891205793294683700E-015 ) ) ;
#3035 = DIRECTION ( 'NONE',  ( 1.000000000000000000, -2.891205793294683700E-015, -8.359070939180741200E-030 ) ) ;
#3036 = EDGE_CURVE ( 'NONE', #1181, #1582, #3570, .T. ) ;
#3037 = LINE ( 'NONE', #41, #1046 ) ;
#3038 = CARTESIAN_POINT ( 'NONE',  ( 4.150000000000002100, -2.916503843986006900E-014, 0.9999999999999965600 ) ) ;
#3039 = ORIENTED_EDGE ( 'NONE', *, *, #3293, .F. ) ;
#3040 = DIRECTION ( 'NONE',  ( -1.119571596451683400E-016, 2.168404344971007700E-015, -1.000000000000000000 ) ) ;
#3041 = CARTESIAN_POINT ( 'NONE',  ( 1.899999999999999700, 0.3999999999999785900, 0.4999999999999994400 ) ) ;
#3042 = ORIENTED_EDGE ( 'NONE', *, *, #1175, .T. ) ;
#3043 = EDGE_CURVE ( 'NONE', #1839, #1974, #1453, .T. ) ;
#3044 = CARTESIAN_POINT ( 'NONE',  ( 4.336808689942017700E-015, 1.903589838486208700, 2.493664996716660200E-015 ) ) ;
#3045 = FACE_OUTER_BOUND ( 'NONE', #3701, .T. ) ;
#3046 = CARTESIAN_POINT ( 'NONE',  ( -1.999999999999999100, 0.3999999999999898600, 0.4999999999999994400 ) ) ;
#3047 = ORIENTED_EDGE ( 'NONE', *, *, #831, .F. ) ;
#3048 = PLANE ( 'NONE',  #2889 ) ;
#3049 = UNCERTAINTY_MEASURE_WITH_UNIT (LENGTH_MEASURE( 1.000000000000000100E-005 ), #746, 'distance_accuracy_value', 'NONE');
#3050 = AXIS2_PLACEMENT_3D ( 'NONE', #1503, #1194, #2162 ) ;
#3051 = FACE_OUTER_BOUND ( 'NONE', #584, .T. ) ;
#3052 = VERTEX_POINT ( 'NONE', #888 ) ;
#3053 = DIRECTION ( 'NONE',  ( 2.891205793294683700E-015, 1.000000000000000000, 2.891205793294683700E-015 ) ) ;
#3054 = VECTOR ( 'NONE', #3205, 1000.000000000000000 ) ;
#3055 = ORIENTED_EDGE ( 'NONE', *, *, #909, .T. ) ;
#3056 = CARTESIAN_POINT ( 'NONE',  ( 4.150000000000002100, 0.9999999999999865700, -4.150000000000000400 ) ) ;
#3057 = CARTESIAN_POINT ( 'NONE',  ( 2.423122109179575800, 1.649999999999988400, -3.151048118325889800 ) ) ;
#3058 = CYLINDRICAL_SURFACE ( 'NONE', #2375, 0.09999999999999982500 ) ;
#3059 = VERTEX_POINT ( 'NONE', #1828 ) ;
#3060 = CARTESIAN_POINT ( 'NONE',  ( 8.673617379884037400E-016, 0.9499999999999899600, -1.400000000000001000 ) ) ;
#3061 = DIRECTION ( 'NONE',  ( 0.0000000000000000000, 2.931927001650941200E-015, -1.000000000000000000 ) ) ;
#3062 = EDGE_CURVE ( 'NONE', #1527, #30, #1195, .T. ) ;
#3063 = FACE_OUTER_BOUND ( 'NONE', #784, .T. ) ;
#3064 = ORIENTED_EDGE ( 'NONE', *, *, #1834, .F. ) ;
#3065 = EDGE_LOOP ( 'NONE', ( #9, #1701, #2574, #1908 ) ) ;
#3066 = ORIENTED_EDGE ( 'NONE', *, *, #3854, .F. ) ;
#3067 = EDGE_CURVE ( 'NONE', #2070, #3711, #3273, .T. ) ;
#3068 = ORIENTED_EDGE ( 'NONE', *, *, #2987, .F. ) ;
#3069 = DIRECTION ( 'NONE',  ( 1.000000000000000000, -3.035766082959411600E-015, -7.703719777548942000E-030 ) ) ;
#3070 = AXIS2_PLACEMENT_3D ( 'NONE', #312, #1827, #2531 ) ;
#3071 = ORIENTED_EDGE ( 'NONE', *, *, #4103, .T. ) ;
#3072 = CARTESIAN_POINT ( 'NONE',  ( 4.499999999999998200, -2.938187887435717000E-014, 0.4999999999999977200 ) ) ;
#3073 = CIRCLE ( 'NONE', #1056, 0.09999999999999982500 ) ;
#3074 = AXIS2_PLACEMENT_3D ( 'NONE', #887, #2142, #3705 ) ;
#3075 = CARTESIAN_POINT ( 'NONE',  ( 1.899999999999999700, 0.3999999999999814800, -0.5000000000000014400 ) ) ;
#3076 = FACE_OUTER_BOUND ( 'NONE', #500, .T. ) ;
#3077 = DIRECTION ( 'NONE',  ( 1.000000000000000000, -2.891205793294683700E-015, -7.285766230589921600E-030 ) ) ;
#3078 = DIRECTION ( 'NONE',  ( 1.000000000000000000, -2.891205793294683700E-015, -8.359070939180741200E-030 ) ) ;
#3079 = EDGE_CURVE ( 'NONE', #3673, #2725, #3412, .T. ) ;
#3080 = FACE_OUTER_BOUND ( 'NONE', #3953, .T. ) ;
#3081 = ORIENTED_EDGE ( 'NONE', *, *, #219, .F. ) ;
#3082 = CARTESIAN_POINT ( 'NONE',  ( 4.150000000000002100, -2.179246366695863900E-014, -1.500000000000004000 ) ) ;
#3083 = CARTESIAN_POINT ( 'NONE',  ( -1.799999999999998700, 0.6999999999999799700, 4.149999999999994100 ) ) ;
#3084 = LINE ( 'NONE', #1378, #2151 ) ;
#3085 = CLOSED_SHELL ( 'NONE', ( #1554, #603, #1279, #747, #3838, #627, #2180, #1255, #3485, #664 ) ) ;
#3086 = EDGE_CURVE ( 'NONE', #3627, #774, #2934, .T. ) ;
#3087 = LINE ( 'NONE', #302, #1101 ) ;
#3088 = ORIENTED_EDGE ( 'NONE', *, *, #2264, .T. ) ;
#3089 = DIRECTION ( 'NONE',  ( 1.000000000000000000, -2.927345865710861200E-015, -8.281498760865112800E-030 ) ) ;
#3090 = AXIS2_PLACEMENT_3D ( 'NONE', #3044, #3695, #873 ) ;
#3091 = FACE_OUTER_BOUND ( 'NONE', #2670, .T. ) ;
#3092 = CARTESIAN_POINT ( 'NONE',  ( -1.982316230526865300, 0.2999999999999926100, -0.5701095195372623000 ) ) ;
#3093 = VERTEX_POINT ( 'NONE', #2187 ) ;
#3094 = CARTESIAN_POINT ( 'NONE',  ( 2.914811819903510200, 1.661000000000048200, 2.773048054569414900 ) ) ;
#3095 = UNCERTAINTY_MEASURE_WITH_UNIT (LENGTH_MEASURE( 1.000000000000000100E-005 ), #457, 'distance_accuracy_value', 'NONE');
#3096 = CARTESIAN_POINT ( 'NONE',  ( 1.313754311186435400, 0.5499999999999808400, 0.4362456888135660100 ) ) ;
#3097 = LINE ( 'NONE', #993, #1420 ) ;
#3098 = ORIENTED_EDGE ( 'NONE', *, *, #1374, .T. ) ;
#3099 = AXIS2_PLACEMENT_3D ( 'NONE', #2484, #3820, #599 ) ;
#3100 = DIRECTION ( 'NONE',  ( 2.891205793294683700E-015, 1.000000000000000000, 2.891205793294683700E-015 ) ) ;
#3101 = CARTESIAN_POINT ( 'NONE',  ( -2.000000000000000900, -7.264154555652879700E-015, -0.5000000000000031100 ) ) ;
#3102 = FACE_OUTER_BOUND ( 'NONE', #3600, .T. ) ;
#3103 = ADVANCED_FACE ( 'NONE', ( #251 ), #1280, .T. ) ;
#3104 = CARTESIAN_POINT ( 'NONE',  ( 1.474399189115492400, 0.5823406610042513000, -3.691468939012760400 ) ) ;
#3105 = VERTEX_POINT ( 'NONE', #2475 ) ;
#3106 = CARTESIAN_POINT ( 'NONE',  ( 3.802569123242180100, 1.649999999999971700, 1.158055725328121200 ) ) ;
#3107 = VERTEX_POINT ( 'NONE', #1976 ) ;
#3108 = CARTESIAN_POINT ( 'NONE',  ( -4.500000000000000000, 0.2999999999999994900, -0.5000000000000014400 ) ) ;
#3109 = ORIENTED_EDGE ( 'NONE', *, *, #1814, .T. ) ;
#3110 = EDGE_CURVE ( 'NONE', #3257, #2790, #2478, .T. ) ;
#3111 = DIRECTION ( 'NONE',  ( 2.891205793294683700E-015, 1.000000000000000000, 2.891205793294683700E-015 ) ) ;
#3112 = VERTEX_POINT ( 'NONE', #1960 ) ;
#3113 = EDGE_CURVE ( 'NONE', #3189, #533, #694, .T. ) ;
#3114 = ORIENTED_EDGE ( 'NONE', *, *, #2873, .T. ) ;
#3115 = DIRECTION ( 'NONE',  ( 1.000000000000000000, -2.909858733986731600E-015, -8.349838210763351700E-030 ) ) ;
#3116 = ORIENTED_EDGE ( 'NONE', *, *, #1313, .T. ) ;
#3117 = AXIS2_PLACEMENT_3D ( 'NONE', #1879, #2481, #2 ) ;
#3118 = CARTESIAN_POINT ( 'NONE',  ( -3.576985430551877300, 1.004499999999992400, 1.816374216024429200 ) ) ;
#3119 = DIRECTION ( 'NONE',  ( -2.891205793294683700E-015, -1.000000000000000000, -2.891205793294683700E-015 ) ) ;
#3120 = DIRECTION ( 'NONE',  ( 2.090028284309406700E-016, -2.891205793294684500E-015, 1.000000000000000000 ) ) ;
#3121 = FACE_OUTER_BOUND ( 'NONE', #3646, .T. ) ;
#3122 = ADVANCED_FACE ( 'NONE', ( #897 ), #2382, .T. ) ;
#3123 = CYLINDRICAL_SURFACE ( 'NONE', #815, 0.09999999999999982500 ) ;
#3124 = ORIENTED_EDGE ( 'NONE', *, *, #2828, .F. ) ;
#3125 = CARTESIAN_POINT ( 'NONE',  ( 3.268457204859812800, 1.661000000000048700, 2.262258274379830100 ) ) ;
#3126 = EDGE_CURVE ( 'NONE', #1055, #2082, #2286, .T. ) ;
#3127 = DIRECTION ( 'NONE',  ( -2.891205793294683700E-015, -1.000000000000000000, -2.891205793294683700E-015 ) ) ;
#3128 = CIRCLE ( 'NONE', #2327, 0.09999999999999982500 ) ;
#3129 = ORIENTED_EDGE ( 'NONE', *, *, #557, .T. ) ;
#3130 = CARTESIAN_POINT ( 'NONE',  ( -3.450000000000000600, 0.2999999999999928800, 0.9999999999999983300 ) ) ;
#3131 = DIRECTION ( 'NONE',  ( 2.090028284309406700E-016, -2.891205793294684500E-015, 1.000000000000000000 ) ) ;
#3132 = CIRCLE ( 'NONE', #1930, 0.1999999999999996500 ) ;
#3133 = EDGE_LOOP ( 'NONE', ( #225, #1881 ) ) ;
#3134 = EDGE_CURVE ( 'NONE', #3006, #2744, #1650, .T. ) ;
#3135 = CARTESIAN_POINT ( 'NONE',  ( -3.570928446727517100, 0.5499999999999912700, 1.825127750722724600 ) ) ;
#3136 = CIRCLE ( 'NONE', #3622, 0.2999999999999999300 ) ;
#3137 = ORIENTED_EDGE ( 'NONE', *, *, #1039, .F. ) ;
#3138 = PLANE ( 'NONE',  #14 ) ;
#3139 = ADVANCED_FACE ( 'NONE', ( #1549 ), #2601, .F. ) ;
#3140 = AXIS2_PLACEMENT_3D ( 'NONE', #854, #2140, #2459 ) ;
#3141 = DIRECTION ( 'NONE',  ( 2.891205793294683700E-015, 1.000000000000000000, 2.891205793294683700E-015 ) ) ;
#3142 = CARTESIAN_POINT ( 'NONE',  ( 7.806255641895631900E-015, 2.596410161540265300, 5.963111948670274400E-015 ) ) ;
#3143 = VERTEX_POINT ( 'NONE', #700 ) ;
#3144 = LINE ( 'NONE', #3452, #472 ) ;
#3145 = AXIS2_PLACEMENT_3D ( 'NONE', #1402, #3587, #398 ) ;
#3146 = CARTESIAN_POINT ( 'NONE',  ( -8.673617379884033500E-016, -2.612927235690065700E-014, 4.149999999999997700 ) ) ;
#3147 = VERTEX_POINT ( 'NONE', #3861 ) ;
#3148 = CARTESIAN_POINT ( 'NONE',  ( 3.382710778154773800E-014, 11.89999999999998800, 3.198396408832238100E-014 ) ) ;
#3149 = FACE_OUTER_BOUND ( 'NONE', #1147, .T. ) ;
#3150 = EDGE_LOOP ( 'NONE', ( #3736, #3698, #1480, #58 ) ) ;
#3151 = CARTESIAN_POINT ( 'NONE',  ( -1.428544989051770500, 0.5541606364793764100, 3.709434491928344600 ) ) ;
#3152 = CARTESIAN_POINT ( 'NONE',  ( 3.900000000031865100, 2.683012701900383300, 5.963111948670274400E-015 ) ) ;
#3153 = ORIENTED_EDGE ( 'NONE', *, *, #2558, .F. ) ;
#3154 = DIRECTION ( 'NONE',  ( 2.891205793294683700E-015, 1.000000000000000000, 2.891205793294683700E-015 ) ) ;
#3155 = ADVANCED_FACE ( 'NONE', ( #798 ), #350, .F. ) ;
#3156 = CARTESIAN_POINT ( 'NONE',  ( -2.423122109179570500, 1.004500000000081700, -3.151048118325889800 ) ) ;
#3157 = CARTESIAN_POINT ( 'NONE',  ( -3.674648068465500300, 0.9601614695046270000, 1.516371635270378400 ) ) ;
#3158 = ORIENTED_EDGE ( 'NONE', *, *, #267, .T. ) ;
#3159 = EDGE_CURVE ( 'NONE', #2179, #3935, #3671, .T. ) ;
#3160 = ADVANCED_FACE ( 'NONE', ( #1091 ), #3123, .F. ) ;
#3161 = CARTESIAN_POINT ( 'NONE',  ( -4.500000000000000000, 0.2999999999999965500, 0.4999999999999994400 ) ) ;
#3162 = B_SPLINE_CURVE_WITH_KNOTS ( 'NONE', 2,
 ( #2364, #1085, #1461, #462, #2690 ),
 .UNSPECIFIED., .F., .F.,
 ( 3, 2, 3 ),
 ( -0.0003660396871175790000, 0.0003805379111391573600, 0.0006280472150140910200 ),
 .UNSPECIFIED. ) ;
#3163 = CARTESIAN_POINT ( 'NONE',  ( 1.517683769473137800, 0.5499999999999831700, -0.5701095195372606300 ) ) ;
#3164 = CARTESIAN_POINT ( 'NONE',  ( 3.450000000000002400, 0.2999999999999786700, -1.000000000000001800 ) ) ;
#3165 = CARTESIAN_POINT ( 'NONE',  ( -1.599999999999999900, 0.5499999999999890500, 0.4999999999999994400 ) ) ;
#3166 = CIRCLE ( 'NONE', #3835, 0.2999999999999999300 ) ;
#3167 = CARTESIAN_POINT ( 'NONE',  ( -1.400000000000001000, 0.6499999999999900300, -9.757819552369539900E-016 ) ) ;
#3168 = CARTESIAN_POINT ( 'NONE',  ( 3.686678300753118100, 0.9992224340921058700, 1.486762445492770800 ) ) ;
#3169 = ORIENTED_EDGE ( 'NONE', *, *, #831, .T. ) ;
#3170 = AXIS2_PLACEMENT_3D ( 'NONE', #205, #1129, #3061 ) ;
#3171 = EDGE_LOOP ( 'NONE', ( #327, #872, #137, #345, #2920, #3481, #2822, #2758 ) ) ;
#3172 = CARTESIAN_POINT ( 'NONE',  ( 2.350000000000002300, 0.5499999999999792800, -0.07536880949310473300 ) ) ;
#3173 = AXIS2_PLACEMENT_3D ( 'NONE', #3724, #3708, #3364 ) ;
#3174 = VECTOR ( 'NONE', #2514, 1000.000000000000000 ) ;
#3175 = VERTEX_POINT ( 'NONE', #2916 ) ;
#3176 = PLANE ( 'NONE',  #357 ) ;
#3177 = ADVANCED_FACE ( 'NONE', ( #2529 ), #3966, .F. ) ;
#3178 = DIRECTION ( 'NONE',  ( -1.000000000000000000, 2.885599687414296800E-015, 0.0000000000000000000 ) ) ;
#3179 = FACE_OUTER_BOUND ( 'NONE', #2178, .T. ) ;
#3180 = ORIENTED_EDGE ( 'NONE', *, *, #748, .T. ) ;
#3181 = CARTESIAN_POINT ( 'NONE',  ( 3.683359328084987900, 1.018677246128057500, 1.494967810809137500 ) ) ;
#3182 = EDGE_CURVE ( 'NONE', #3244, #2255, #2196, .T. ) ;
#3183 =( NAMED_UNIT ( * ) SI_UNIT ( $, .STERADIAN. ) SOLID_ANGLE_UNIT ( ) );
#3184 = FACE_OUTER_BOUND ( 'NONE', #299, .T. ) ;
#3185 = ORIENTED_EDGE ( 'NONE', *, *, #2285, .T. ) ;
#3186 = CARTESIAN_POINT ( 'NONE',  ( -2.000000000000000900, -1.008308020411519100E-014, 0.4999999999999977200 ) ) ;
#3187 = EDGE_CURVE ( 'NONE', #3728, #1782, #48, .T. ) ;
#3188 = LINE ( 'NONE', #3216, #3588 ) ;
#3189 = VERTEX_POINT ( 'NONE', #448 ) ;
#3190 = CARTESIAN_POINT ( 'NONE',  ( 2.186245688813565700, 0.2999999999999807300, -0.4362456888135679600 ) ) ;
#3191 = DIRECTION ( 'NONE',  ( 2.891205793294683700E-015, 1.000000000000000000, 2.891205793294683700E-015 ) ) ;
#3192 = CARTESIAN_POINT ( 'NONE',  ( 1.313754311186435400, 0.5499999999999833900, -0.4362456888135662300 ) ) ;
#3193 = AXIS2_PLACEMENT_3D ( 'NONE', #3296, #3286, #741 ) ;
#3194 = CARTESIAN_POINT ( 'NONE',  ( -3.654106795143337500, 0.9876509932547072900, 1.566066056920515800 ) ) ;
#3195 = ORIENTED_EDGE ( 'NONE', *, *, #1452, .T. ) ;
#3196 = ADVANCED_FACE ( 'NONE', ( #3032 ), #2735, .F. ) ;
#3197 = CIRCLE ( 'NONE', #537, 3.800000000000000300 ) ;
#3198 = ORIENTED_EDGE ( 'NONE', *, *, #1586, .T. ) ;
#3199 = ORIENTED_EDGE ( 'NONE', *, *, #3790, .F. ) ;
#3200 = DIRECTION ( 'NONE',  ( 0.0000000000000000000, -2.891205793294679000E-015, 1.000000000000000000 ) ) ;
#3201 = CARTESIAN_POINT ( 'NONE',  ( 1.497210437791721500, 0.6239162913701776800, 3.682278829426908700 ) ) ;
#3202 = ORIENTED_EDGE ( 'NONE', *, *, #3449, .F. ) ;
#3203 = ORIENTED_EDGE ( 'NONE', *, *, #2008, .F. ) ;
#3204 = CARTESIAN_POINT ( 'NONE',  ( -1.497210437791716100, 0.6239162913702065400, -3.682278829426910000 ) ) ;
#3205 = DIRECTION ( 'NONE',  ( 0.0000000000000000000, 2.891205793294683700E-015, -1.000000000000000000 ) ) ;
#3206 = ORIENTED_EDGE ( 'NONE', *, *, #2631, .T. ) ;
#3207 = CARTESIAN_POINT ( 'NONE',  ( -1.800000000669716300, 1.000000000000003600, -4.149999999999987900 ) ) ;
#3208 = CARTESIAN_POINT ( 'NONE',  ( 2.320109519537262100, 0.5499999999999798400, -0.2323162305268657000 ) ) ;
#3209 = EDGE_CURVE ( 'NONE', #3925, #577, #3990, .T. ) ;
#3210 = PRODUCT_CONTEXT ( 'NONE', #386, 'mechanical' ) ;
#3211 = EDGE_CURVE ( 'NONE', #1542, #4023, #593, .T. ) ;
#3212 = LINE ( 'NONE', #3943, #202 ) ;
#3213 = CARTESIAN_POINT ( 'NONE',  ( -3.686739832114482000, 0.9510441160482678800, -1.486595018864180600 ) ) ;
#3214 = DIRECTION ( 'NONE',  ( -1.000000000000000000, 3.064678140892364500E-015, 8.860615195531584800E-030 ) ) ;
#3215 = VECTOR ( 'NONE', #2492, 1000.000000000000000 ) ;
#3216 = CARTESIAN_POINT ( 'NONE',  ( 1.929289321881346100, 0.5499999999999817300, -0.5000000000000014400 ) ) ;
#3217 = CARTESIAN_POINT ( 'NONE',  ( 1.500000000000002200, 0.6499999999999709300, 3.681144261968246400 ) ) ;
#3218 = CIRCLE ( 'NONE', #3023, 0.09999999999999982500 ) ;
#3219 = ORIENTED_EDGE ( 'NONE', *, *, #2854, .F. ) ;
#3220 = DIRECTION ( 'NONE',  ( 0.0000000000000000000, -2.891205793294683700E-015, 1.000000000000000000 ) ) ;
#3221 = DIRECTION ( 'NONE',  ( -1.000000000000000000, 2.891205793294683400E-015, 1.119571596451768700E-016 ) ) ;
#3222 = CIRCLE ( 'NONE', #1964, 3.899999999994821800 ) ;
#3223 = CARTESIAN_POINT ( 'NONE',  ( -1.749999999999998900, 0.5499999999999891600, 0.6143539149150401000 ) ) ;
#3224 = CARTESIAN_POINT ( 'NONE',  ( 4.150000000000008300, 1.349999999999978800, -1.800000000000000500 ) ) ;
#3225 = CARTESIAN_POINT ( 'NONE',  ( 2.349999999999998800, 0.2999999999999787800, 0.07536880949310279000 ) ) ;
#3226 = FACE_OUTER_BOUND ( 'NONE', #229, .T. ) ;
#3227 = ORIENTED_EDGE ( 'NONE', *, *, #20, .F. ) ;
#3228 = DIRECTION ( 'NONE',  ( -2.891205793294683700E-015, -1.000000000000000000, -2.891205793294683700E-015 ) ) ;
#3229 = CARTESIAN_POINT ( 'NONE',  ( 3.975079512001670400, 0.5499999999999760600, -0.5913335989463998100 ) ) ;
#3230 = CIRCLE ( 'NONE', #2013, 4.000000000000000900 ) ;
#3231 = ORIENTED_EDGE ( 'NONE', *, *, #1018, .F. ) ;
#3232 = CARTESIAN_POINT ( 'NONE',  ( -1.791613414004579000, 0.2999999999999889400, 0.6987619936536921800 ) ) ;
#3233 = CARTESIAN_POINT ( 'NONE',  ( 1.929289321881346100, 0.3292893218813267000, -0.5000000000000014400 ) ) ;
#3234 = CARTESIAN_POINT ( 'NONE',  ( 3.450000000000002400, 0.2999999999999784500, -0.9000000000000024600 ) ) ;
#3235 = ADVANCED_FACE ( 'NONE', ( #4104 ), #206, .T. ) ;
#3236 = LINE ( 'NONE', #2615, #2397 ) ;
#3237 = ORIENTED_EDGE ( 'NONE', *, *, #1891, .T. ) ;
#3238 = EDGE_CURVE ( 'NONE', #2990, #1052, #1144, .T. ) ;
#3239 = DIRECTION ( 'NONE',  ( 0.9982314195052755000, -2.714216829338415800E-015, -0.05944773429225551400 ) ) ;
#3240 = DIRECTION ( 'NONE',  ( 2.891205793294683700E-015, 1.000000000000000000, 2.891205793294683700E-015 ) ) ;
#3241 = B_SPLINE_SURFACE_WITH_KNOTS ( 'NONE', 2, 1, ( 
 ( #1218, #3408 ),
 ( #224, #274 ),
 ( #1162, #4006 ),
 ( #2472, #3396 ),
 ( #3422, #3075 ) ),
 .UNSPECIFIED., .F., .F., .F.,
 ( 3, 2, 3 ),
 ( 2, 2 ),
 ( 0.0000000000000000000, 0.5000000000000000000, 1.000000000000000000 ),
 ( 0.0000000000000000000, 1.000000000000000000 ),
 .UNSPECIFIED. ) ;
#3242 = CARTESIAN_POINT ( 'NONE',  ( 3.209238430557093100E-014, 11.69999999999998300, 3.024924061234557400E-014 ) ) ;
#3243 = B_SPLINE_CURVE_WITH_KNOTS ( 'NONE', 3,
 ( #602, #3451, #1615, #3765, #1883, #297, #2516, #2842, #332, #940, #633, #315, #3151, #1899, #2532, #3806 ),
 .UNSPECIFIED., .F., .F.,
 ( 4, 3, 3, 3, 3, 4 ),
 ( 1.084202172485498200E-019, 3.178738463901939200E-005, 6.350791238846813600E-005, 9.624227918830939800E-005, 0.0001312835902626639100, 0.0001619917597509856000 ),
 .UNSPECIFIED. ) ;
#3244 = VERTEX_POINT ( 'NONE', #1062 ) ;
#3245 = EDGE_CURVE ( 'NONE', #3343, #3143, #2036, .T. ) ;
#3246 = CARTESIAN_POINT ( 'NONE',  ( -1.500000000000000400, 0.6500000000000008000, -3.681144261968247300 ) ) ;
#3247 = CIRCLE ( 'NONE', #3300, 3.982722578766456000 ) ;
#3248 = DIRECTION ( 'NONE',  ( 0.9982314195052755000, -3.057968096906440800E-015, 0.05944773429225563800 ) ) ;
#3249 = ORIENTED_EDGE ( 'NONE', *, *, #1283, .F. ) ;
#3250 = LINE ( 'NONE', #2949, #280 ) ;
#3251 = AXIS2_PLACEMENT_3D ( 'NONE', #3552, #2296, #2953 ) ;
#3252 = CARTESIAN_POINT ( 'NONE',  ( -3.632500618132634300, 1.000009655500170300, -1.615760489761163300 ) ) ;
#3253 = ORIENTED_EDGE ( 'NONE', *, *, #3368, .F. ) ;
#3254 = CARTESIAN_POINT ( 'NONE',  ( -3.739982903179928500, 0.5500000000000006000, -1.346736777427785600 ) ) ;
#3255 = VERTEX_POINT ( 'NONE', #1383 ) ;
#3256 = CARTESIAN_POINT ( 'NONE',  ( 1.600000000000001600, 0.5499999999999827200, -0.5000000000000014400 ) ) ;
#3257 = VERTEX_POINT ( 'NONE', #92 ) ;
#3258 = CARTESIAN_POINT ( 'NONE',  ( -3.974999999999997000, 1.658215974080633700, 2.493664996716660200E-015 ) ) ;
#3259 = ORIENTED_EDGE ( 'NONE', *, *, #1703, .F. ) ;
#3260 = CARTESIAN_POINT ( 'NONE',  ( -1.482526671093407100, 0.5922492954023672600, -3.688213156516013700 ) ) ;
#3261 = CARTESIAN_POINT ( 'NONE',  ( 3.344055226570775500, 0.2999999999999779000, -0.6063093353078356000 ) ) ;
#3262 = ORIENTED_EDGE ( 'NONE', *, *, #3067, .T. ) ;
#3263 = CARTESIAN_POINT ( 'NONE',  ( 1.800000000000003800, 1.649999999999980400, 2.493664996716660200E-015 ) ) ;
#3264 = EDGE_CURVE ( 'NONE', #3105, #3853, #3519, .T. ) ;
#3265 = PLANE ( 'NONE',  #2449 ) ;
#3266 = CYLINDRICAL_SURFACE ( 'NONE', #4049, 0.4000000000000001900 ) ;
#3267 = VERTEX_POINT ( 'NONE', #2957 ) ;
#3268 =( NAMED_UNIT ( * ) PLANE_ANGLE_UNIT ( ) SI_UNIT ( $, .RADIAN. ) );
#3269 = EDGE_CURVE ( 'NONE', #2563, #1463, #3462, .T. ) ;
#3270 = DIRECTION ( 'NONE',  ( 1.000000000000000000, -2.891205793294683700E-015, -7.285766230589921600E-030 ) ) ;
#3271 = VECTOR ( 'NONE', #3640, 1000.000000000000000 ) ;
#3272 = ORIENTED_EDGE ( 'NONE', *, *, #3315, .F. ) ;
#3273 = B_SPLINE_CURVE_WITH_KNOTS ( 'NONE', 3,
 ( #871, #1516, #3360, #2158, #212, #247, #566, #3104, #3732, #1163, #3694, #589, #4052, #1263, #634, #3781 ),
 .UNSPECIFIED., .F., .F.,
 ( 4, 3, 3, 3, 3, 4 ),
 ( 1.084202172485505600E-019, 3.178738463901944600E-005, 6.350791238846862400E-005, 9.624227918830972300E-005, 0.0001312835902626636100, 0.0001619917597508670100 ),
 .UNSPECIFIED. ) ;
#3274 = CIRCLE ( 'NONE', #595, 0.6999999999999998400 ) ;
#3275 = AXIS2_PLACEMENT_3D ( 'NONE', #2069, #3034, #3677 ) ;
#3276 = CARTESIAN_POINT ( 'NONE',  ( -3.949999999999994400, 2.249999999999997800, 4.228388472693467300E-015 ) ) ;
#3277 = CARTESIAN_POINT ( 'NONE',  ( 1.599999999999998100, 0.3999999999999823700, -0.5000000000000014400 ) ) ;
#3278 = LINE ( 'NONE', #1210, #546 ) ;
#3279 = DIRECTION ( 'NONE',  ( -1.000000000000000000, 2.891205793388330600E-015, 8.296313606859904100E-030 ) ) ;
#3280 = EDGE_LOOP ( 'NONE', ( #2522, #1949, #378, #629 ) ) ;
#3281 = AXIS2_PLACEMENT_3D ( 'NONE', #1803, #2156, #2171 ) ;
#3282 = DIRECTION ( 'NONE',  ( -4.624620637705054000E-016, 2.891205793294684900E-015, -1.000000000000000000 ) ) ;
#3283 = LINE ( 'NONE', #2263, #2544 ) ;
#3284 = ORIENTED_EDGE ( 'NONE', *, *, #3449, .T. ) ;
#3285 = PRODUCT_DEFINITION_SHAPE ( 'NONE', 'NONE',  #1852 ) ;
#3286 = DIRECTION ( 'NONE',  ( 2.891205793294683700E-015, 1.000000000000000000, 2.891205793294683700E-015 ) ) ;
#3287 = ORIENTED_EDGE ( 'NONE', *, *, #1635, .T. ) ;
#3288 = EDGE_CURVE ( 'NONE', #1052, #2990, #1600, .T. ) ;
#3289 = CARTESIAN_POINT ( 'NONE',  ( -2.000000000000000900, 0.2999999999999898300, 0.4999999999999994400 ) ) ;
#3290 = DIRECTION ( 'NONE',  ( -1.000000000000000000, 2.891205793294684100E-015, -1.119571596451601500E-016 ) ) ;
#3291 = VERTEX_POINT ( 'NONE', #3277 ) ;
#3292 = DIRECTION ( 'NONE',  ( -2.891205793294683700E-015, -1.000000000000000000, -2.835605681885097100E-015 ) ) ;
#3293 = EDGE_CURVE ( 'NONE', #3175, #2056, #2094, .T. ) ;
#3294 = VERTEX_POINT ( 'NONE', #2071 ) ;
#3295 = CARTESIAN_POINT ( 'NONE',  ( 8.673617379884037400E-016, 1.049999999999990300, -1.500000000000000400 ) ) ;
#3296 = CARTESIAN_POINT ( 'NONE',  ( 4.336808689942017700E-015, 1.658215974080621900, 2.493664996716660200E-015 ) ) ;
#3297 = VECTOR ( 'NONE', #769, 1000.000000000000000 ) ;
#3298 = B_SPLINE_CURVE_WITH_KNOTS ( 'NONE', 3,
 ( #765, #1108, #3998, #469, #3961, #2075, #482, #3336, #2409, #2421, #817, #495, #2090, #187, #2723, #510 ),
 .UNSPECIFIED., .F., .F.,
 ( 4, 3, 3, 3, 3, 4 ),
 ( 4.470280076681872500E-019, 3.800730261688285700E-005, 7.607879119125666100E-005, 0.0001129930346247781500, 0.0001473070428148581400, 0.0001619557087380316200 ),
 .UNSPECIFIED. ) ;
#3299 = ORIENTED_EDGE ( 'NONE', *, *, #1481, .T. ) ;
#3300 = AXIS2_PLACEMENT_3D ( 'NONE', #370, #689, #3783 ) ;
#3301 = ADVANCED_FACE ( 'NONE', ( #1496 ), #453, .T. ) ;
#3302 = VERTEX_POINT ( 'NONE', #2368 ) ;
#3303 = CARTESIAN_POINT ( 'NONE',  ( -3.739982903179515500, 0.9500000000000005100, -1.346736777428930500 ) ) ;
#3304 = CARTESIAN_POINT ( 'NONE',  ( -2.349999999999997000, 0.5499999999999928300, -0.07536880949310473300 ) ) ;
#3305 = ORIENTED_EDGE ( 'NONE', *, *, #1224, .F. ) ;
#3306 = ORIENTED_EDGE ( 'NONE', *, *, #1578, .T. ) ;
#3307 = CARTESIAN_POINT ( 'NONE',  ( 3.971643238490572400, 0.9499999999999749800, -0.1649997695033239000 ) ) ;
#3308 = EDGE_LOOP ( 'NONE', ( #2571, #1920, #436, #1626 ) ) ;
#3309 =( NAMED_UNIT ( * ) PLANE_ANGLE_UNIT ( ) SI_UNIT ( $, .RADIAN. ) );
#3310 = ORIENTED_EDGE ( 'NONE', *, *, #1013, .F. ) ;
#3311 = CARTESIAN_POINT ( 'NONE',  ( -1.749999999999998900, 0.5499999999999927200, -0.6143539149150403200 ) ) ;
#3312 = VECTOR ( 'NONE', #744, 999.9999999999998900 ) ;
#3313 = CARTESIAN_POINT ( 'NONE',  ( 3.681347139411540200, 1.049999999999979800, -1.500000000000000400 ) ) ;
#3314 = CARTESIAN_POINT ( 'NONE',  ( -1.399999999999999200, 0.5499999999999790600, 3.720299047119733200 ) ) ;
#3315 = EDGE_CURVE ( 'NONE', #1333, #439, #3617, .T. ) ;
#3316 = FACE_OUTER_BOUND ( 'NONE', #2147, .T. ) ;
#3317 = CARTESIAN_POINT ( 'NONE',  ( -2.128209430746412300, 0.9999999999999985600, -3.377770396256408500 ) ) ;
#3318 = LINE ( 'NONE', #3614, #98 ) ;
#3319 = ORIENTED_EDGE ( 'NONE', *, *, #2823, .T. ) ;
#3320 = CARTESIAN_POINT ( 'NONE',  ( -2.000000000000000900, 0.2999999999999927700, -0.5000000000000014400 ) ) ;
#3321 = EDGE_CURVE ( 'NONE', #2719, #1582, #1744, .T. ) ;
#3322 = CARTESIAN_POINT ( 'NONE',  ( -2.349999999999997000, 0.5499999999999926100, -9.757819552369539900E-016 ) ) ;
#3323 = CARTESIAN_POINT ( 'NONE',  ( 1.400000000000006400, 1.661000000000071800, -3.720299047119732400 ) ) ;
#3324 = B_SPLINE_CURVE_WITH_KNOTS ( 'NONE', 2,
 ( #3355, #3365, #4030, #517, #489 ),
 .UNSPECIFIED., .F., .F.,
 ( 3, 2, 3 ),
 ( 0.0000000000000000000, 7.827609628266473700E-005, 0.0001565521925653294700 ),
 .UNSPECIFIED. ) ;
#3325 = CIRCLE ( 'NONE', #681, 0.7000000000000000700 ) ;
#3326 = VERTEX_POINT ( 'NONE', #919 ) ;
#3327 = DIRECTION ( 'NONE',  ( 2.891205793294683700E-015, 1.000000000000000000, 2.891205793294683700E-015 ) ) ;
#3328 = AXIS2_PLACEMENT_3D ( 'NONE', #1938, #653, #28 ) ;
#3329 = DIRECTION ( 'NONE',  ( -1.000000000000000000, 2.891205793294683700E-015, 8.359070939180741200E-030 ) ) ;
#3330 = LINE ( 'NONE', #4053, #758 ) ;
#3331 = ORIENTED_EDGE ( 'NONE', *, *, #991, .T. ) ;
#3332 = DIRECTION ( 'NONE',  ( 1.000000000000000000, -2.891205793294683400E-015, -1.119571596451768700E-016 ) ) ;
#3333 = LINE ( 'NONE', #1743, #2109 ) ;
#3334 = ORIENTED_EDGE ( 'NONE', *, *, #3938, .T. ) ;
#3335 = AXIS2_PLACEMENT_3D ( 'NONE', #1225, #304, #2848 ) ;
#3336 = CARTESIAN_POINT ( 'NONE',  ( 3.691493075464502600, 0.9826367459618691200, -1.474839225757429200 ) ) ;
#3337 = TOROIDAL_SURFACE ( 'NONE', #515, 3.800000000000000700, 0.1999999999999996500 ) ;
#3338 = ORIENTED_EDGE ( 'NONE', *, *, #856, .T. ) ;
#3339 = DIRECTION ( 'NONE',  ( -1.000000000000000000, 2.891205793294683000E-015, 3.097720492815810500E-016 ) ) ;
#3340 = FACE_OUTER_BOUND ( 'NONE', #720, .T. ) ;
#3341 = EDGE_CURVE ( 'NONE', #2678, #165, #1835, .T. ) ;
#3342 = CARTESIAN_POINT ( 'NONE',  ( 4.336808689942017700E-015, 1.831421054727602000, 2.493664996716660200E-015 ) ) ;
#3343 = VERTEX_POINT ( 'NONE', #2692 ) ;
#3344 = CARTESIAN_POINT ( 'NONE',  ( 4.499999999999998200, -2.938187887435717000E-014, 0.4999999999999977200 ) ) ;
#3345 = VECTOR ( 'NONE', #21, 1000.000000000000000 ) ;
#3346 = CARTESIAN_POINT ( 'NONE',  ( 3.975007417004724300, 0.9499999999999745300, -0.05516053644356906000 ) ) ;
#3347 = VERTEX_POINT ( 'NONE', #1250 ) ;
#3348 = EDGE_CURVE ( 'NONE', #1925, #3147, #2143, .T. ) ;
#3349 = LINE ( 'NONE', #740, #3693 ) ;
#3350 = CARTESIAN_POINT ( 'NONE',  ( 1.929289321881346100, 0.3292893218813238700, 0.4999999999999994400 ) ) ;
#3351 = CARTESIAN_POINT ( 'NONE',  ( 3.382710778154773800E-014, 11.89999999999998800, 3.198396408832238100E-014 ) ) ;
#3352 = CARTESIAN_POINT ( 'NONE',  ( -1.536204427969417400, 0.8634097960109419200, -3.666739732464731700 ) ) ;
#3353 = AXIS2_PLACEMENT_3D ( 'NONE', #3476, #1627, #3859 ) ;
#3354 = ORIENTED_EDGE ( 'NONE', *, *, #1063, .F. ) ;
#3355 = CARTESIAN_POINT ( 'NONE',  ( 1.999999999999999100, 0.2999999999999810600, -0.5000000000000014400 ) ) ;
#3356 = DIRECTION ( 'NONE',  ( 2.891205793294683700E-015, 1.000000000000000000, 2.891205793294683700E-015 ) ) ;
#3357 = EDGE_LOOP ( 'NONE', ( #2914, #2460, #1969, #3621 ) ) ;
#3358 = AXIS2_PLACEMENT_3D ( 'NONE', #3224, #3868, #387 ) ;
#3359 = CARTESIAN_POINT ( 'NONE',  ( 8.673617379884037400E-016, 1.049999999999989800, -1.399999999999999200 ) ) ;
#3360 = CARTESIAN_POINT ( 'NONE',  ( 1.498260874298512200, 0.6286624652872849800, -3.681855774323366000 ) ) ;
#3361 = DIRECTION ( 'NONE',  ( 2.891205793294683700E-015, 1.000000000000000000, 2.891205793294683700E-015 ) ) ;
#3362 = CARTESIAN_POINT ( 'NONE',  ( 2.423122109179575800, 1.661000000000066900, -3.151048118325889800 ) ) ;
#3363 = CONICAL_SURFACE ( 'NONE', #363, 3.874999999879946700, 1.047197551721114100 ) ;
#3364 = DIRECTION ( 'NONE',  ( 1.000000000000000000, -2.891205793294679000E-015, 0.0000000000000000000 ) ) ;
#3365 = CARTESIAN_POINT ( 'NONE',  ( 1.959102538727272700, 0.2999999999999813900, -0.5000000000000014400 ) ) ;
#3366 = VECTOR ( 'NONE', #1702, 1000.000000000000000 ) ;
#3367 = CARTESIAN_POINT ( 'NONE',  ( 2.622260754579605700, 1.649999999999987500, -2.987515077963849300 ) ) ;
#3368 = EDGE_CURVE ( 'NONE', #1329, #338, #3751, .T. ) ;
#3369 = VECTOR ( 'NONE', #2570, 1000.000000000000000 ) ;
#3370 = LINE ( 'NONE', #2586, #902 ) ;
#3371 = EDGE_LOOP ( 'NONE', ( #2079, #1936, #2651, #1075 ) ) ;
#3372 = AXIS2_PLACEMENT_3D ( 'NONE', #3927, #783, #1443 ) ;
#3373 = DIRECTION ( 'NONE',  ( -1.000000000000000000, 2.885599687414296800E-015, 0.0000000000000000000 ) ) ;
#3374 = CARTESIAN_POINT ( 'NONE',  ( 3.621963417081477000, 1.649999999999980400, -1.751372165967307800 ) ) ;
#3375 = VECTOR ( 'NONE', #3154, 1000.000000000000000 ) ;
#3376 = CARTESIAN_POINT ( 'NONE',  ( -3.739982903180308700, 0.5499999999921039200, -1.346736777426729100 ) ) ;
#3377 = VERTEX_POINT ( 'NONE', #2538 ) ;
#3378 = CARTESIAN_POINT ( 'NONE',  ( -1.799999999999998700, 0.6999999999999811900, 3.681117357542407200 ) ) ;
#3379 = DIRECTION ( 'NONE',  ( 0.0000000000000000000, -2.891205793294683700E-015, 1.000000000000000000 ) ) ;
#3380 = VECTOR ( 'NONE', #3760, 1000.000000000000000 ) ;
#3381 = VERTEX_POINT ( 'NONE', #975 ) ;
#3382 = LINE ( 'NONE', #1815, #2753 ) ;
#3383 = ORIENTED_EDGE ( 'NONE', *, *, #4003, .T. ) ;
#3384 = AXIS2_PLACEMENT_3D ( 'NONE', #516, #3697, #2414 ) ;
#3385 = DIRECTION ( 'NONE',  ( -2.891205793294683700E-015, -1.000000000000000000, -2.891205793294683700E-015 ) ) ;
#3386 = VERTEX_POINT ( 'NONE', #1580 ) ;
#3387 = CARTESIAN_POINT ( 'NONE',  ( 7.806255641895631900E-015, 2.856217782649080700, 3.800000000000006900 ) ) ;
#3388 = UNCERTAINTY_MEASURE_WITH_UNIT (LENGTH_MEASURE( 1.000000000000000100E-005 ), #702, 'distance_accuracy_value', 'NONE');
#3389 = ORIENTED_EDGE ( 'NONE', *, *, #3264, .F. ) ;
#3390 = CARTESIAN_POINT ( 'NONE',  ( -3.692456957453081200, 0.9500000000000007300, -1.472197236150953700 ) ) ;
#3391 = EDGE_CURVE ( 'NONE', #2937, #3757, #2581, .T. ) ;
#3392 = ORIENTED_EDGE ( 'NONE', *, *, #3687, .T. ) ;
#3393 = ORIENTED_EDGE ( 'NONE', *, *, #1687, .F. ) ;
#3394 = EDGE_CURVE ( 'NONE', #2557, #3725, #443, .T. ) ;
#3395 = ORIENTED_EDGE ( 'NONE', *, *, #4024, .T. ) ;
#3396 = CARTESIAN_POINT ( 'NONE',  ( 1.899999999999999700, 0.3580639549812192900, -0.5000000000000014400 ) ) ;
#3397 = CARTESIAN_POINT ( 'NONE',  ( 3.450000000000002400, 0.2999999999999737900, 0.7061324772583584800 ) ) ;
#3398 = DIRECTION ( 'NONE',  ( -1.000000000000000000, 2.710505431213765800E-015, 0.0000000000000000000 ) ) ;
#3399 = ORIENTED_EDGE ( 'NONE', *, *, #3321, .T. ) ;
#3400 = CARTESIAN_POINT ( 'NONE',  ( 2.423122109179575800, 1.649999999999970200, 3.151048118325892500 ) ) ;
#3401 = CARTESIAN_POINT ( 'NONE',  ( 1.179890480462742800, 0.5499999999999818400, 0.2323162305268637600 ) ) ;
#3402 = PLANE ( 'NONE',  #1354 ) ;
#3403 = VERTEX_POINT ( 'NONE', #2890 ) ;
#3404 = ADVANCED_FACE ( 'NONE', ( #3121 ), #1241, .F. ) ;
#3405 = CARTESIAN_POINT ( 'NONE',  ( 2.349999999999998800, 0.2999999999999789500, 0.07536880949310279000 ) ) ;
#3406 = FACE_OUTER_BOUND ( 'NONE', #2762, .T. ) ;
#3407 = ORIENTED_EDGE ( 'NONE', *, *, #1125, .T. ) ;
#3408 = CARTESIAN_POINT ( 'NONE',  ( 1.999999999999999100, 0.2999999999999811700, -0.5000000000000014400 ) ) ;
#3409 = VECTOR ( 'NONE', #1012, 1000.000000000000000 ) ;
#3410 = CARTESIAN_POINT ( 'NONE',  ( 3.975079512001670400, 1.661000000000055300, -0.5913335989463963700 ) ) ;
#3411 = EDGE_CURVE ( 'NONE', #3789, #2139, #4007, .T. ) ;
#3412 = CIRCLE ( 'NONE', #96, 0.09999999999999982500 ) ;
#3413 = EDGE_LOOP ( 'NONE', ( #3169, #3319, #2872, #2243 ) ) ;
#3414 = CARTESIAN_POINT ( 'NONE',  ( -3.753811778384825300, 1.004499999999994200, 1.307701275241024900 ) ) ;
#3415 = CARTESIAN_POINT ( 'NONE',  ( -1.499999999999972700, 9.712777972610073400, 4.150000000000014600 ) ) ;
#3416 = CARTESIAN_POINT ( 'NONE',  ( 1.149999999999999000, 0.2999999999999823900, 0.07536880949310279000 ) ) ;
#3417 = VECTOR ( 'NONE', #2066, 1000.000000000000000 ) ;
#3418 = EDGE_CURVE ( 'NONE', #1839, #2602, #2829, .T. ) ;
#3419 = DIRECTION ( 'NONE',  ( 2.891205793294683700E-015, 1.000000000000000000, 2.891205793294683700E-015 ) ) ;
#3420 = LINE ( 'NONE', #1592, #57 ) ;
#3421 = ORIENTED_EDGE ( 'NONE', *, *, #691, .T. ) ;
#3422 = CARTESIAN_POINT ( 'NONE',  ( 1.899999999999999700, 0.3999999999999785900, 0.4999999999999994400 ) ) ;
#3423 = ADVANCED_FACE ( 'NONE', ( #3316 ), #2779, .T. ) ;
#3424 = AXIS2_PLACEMENT_3D ( 'NONE', #3985, #196, #2406 ) ;
#3425 = FACE_OUTER_BOUND ( 'NONE', #3595, .T. ) ;
#3426 = CARTESIAN_POINT ( 'NONE',  ( -2.320109519537260300, 0.2999999999999926100, -0.2323162305268657000 ) ) ;
#3427 = ORIENTED_EDGE ( 'NONE', *, *, #51, .F. ) ;
#3428 = CARTESIAN_POINT ( 'NONE',  ( 3.621493654927689500, 1.649999999999970600, 1.752348012857929800 ) ) ;
#3429 = CARTESIAN_POINT ( 'NONE',  ( 1.500000000000002200, 1.349999999999971400, 3.681117357542409000 ) ) ;
#3430 = VECTOR ( 'NONE', #3329, 1000.000000000000000 ) ;
#3431 = ORIENTED_EDGE ( 'NONE', *, *, #1840, .T. ) ;
#3432 = AXIS2_PLACEMENT_3D ( 'NONE', #2771, #1543, #3089 ) ;
#3433 = DIRECTION ( 'NONE',  ( 2.891205793294683700E-015, 1.000000000000000000, 2.891205793294683700E-015 ) ) ;
#3434 = VECTOR ( 'NONE', #1385, 1000.000000000000000 ) ;
#3435 = VERTEX_POINT ( 'NONE', #1707 ) ;
#3436 = CARTESIAN_POINT ( 'NONE',  ( 4.150000000000002100, -2.916503843986006900E-014, 0.9999999999999965600 ) ) ;
#3437 = CIRCLE ( 'NONE', #2530, 0.2000000000000022600 ) ;
#3438 = VERTEX_POINT ( 'NONE', #111 ) ;
#3439 = CARTESIAN_POINT ( 'NONE',  ( 2.914811819903510200, 1.649999999999969700, 2.773048054569414900 ) ) ;
#3440 = LINE ( 'NONE', #3295, #1771 ) ;
#3441 = CARTESIAN_POINT ( 'NONE',  ( -2.915559687887048200, 0.9999999999999874500, 2.772264698260164200 ) ) ;
#3442 = ORIENTED_EDGE ( 'NONE', *, *, #3887, .F. ) ;
#3443 = VERTEX_POINT ( 'NONE', #2305 ) ;
#3444 = EDGE_CURVE ( 'NONE', #165, #979, #1993, .T. ) ;
#3445 = ADVANCED_FACE ( 'NONE', ( #3076 ), #144, .F. ) ;
#3446 = DIRECTION ( 'NONE',  ( -0.0000000000000000000, 2.891205793294683700E-015, -1.000000000000000000 ) ) ;
#3447 = B_SPLINE_CURVE_WITH_KNOTS ( 'NONE', 3,
 ( #1358, #1675, #3885, #3213, #1996, #399, #725 ),
 .UNSPECIFIED., .F., .F.,
 ( 4, 3, 4 ),
 ( 0.0000000000000000000, 3.849884045940708300E-005, 5.384034070949932300E-005 ),
 .UNSPECIFIED. ) ;
#3448 = ORIENTED_EDGE ( 'NONE', *, *, #1089, .T. ) ;
#3449 = EDGE_CURVE ( 'NONE', #3343, #3769, #3298, .T. ) ;
#3450 = ORIENTED_EDGE ( 'NONE', *, *, #2578, .F. ) ;
#3451 = CARTESIAN_POINT ( 'NONE',  ( -1.500000000000000400, 0.6394042051203061600, 3.681146824039680100 ) ) ;
#3452 = CARTESIAN_POINT ( 'NONE',  ( -4.500000000000000000, -2.710505431213761100E-015, 0.4999999999999977200 ) ) ;
#3453 = CARTESIAN_POINT ( 'NONE',  ( 4.150000000000002100, -3.046608104684267500E-014, 1.499999999999998700 ) ) ;
#3454 = EDGE_LOOP ( 'NONE', ( #2714, #427, #1876, #466 ) ) ;
#3455 = AXIS2_PLACEMENT_3D ( 'NONE', #2645, #2656, #3957 ) ;
#3456 = CARTESIAN_POINT ( 'NONE',  ( 4.150000000000005700, 1.649999999999985700, -4.149999999999998600 ) ) ;
#3457 = LINE ( 'NONE', #1832, #2733 ) ;
#3458 = ORIENTED_EDGE ( 'NONE', *, *, #3134, .F. ) ;
#3459 = DIRECTION ( 'NONE',  ( -2.891205793294683700E-015, -1.000000000000000000, -2.891205793294683700E-015 ) ) ;
#3460 = DIRECTION ( 'NONE',  ( 1.000000000000000000, -2.865391455854547300E-015, -8.253985475945296100E-030 ) ) ;
#3461 = UNCERTAINTY_MEASURE_WITH_UNIT (LENGTH_MEASURE( 1.000000000000000100E-005 ), #3608, 'distance_accuracy_value', 'NONE');
#3462 = LINE ( 'NONE', #2028, #3271 ) ;
#3463 = ADVANCED_FACE ( 'NONE', ( #992 ), #745, .F. ) ;
#3464 = CYLINDRICAL_SURFACE ( 'NONE', #1749, 0.2999999999999999300 ) ;
#3465 = ORIENTED_EDGE ( 'NONE', *, *, #1148, .T. ) ;
#3466 = CARTESIAN_POINT ( 'NONE',  ( -3.609325485908992700, 0.9999999999999922300, 1.665861075888840600 ) ) ;
#3467 = CARTESIAN_POINT ( 'NONE',  ( 1.725764073118893000, 1.650010903374588700, 3.581985463904118600 ) ) ;
#3468 = EDGE_CURVE ( 'NONE', #197, #1072, #1940, .T. ) ;
#3469 = LINE ( 'NONE', #571, #1696 ) ;
#3470 = CARTESIAN_POINT ( 'NONE',  ( 3.650000000000001200, -3.675445364725860000E-014, 4.149999999999997700 ) ) ;
#3471 = CARTESIAN_POINT ( 'NONE',  ( -5.558075425960153900, -11.05188502892422300, -1.500000000000033500 ) ) ;
#3472 = B_SPLINE_CURVE_WITH_KNOTS ( 'NONE', 3,
 ( #3367, #1525, #1509, #1497 ),
 .UNSPECIFIED., .F., .F.,
 ( 4, 4 ),
 ( 0.0000000000000000000, 1.000000000000000000 ),
 .UNSPECIFIED. ) ;
#3473 = VECTOR ( 'NONE', #3339, 1000.000000000000000 ) ;
#3474 = ORIENTED_EDGE ( 'NONE', *, *, #909, .F. ) ;
#3475 = EDGE_CURVE ( 'NONE', #30, #375, #2240, .T. ) ;
#3476 = CARTESIAN_POINT ( 'NONE',  ( 3.349999999999999600, 0.2999999999999740100, 0.7061324772583584800 ) ) ;
#3477 = ORIENTED_EDGE ( 'NONE', *, *, #3159, .T. ) ;
#3478 = DIRECTION ( 'NONE',  ( 1.000000000000000000, -2.891205793294683700E-015, -8.359070939180741200E-030 ) ) ;
#3479 = CARTESIAN_POINT ( 'NONE',  ( -1.929289321881344300, 0.3292893218813350300, 0.4999999999999994400 ) ) ;
#3480 = CARTESIAN_POINT ( 'NONE',  ( 3.701578242037032200, 0.9622358038644994700, 1.449207350574690100 ) ) ;
#3481 = ORIENTED_EDGE ( 'NONE', *, *, #2910, .T. ) ;
#3482 = CARTESIAN_POINT ( 'NONE',  ( -3.672832562714080300, 0.9624999999999450700, 1.520615939849679200 ) ) ;
#3483 = CARTESIAN_POINT ( 'NONE',  ( -8.673617379884033500E-016, -2.059984127722458400E-015, -4.150000000000003900 ) ) ;
#3484 = FACE_OUTER_BOUND ( 'NONE', #3992, .T. ) ;
#3485 = ADVANCED_FACE ( 'NONE', ( #44 ), #3241, .F. ) ;
#3486 = DIRECTION ( 'NONE',  ( 0.0000000000000000000, -2.891205793294674700E-015, 1.000000000000000000 ) ) ;
#3487 = ORIENTED_EDGE ( 'NONE', *, *, #3444, .F. ) ;
#3488 = CARTESIAN_POINT ( 'NONE',  ( -1.500000000000000400, 0.6500000000000006900, -3.681144261968247300 ) ) ;
#3489 = VECTOR ( 'NONE', #3361, 1000.000000000000000 ) ;
#3490 = VERTEX_POINT ( 'NONE', #211 ) ;
#3491 = CARTESIAN_POINT ( 'NONE',  ( -1.499999999999998700, 0.6999999999999807500, 4.149999999999990600 ) ) ;
#3492 = ORIENTED_EDGE ( 'NONE', *, *, #913, .T. ) ;
#3493 = DIRECTION ( 'NONE',  ( 0.0000000000000000000, 2.891205793294683700E-015, -1.000000000000000000 ) ) ;
#3494 = CARTESIAN_POINT ( 'NONE',  ( 2.602085213965210600E-015, 1.349999999999981900, 1.500000000000002200 ) ) ;
#3495 = DIRECTION ( 'NONE',  ( -1.000000000000000000, 3.252606517456511700E-015, -4.624620637704978100E-016 ) ) ;
#3496 = ORIENTED_EDGE ( 'NONE', *, *, #2657, .T. ) ;
#3497 = DIRECTION ( 'NONE',  ( -2.891205793294683700E-015, -1.000000000000000000, -2.891205793294683700E-015 ) ) ;
#3498 = DIRECTION ( 'NONE',  ( 2.891205793294683700E-015, 1.000000000000000000, 2.891205793294683700E-015 ) ) ;
#3499 = CARTESIAN_POINT ( 'NONE',  ( -1.149999999999999000, 0.5499999999999891600, -9.757819552369539900E-016 ) ) ;
#3500 = CARTESIAN_POINT ( 'NONE',  ( 7.806255641895631900E-015, 2.683012701889213600, 4.228388472693467300E-015 ) ) ;
#3501 = ORIENTED_EDGE ( 'NONE', *, *, #3341, .T. ) ;
#3502 = EDGE_CURVE ( 'NONE', #3255, #3012, #1096, .T. ) ;
#3503 = CARTESIAN_POINT ( 'NONE',  ( 1.456848152745571200, 0.5668368729184948300, 3.698429811118568700 ) ) ;
#3504 = ADVANCED_FACE ( 'NONE', ( #1405 ), #543, .T. ) ;
#3505 = VERTEX_POINT ( 'NONE', #2487 ) ;
#3506 = DIRECTION ( 'NONE',  ( 1.000000000000000000, -2.739037067331800800E-015, -8.109178713209414800E-030 ) ) ;
#3507 = MECHANICAL_DESIGN_GEOMETRIC_PRESENTATION_REPRESENTATION (  '', ( #3720 ), #2246 ) ;
#3508 = PLANE ( 'NONE',  #3967 ) ;
#3509 = CARTESIAN_POINT ( 'NONE',  ( 3.450000000000002400, 0.2999999999999786700, -1.000000000000001800 ) ) ;
#3510 = CIRCLE ( 'NONE', #1216, 0.2999999999999999300 ) ;
#3511 = CARTESIAN_POINT ( 'NONE',  ( 1.517683769473137800, 0.5499999999999831700, -0.5701095195372606300 ) ) ;
#3512 = DIRECTION ( 'NONE',  ( -2.891205793294683700E-015, -1.000000000000000000, -2.891205793294683700E-015 ) ) ;
#3513 = CARTESIAN_POINT ( 'NONE',  ( 3.705538177604296800, 0.9572850493124420700, 1.439041228510576500 ) ) ;
#3514 = VECTOR ( 'NONE', #3893, 1000.000000000000000 ) ;
#3515 = AXIS2_PLACEMENT_3D ( 'NONE', #191, #824, #1170 ) ;
#3516 = CARTESIAN_POINT ( 'NONE',  ( -2.186245688813565700, 0.2999999999999909400, 0.4362456888135660100 ) ) ;
#3517 = CARTESIAN_POINT ( 'NONE',  ( 1.149999999999999000, 0.2999999999999822300, 0.07536880949310279000 ) ) ;
#3518 = CARTESIAN_POINT ( 'NONE',  ( 1.435027765646757200, 0.5563354088579818300, 3.706932386148855700 ) ) ;
#3519 = LINE ( 'NONE', #3580, #3366 ) ;
#3520 = ORIENTED_EDGE ( 'NONE', *, *, #452, .F. ) ;
#3521 = LINE ( 'NONE', #2427, #3678 ) ;
#3522 = CARTESIAN_POINT ( 'NONE',  ( 2.914811819903506200, 0.5499999999999695100, 2.773048054569411800 ) ) ;
#3523 = CARTESIAN_POINT ( 'NONE',  ( -3.450000000000000600, 0.2999999999999932200, 0.8999999999999988000 ) ) ;
#3524 = CARTESIAN_POINT ( 'NONE',  ( -3.550000000000000300, 0.2999999999999934400, 0.8999999999999988000 ) ) ;
#3525 = FACE_OUTER_BOUND ( 'NONE', #1441, .T. ) ;
#3526 = CARTESIAN_POINT ( 'NONE',  ( -2.000000000000000900, 0.2999999999999898300, 0.4999999999999994400 ) ) ;
#3527 = VERTEX_POINT ( 'NONE', #2814 ) ;
#3528 = CARTESIAN_POINT ( 'NONE',  ( 4.336808689942017700E-015, 1.658215974080621900, 2.493664996716660200E-015 ) ) ;
#3529 = ADVANCED_FACE ( 'NONE', ( #1087 ), #2043, .T. ) ;
#3530 = EDGE_CURVE ( 'NONE', #114, #4020, #3805, .T. ) ;
#3531 = CARTESIAN_POINT ( 'NONE',  ( -3.687779147871769400, 0.9500042807342772300, 1.484143775096572200 ) ) ;
#3532 = LINE ( 'NONE', #3161, #955 ) ;
#3533 = VERTEX_POINT ( 'NONE', #1855 ) ;
#3534 = CARTESIAN_POINT ( 'NONE',  ( 2.320109519537262100, 0.5499999999999785100, 0.2323162305268637600 ) ) ;
#3535 = DIRECTION ( 'NONE',  ( 1.000000000000000000, -3.035766082959411600E-015, -7.703719777548942000E-030 ) ) ;
#3536 = EDGE_CURVE ( 'NONE', #3627, #197, #2379, .T. ) ;
#3537 = CIRCLE ( 'NONE', #3353, 0.09999999999999982500 ) ;
#3538 = ORIENTED_EDGE ( 'NONE', *, *, #2058, .F. ) ;
#3539 = CARTESIAN_POINT ( 'NONE',  ( -1.498899103381345700, 0.6352024545830876600, -3.681592132241172900 ) ) ;
#3540 = CARTESIAN_POINT ( 'NONE',  ( -3.550000000000000300, -1.192622389734054900E-015, -0.9000000000000024600 ) ) ;
#3541 = ORIENTED_EDGE ( 'NONE', *, *, #1814, .F. ) ;
#3542 = DIRECTION ( 'NONE',  ( -1.000000000000000000, 2.891205793294681000E-015, 0.0000000000000000000 ) ) ;
#3543 = CIRCLE ( 'NONE', #329, 0.1000000000000000500 ) ;
#3544 = VERTEX_POINT ( 'NONE', #1841 ) ;
#3545 = CARTESIAN_POINT ( 'NONE',  ( 2.602085213965210600E-015, 0.9999999999999859000, 7.589415207398531000E-016 ) ) ;
#3546 = EDGE_LOOP ( 'NONE', ( #1226, #2718, #34, #4089 ) ) ;
#3547 = CARTESIAN_POINT ( 'NONE',  ( 2.350000000000002300, 0.5499999999999790600, -9.757819552369539900E-016 ) ) ;
#3548 = DIRECTION ( 'NONE',  ( -1.000000000000000000, 2.891205793294684100E-015, -1.119571596451601500E-016 ) ) ;
#3549 = ORIENTED_EDGE ( 'NONE', *, *, #2163, .F. ) ;
#3550 = ADVANCED_FACE ( 'NONE', ( #646 ), #4038, .F. ) ;
#3551 = EDGE_LOOP ( 'NONE', ( #2420, #1847, #139, #755 ) ) ;
#3552 = CARTESIAN_POINT ( 'NONE',  ( 2.000000000000002700, 0.3999999999999783200, 0.4999999999999994400 ) ) ;
#3553 = PLANE ( 'NONE',  #2068 ) ;
#3554 = ORIENTED_EDGE ( 'NONE', *, *, #2031, .T. ) ;
#3555 = CARTESIAN_POINT ( 'NONE',  ( -3.721031873287648400, 0.9499999999999927400, 1.400582201215388800 ) ) ;
#3556 = EDGE_CURVE ( 'NONE', #3757, #1712, #894, .T. ) ;
#3557 = CARTESIAN_POINT ( 'NONE',  ( 1.149999999999999000, 0.2999999999999824500, -9.757819552369539900E-016 ) ) ;
#3558 = CARTESIAN_POINT ( 'NONE',  ( -1.999999999999999100, 0.3999999999999927500, -0.5000000000000014400 ) ) ;
#3559 = EDGE_LOOP ( 'NONE', ( #3477, #3011 ) ) ;
#3560 = EDGE_CURVE ( 'NONE', #3830, #2563, #3619, .T. ) ;
#3561 = CARTESIAN_POINT ( 'NONE',  ( 2.349999999999998800, 0.5499999999999788400, 0.07536880949310279000 ) ) ;
#3562 = ORIENTED_EDGE ( 'NONE', *, *, #1305, .F. ) ;
#3563 = DIRECTION ( 'NONE',  ( 1.000000000000000000, -2.891205793294683400E-015, -1.119571596451768700E-016 ) ) ;
#3564 = B_SPLINE_CURVE_WITH_KNOTS ( 'NONE', 2,
 ( #1612, #3135, #1939, #310, #953, #3792, #1244 ),
 .UNSPECIFIED., .F., .F.,
 ( 3, 2, 2, 3 ),
 ( 2.620701994917087800E-015, 0.001037399551738964700, 0.002249836092252003600, 0.003462272632765042400 ),
 .UNSPECIFIED. ) ;
#3565 = CARTESIAN_POINT ( 'NONE',  ( 4.150000000000005700, 0.5499999999999618500, 4.149999999999997700 ) ) ;
#3566 = LINE ( 'NONE', #463, #1688 ) ;
#3567 =( GEOMETRIC_REPRESENTATION_CONTEXT ( 3 ) GLOBAL_UNCERTAINTY_ASSIGNED_CONTEXT ( ( #3461 ) ) GLOBAL_UNIT_ASSIGNED_CONTEXT ( ( #3608, #136, #2658 ) ) REPRESENTATION_CONTEXT ( 'NONE', 'WORKASPACE' ) );
#3568 = PLANE ( 'NONE',  #2776 ) ;
#3569 = DIRECTION ( 'NONE',  ( -2.891205793294683700E-015, -1.000000000000000000, -2.891205793294683700E-015 ) ) ;
#3570 = LINE ( 'NONE', #3397, #3620 ) ;
#3571 = CARTESIAN_POINT ( 'NONE',  ( 1.600000000000001600, 0.5499999999999797300, 0.4999999999999994400 ) ) ;
#3572 = CARTESIAN_POINT ( 'NONE',  ( 1.599999999999998100, 0.3999999999999794800, 0.4999999999999994400 ) ) ;
#3573 =( GEOMETRIC_REPRESENTATION_CONTEXT ( 3 ) GLOBAL_UNCERTAINTY_ASSIGNED_CONTEXT ( ( #326 ) ) GLOBAL_UNIT_ASSIGNED_CONTEXT ( ( #54, #3268, #3882 ) ) REPRESENTATION_CONTEXT ( 'NONE', 'WORKASPACE' ) );
#3574 = VECTOR ( 'NONE', #2849, 1000.000000000000000 ) ;
#3575 = VERTEX_POINT ( 'NONE', #3779 ) ;
#3576 = FACE_OUTER_BOUND ( 'NONE', #1816, .T. ) ;
#3577 = FACE_OUTER_BOUND ( 'NONE', #3454, .T. ) ;
#3578 = ORIENTED_EDGE ( 'NONE', *, *, #323, .F. ) ;
#3579 = DIRECTION ( 'NONE',  ( -0.9982314195052755000, 2.714216829338415800E-015, 0.05944773429225563800 ) ) ;
#3580 = CARTESIAN_POINT ( 'NONE',  ( 1.600000000000032700, 11.89999999999998300, 3.198396408832238100E-014 ) ) ;
#3581 = SURFACE_SIDE_STYLE ('',( #182 ) ) ;
#3582 = DIRECTION ( 'NONE',  ( -1.000000000000000000, 3.794707603699263900E-015, 0.0000000000000000000 ) ) ;
#3583 = LINE ( 'NONE', #2780, #2114 ) ;
#3584 = ORIENTED_EDGE ( 'NONE', *, *, #3182, .F. ) ;
#3585 = EDGE_CURVE ( 'NONE', #930, #3386, #1070, .T. ) ;
#3586 = DIRECTION ( 'NONE',  ( -1.119571596451688800E-016, -2.891205793294674700E-015, 1.000000000000000000 ) ) ;
#3587 = DIRECTION ( 'NONE',  ( 2.891205793294683700E-015, 1.000000000000000000, 2.891205793294683700E-015 ) ) ;
#3588 = VECTOR ( 'NONE', #698, 1000.000000000000000 ) ;
#3589 = DIRECTION ( 'NONE',  ( 1.000000000000000000, -2.927345865710861200E-015, -8.281498760865112800E-030 ) ) ;
#3590 = VERTEX_POINT ( 'NONE', #3436 ) ;
#3591 = AXIS2_PLACEMENT_3D ( 'NONE', #3016, #2653, #2033 ) ;
#3592 = ADVANCED_FACE ( 'NONE', ( #692 ), #1572, .F. ) ;
#3593 = VECTOR ( 'NONE', #2238, 1000.000000000000000 ) ;
#3594 = DIRECTION ( 'NONE',  ( -3.097720492815726700E-016, -2.891205793294683000E-015, 1.000000000000000000 ) ) ;
#3595 = EDGE_LOOP ( 'NONE', ( #1229, #1536, #3427, #3538 ) ) ;
#3596 = CARTESIAN_POINT ( 'NONE',  ( 3.749999999944583400, 1.903589838433595000, 2.493664996716660200E-015 ) ) ;
#3597 = CARTESIAN_POINT ( 'NONE',  ( 3.802569123242175700, 0.9499999999999784200, -1.158055725328118100 ) ) ;
#3598 = CYLINDRICAL_SURFACE ( 'NONE', #2968, 0.09999999999999982500 ) ;
#3599 = DIRECTION ( 'NONE',  ( 1.000000000000000000, -4.336808689942020100E-015, -1.253860640877109600E-029 ) ) ;
#3600 = EDGE_LOOP ( 'NONE', ( #2591, #1020, #759, #2304 ) ) ;
#3601 = ORIENTED_EDGE ( 'NONE', *, *, #2058, .T. ) ;
#3602 = ORIENTED_EDGE ( 'NONE', *, *, #743, .F. ) ;
#3603 = FILL_AREA_STYLE_COLOUR ( '', #870 ) ;
#3604 =( GEOMETRIC_REPRESENTATION_CONTEXT ( 3 ) GLOBAL_UNCERTAINTY_ASSIGNED_CONTEXT ( ( #2237 ) ) GLOBAL_UNIT_ASSIGNED_CONTEXT ( ( #1310, #1983, #3183 ) ) REPRESENTATION_CONTEXT ( 'NONE', 'WORKASPACE' ) );
#3605 = DIRECTION ( 'NONE',  ( 1.000000000000000000, -2.865391455854548100E-015, -8.253985475945298900E-030 ) ) ;
#3606 = ORIENTED_EDGE ( 'NONE', *, *, #1197, .F. ) ;
#3607 = CARTESIAN_POINT ( 'NONE',  ( -2.349999999999997000, 0.5499999999999926100, -9.757819552369539900E-016 ) ) ;
#3608 =( LENGTH_UNIT ( ) NAMED_UNIT ( * ) SI_UNIT ( .MILLI., .METRE. ) );
#3609 = CARTESIAN_POINT ( 'NONE',  ( 2.320109519537262100, 0.2999999999999797800, -0.2323162305268657000 ) ) ;
#3610 = EDGE_CURVE ( 'NONE', #31, #2548, #3243, .T. ) ;
#3611 = ADVANCED_FACE ( 'NONE', ( #1190 ), #3138, .F. ) ;
#3612 = VECTOR ( 'NONE', #1808, 1000.000000000000000 ) ;
#3613 = ORIENTED_EDGE ( 'NONE', *, *, #1553, .F. ) ;
#3614 = CARTESIAN_POINT ( 'NONE',  ( -3.450000000000000600, 0.2999999999999932200, 0.8999999999999988000 ) ) ;
#3615 = EDGE_CURVE ( 'NONE', #2044, #2490, #246, .T. ) ;
#3616 = DIRECTION ( 'NONE',  ( 2.090028284309406700E-016, -2.891205793294684500E-015, 1.000000000000000000 ) ) ;
#3617 = LINE ( 'NONE', #2833, #3921 ) ;
#3618 = ORIENTED_EDGE ( 'NONE', *, *, #637, .F. ) ;
#3619 = B_SPLINE_CURVE_WITH_KNOTS ( 'NONE', 2,
 ( #579, #899, #659 ),
 .UNSPECIFIED., .F., .F.,
 ( 3, 3 ),
 ( 4.682998398331063800E-016, 0.0001341611952080568800 ),
 .UNSPECIFIED. ) ;
#3620 = VECTOR ( 'NONE', #4026, 1000.000000000000000 ) ;
#3621 = ORIENTED_EDGE ( 'NONE', *, *, #2631, .F. ) ;
#3622 = AXIS2_PLACEMENT_3D ( 'NONE', #3083, #1837, #4047 ) ;
#3623 = DIRECTION ( 'NONE',  ( -2.891205793294683700E-015, -1.000000000000000000, -2.891205793294683700E-015 ) ) ;
#3624 = CARTESIAN_POINT ( 'NONE',  ( -2.349999999999985000, 1.000000000000005600, -4.150000000000000400 ) ) ;
#3625 = CARTESIAN_POINT ( 'NONE',  ( -1.954193632914740500, 0.5499999999999813900, 3.511748316048444600 ) ) ;
#3626 = CIRCLE ( 'NONE', #3251, 0.4000000000000001900 ) ;
#3627 = VERTEX_POINT ( 'NONE', #2283 ) ;
#3628 = DIRECTION ( 'NONE',  ( 2.891205793294683700E-015, 1.000000000000000000, 2.891205793294683700E-015 ) ) ;
#3629 = VECTOR ( 'NONE', #2276, 1000.000000000000000 ) ;
#3630 = VERTEX_POINT ( 'NONE', #78 ) ;
#3631 = CARTESIAN_POINT ( 'NONE',  ( -2.349999999999997000, 0.5499999999999926100, -9.757819552369539900E-016 ) ) ;
#3632 = CARTESIAN_POINT ( 'NONE',  ( 3.650000000000004800, 1.649999999999986100, -3.649999999999997700 ) ) ;
#3633 = LINE ( 'NONE', #1228, #911 ) ;
#3634 = ORIENTED_EDGE ( 'NONE', *, *, #1018, .T. ) ;
#3635 = CARTESIAN_POINT ( 'NONE',  ( -1.517683769473134200, 0.5499999999999919400, -0.5701095195372606300 ) ) ;
#3636 = EDGE_CURVE ( 'NONE', #2739, #321, #1350, .T. ) ;
#3637 = CARTESIAN_POINT ( 'NONE',  ( -3.450000000000000600, 0.2999999999999940500, 0.5999999999999988700 ) ) ;
#3638 = CARTESIAN_POINT ( 'NONE',  ( 3.450000000000002400, 0.2999999999999741200, 0.5999999999999988700 ) ) ;
#3639 = VECTOR ( 'NONE', #2445, 1000.000000000000000 ) ;
#3640 = DIRECTION ( 'NONE',  ( -1.000000000000000000, 2.891205793294683700E-015, 8.359070939180741200E-030 ) ) ;
#3641 = ORIENTED_EDGE ( 'NONE', *, *, #3086, .F. ) ;
#3642 = CARTESIAN_POINT ( 'NONE',  ( -1.800022025330441800, 1.000000000000001800, -3.544249763321264200 ) ) ;
#3643 = EDGE_CURVE ( 'NONE', #2817, #3294, #2281, .T. ) ;
#3644 = LINE ( 'NONE', #2982, #1966 ) ;
#3645 = CARTESIAN_POINT ( 'NONE',  ( -1.599999999999999900, 0.5499999999999890500, 0.4999999999999994400 ) ) ;
#3646 = EDGE_LOOP ( 'NONE', ( #1916, #148, #578, #4062 ) ) ;
#3647 = DIRECTION ( 'NONE',  ( 2.891205793294683700E-015, 1.000000000000000000, 2.891205793294683700E-015 ) ) ;
#3648 = CARTESIAN_POINT ( 'NONE',  ( 4.150000000000005700, 1.649999999999968800, 1.800000000000003800 ) ) ;
#3649 = VECTOR ( 'NONE', #1805, 1000.000000000000000 ) ;
#3650 = EDGE_LOOP ( 'NONE', ( #2365, #284, #3656, #2443 ) ) ;
#3651 = EDGE_CURVE ( 'NONE', #3052, #2550, #3964, .T. ) ;
#3652 = VERTEX_POINT ( 'NONE', #2629 ) ;
#3653 = CARTESIAN_POINT ( 'NONE',  ( -3.450000000000000600, 0.2999999999999940500, 0.5999999999999988700 ) ) ;
#3654 = CARTESIAN_POINT ( 'NONE',  ( 3.450000000000002400, 0.2999999999999737900, 0.7061324772583584800 ) ) ;
#3655 = ORIENTED_EDGE ( 'NONE', *, *, #3013, .T. ) ;
#3656 = ORIENTED_EDGE ( 'NONE', *, *, #1807, .F. ) ;
#3657 = VERTEX_POINT ( 'NONE', #2915 ) ;
#3658 = DIRECTION ( 'NONE',  ( -1.000000000000000000, 2.891205793294673100E-015, 0.0000000000000000000 ) ) ;
#3659 = VERTEX_POINT ( 'NONE', #35 ) ;
#3660 = ORIENTED_EDGE ( 'NONE', *, *, #2699, .T. ) ;
#3661 = CARTESIAN_POINT ( 'NONE',  ( 1.929289321881346100, 0.2999999999999809500, -0.5000000000000014400 ) ) ;
#3662 = EDGE_CURVE ( 'NONE', #935, #1047, #157, .T. ) ;
#3663 = VECTOR ( 'NONE', #3498, 1000.000000000000000 ) ;
#3664 = ORIENTED_EDGE ( 'NONE', *, *, #2242, .F. ) ;
#3665 = VECTOR ( 'NONE', #2973, 1000.000000000000000 ) ;
#3666 = VERTEX_POINT ( 'NONE', #3217 ) ;
#3667 = DIRECTION ( 'NONE',  ( -2.891205793294683700E-015, -1.000000000000000000, -2.891205793294683700E-015 ) ) ;
#3668 = EDGE_CURVE ( 'NONE', #935, #2115, #2194, .T. ) ;
#3669 = CARTESIAN_POINT ( 'NONE',  ( 3.549999999999998500, -2.179246366695863900E-014, -0.9000000000000024600 ) ) ;
#3670 = CARTESIAN_POINT ( 'NONE',  ( -1.179890480462739300, 0.2999999999999880000, 0.2323162305268637600 ) ) ;
#3671 = B_SPLINE_CURVE_WITH_KNOTS ( 'NONE', 3,
 ( #1617, #995, #984, #3192, #3511, #368, #1630, #3825, #3208, #1942, #36 ),
 .UNSPECIFIED., .F., .F.,
 ( 4, 1, 1, 1, 1, 1, 1, 1, 4 ),
 ( 0.0000000000000000000, 0.0002251851762735424500, 0.0004689238546934922500, 0.0007126625331134415000, 0.0009378477093869841700, 0.001163032885660526300, 0.001406771564080476400, 0.001650510242500426400, 0.001875695418773968600 ),
 .UNSPECIFIED. ) ;
#3672 = CIRCLE ( 'NONE', #2945, 0.4000000000000001900 ) ;
#3673 = VERTEX_POINT ( 'NONE', #3523 ) ;
#3674 = DIRECTION ( 'NONE',  ( 0.0000000000000000000, -2.891205793294683700E-015, 1.000000000000000000 ) ) ;
#3675 = CARTESIAN_POINT ( 'NONE',  ( -1.399999999999999200, 0.5499999999999790600, 3.720299047119733200 ) ) ;
#3676 = AXIS2_PLACEMENT_3D ( 'NONE', #2567, #1605, #1282 ) ;
#3677 = DIRECTION ( 'NONE',  ( 1.000000000000000000, -2.710505431213765800E-015, 0.0000000000000000000 ) ) ;
#3678 = VECTOR ( 'NONE', #2752, 1000.000000000000000 ) ;
#3679 = ORIENTED_EDGE ( 'NONE', *, *, #295, .T. ) ;
#3680 = PLANE ( 'NONE',  #1504 ) ;
#3681 = ORIENTED_EDGE ( 'NONE', *, *, #1684, .F. ) ;
#3682 = LINE ( 'NONE', #2084, #1567 ) ;
#3683 = ORIENTED_EDGE ( 'NONE', *, *, #3692, .F. ) ;
#3684 = CARTESIAN_POINT ( 'NONE',  ( 1.954193632914745800, 1.661000000000069500, -3.511748316048443700 ) ) ;
#3685 = CARTESIAN_POINT ( 'NONE',  ( 3.950000000000006400, 2.249999999999974700, 4.228388472693467300E-015 ) ) ;
#3686 = VECTOR ( 'NONE', #3053, 1000.000000000000000 ) ;
#3687 = EDGE_CURVE ( 'NONE', #2937, #3657, #4058, .T. ) ;
#3688 = DIRECTION ( 'NONE',  ( -2.891205793294683700E-015, -1.000000000000000000, -2.891205793294683700E-015 ) ) ;
#3689 = ORIENTED_EDGE ( 'NONE', *, *, #3651, .T. ) ;
#3690 = CARTESIAN_POINT ( 'NONE',  ( 3.775000000000001200, 0.7499999999999749100, -9.757819552369539900E-016 ) ) ;
#3691 = ORIENTED_EDGE ( 'NONE', *, *, #1175, .F. ) ;
#3692 = EDGE_CURVE ( 'NONE', #4020, #1542, #492, .T. ) ;
#3693 = VECTOR ( 'NONE', #3834, 1000.000000000000000 ) ;
#3694 = CARTESIAN_POINT ( 'NONE',  ( 1.449217903586402300, 0.5622418587012992800, -3.701424449488779400 ) ) ;
#3695 = DIRECTION ( 'NONE',  ( -2.891205793294683700E-015, -1.000000000000000000, -2.920117851227630700E-015 ) ) ;
#3696 = CARTESIAN_POINT ( 'NONE',  ( 1.599999999999998100, 0.3292893218813276500, -0.5000000000000014400 ) ) ;
#3697 = DIRECTION ( 'NONE',  ( 4.624620637705054000E-016, 2.891205793294682600E-015, -1.000000000000000000 ) ) ;
#3698 = ORIENTED_EDGE ( 'NONE', *, *, #1865, .T. ) ;
#3699 = CARTESIAN_POINT ( 'NONE',  ( -1.313754311186433600, 0.2999999999999909400, -0.4362456888135679600 ) ) ;
#3700 = CARTESIAN_POINT ( 'NONE',  ( 2.320109519537262100, 0.2999999999999786200, 0.2323162305268637600 ) ) ;
#3701 = EDGE_LOOP ( 'NONE', ( #3003, #1945, #4075, #1377 ) ) ;
#3702 = AXIS2_PLACEMENT_3D ( 'NONE', #1246, #18, #3493 ) ;
#3703 = CARTESIAN_POINT ( 'NONE',  ( 1.899999999999999700, 0.3999999999999785900, 0.4999999999999994400 ) ) ;
#3704 = ORIENTED_EDGE ( 'NONE', *, *, #273, .T. ) ;
#3705 = DIRECTION ( 'NONE',  ( 0.0000000000000000000, -2.891205793294679000E-015, 1.000000000000000000 ) ) ;
#3706 = CIRCLE ( 'NONE', #2839, 0.6999999999999998400 ) ;
#3707 = EDGE_CURVE ( 'NONE', #1751, #3769, #3029, .T. ) ;
#3708 = DIRECTION ( 'NONE',  ( -4.624620637705054000E-016, 2.891205793294684900E-015, -1.000000000000000000 ) ) ;
#3709 = DIRECTION ( 'NONE',  ( -2.891205793294683700E-015, -1.000000000000000000, -2.891205793294683700E-015 ) ) ;
#3710 = VECTOR ( 'NONE', #3385, 1000.000000000000000 ) ;
#3711 = VERTEX_POINT ( 'NONE', #3860 ) ;
#3712 = DIRECTION ( 'NONE',  ( 2.891205793294683700E-015, 1.000000000000000000, 2.891205793294683700E-015 ) ) ;
#3713 = EDGE_CURVE ( 'NONE', #2999, #3742, #3706, .T. ) ;
#3714 = DIRECTION ( 'NONE',  ( 2.449293598294696100E-016, -2.891205793294684500E-015, 1.000000000000000000 ) ) ;
#3715 = VERTEX_POINT ( 'NONE', #3207 ) ;
#3716 = ADVANCED_FACE ( 'NONE', ( #1647 ), #2424, .T. ) ;
#3717 = CARTESIAN_POINT ( 'NONE',  ( -3.349999999999999600, 0.2999999999999975500, -0.7061324772583639200 ) ) ;
#3718 = CIRCLE ( 'NONE', #3170, 3.550000000000000300 ) ;
#3719 = VERTEX_POINT ( 'NONE', #3232 ) ;
#3720 = STYLED_ITEM ( 'NONE', ( #2600 ), #648 ) ;
#3721 = DIRECTION ( 'NONE',  ( 4.624620637705054000E-016, -2.891205793294684900E-015, 1.000000000000000000 ) ) ;
#3722 = CARTESIAN_POINT ( 'NONE',  ( 1.400000000000006400, 1.649999999999971000, 3.720299047119735900 ) ) ;
#3723 = LINE ( 'NONE', #3661, #358 ) ;
#3724 = CARTESIAN_POINT ( 'NONE',  ( 1.800000000000003800, 1.349999999999992800, -4.149999999999993200 ) ) ;
#3725 = VERTEX_POINT ( 'NONE', #715 ) ;
#3726 = DIRECTION ( 'NONE',  ( 0.0000000000000000000, -2.891205793294683700E-015, 1.000000000000000000 ) ) ;
#3727 = CIRCLE ( 'NONE', #90, 0.3000000000000003800 ) ;
#3728 = VERTEX_POINT ( 'NONE', #1352 ) ;
#3729 = LINE ( 'NONE', #4021, #1375 ) ;
#3730 = EDGE_LOOP ( 'NONE', ( #1625, #283, #4036, #3081 ) ) ;
#3731 = CARTESIAN_POINT ( 'NONE',  ( -1.800025144070338300, 0.9999999999999817900, 3.544271395952446100 ) ) ;
#3732 = CARTESIAN_POINT ( 'NONE',  ( 1.466720694773426600, 0.5747895308604585900, -3.694528280407435100 ) ) ;
#3733 = DIRECTION ( 'NONE',  ( 1.000000000000000000, -2.710505431213765800E-015, 0.0000000000000000000 ) ) ;
#3734 = CARTESIAN_POINT ( 'NONE',  ( 3.802569123242180100, 1.661000000000056900, -1.158055725328116100 ) ) ;
#3735 = CIRCLE ( 'NONE', #2938, 0.1999999999999996500 ) ;
#3736 = ORIENTED_EDGE ( 'NONE', *, *, #3962, .F. ) ;
#3737 = CARTESIAN_POINT ( 'NONE',  ( 1.500000000000002200, 1.349999999999969700, 4.149999999999997700 ) ) ;
#3738 = CARTESIAN_POINT ( 'NONE',  ( 3.544311629470617000, 1.649999999999980800, -1.800030990033822500 ) ) ;
#3739 = EDGE_CURVE ( 'NONE', #1116, #3575, #3166, .T. ) ;
#3740 = ADVANCED_FACE ( 'NONE', ( #840 ), #3876, .T. ) ;
#3741 = ORIENTED_EDGE ( 'NONE', *, *, #290, .F. ) ;
#3742 = VERTEX_POINT ( 'NONE', #1035 ) ;
#3743 = ORIENTED_EDGE ( 'NONE', *, *, #1891, .F. ) ;
#3744 = EDGE_CURVE ( 'NONE', #928, #2719, #1595, .T. ) ;
#3745 = ORIENTED_EDGE ( 'NONE', *, *, #3391, .F. ) ;
#3746 = CARTESIAN_POINT ( 'NONE',  ( -3.974999999999998300, 0.5499999999999973800, -9.757819552369539900E-016 ) ) ;
#3747 = ORIENTED_EDGE ( 'NONE', *, *, #3643, .T. ) ;
#3748 = DIRECTION ( 'NONE',  ( 2.891205793294683700E-015, 1.000000000000000000, 2.891205793294683700E-015 ) ) ;
#3749 = CARTESIAN_POINT ( 'NONE',  ( 1.899999999999999700, 0.5499999999999788400, 0.4999999999999994400 ) ) ;
#3750 = CARTESIAN_POINT ( 'NONE',  ( 3.974920345083257100, 0.9499999999999725300, 0.5923965400176056700 ) ) ;
#3751 = CIRCLE ( 'NONE', #1464, 0.1000000000000000500 ) ;
#3752 = ADVANCED_FACE ( 'NONE', ( #1140 ), #2878, .T. ) ;
#3753 = DIRECTION ( 'NONE',  ( -4.624620637705054000E-016, 2.891205793294684900E-015, -1.000000000000000000 ) ) ;
#3754 = CARTESIAN_POINT ( 'NONE',  ( 3.974920345072964000, 1.661000000000051800, 0.5923965400514038500 ) ) ;
#3755 = EDGE_CURVE ( 'NONE', #2513, #508, #2039, .T. ) ;
#3756 = VECTOR ( 'NONE', #3952, 1000.000000000000000 ) ;
#3757 = VERTEX_POINT ( 'NONE', #3624 ) ;
#3758 = CARTESIAN_POINT ( 'NONE',  ( -2.423122109179570500, 0.9999999999999850100, 3.151048118325892500 ) ) ;
#3759 = CARTESIAN_POINT ( 'NONE',  ( -1.791613414004580700, -7.047314121155778800E-015, -0.6987619936536958500 ) ) ;
#3760 = DIRECTION ( 'NONE',  ( 0.0000000000000000000, -2.891205793294683700E-015, 1.000000000000000000 ) ) ;
#3761 = LINE ( 'NONE', #934, #951 ) ;
#3762 = ORIENTED_EDGE ( 'NONE', *, *, #102, .T. ) ;
#3763 = EDGE_CURVE ( 'NONE', #2070, #1864, #1739, .T. ) ;
#3764 = LINE ( 'NONE', #384, #455 ) ;
#3765 = CARTESIAN_POINT ( 'NONE',  ( -1.494968690661628900, 0.6186799138887347800, 3.683190339274469100 ) ) ;
#3766 = AXIS2_PLACEMENT_3D ( 'NONE', #3276, #1395, #1699 ) ;
#3767 = LINE ( 'NONE', #924, #1204 ) ;
#3768 = CARTESIAN_POINT ( 'NONE',  ( -1.150000000000000800, 0.2999999999999891600, -9.757819552369539900E-016 ) ) ;
#3769 = VERTEX_POINT ( 'NONE', #3313 ) ;
#3770 = CARTESIAN_POINT ( 'NONE',  ( 3.698017843832939600, 0.9687206717291624300, 1.458255221189574700 ) ) ;
#3771 = CARTESIAN_POINT ( 'NONE',  ( -3.739982903180306900, 1.004500000000080300, -1.346736777426727400 ) ) ;
#3772 = FACE_OUTER_BOUND ( 'NONE', #2664, .T. ) ;
#3773 = ORIENTED_EDGE ( 'NONE', *, *, #1951, .F. ) ;
#3774 = ADVANCED_FACE ( 'NONE', ( #1787 ), #2325, .F. ) ;
#3775 = AXIS2_PLACEMENT_3D ( 'NONE', #2669, #780, #793 ) ;
#3776 = PLANE ( 'NONE',  #998 ) ;
#3777 = ORIENTED_EDGE ( 'NONE', *, *, #267, .F. ) ;
#3778 = CARTESIAN_POINT ( 'NONE',  ( 8.673617379884037400E-016, 0.9499999999999858600, -9.757819552369539900E-016 ) ) ;
#3779 = CARTESIAN_POINT ( 'NONE',  ( -4.150000000000003900, 0.9624999999998712400, 1.520594364034773900 ) ) ;
#3780 = CIRCLE ( 'NONE', #1818, 0.09999999999999982500 ) ;
#3781 = CARTESIAN_POINT ( 'NONE',  ( 1.399999999999999200, 0.5499999999999926100, -3.720299047119734100 ) ) ;
#3782 = EDGE_CURVE ( 'NONE', #2919, #3666, #3566, .T. ) ;
#3783 = DIRECTION ( 'NONE',  ( -1.000000000000000000, 2.885599687414296800E-015, 0.0000000000000000000 ) ) ;
#3784 = ORIENTED_EDGE ( 'NONE', *, *, #4090, .F. ) ;
#3785 = CARTESIAN_POINT ( 'NONE',  ( -4.150000000000005700, -8.998878031629686800E-015, 2.349999999999997000 ) ) ;
#3786 = LINE ( 'NONE', #1819, #2662 ) ;
#3787 = CARTESIAN_POINT ( 'NONE',  ( -3.268457204859807500, 1.000000000000002700, -2.262258274379828300 ) ) ;
#3788 = CARTESIAN_POINT ( 'NONE',  ( -3.974604740117228600, 0.5499999999999972700, 4.455913574826896700E-005 ) ) ;
#3789 = VERTEX_POINT ( 'NONE', #3596 ) ;
#3790 = EDGE_CURVE ( 'NONE', #2394, #2711, #4101, .T. ) ;
#3791 = ORIENTED_EDGE ( 'NONE', *, *, #1951, .T. ) ;
#3792 = CARTESIAN_POINT ( 'NONE',  ( -1.954193632914740500, 0.5499999999999817300, 3.511748316048444600 ) ) ;
#3793 = CARTESIAN_POINT ( 'NONE',  ( 0.008117838649229249000, 0.9499999999999857400, 4.455913574826896700E-005 ) ) ;
#3794 = ORIENTED_EDGE ( 'NONE', *, *, #2363, .T. ) ;
#3795 = ADVANCED_FACE ( 'NONE', ( #791 ), #2366, .F. ) ;
#3796 = CARTESIAN_POINT ( 'NONE',  ( 3.450000000000002400, 0.2999999999999779000, -0.7061324772583639200 ) ) ;
#3797 = CARTESIAN_POINT ( 'NONE',  ( 3.720382199914080300, 0.9499999999999712000, 1.400009513411365300 ) ) ;
#3798 = ORIENTED_EDGE ( 'NONE', *, *, #3981, .F. ) ;
#3799 = AXIS2_PLACEMENT_3D ( 'NONE', #89, #1640, #367 ) ;
#3800 = CARTESIAN_POINT ( 'NONE',  ( -2.320109519537260300, 0.5499999999999919400, 0.2323162305268637600 ) ) ;
#3801 = FILL_AREA_STYLE_COLOUR ( '', #1603 ) ;
#3802 = LINE ( 'NONE', #834, #2377 ) ;
#3803 = ORIENTED_EDGE ( 'NONE', *, *, #2137, .T. ) ;
#3804 = EDGE_CURVE ( 'NONE', #3527, #3544, #2374, .T. ) ;
#3805 = CIRCLE ( 'NONE', #3432, 4.000000000000000900 ) ;
#3806 = CARTESIAN_POINT ( 'NONE',  ( -1.399999999999999200, 0.5499999999999790600, 3.720299047119733200 ) ) ;
#3807 = DIRECTION ( 'NONE',  ( -2.891205793294683700E-015, -1.000000000000000000, -2.891205793294683700E-015 ) ) ;
#3808 = TOROIDAL_SURFACE ( 'NONE', #868, 3.775000000000000400, 0.1999999999999998200 ) ;
#3809 = ORIENTED_EDGE ( 'NONE', *, *, #2088, .T. ) ;
#3810 = DIRECTION ( 'NONE',  ( 1.000000000000000000, 0.0000000000000000000, 0.0000000000000000000 ) ) ;
#3811 = ADVANCED_FACE ( 'NONE', ( #95 ), #989, .T. ) ;
#3812 = EDGE_CURVE ( 'NONE', #3533, #426, #149, .T. ) ;
#3813 = LINE ( 'NONE', #3488, #2941 ) ;
#3814 = CARTESIAN_POINT ( 'NONE',  ( -1.179890480462739300, 0.5499999999999886100, 0.2323162305268637600 ) ) ;
#3815 = ORIENTED_EDGE ( 'NONE', *, *, #3812, .T. ) ;
#3816 = CARTESIAN_POINT ( 'NONE',  ( 4.150000000000008300, 1.049999999999969800, 1.400000000000001000 ) ) ;
#3817 = LINE ( 'NONE', #164, #1360 ) ;
#3818 = ORIENTED_EDGE ( 'NONE', *, *, #1520, .T. ) ;
#3819 = EDGE_CURVE ( 'NONE', #1550, #3175, #438, .T. ) ;
#3820 = DIRECTION ( 'NONE',  ( 1.000000000000000000, -2.891205793294682600E-015, -4.624620637705137800E-016 ) ) ;
#3821 = PLANE ( 'NONE',  #65 ) ;
#3822 = CYLINDRICAL_SURFACE ( 'NONE', #3117, 0.2999999999999999300 ) ;
#3823 = EDGE_LOOP ( 'NONE', ( #3399, #2886, #560, #278 ) ) ;
#3824 = DIRECTION ( 'NONE',  ( 2.891205793294683700E-015, 1.000000000000000000, 2.891205793294683700E-015 ) ) ;
#3825 = CARTESIAN_POINT ( 'NONE',  ( 2.186245688813565700, 0.5499999999999808400, -0.4362456888135679600 ) ) ;
#3826 = AXIS2_PLACEMENT_3D ( 'NONE', #4084, #294, #1287 ) ;
#3827 = CARTESIAN_POINT ( 'NONE',  ( 1.500000000000026400, 9.712777972610062700, 3.681117357542433400 ) ) ;
#3828 = CARTESIAN_POINT ( 'NONE',  ( -2.914811819903504900, 0.5500000000000021500, -2.773048054569412700 ) ) ;
#3829 = LINE ( 'NONE', #1800, #1910 ) ;
#3830 = VERTEX_POINT ( 'NONE', #3303 ) ;
#3831 = CARTESIAN_POINT ( 'NONE',  ( -2.349999999999998800, 0.5499999999999924900, 0.07536880949310279000 ) ) ;
#3832 = CARTESIAN_POINT ( 'NONE',  ( -3.682906672807984000, 0.9521922132580652500, 1.496209621159968500 ) ) ;
#3833 = LINE ( 'NONE', #1440, #2169 ) ;
#3834 = DIRECTION ( 'NONE',  ( 0.0000000000000000000, -2.891205793294683700E-015, 1.000000000000000000 ) ) ;
#3835 = AXIS2_PLACEMENT_3D ( 'NONE', #1681, #1735, #2648 ) ;
#3836 = CARTESIAN_POINT ( 'NONE',  ( 1.500000000000002200, 0.6499999999999709300, 3.681144261968246400 ) ) ;
#3837 = ORIENTED_EDGE ( 'NONE', *, *, #2551, .T. ) ;
#3838 = ADVANCED_FACE ( 'NONE', ( #3406 ), #3266, .T. ) ;
#3839 = DIRECTION ( 'NONE',  ( 2.891205793294683700E-015, 1.000000000000000000, 2.891205793294683700E-015 ) ) ;
#3840 = LINE ( 'NONE', #3056, #1429 ) ;
#3841 = ORIENTED_EDGE ( 'NONE', *, *, #290, .T. ) ;
#3842 = CARTESIAN_POINT ( 'NONE',  ( 3.975000000000000100, 0.9499999999999744200, 7.589415207398531000E-016 ) ) ;
#3843 = ORIENTED_EDGE ( 'NONE', *, *, #1499, .T. ) ;
#3844 = DIRECTION ( 'NONE',  ( -2.891205793294683700E-015, -1.000000000000000000, -2.891205793294683700E-015 ) ) ;
#3845 = EDGE_CURVE ( 'NONE', #680, #948, #1493, .T. ) ;
#3846 = CARTESIAN_POINT ( 'NONE',  ( -2.349999999999998800, -1.940721888749052900E-014, 4.149999999999997700 ) ) ;
#3847 = ORIENTED_EDGE ( 'NONE', *, *, #852, .T. ) ;
#3848 = DIRECTION ( 'NONE',  ( -2.891205793294683700E-015, -1.000000000000000000, -2.891205793294683700E-015 ) ) ;
#3849 = ORIENTED_EDGE ( 'NONE', *, *, #3707, .F. ) ;
#3850 = CARTESIAN_POINT ( 'NONE',  ( 4.150000000000008300, 1.049999999999978100, -1.399999999999999200 ) ) ;
#3851 = FILL_AREA_STYLE_COLOUR ( '', #836 ) ;
#3852 = CARTESIAN_POINT ( 'NONE',  ( -3.678317264158767100, 0.9564170349657620300, 1.507427336504922400 ) ) ;
#3853 = VERTEX_POINT ( 'NONE', #1730 ) ;
#3854 = EDGE_CURVE ( 'NONE', #1981, #3630, #2330, .T. ) ;
#3855 = CARTESIAN_POINT ( 'NONE',  ( 4.336808689942017700E-015, 1.649999999999985700, 2.493664996716660200E-015 ) ) ;
#3856 = ORIENTED_EDGE ( 'NONE', *, *, #768, .F. ) ;
#3857 = CARTESIAN_POINT ( 'NONE',  ( -4.150000000000002100, 9.866239769618090300E-015, -4.150000000000003900 ) ) ;
#3858 = AXIS2_PLACEMENT_3D ( 'NONE', #4011, #3975, #3373 ) ;
#3859 = DIRECTION ( 'NONE',  ( 1.000000000000000000, -2.710505431213765800E-015, 0.0000000000000000000 ) ) ;
#3860 = CARTESIAN_POINT ( 'NONE',  ( 1.399999999999999200, 0.5499999999999926100, -3.720299047119734100 ) ) ;
#3861 = CARTESIAN_POINT ( 'NONE',  ( 4.150000000000002100, -3.675445364725860000E-014, 3.649999999999996800 ) ) ;
#3862 = CARTESIAN_POINT ( 'NONE',  ( 1.929289321881346100, 0.2999999999999780100, 0.4999999999999994400 ) ) ;
#3863 = CARTESIAN_POINT ( 'NONE',  ( 1.999999999999999100, -1.875669758399922700E-014, -0.5000000000000031100 ) ) ;
#3864 = ADVANCED_FACE ( 'NONE', ( #1292 ), #2682, .T. ) ;
#3865 = VECTOR ( 'NONE', #1875, 1000.000000000000000 ) ;
#3866 = AXIS2_PLACEMENT_3D ( 'NONE', #383, #3807, #1025 ) ;
#3867 = CARTESIAN_POINT ( 'NONE',  ( -1.749999999999998900, 0.5499999999999891600, 0.6143539149150401000 ) ) ;
#3868 = DIRECTION ( 'NONE',  ( 1.000000000000000000, -2.891205793294683400E-015, -1.119571596451768700E-016 ) ) ;
#3869 = CARTESIAN_POINT ( 'NONE',  ( 1.517683769473137800, 0.2999999999999797300, 0.5701095195372586400 ) ) ;
#3870 = VECTOR ( 'NONE', #1752, 1000.000000000000000 ) ;
#3871 = ORIENTED_EDGE ( 'NONE', *, *, #174, .F. ) ;
#3872 = CARTESIAN_POINT ( 'NONE',  ( -1.999999999999999100, 0.3999999999999927500, -0.5000000000000014400 ) ) ;
#3873 = CIRCLE ( 'NONE', #3358, 0.3000000000000003800 ) ;
#3874 = EDGE_LOOP ( 'NONE', ( #734, #2295, #3908, #606 ) ) ;
#3875 = CARTESIAN_POINT ( 'NONE',  ( 3.775000000000001200, 0.5499999999999748400, -9.757819552369539900E-016 ) ) ;
#3876 = PLANE ( 'NONE',  #2207 ) ;
#3877 = CARTESIAN_POINT ( 'NONE',  ( 1.400000000000002800, 0.6499999999999818100, -9.757819552369539900E-016 ) ) ;
#3878 = FACE_OUTER_BOUND ( 'NONE', #3730, .T. ) ;
#3879 = DIRECTION ( 'NONE',  ( -1.000000000000000000, 2.891205793294683700E-015, 8.359070939180741200E-030 ) ) ;
#3880 = VERTEX_POINT ( 'NONE', #2728 ) ;
#3881 = EDGE_CURVE ( 'NONE', #3925, #3935, #3212, .T. ) ;
#3882 =( NAMED_UNIT ( * ) SI_UNIT ( $, .STERADIAN. ) SOLID_ANGLE_UNIT ( ) );
#3883 = VECTOR ( 'NONE', #2988, 1000.000000000000000 ) ;
#3884 = ORIENTED_EDGE ( 'NONE', *, *, #3502, .F. ) ;
#3885 = CARTESIAN_POINT ( 'NONE',  ( -3.681992083750387200, 0.9527624839177825100, -1.498392926365772700 ) ) ;
#3886 = CARTESIAN_POINT ( 'NONE',  ( 1.650530687313474200, 1.621690724860769900, -3.616798609118054400 ) ) ;
#3887 = EDGE_CURVE ( 'NONE', #1333, #2394, #2234, .T. ) ;
#3888 = ADVANCED_FACE ( 'NONE', ( #941 ), #1446, .F. ) ;
#3889 = TOROIDAL_SURFACE ( 'NONE', #1208, 3.950000000000000200, 0.3999999999999999700 ) ;
#3890 = ORIENTED_EDGE ( 'NONE', *, *, #2518, .F. ) ;
#3891 = PLANE ( 'NONE',  #761 ) ;
#3892 = CARTESIAN_POINT ( 'NONE',  ( 2.915559687887051800, 0.5499999999999855000, -2.772264698260164200 ) ) ;
#3893 = DIRECTION ( 'NONE',  ( 1.000000000000000000, -3.064678140892364500E-015, -8.860615195531584800E-030 ) ) ;
#3894 = LINE ( 'NONE', #1928, #3054 ) ;
#3895 = CARTESIAN_POINT ( 'NONE',  ( -4.500000000000000000, 0.2999999999999965500, 0.4999999999999994400 ) ) ;
#3896 = AXIS2_PLACEMENT_3D ( 'NONE', #3632, #2965, #2640 ) ;
#3897 = DIRECTION ( 'NONE',  ( 0.7071067811865486800, -4.088782444489004800E-015, 0.7071067811865464600 ) ) ;
#3898 = ORIENTED_EDGE ( 'NONE', *, *, #3187, .T. ) ;
#3899 = CARTESIAN_POINT ( 'NONE',  ( -4.149999999999998600, 1.000000000000003100, -1.665831239517770600 ) ) ;
#3900 = LINE ( 'NONE', #3796, #324 ) ;
#3901 = CARTESIAN_POINT ( 'NONE',  ( 4.336808689942017700E-015, 1.903589838486208700, 2.493664996716660200E-015 ) ) ;
#3902 = VERTEX_POINT ( 'NONE', #134 ) ;
#3903 = CARTESIAN_POINT ( 'NONE',  ( 3.450000000000002400, 0.2999999999999786700, -1.000000000000001800 ) ) ;
#3904 = VECTOR ( 'NONE', #485, 1000.000000000000000 ) ;
#3905 = ORIENTED_EDGE ( 'NONE', *, *, #479, .F. ) ;
#3906 = ORIENTED_EDGE ( 'NONE', *, *, #3444, .T. ) ;
#3907 = DIRECTION ( 'NONE',  ( 1.000000000000000000, -2.891205793294683700E-015, -8.359070939180741200E-030 ) ) ;
#3908 = ORIENTED_EDGE ( 'NONE', *, *, #2025, .T. ) ;
#3909 = EDGE_CURVE ( 'NONE', #2255, #1550, #1643, .T. ) ;
#3910 = ORIENTED_EDGE ( 'NONE', *, *, #1342, .T. ) ;
#3911 = CARTESIAN_POINT ( 'NONE',  ( -4.500000000000000000, -2.710505431213761100E-015, 0.4999999999999977200 ) ) ;
#3912 = CARTESIAN_POINT ( 'NONE',  ( -1.959102538727270900, 0.2999999999999897200, 0.4999999999999994400 ) ) ;
#3913 = EDGE_CURVE ( 'NONE', #3403, #1463, #742, .T. ) ;
#3914 = FACE_OUTER_BOUND ( 'NONE', #3033, .T. ) ;
#3915 = DIRECTION ( 'NONE',  ( 0.0000000000000000000, 2.891205793294683700E-015, -1.000000000000000000 ) ) ;
#3916 = ORIENTED_EDGE ( 'NONE', *, *, #2083, .T. ) ;
#3917 = CARTESIAN_POINT ( 'NONE',  ( -1.800022025330441800, 1.000000000000001800, -3.544249763321264200 ) ) ;
#3918 = VECTOR ( 'NONE', #3931, 1000.000000000000000 ) ;
#3919 = DIRECTION ( 'NONE',  ( -1.000000000000000000, 2.891205793294682600E-015, 4.624620637705137800E-016 ) ) ;
#3920 = CARTESIAN_POINT ( 'NONE',  ( -3.774999999999999900, 0.5499999999999967100, -9.757819552369539900E-016 ) ) ;
#3921 = VECTOR ( 'NONE', #1565, 1000.000000000000200 ) ;
#3922 =( NAMED_UNIT ( * ) PLANE_ANGLE_UNIT ( ) SI_UNIT ( $, .RADIAN. ) );
#3923 = AXIS2_PLACEMENT_3D ( 'NONE', #382, #1322, #675 ) ;
#3924 = CARTESIAN_POINT ( 'NONE',  ( -3.350000000000001400, -6.613633252161577000E-015, 0.7061324772583584800 ) ) ;
#3925 = VERTEX_POINT ( 'NONE', #2052 ) ;
#3926 = CARTESIAN_POINT ( 'NONE',  ( 3.975000000000000100, 0.5499999999999742900, -9.757819552369539900E-016 ) ) ;
#3927 = CARTESIAN_POINT ( 'NONE',  ( -2.349999999999988500, 4.662069341687669100E-015, -4.150000000000003900 ) ) ;
#3928 = CARTESIAN_POINT ( 'NONE',  ( -3.999999999999968000, 11.69999999999999800, 3.198396408832238100E-014 ) ) ;
#3929 = FACE_OUTER_BOUND ( 'NONE', #3357, .T. ) ;
#3930 = ADVANCED_FACE ( 'NONE', ( #1935 ), #3363, .T. ) ;
#3931 = DIRECTION ( 'NONE',  ( -1.000000000000000000, 2.891205793294683700E-015, 8.359070939180741200E-030 ) ) ;
#3932 = EDGE_CURVE ( 'NONE', #328, #1329, #42, .T. ) ;
#3933 = CARTESIAN_POINT ( 'NONE',  ( -3.746818157921613300, 0.5499999999999928300, 1.327649470648460500 ) ) ;
#3934 = CIRCLE ( 'NONE', #1487, 3.750000000081854500 ) ;
#3935 = VERTEX_POINT ( 'NONE', #2740 ) ;
#3936 = CARTESIAN_POINT ( 'NONE',  ( 3.950941446285159300, 0.9499999999999763100, -0.6706307127490607200 ) ) ;
#3937 = ORIENTED_EDGE ( 'NONE', *, *, #2981, .T. ) ;
#3938 = EDGE_CURVE ( 'NONE', #957, #3255, #3802, .T. ) ;
#3939 = CARTESIAN_POINT ( 'NONE',  ( -8.673617379884033500E-016, -1.420304845956010800E-014, -2.710505431213761100E-015 ) ) ;
#3940 = FACE_OUTER_BOUND ( 'NONE', #1134, .T. ) ;
#3941 = FILL_AREA_STYLE ('',( #3603 ) ) ;
#3942 = ORIENTED_EDGE ( 'NONE', *, *, #2786, .T. ) ;
#3943 = CARTESIAN_POINT ( 'NONE',  ( 2.349999999999998800, 0.4249999999999790600, -9.757819552369539900E-016 ) ) ;
#3944 = CARTESIAN_POINT ( 'NONE',  ( 2.423122109179575800, 1.649999999999969900, 3.151048118325892500 ) ) ;
#3945 = DIRECTION ( 'NONE',  ( -4.822540926430690800E-032, -2.835605681885097100E-015, 1.000000000000000000 ) ) ;
#3946 = ORIENTED_EDGE ( 'NONE', *, *, #637, .T. ) ;
#3947 = DIRECTION ( 'NONE',  ( -1.000000000000000000, 1.445602896647347200E-015, 4.179535469590386000E-030 ) ) ;
#3948 = VECTOR ( 'NONE', #4041, 1000.000000000000000 ) ;
#3949 = CARTESIAN_POINT ( 'NONE',  ( 2.622260754579605700, 1.649999999999987500, -2.987515077963849300 ) ) ;
#3950 = ORIENTED_EDGE ( 'NONE', *, *, #369, .F. ) ;
#3951 = CLOSED_SHELL ( 'NONE', ( #2474, #1923, #1388, #1548, #3752, #705, #293, #1234, #1616, #2811, #965, #648, #585, #2345, #1191, #339, #3930, #2004, #3864, #3235, #3529, #4072, #2665, #3795 ) ) ;
#3952 = DIRECTION ( 'NONE',  ( 2.891205793294683700E-015, 1.000000000000000000, 2.891205793294683700E-015 ) ) ;
#3953 = EDGE_LOOP ( 'NONE', ( #1806, #3520, #45, #841 ) ) ;
#3954 =( NAMED_UNIT ( * ) SI_UNIT ( $, .STERADIAN. ) SOLID_ANGLE_UNIT ( ) );
#3955 = ORIENTED_EDGE ( 'NONE', *, *, #509, .F. ) ;
#3956 = CARTESIAN_POINT ( 'NONE',  ( -1.599999999999999900, 0.3999999999999888100, 0.4999999999999994400 ) ) ;
#3957 = DIRECTION ( 'NONE',  ( -1.000000000000000000, 2.710505431213765800E-015, 0.0000000000000000000 ) ) ;
#3958 = CARTESIAN_POINT ( 'NONE',  ( 3.549999999999998500, -2.699663409488906000E-014, 0.8999999999999970200 ) ) ;
#3959 = ORIENTED_EDGE ( 'NONE', *, *, #2396, .T. ) ;
#3960 = EDGE_CURVE ( 'NONE', #210, #3789, #2978, .T. ) ;
#3961 = CARTESIAN_POINT ( 'NONE',  ( 3.702786621239744200, 0.9605206229114667800, -1.446212841645359700 ) ) ;
#3962 = EDGE_CURVE ( 'NONE', #2744, #3728, #891, .T. ) ;
#3963 = CARTESIAN_POINT ( 'NONE',  ( -2.349999999999998800, 0.2999999999999926600, -9.757819552369539900E-016 ) ) ;
#3964 = LINE ( 'NONE', #409, #2928 ) ;
#3965 = CARTESIAN_POINT ( 'NONE',  ( 3.344055226570775500, 0.2999999999999744500, 0.6063093353078319300 ) ) ;
#3966 = CYLINDRICAL_SURFACE ( 'NONE', #2230, 0.6999999999999998400 ) ;
#3967 = AXIS2_PLACEMENT_3D ( 'NONE', #61, #2883, #631 ) ;
#3968 = CARTESIAN_POINT ( 'NONE',  ( -1.399999999999999200, 0.6500000000000019100, -4.149999999999989700 ) ) ;
#3969 = CARTESIAN_POINT ( 'NONE',  ( 4.336808689942017700E-015, 1.649999999999985700, 2.493664996716660200E-015 ) ) ;
#3970 = CARTESIAN_POINT ( 'NONE',  ( 3.975000000000000100, 0.9499999999999744200, 7.589415207398531000E-016 ) ) ;
#3971 = VERTEX_POINT ( 'NONE', #2789 ) ;
#3972 = DIRECTION ( 'NONE',  ( 1.000000000000000000, -2.891205793294683400E-015, -1.119571596451768700E-016 ) ) ;
#3973 = LINE ( 'NONE', #1767, #805 ) ;
#3974 = ORIENTED_EDGE ( 'NONE', *, *, #3288, .F. ) ;
#3975 = DIRECTION ( 'NONE',  ( 2.891205793294683700E-015, 1.000000000000000000, 2.891205793294683700E-015 ) ) ;
#3976 = DIRECTION ( 'NONE',  ( -2.891205793294683700E-015, -1.000000000000000000, -2.891205793294683700E-015 ) ) ;
#3977 = VECTOR ( 'NONE', #910, 1000.000000000000000 ) ;
#3978 = DIRECTION ( 'NONE',  ( 2.090028284309406700E-016, 2.891205793294683000E-015, -1.000000000000000000 ) ) ;
#3979 = ORIENTED_EDGE ( 'NONE', *, *, #3692, .T. ) ;
#3980 = CARTESIAN_POINT ( 'NONE',  ( -4.150000000000002100, 4.662069341687669100E-015, -2.349999999999971200 ) ) ;
#3981 = EDGE_CURVE ( 'NONE', #3728, #1869, #2527, .T. ) ;
#3982 = DIRECTION ( 'NONE',  ( 2.891205793294683700E-015, 1.000000000000000000, 2.891205793294683700E-015 ) ) ;
#3983 = CIRCLE ( 'NONE', #2917, 3.800000000000000300 ) ;
#3984 = VERTEX_POINT ( 'NONE', #1154 ) ;
#3985 = CARTESIAN_POINT ( 'NONE',  ( -3.799999999999963900, 11.69999999999999800, 3.198396408832238100E-014 ) ) ;
#3986 = EDGE_CURVE ( 'NONE', #1065, #3294, #3457, .T. ) ;
#3987 = LINE ( 'NONE', #2016, #2067 ) ;
#3988 = ORIENTED_EDGE ( 'NONE', *, *, #2722, .F. ) ;
#3989 = CARTESIAN_POINT ( 'NONE',  ( 1.399999999999999200, 0.5499999999920960300, -3.720299047119734100 ) ) ;
#3990 = B_SPLINE_CURVE_WITH_KNOTS ( 'NONE', 3,
 ( #2618, #2996, #3609, #106, #1049, #2042, #2000, #775, #422, #2661, #1086 ),
 .UNSPECIFIED., .F., .F.,
 ( 4, 1, 1, 1, 1, 1, 1, 1, 4 ),
 ( 0.0000000000000000000, 0.0002251851762735416400, 0.0004689238546934911100, 0.0007126625331134408500, 0.0009378477093869822200, 0.001163032885660524600, 0.001406771564080473300, 0.001650510242500422300, 0.001875695418773964400 ),
 .UNSPECIFIED. ) ;
#3991 = AXIS2_PLACEMENT_3D ( 'NONE', #3540, #954, #687 ) ;
#3992 = EDGE_LOOP ( 'NONE', ( #3219, #2561, #3231, #1303, #486, #476, #1854, #3601 ) ) ;
#3993 = DIRECTION ( 'NONE',  ( -2.891205793294683700E-015, -1.000000000000000000, -2.891205793294683700E-015 ) ) ;
#3994 = CARTESIAN_POINT ( 'NONE',  ( -1.179890480462737500, 0.5499999999999899400, -0.2323162305268657000 ) ) ;
#3995 = CIRCLE ( 'NONE', #1897, 0.09999999999999982500 ) ;
#3996 = CARTESIAN_POINT ( 'NONE',  ( 3.650000000000001200, -1.420304845956010800E-014, -3.650000000000003000 ) ) ;
#3997 = ORIENTED_EDGE ( 'NONE', *, *, #1348, .F. ) ;
#3998 = CARTESIAN_POINT ( 'NONE',  ( 3.711411098200000100, 0.9521667979910905000, -1.423887071543412700 ) ) ;
#3999 = CARTESIAN_POINT ( 'NONE',  ( 4.336808689942017700E-015, 1.831421054727602000, 2.493664996716660200E-015 ) ) ;
#4000 = ORIENTED_EDGE ( 'NONE', *, *, #1068, .T. ) ;
#4001 = CARTESIAN_POINT ( 'NONE',  ( 2.915559687887055300, 1.661000000000064400, -2.772264698260162400 ) ) ;
#4002 = EDGE_CURVE ( 'NONE', #531, #2082, #344, .T. ) ;
#4003 = EDGE_CURVE ( 'NONE', #338, #3343, #2626, .T. ) ;
#4004 = VECTOR ( 'NONE', #3978, 1000.000000000000000 ) ;
#4005 = DIRECTION ( 'NONE',  ( -1.000000000000000000, 2.891205793294684100E-015, -1.119571596451601500E-016 ) ) ;
#4006 = CARTESIAN_POINT ( 'NONE',  ( 1.929289321881346100, 0.3292893218813267000, -0.5000000000000014400 ) ) ;
#4007 = CIRCLE ( 'NONE', #2101, 3.750000000000004400 ) ;
#4008 = ORIENTED_EDGE ( 'NONE', *, *, #3110, .F. ) ;
#4009 = CARTESIAN_POINT ( 'NONE',  ( 3.268457204859812800, 1.649999999999981300, -2.262258274379826500 ) ) ;
#4010 =( GEOMETRIC_REPRESENTATION_CONTEXT ( 3 ) GLOBAL_UNCERTAINTY_ASSIGNED_CONTEXT ( ( #3388 ) ) GLOBAL_UNIT_ASSIGNED_CONTEXT ( ( #702, #93, #1064 ) ) REPRESENTATION_CONTEXT ( 'NONE', 'WORKASPACE' ) );
#4011 = CARTESIAN_POINT ( 'NONE',  ( 0.008117838649227514200, 0.5499999999999858300, 4.455913574826896700E-005 ) ) ;
#4012 = CARTESIAN_POINT ( 'NONE',  ( 3.975000000000000100, 0.5499999999920777100, -9.757819552369539900E-016 ) ) ;
#4013 = VECTOR ( 'NONE', #112, 1000.000000000000000 ) ;
#4014 = ORIENTED_EDGE ( 'NONE', *, *, #1202, .T. ) ;
#4015 = CARTESIAN_POINT ( 'NONE',  ( 2.320109519537262100, 0.5499999999999785100, 0.2323162305268637600 ) ) ;
#4016 = DIRECTION ( 'NONE',  ( 1.000000000000000000, -2.891205793294683700E-015, -8.359070939180741200E-030 ) ) ;
#4017 = AXIS2_PLACEMENT_3D ( 'NONE', #884, #3419, #2085 ) ;
#4018 = CARTESIAN_POINT ( 'NONE',  ( 1.791613414004579000, 0.2999999999999825600, -0.6987619936536941800 ) ) ;
#4019 = FACE_OUTER_BOUND ( 'NONE', #2552, .T. ) ;
#4020 = VERTEX_POINT ( 'NONE', #2426 ) ;
#4021 = CARTESIAN_POINT ( 'NONE',  ( -1.800000001339434200, 0.9999999999999911200, 7.589415207398531000E-016 ) ) ;
#4022 = VECTOR ( 'NONE', #2506, 1000.000000000000000 ) ;
#4023 = VERTEX_POINT ( 'NONE', #4044 ) ;
#4024 = EDGE_CURVE ( 'NONE', #2115, #3984, #3073, .T. ) ;
#4025 = CARTESIAN_POINT ( 'NONE',  ( 8.673617379884037400E-016, 0.5499999999999858300, -9.757819552369539900E-016 ) ) ;
#4026 = DIRECTION ( 'NONE',  ( -2.891205793294683700E-015, -1.000000000000000000, -2.891205793294683700E-015 ) ) ;
#4027 = ORIENTED_EDGE ( 'NONE', *, *, #27, .F. ) ;
#4028 = CARTESIAN_POINT ( 'NONE',  ( 3.268457204859812800, 1.649999999999970200, 2.262258274379830100 ) ) ;
#4029 = CARTESIAN_POINT ( 'NONE',  ( 1.982316230526867100, 0.5499999999999785100, 0.5701095195372586400 ) ) ;
#4030 = CARTESIAN_POINT ( 'NONE',  ( 1.929289321881346100, 0.3292893218813267000, -0.5000000000000014400 ) ) ;
#4031 = FACE_OUTER_BOUND ( 'NONE', #362, .T. ) ;
#4032 = VERTEX_POINT ( 'NONE', #2110 ) ;
#4033 = EDGE_CURVE ( 'NONE', #3715, #1102, #1083, .T. ) ;
#4034 = ADVANCED_FACE ( 'NONE', ( #1884 ), #204, .T. ) ;
#4035 = DIRECTION ( 'NONE',  ( 2.891205793294683700E-015, 1.000000000000000000, 2.891205793294683700E-015 ) ) ;
#4036 = ORIENTED_EDGE ( 'NONE', *, *, #3960, .T. ) ;
#4037 = EDGE_CURVE ( 'NONE', #3935, #2179, #1347, .T. ) ;
#4038 = PLANE ( 'NONE',  #3281 ) ;
#4039 = LINE ( 'NONE', #1126, #2507 ) ;
#4040 = DIRECTION ( 'NONE',  ( 1.000000000000000000, -3.252606517456505000E-015, -1.224646799147382000E-016 ) ) ;
#4041 = DIRECTION ( 'NONE',  ( 1.000000000000000000, -2.891205793294683400E-015, -1.119571596451768700E-016 ) ) ;
#4042 = ORIENTED_EDGE ( 'NONE', *, *, #2198, .F. ) ;
#4043 = CARTESIAN_POINT ( 'NONE',  ( -1.399999999999999200, 0.5500000000000018200, -4.149999999999995000 ) ) ;
#4044 = CARTESIAN_POINT ( 'NONE',  ( 7.555869875405453500E-015, 2.683012701889202900, 3.899999999994825800 ) ) ;
#4045 = ORIENTED_EDGE ( 'NONE', *, *, #3113, .F. ) ;
#4046 = ORIENTED_EDGE ( 'NONE', *, *, #347, .T. ) ;
#4047 = DIRECTION ( 'NONE',  ( 1.000000000000000000, -2.891205793294679000E-015, 0.0000000000000000000 ) ) ;
#4048 = ORIENTED_EDGE ( 'NONE', *, *, #1283, .T. ) ;
#4049 = AXIS2_PLACEMENT_3D ( 'NONE', #501, #1433, #181 ) ;
#4050 = VERTEX_POINT ( 'NONE', #2466 ) ;
#4051 = ADVANCED_FACE ( 'NONE', ( #2774 ), #1851, .T. ) ;
#4052 = CARTESIAN_POINT ( 'NONE',  ( 1.428544989051772300, 0.5541606364793891800, -3.709434491928347300 ) ) ;
#4053 = CARTESIAN_POINT ( 'NONE',  ( 1.500000000000005800, 1.349999999999981900, 7.589415207398531000E-016 ) ) ;
#4054 = VECTOR ( 'NONE', #150, 1000.000000000000000 ) ;
#4055 = EDGE_CURVE ( 'NONE', #3505, #4077, #3510, .T. ) ;
#4056 = CARTESIAN_POINT ( 'NONE',  ( -3.268457204859807500, 0.9999999999999900100, 2.262258274379830100 ) ) ;
#4057 = CARTESIAN_POINT ( 'NONE',  ( -3.465889067397049500, 0.9999999999999900100, 1.976930343947195500 ) ) ;
#4058 = LINE ( 'NONE', #1629, #1544 ) ;
#4059 = CARTESIAN_POINT ( 'NONE',  ( 4.150000000000005700, 1.049999999999978100, -1.500000000000000400 ) ) ;
#4060 = EDGE_CURVE ( 'NONE', #957, #305, #243, .T. ) ;
#4061 = VECTOR ( 'NONE', #1442, 1000.000000000000000 ) ;
#4062 = ORIENTED_EDGE ( 'NONE', *, *, #2108, .F. ) ;
#4063 = CARTESIAN_POINT ( 'NONE',  ( -1.899999999999999700, 0.3999999999999924700, -0.5000000000000014400 ) ) ;
#4064 = LINE ( 'NONE', #3926, #1794 ) ;
#4065 = ORIENTED_EDGE ( 'NONE', *, *, #4060, .F. ) ;
#4066 = AXIS2_PLACEMENT_3D ( 'NONE', #189, #2463, #904 ) ;
#4067 = CARTESIAN_POINT ( 'NONE',  ( 3.975000000000003600, 1.649999999999974400, 2.493664996716660200E-015 ) ) ;
#4068 = FACE_OUTER_BOUND ( 'NONE', #803, .T. ) ;
#4069 = DIRECTION ( 'NONE',  ( -2.891205793294683700E-015, -1.000000000000000000, -2.891205793294683700E-015 ) ) ;
#4070 = ORIENTED_EDGE ( 'NONE', *, *, #2693, .T. ) ;
#4071 = CARTESIAN_POINT ( 'NONE',  ( -3.609325485908992700, 0.9999999999999922300, 1.665861075888840600 ) ) ;
#4072 = ADVANCED_FACE ( 'NONE', ( #152 ), #1040, .T. ) ;
#4073 = CARTESIAN_POINT ( 'NONE',  ( 7.806255641895631900E-015, 2.856217782649091800, 5.963111948670274400E-015 ) ) ;
#4074 = LINE ( 'NONE', #1713, #2393 ) ;
#4075 = ORIENTED_EDGE ( 'NONE', *, *, #2396, .F. ) ;
#4076 = LINE ( 'NONE', #1786, #3430 ) ;
#4077 = VERTEX_POINT ( 'NONE', #3737 ) ;
#4078 = FACE_OUTER_BOUND ( 'NONE', #1300, .T. ) ;
#4079 = ORIENTED_EDGE ( 'NONE', *, *, #3960, .F. ) ;
#4080 = CARTESIAN_POINT ( 'NONE',  ( -3.564804882272599100, 1.004500000000081200, -1.834226773207892300 ) ) ;
#4081 = DIRECTION ( 'NONE',  ( 2.891205793294683700E-015, 1.000000000000000000, 2.891205793294683700E-015 ) ) ;
#4082 = EDGE_CURVE ( 'NONE', #774, #1072, #490, .T. ) ;
#4083 = LINE ( 'NONE', #1236, #3948 ) ;
#4084 = CARTESIAN_POINT ( 'NONE',  ( 8.673617379884037400E-016, 0.7499999999999857900, -9.757819552369539900E-016 ) ) ;
#4085 = B_SPLINE_CURVE_WITH_KNOTS ( 'NONE', 3,
 ( #929, #1205, #3426, #2210, #3092, #1829, #618, #2504, #1546, #2476, #3768 ),
 .UNSPECIFIED., .F., .F.,
 ( 4, 1, 1, 1, 1, 1, 1, 1, 4 ),
 ( 0.0000000000000000000, 0.0002251851762735424500, 0.0004689238546934916500, 0.0007126625331134417100, 0.0009378477093869837300, 0.001163032885660526100, 0.001406771564080475700, 0.001650510242500425300, 0.001875695418773967500 ),
 .UNSPECIFIED. ) ;
#4086 = VERTEX_POINT ( 'NONE', #624 ) ;
#4087 = CARTESIAN_POINT ( 'NONE',  ( 1.149999999999999000, 0.2999999999999824500, -9.757819552369539900E-016 ) ) ;
#4088 = ORIENTED_EDGE ( 'NONE', *, *, #2583, .T. ) ;
#4089 = ORIENTED_EDGE ( 'NONE', *, *, #85, .F. ) ;
#4090 = EDGE_CURVE ( 'NONE', #375, #2048, #2521, .T. ) ;
#4091 = EDGE_LOOP ( 'NONE', ( #419, #4093, #2458, #220 ) ) ;
#4092 = ADVANCED_FACE ( 'NONE', ( #3914 ), #396, .F. ) ;
#4093 = ORIENTED_EDGE ( 'NONE', *, *, #1499, .F. ) ;
#4094 = CARTESIAN_POINT ( 'NONE',  ( 4.150000000000008300, 1.649999999999963500, 3.650000000000002100 ) ) ;
#4095 = DIRECTION ( 'NONE',  ( 1.000000000000000000, -2.891205793294679000E-015, 0.0000000000000000000 ) ) ;
#4096 = CARTESIAN_POINT ( 'NONE',  ( 1.750000000000002400, 0.2999999999999807300, -9.757819552369539900E-016 ) ) ;
#4097 = EDGE_LOOP ( 'NONE', ( #1790, #886, #2750, #3841, #1007, #133, #3338, #366, #1692, #3331, #3287 ) ) ;
#4098 = DIRECTION ( 'NONE',  ( -2.891205793294683700E-015, -1.000000000000000000, -2.891205793294683700E-015 ) ) ;
#4099 = AXIS2_PLACEMENT_3D ( 'NONE', #1506, #1796, #1169 ) ;
#4100 = DIRECTION ( 'NONE',  ( 2.891205793294683700E-015, 1.000000000000000000, 2.891205793294683700E-015 ) ) ;
#4101 = LINE ( 'NONE', #3638, #1187 ) ;
#4102 = VERTEX_POINT ( 'NONE', #3482 ) ;
#4103 = EDGE_CURVE ( 'NONE', #3435, #161, #1430, .T. ) ;
#4104 = FACE_OUTER_BOUND ( 'NONE', #3413, .T. ) ;
#4105 = CARTESIAN_POINT ( 'NONE',  ( -1.953687949456844700, 0.5499999999921050300, -3.511938611729541900 ) ) ;
#4106 = DIRECTION ( 'NONE',  ( 1.000000000000000000, -2.891205793294683700E-015, -8.359070939180741200E-030 ) ) ;
ENDSEC;
END-ISO-10303-21;
